CODIGO CLIENTE,cluster
36253,0
36569,0
32082,0
59344,0
78551,0
36580,0
36586,0
38156,0
64537,0
64599,0
64552,0
64610,0
64618,0
64619,0
64620,0
12309,3
84688,1
88753,1
32232,4
21125,2
28402,0
6094,0
30901,2
8510,3
714,3
32221,0
16304,3
5255,0
31343,0
14142,3
68759,0
70583,0
8080,3
4209,2
12365,0
52451,2
38470,1
25303,0
17820,3
32351,4
6244,2
794,1
6021,2
33992,2
46095,4
51530,0
80817,4
81048,4
81146,4
81169,4
32335,0
19109,0
13660,0
38098,0
24602,0
27425,4
27764,4
22595,0
79995,0
27221,0
7577,0
25358,0
9294,3
59544,0
12756,0
29459,0
31807,0
32557,0
32047,3
10623,0
48165,0
8536,0
31597,0
23719,0
33991,0
20157,0
20222,0
25528,3
12742,0
13622,0
4346,3
8576,0
19440,0
16838,3
17925,3
17808,4
20673,0
9480,0
27731,0
15889,0
84615,0
18263,0
25100,3
25872,3
30028,3
441,4
841,4
3032,4
3255,4
3929,0
22839,0
18310,0
73105,0
74111,0
75616,0
9733,0
30426,0
2654,0
19731,0
31694,0
31706,0
58327,0
18672,0
25417,4
13784,0
14901,0
21322,0
80975,2
2726,0
24388,0
29871,0
32024,0
32025,0
34347,3
60484,0
6616,0
16842,3
15038,0
16901,0
32585,3
20091,0
56607,4
21728,0
438,0
21033,0
21964,0
47346,0
43975,4
13914,0
17057,0
21618,0
22457,0
24948,0
32188,0
32189,0
33207,0
33511,0
41675,0
58369,0
78450,0
8131,4
31173,0
6436,0
8138,4
9710,0
12518,4
14630,4
15934,0
15960,0
16426,0
16514,0
16871,4
17567,0
17612,0
19041,0
27759,4
27938,4
28321,0
41333,4
41921,0
46619,0
53396,0
57795,4
65127,4
65571,4
74018,0
12809,4
18001,4
46212,0
63339,0
28731,0
13788,0
18620,0
28422,0
29574,0
34047,4
41822,0
42032,0
43383,4
43396,4
43473,4
70466,0
3257,0
3941,0
9320,4
16869,0
8125,0
13209,0
3133,0
16645,0
16757,0
77840,0
2064,0
72862,0
6562,0
14818,0
15034,0
15804,4
16561,4
17220,0
17358,0
19951,0
44311,4
65383,4
65427,4
70342,4
70392,4
70406,4
13871,4
33981,3
63116,0
33252,0
20143,0
910,0
962,0
4168,0
35840,0
35882,0
22099,3
22536,3
11758,0
43368,4
2646,0
2723,0
2848,0
28923,4
28610,4
147,0
4337,0
14198,0
8148,0
12523,0
68471,0
24101,0
28179,0
1470,0
3738,0
6620,0
22856,0
9705,0
28539,0
25823,0
35795,4
2432,0
5385,0
8035,0
20505,0
43537,0
80527,0
80620,0
80621,0
53366,0
18289,0
20197,0
20812,0
20084,0
33905,0
33966,0
28188,0
28244,0
2239,0
2021,0
3295,0
4066,0
7105,0
9659,0
13766,0
14525,4
17505,0
17702,0
54852,0
57381,4
59975,0
63832,0
66041,4
69447,4
74186,0
74341,0
80347,0
83518,4
10253,0
68323,0
68429,0
4289,0
6083,0
35564,0
13470,0
150,0
341,0
489,0
1442,0
1915,0
1985,0
2047,0
2184,0
3375,0
3429,0
3561,0
4040,0
4632,0
4973,4
5305,0
5875,0
6499,0
6500,0
6550,0
6713,0
7244,0
7306,0
7346,0
8126,0
8629,0
8722,0
8781,0
8881,0
9535,0
9678,0
10013,0
11844,0
11900,0
11990,0
12257,0
12550,0
13227,4
13340,0
13915,4
14099,0
14182,0
15102,0
15115,0
15284,0
15815,0
15845,0
17012,0
17114,0
17191,0
17692,0
18859,0
20007,0
20133,0
20608,0
20847,0
21227,0
21336,0
21528,0
23263,0
25043,0
25224,0
26257,0
26942,0
27209,0
28421,0
28518,0
30258,0
30276,0
31698,0
31999,0
32369,0
32571,0
33936,0
33968,0
33993,0
35525,0
35551,0
35601,4
35602,4
35610,0
36926,0
42838,0
42870,0
44084,4
44725,0
44818,0
45058,0
60249,4
61923,4
63232,4
63708,0
63784,4
67806,0
68391,0
68800,0
73320,4
74274,0
74315,0
74328,0
74419,0
80531,0
85557,0
85629,0
85832,0
384,3
10771,0
63947,0
14846,0
16380,0
17272,0
85484,0
23604,0
20645,0
7069,0
6158,0
32916,0
71135,0
30010,4
33059,0
33104,0
7966,0
8524,0
8845,0
19368,0
74404,0
75612,0
9443,0
17499,0
10699,3
13189,0
13667,0
14575,0
26,0
314,0
566,0
14289,0
19514,0
4457,0
30892,0
31820,4
2867,0
13221,0
14914,0
17894,0
18432,0
1140,0
1462,0
3373,0
29809,3
5699,0
6302,0
19388,0
19796,0
20337,0
63698,0
63699,0
63740,0
63771,0
66502,0
31478,3
14888,0
17899,0
23919,0
24056,0
25474,0
1921,0
1976,0
2214,0
2913,0
3534,0
5664,0
5760,0
6014,0
6305,0
6402,0
6403,0
6925,0
7426,0
7579,4
7957,0
8402,0
8464,0
9926,0
10142,0
10288,0
11076,0
11532,0
12394,0
12504,0
12965,0
15987,0
16768,0
17089,0
17695,0
19648,0
20979,0
22356,0
23003,0
23259,0
27450,0
27789,0
28397,0
29108,0
29497,0
29538,0
29657,0
29664,0
29868,0
29944,0
30355,0
30365,0
30463,0
30695,0
30902,0
30903,0
31367,0
31905,0
32416,0
32747,0
35877,0
35878,0
35958,0
60526,0
63754,0
63815,0
63836,0
63850,0
63905,0
63953,0
67899,0
82794,0
83019,0
85549,0
85630,0
2808,0
2961,0
4974,0
5570,0
6202,0
7508,0
7537,0
8416,0
8949,0
9553,0
10481,0
12247,4
13769,0
14679,0
15183,0
25482,0
25990,0
30302,0
30953,0
31366,0
31806,0
32569,0
33336,0
33343,0
33664,0
34204,0
35371,0
35700,0
35960,0
42790,0
42812,0
43162,0
43199,0
44119,4
63899,0
63925,0
63935,0
63936,0
64136,0
74061,0
74585,0
79278,0
1758,0
1759,0
5344,4
4755,3
4027,4
20207,0
24622,0
60849,0
28177,0
12607,0
13492,0
13566,0
14599,0
73718,0
32098,3
13857,0
33824,0
85065,0
18020,0
18396,0
18942,0
74751,4
83968,0
19485,0
19551,4
19839,0
68906,0
19197,0
41105,0
10996,4
3869,0
7277,0
37896,4
41610,4
43750,4
64299,4
64354,4
64417,0
64435,4
58869,0
17021,0
86585,2
72887,0
30786,0
19103,4
29298,0
84892,0
85107,0
85243,0
2939,0
79031,0
24326,0
2316,0
26235,0
34781,4
37722,4
4347,3
34016,4
63387,0
29575,0
31967,0
6400,0
9094,4
9460,0
10151,0
34720,0
34721,0
48466,0
73138,0
8175,3
18934,4
48581,0
48653,0
75303,4
24609,0
60142,0
8106,0
17390,4
14223,0
16162,0
22018,0
43360,0
11451,3
6638,0
47422,4
28411,0
18290,0
73173,4
31412,3
31758,0
85538,0
19134,0
80936,0
11774,0
14623,3
17263,3
20859,0
73430,4
47827,4
74724,0
7006,0
6031,0
30486,0
80678,0
74672,0
85601,0
85602,0
85817,0
86017,0
47866,4
74648,0
19783,0
4036,3
5724,0
7543,0
7794,0
8631,0
8789,0
26656,0
35941,0
36026,0
41971,0
41982,0
43954,4
44561,0
60327,0
67478,4
69143,0
71326,4
74729,0
74730,0
80803,0
80881,0
86079,0
35774,0
80594,0
80668,0
24786,3
63531,0
5776,0
6473,0
6811,0
7989,0
14968,0
17685,0
70582,0
69494,0
28673,3
11595,0
11652,0
68762,0
68781,0
68865,0
73878,0
35493,4
47054,4
83432,4
85236,0
44714,0
44733,0
44734,0
5598,4
10281,0
6472,0
70324,4
1974,0
43830,0
43858,0
34333,0
66322,0
58437,0
58809,0
48810,0
48875,0
57375,4
75155,0
53423,0
10161,0
17949,0
19955,0
22109,0
24252,0
24685,0
43575,0
50926,0
51169,0
51184,0
51185,0
63855,4
64224,0
64259,0
65975,4
78809,0
80939,0
80962,0
81126,0
81165,0
86216,0
13443,0
13682,0
25347,0
45093,0
45107,0
45193,0
45437,0
45637,0
51590,0
68791,0
68820,0
29452,3
9748,0
32434,3
27069,0
28829,0
29757,0
24615,0
27918,0
77189,0
27989,0
84919,0
84923,0
84962,0
36187,0
32355,3
74406,0
83228,4
26768,0
28056,0
28620,0
82558,4
85668,0
85880,0
37121,0
37134,0
37135,0
34995,0
35180,0
40981,0
73039,0
85463,0
68067,4
63657,0
67835,4
54723,0
86264,0
26030,3
85968,0
85987,0
86114,0
86164,0
25005,3
68278,0
85516,0
45483,0
45484,0
45570,0
46178,0
80997,0
36422,0
36667,0
38092,4
43902,0
44825,0
45479,0
45558,0
45812,0
51552,0
51553,0
51758,0
51776,0
64533,0
74693,0
74786,0
74889,0
81053,0
81109,0
81216,0
81236,0
86255,0
86281,0
86343,0
86420,0
69838,0
10024,3
63829,0
79929,0
51112,0
51159,0
51177,0
51205,0
60977,0
37203,4
51531,0
51565,0
51566,0
45066,0
32456,0
22746,3
75274,5
43511,0
48283,4
83095,4
20683,0
29445,0
50819,0
80297,0
80317,0
74964,0
75422,0
13407,3
14949,0
36325,0
36403,0
81036,0
86173,0
86251,0
44707,0
61298,0
59555,4
79385,0
42953,0
47803,4
47819,4
45299,0
24721,3
44628,1
54682,0
60099,0
61831,0
63987,0
68683,0
68726,0
83193,4
85741,0
41462,1
41534,1
57561,4
64583,0
86378,0
87006,4
45301,0
64442,0
64564,0
64605,0
29294,0
36472,0
45662,0
45740,0
45758,0
45759,0
45760,0
73314,0
74984,0
77408,0
81360,0
81438,0
81543,0
74622,1
43373,1
69874,0
69875,0
70267,0
61553,4
48115,4
74749,0
29200,3
70644,4
43447,1
63922,1
68784,0
76508,1
76876,1
69949,0
69963,0
70041,0
81137,0
1495,3
38099,1
82048,4
51319,1
50902,1
51052,1
50766,1
36523,1
16867,3
37184,1
37658,1
85099,1
54082,1
33156,3
88771,5
15430,3
74521,1
75831,1
1977,1
6765,1
8661,3
8750,3
12689,1
13819,1
15349,1
19114,1
29741,3
32400,1
32880,3
33714,3
34153,1
67991,1
68046,1
74943,1
11374,3
11373,3
11242,3
4302,3
22629,3
507,3
48552,4
78685,0
46568,4
43003,4
67349,1
662,3
26865,3
56587,5
22578,4
23948,4
78065,4
5221,3
6737,0
8438,0
9330,0
2112,0
67103,4
28070,3
29073,3
29418,3
30557,3
69092,1
69197,1
14407,3
25438,3
3204,2
33738,3
1532,2
30738,0
35166,4
39968,4
40249,4
24049,3
24117,3
18102,2
5139,3
10148,3
55956,5
45977,4
5173,0
27537,0
34999,4
36612,4
38373,4
38698,4
39163,4
39354,4
55317,4
60577,4
60693,4
60819,4
61839,4
64780,0
64921,0
75363,4
76313,4
76666,4
80007,4
81230,4
86548,4
11436,3
5918,0
5765,2
11918,0
18754,0
76265,4
5947,0
81571,4
4333,0
26661,0
33088,3
86124,0
5830,3
264,0
13195,0
3435,0
27040,0
20444,3
41898,0
26958,0
12335,0
19079,0
23610,0
15781,0
15738,4
13256,0
19046,0
16142,0
30893,0
4407,3
17998,0
17148,4
19407,0
9698,4
5637,0
15631,0
26066,0
32925,0
46226,4
46940,4
67674,4
10808,0
14546,0
23041,3
17674,0
19455,0
87539,4
27065,0
69394,4
14341,3
30966,0
24284,0
24551,0
18993,0
24987,0
29031,4
88101,0
15005,4
16563,4
21224,0
413,3
71982,4
20092,0
18661,0
3598,0
9028,0
21476,0
60251,0
23806,0
21021,0
22922,4
20553,0
5922,3
2934,2
30217,3
28723,0
16114,0
3289,4
22654,0
22676,0
20470,0
26591,0
7826,0
77942,0
9865,0
45031,2
25093,4
84130,0
84112,0
17728,0
72800,0
11345,0
171,2
10995,0
20824,4
49842,0
78903,4
16309,3
7871,3
21870,0
24161,0
77450,0
30589,0
52678,0
10233,3
20672,0
27521,0
6719,0
7156,0
60715,2
17289,3
146,0
20605,0
24469,4
25905,4
29389,4
85308,0
20899,0
16194,3
13709,0
20523,3
19084,0
72530,4
13218,0
22851,4
15383,0
17030,0
33144,4
5356,3
33050,0
27597,0
22337,0
28560,0
61215,0
602,3
79305,0
21526,0
23406,3
88700,4
13045,0
21259,3
42548,0
33004,0
11037,0
20951,0
30997,0
31881,0
30191,0
19454,0
15769,4
19480,0
2371,0
20330,3
4699,3
42458,0
30610,0
57310,4
12325,3
919,3
7614,0
29149,3
47798,2
27954,0
19760,0
33455,0
8266,3
84654,0
9899,3
30146,3
24067,4
23126,0
4035,3
53992,4
18317,3
17006,3
21291,4
2225,0
31649,0
9916,3
20674,0
11635,0
7036,2
19236,3
11287,0
31129,3
83352,0
21474,0
6482,0
31344,0
25728,0
13971,3
13549,0
25526,0
19121,3
20794,3
20954,3
32403,0
19544,4
29401,0
29515,0
31716,0
61214,0
63155,0
31563,0
4235,3
24603,0
7965,3
27217,0
1170,0
11384,0
29616,0
3671,0
25627,0
16806,0
2136,0
21499,4
8605,0
9694,0
18065,0
17172,0
10590,3
10218,0
20302,0
11439,3
19297,3
417,0
14801,0
15751,0
7387,3
24982,0
1570,3
12241,3
12494,0
6236,3
23251,3
3367,3
14495,0
21798,0
26144,0
4750,3
27877,4
86610,0
19052,2
78241,0
84162,4
27974,3
27337,0
34268,0
33997,0
5920,0
22192,0
26386,0
16386,0
11639,2
66427,2
10373,0
2627,0
9381,0
40073,4
5166,3
10154,2
18949,0
7586,0
22619,0
39353,4
40320,0
4369,0
2367,3
33681,3
33682,3
302,3
9045,3
25944,0
37488,0
78187,0
24683,0
29569,0
11729,0
12484,0
69285,0
5604,0
625,0
26194,0
29218,0
25980,0
29603,2
30299,2
21957,2
58178,0
3143,0
24470,0
25124,0
25126,0
23706,4
16825,3
16895,3
82493,2
5119,0
9212,0
25870,0
29365,0
23542,0
1784,0
10088,3
80904,0
7279,0
19730,0
31742,4
48130,4
22515,0
18185,4
12750,3
1870,0
3932,4
4155,0
19010,0
23293,0
35823,4
1602,0
58484,0
59129,4
5984,4
26178,3
27285,3
22086,0
3716,0
24344,3
25006,3
31960,4
24028,0
4023,0
41802,0
8688,0
2571,0
3857,0
12594,0
14693,4
16319,0
13502,0
15060,0
15973,0
17445,0
24260,0
27119,4
27967,0
30985,0
31179,0
31621,0
33560,0
59334,0
59335,0
22098,0
66211,0
23371,3
31778,0
5750,0
6964,4
28984,0
19996,0
4006,3
3494,0
12926,3
39008,0
7549,0
21802,0
5219,0
78286,0
69715,0
9254,0
6907,3
7360,3
7407,3
10724,3
70389,0
70824,4
2970,0
25363,3
19470,0
25496,0
26825,0
38681,0
22333,4
14885,2
5074,0
8461,0
21554,0
31801,0
33208,0
83099,0
5199,0
26071,0
30280,0
7585,3
21360,3
24065,0
33770,3
41793,0
19989,3
17177,0
27457,0
5167,3
12387,4
13109,4
31084,0
63865,0
13180,4
27772,0
61912,4
24533,0
6851,4
5367,0
14884,0
27072,0
68710,0
2298,4
14207,0
41145,4
6756,3
17783,0
21091,4
76986,0
10026,0
15253,4
63337,4
31740,0
13284,0
33503,0
17901,0
21178,0
28963,0
29539,0
29541,4
8007,0
18251,4
18737,4
14929,4
7325,0
30311,3
31240,0
25293,0
1393,0
29525,0
21332,3
27600,2
8566,3
21607,0
16363,0
16238,0
19204,0
21736,0
23214,4
27034,3
31745,0
83653,0
21601,0
10723,3
8503,3
27505,0
38574,0
9706,0
27617,0
6952,0
7332,0
17103,0
72938,0
34303,0
21851,0
27541,2
9821,3
5440,0
29928,0
82772,4
29081,0
23125,3
10053,0
31290,0
7782,0
12396,0
21772,0
15663,2
29872,0
68262,4
15714,0
79081,4
79074,4
5470,0
2056,0
21581,0
12145,0
15062,4
8642,4
1729,3
29425,0
19477,0
58341,0
20519,3
71566,4
26309,0
40304,4
7301,2
16578,2
57229,2
1312,0
11355,0
17342,0
31751,4
53115,0
2349,3
27120,0
69081,0
18135,0
16176,2
24380,2
7493,0
25226,0
69261,0
16104,0
16615,0
28742,2
58254,4
5727,2
11882,0
29878,4
25277,0
31035,0
27654,4
30847,0
11312,0
40803,4
16984,2
13981,0
16359,0
2644,0
9902,0
53006,0
6467,0
4256,0
9538,2
12896,2
13014,2
16175,2
16303,2
16526,2
17287,2
17526,2
26921,0
29289,2
32492,2
48104,2
88384,2
7043,2
12281,0
69057,0
69138,0
69179,0
63163,4
5586,2
2806,0
3223,0
4536,0
7906,0
9144,0
9578,0
12266,0
18190,0
18462,4
25319,0
28706,0
28708,0
48713,0
22213,0
7944,0
9396,2
37140,4
17255,2
17431,2
23882,0
33362,0
1434,2
9807,2
10120,2
11747,2
11873,2
12238,2
13970,0
14162,2
14437,2
16015,0
16066,2
16549,2
18110,2
19738,2
20347,0
20410,2
21531,2
22460,2
23294,2
23580,2
24894,2
25745,2
26480,2
29032,0
30206,2
32905,2
53439,2
69046,0
83669,2
87890,2
3126,0
15451,0
16091,0
1624,0
3259,0
8113,0
23678,3
15972,0
32549,0
10205,4
15354,4
76694,4
24198,0
68956,0
15279,2
2915,0
5408,0
5641,0
5913,0
7402,0
8308,0
17657,0
28736,0
33317,0
48268,0
58389,0
58911,0
72803,4
72967,0
84225,0
13399,0
15448,4
11441,0
21590,0
26695,4
34761,0
52947,0
53593,0
15420,3
34434,0
29508,0
29956,0
72988,0
75277,4
75917,4
29651,0
14384,0
2426,0
67636,4
4707,3
77906,0
38711,0
6816,0
27900,0
2989,4
16191,4
4228,0
9165,4
10255,4
31767,0
32266,0
32980,0
41842,0
42234,4
27102,0
630,0
3232,0
6017,4
8122,0
15645,4
17056,0
19633,0
20667,4
20975,0
21079,0
26069,0
26653,0
27249,0
27716,0
28623,0
31253,0
38571,0
41805,0
42112,0
48274,0
69187,0
73050,0
78326,0
8690,4
17404,4
49821,4
49822,4
70201,0
5171,0
25411,0
19493,0
55196,0
10262,0
19706,3
12102,0
28360,0
20086,0
18469,0
21785,3
27882,0
20101,4
1302,0
18531,0
24451,0
46558,0
26843,0
27922,0
13433,0
18761,3
5351,0
8584,0
14025,2
48246,0
20692,0
78101,0
16621,0
17472,0
76024,4
83522,2
85584,2
8332,0
12647,0
22032,0
28091,2
10198,3
83867,0
136,0
671,0
1595,0
2220,4
6037,0
6059,0
6190,0
6358,0
6699,4
7383,0
7936,4
9183,4
10506,0
13343,0
19169,0
33221,0
33603,0
40970,0
45686,4
63207,0
64932,4
69944,4
77229,0
461,0
495,4
1945,4
2288,4
2376,0
2381,0
2471,0
2518,0
3099,0
4523,0
5047,0
5316,0
5340,0
5779,0
6045,0
6316,0
6715,0
6961,0
7594,4
8260,0
8879,0
9043,4
9061,4
9795,0
9943,0
10112,0
10402,0
10626,0
11708,0
11719,0
11876,0
12252,0
12275,0
12411,0
12569,0
12591,0
13366,0
13432,0
13731,0
13901,4
14542,0
14919,0
15068,0
15339,0
15476,0
15709,0
16433,0
16535,0
16975,0
17244,4
17277,3
17675,0
18673,4
19453,0
20439,0
20904,0
20967,4
21407,4
21571,0
21800,0
22022,0
22285,4
22897,0
23286,0
23487,0
23708,0
23922,0
24521,0
24550,0
24715,0
25114,0
25896,4
26013,0
26249,0
26524,4
26769,0
27001,0
27230,0
27533,0
28281,0
28311,4
28618,0
29058,0
29920,0
30671,0
30843,0
31300,0
32659,0
32665,0
33012,0
33990,0
39134,0
41763,0
41828,0
41854,0
43894,4
45938,4
46912,4
47939,0
48319,0
48362,0
48385,0
48392,0
53276,0
53281,0
53326,0
58202,0
58285,0
61651,4
62842,0
63142,0
66753,0
67477,4
69112,0
69914,4
71579,4
76253,4
84420,0
88707,4
26787,0
42024,4
15661,0
17187,0
3439,0
4192,0
17839,3
22585,3
23913,3
24008,3
48935,4
53224,0
78102,0
68954,0
70042,4
55152,0
18440,0
31862,4
31045,4
19799,0
83639,0
14835,0
15353,0
17049,0
32644,4
5044,4
76310,4
70093,4
12988,0
15209,0
24122,3
19848,0
31626,0
59304,0
66929,4
53147,0
402,0
611,0
2448,0
3461,4
3947,0
4380,0
4991,0
6301,0
6372,4
6644,0
7276,0
8595,0
9995,4
10639,4
12407,4
14298,0
15832,0
16161,4
16321,4
18118,0
18774,4
19964,0
22490,4
22612,0
23585,4
23814,4
27029,4
27203,4
28766,4
29731,4
29734,4
30194,0
21962,0
21994,0
22074,4
22097,0
22203,0
22219,0
22278,0
22389,0
22473,0
22481,0
22935,0
22967,0
23017,0
23133,0
23134,4
23152,0
23230,0
23240,0
23368,0
23454,0
23480,0
23512,0
23596,0
23608,0
23669,0
23848,0
23906,0
23988,0
24159,0
24246,0
24275,4
24353,0
24387,0
24555,0
24605,0
24644,0
24781,0
24846,0
24928,0
25517,4
25572,0
25993,0
26051,0
26165,0
26319,0
26385,0
26548,0
26662,0
26766,0
27058,3
27115,0
27252,0
27253,0
27273,0
27341,0
27572,0
27702,0
27729,0
27745,0
28107,0
28122,4
28239,0
28259,0
28268,0
28419,4
28442,0
28712,0
28786,3
28804,0
28830,0
28872,0
28904,3
28932,0
28935,0
28949,0
28973,0
29004,0
29092,0
29141,0
29162,0
29206,0
29227,0
29275,0
29325,0
29440,0
29530,0
29595,0
29688,0
29742,0
29940,4
30109,4
30251,0
30296,0
30313,3
30435,4
30562,0
30825,0
30826,0
30922,0
31065,4
31265,0
31579,4
31654,0
32011,0
32154,0
32381,0
32404,0
32443,0
32605,0
32614,0
32618,0
32823,0
32955,4
33037,0
33044,0
33309,0
33478,0
33496,0
33783,0
33893,0
33940,0
33987,0
34066,0
34088,0
34092,0
34116,0
34239,0
34265,0
34342,4
34588,0
35149,4
38544,0
38790,0
38836,4
38887,0
39046,0
39200,0
41710,0
41724,0
42359,0
42648,0
45448,4
45464,0
45983,0
48180,0
48354,0
48416,0
48419,0
48450,0
48455,0
48561,0
49038,0
50480,4
53034,0
53050,0
53051,0
53171,0
53172,0
53183,0
57693,4
58113,0
58248,0
58397,0
58678,0
58778,0
59019,0
59660,0
60929,0
61039,0
61299,0
63241,0
63296,0
63383,0
63429,0
63446,4
63447,4
67512,4
67895,0
68937,0
69069,0
69152,0
69254,0
69274,0
69307,0
71015,4
71157,0
72742,0
72799,0
72802,0
72824,0
72912,0
73400,0
78114,0
78155,0
78229,0
78306,0
78587,0
78604,0
78751,0
78753,0
78762,0
79280,4
80141,4
82177,4
83969,0
83983,0
84079,0
84152,0
84219,0
84235,0
84297,0
84369,0
84407,0
84454,0
84490,0
84570,0
84574,0
85572,0
85841,4
86521,0
86729,4
88096,0
5954,0
32432,4
60199,2
6449,0
16003,0
6864,0
7029,0
10572,0
12713,4
31418,4
60318,0
33286,0
78401,0
29049,4
3570,0
25367,0
7385,0
23520,0
58179,0
20256,0
28365,0
49908,2
82011,4
83996,0
52341,0
27099,0
50872,0
572,4
4533,4
2906,0
33446,0
34125,0
6063,0
11067,0
69191,0
32183,0
20695,0
25276,0
32472,0
83981,2
25989,3
27490,0
20595,4
13757,2
20839,4
18884,0
79035,4
45909,0
13461,0
24070,3
17986,2
19183,2
25725,2
27371,2
15161,3
24449,0
13179,3
22401,3
24378,3
69867,0
24874,0
46275,4
86961,4
6530,0
6960,0
53163,0
1672,0
2947,0
3643,0
11467,0
16529,0
17231,0
32661,0
42109,4
43875,4
57475,4
77658,4
78108,0
86899,4
19813,0
72735,0
33019,0
1881,0
1988,0
5329,0
5731,4
5777,0
6005,0
7097,0
7689,0
8025,4
8795,0
8894,0
9167,0
9707,0
10731,0
11731,0
11911,4
13310,0
16742,0
19040,4
19531,0
19550,0
20201,4
20644,0
20707,0
21183,4
21443,0
21541,0
21666,0
21901,0
22366,0
26305,0
26925,4
28781,0
29120,0
29273,4
29461,0
29462,0
32760,4
33836,0
34176,0
37320,4
39751,4
40072,4
40802,4
41912,0
42136,4
42156,4
42300,0
45575,4
46119,4
48278,4
48425,4
48745,4
49449,0
49802,4
53028,0
53180,0
53226,0
53282,0
53296,0
55576,0
59103,4
66089,4
69234,0
69255,0
70079,4
70219,0
75505,4
75506,4
76745,4
78085,4
78250,0
78277,0
78355,0
78414,0
78530,0
78650,0
88643,4
1133,0
3251,4
14094,4
25852,3
27879,3
23943,0
1027,0
17727,0
22799,0
23161,0
27661,0
31406,3
31926,0
31006,0
58859,4
27992,0
19253,0
1674,0
69732,0
32075,0
47120,0
7312,0
744,0
928,0
2360,4
7303,0
31616,3
12520,0
17625,4
60355,0
10985,0
19272,2
61111,0
13608,4
27118,0
28001,3
4,0
17439,0
12473,4
2686,0
59093,4
20087,0
75885,4
851,0
3029,0
3610,0
4216,0
5115,0
5209,0
5272,0
5392,0
7307,0
10495,3
11552,0
13263,0
13437,0
16653,0
17190,0
17200,4
18367,0
19315,4
20094,0
20668,0
23620,3
24806,0
25294,0
27168,0
27556,0
30185,4
30965,0
32637,0
34831,0
34936,0
35051,0
49590,4
79089,0
9235,0
27783,3
30677,0
32037,4
50887,4
21655,0
24197,0
27214,0
74844,4
74895,4
74970,4
75322,4
22891,4
5232,0
58355,0
46932,4
27476,0
19993,0
864,0
1919,0
2209,4
2850,0
6705,4
10678,4
11530,0
11573,4
14918,4
18388,4
18391,4
25166,4
56561,4
59181,0
80424,4
87163,4
23778,3
588,0
606,0
1298,0
4852,0
6186,0
6581,4
7484,4
9054,0
9850,0
10129,0
10435,0
10467,0
11233,4
12658,0
13163,0
13416,0
14039,0
14581,3
14820,0
15236,0
17399,0
19822,0
19862,0
20202,0
22360,0
27111,0
27694,0
28637,0
28845,0
31291,0
33183,0
34126,0
34916,0
34930,0
44305,4
48807,0
54062,0
59154,0
59251,0
71440,4
73662,0
84933,0
85202,0
17935,4
18823,0
67874,0
4803,0
3430,3
6015,0
6894,4
88676,4
3981,0
4819,0
26982,0
28197,0
60955,4
83971,0
26828,0
60609,0
7350,0
11594,4
13748,0
16732,0
16909,0
19060,4
15340,2
26616,2
47715,4
22046,0
24206,0
35290,4
7821,0
26674,0
43184,0
939,0
11248,0
12622,0
14183,0
60954,4
27268,4
42192,2
239,0
16588,0
18351,4
34108,0
62583,4
73140,4
73390,0
9741,0
13253,0
62059,0
23047,0
17429,4
12769,3
18883,0
32359,0
46337,2
19539,0
6283,0
17357,0
25741,4
32091,0
28021,0
59796,0
11129,0
9739,3
11251,0
30488,3
21764,3
6044,4
16861,0
569,0
679,0
836,0
2414,0
2885,4
3057,0
3252,0
3852,0
3936,4
4494,0
5813,4
8361,4
8934,0
10652,0
11082,0
11185,0
11445,0
12714,0
32764,0
33691,4
36075,4
42720,0
48797,0
50676,4
62715,4
63503,0
65407,4
68485,4
69630,0
69672,0
70289,4
70407,4
70435,4
70496,4
25261,0
18803,0
21109,3
23717,0
12613,0
59287,0
3835,0
21052,0
14937,0
16235,0
10216,0
18280,4
19078,0
59632,0
30034,0
17173,0
74471,0
56789,4
57353,4
60888,0
61126,4
18124,0
73188,0
1136,0
21070,0
23745,0
26295,0
29812,3
60653,0
24368,4
24369,4
24498,4
25621,4
18035,3
84409,0
10500,0
67766,4
31071,0
109,0
134,0
504,0
519,0
761,0
1245,0
1499,3
2470,0
2746,0
3310,0
3413,0
4722,0
4821,0
5837,4
6149,4
7255,0
7662,0
9794,0
11292,0
12698,0
13920,3
14405,4
15111,4
16204,4
16293,0
16632,0
16833,3
17650,0
19817,0
21216,0
21368,0
23844,0
24568,0
26316,0
26370,0
26576,0
26839,0
27246,0
27679,0
27946,0
28361,0
28440,0
28746,0
29061,0
29067,0
29221,0
30045,0
30526,0
30920,0
30945,4
32185,0
32205,4
33159,0
35292,0
39332,4
42681,0
44461,0
44471,0
44500,0
44505,0
44542,0
44545,0
54505,0
55966,4
56145,4
59068,0
59691,0
10117,3
2437,3
16316,0
82175,4
87585,4
1331,0
87166,4
29797,0
18690,2
28666,0
5820,0
6144,0
6736,0
7836,0
9070,4
30039,0
51618,4
32107,0
32429,0
29282,0
38,0
24997,3
20332,4
1590,0
20786,0
31956,0
33491,0
31143,0
28745,4
13894,3
5192,3
28010,0
3433,0
7409,0
13686,0
23179,4
31581,0
10100,0
68913,0
68953,0
58482,2
60707,2
19555,0
29989,4
2620,0
25735,0
83893,0
21090,0
20215,3
4754,3
29163,4
29164,4
7391,3
30025,3
9030,0
36970,4
28737,0
32759,0
4460,0
22819,0
22902,0
74137,0
81926,2
5431,3
17981,4
21045,3
19479,0
19614,0
28916,0
25532,0
16272,0
7127,4
30516,0
23337,0
15202,0
30052,0
5331,0
14129,0
16902,0
35402,0
18201,0
13146,0
5951,0
13535,0
15416,0
30568,0
10727,0
31260,0
31553,0
31601,0
23935,0
56981,4
60039,0
17171,0
4896,3
42828,4
42829,4
4729,0
31447,0
69047,0
5134,0
59809,0
60063,0
60145,0
20031,0
1147,0
2456,0
9664,0
10243,0
19644,4
25736,0
80559,0
28095,0
21116,0
77098,0
16747,0
84983,0
85081,0
58982,0
24342,3
51249,4
1047,0
74275,0
52087,0
29762,0
48746,0
27650,3
25483,0
49772,4
16140,0
20006,4
21525,4
198,4
855,0
6374,0
6391,0
7845,0
7911,0
9604,0
9656,0
11527,0
12462,0
13815,4
14271,4
14656,3
15944,0
19177,0
19301,0
20353,4
20563,3
21300,0
23301,0
29065,0
33502,3
33890,3
34101,0
35389,0
35790,0
39716,0
42898,0
44749,0
63860,0
67781,0
67782,0
67898,4
71226,0
83175,4
12654,4
16076,4
18314,0
727,0
804,0
2247,0
55,0
985,0
2879,0
3916,0
4532,0
7394,0
7607,0
16017,0
16599,0
17423,0
30040,0
68371,0
68384,0
85734,0
86019,0
15415,3
17448,0
39227,4
25842,0
26262,0
29383,0
8270,3
8465,0
42856,4
31539,0
17212,4
18679,0
26747,0
71909,4
74243,0
1433,0
3118,4
3471,0
3600,0
3898,3
4120,0
4866,4
4909,0
7145,0
9228,4
9291,0
9676,0
11389,0
11444,0
12777,0
13651,0
14131,0
14353,4
14780,4
17083,0
17634,0
20383,0
21117,0
21382,0
24111,0
24236,0
24294,0
24506,0
28009,0
29363,0
31005,0
31722,0
32821,0
44840,0
44886,0
54767,0
58709,4
59481,4
63908,0
68472,0
68488,0
85610,0
85611,0
85683,0
32860,3
23746,0
53672,0
53673,0
53840,0
24390,3
15550,0
17708,0
12706,0
1676,0
27043,0
31066,0
80539,0
7311,0
33108,0
84128,0
1543,0
2511,0
7767,0
27407,0
27870,0
28086,0
28478,0
29639,0
29640,0
32679,0
60071,0
5172,0
59054,0
19628,0
19940,0
31312,0
24087,0
53232,0
27129,4
10249,0
30534,3
25946,0
4703,3
42954,0
19394,0
15559,4
33904,0
33957,0
7967,0
8525,0
9103,0
22413,0
19303,0
19735,0
20455,0
28023,0
74233,0
12331,0
28581,0
40535,0
81030,4
10523,0
24441,0
30385,0
41519,4
85419,4
72674,4
599,0
1432,0
2006,0
3437,0
3476,0
4365,0
4366,0
6145,0
6387,0
7805,0
7984,0
8668,0
9176,0
10313,0
11721,0
12162,0
12927,0
13182,0
13302,0
13367,0
14706,0
14954,0
15075,0
15231,0
15382,0
15446,0
15682,0
15952,0
16227,0
16423,0
16807,0
16826,0
16859,0
17009,0
17154,0
17215,0
17686,0
17754,0
18348,0
18418,0
18589,0
18935,0
19088,0
19095,0
19841,0
20507,0
20526,0
20609,0
24907,0
28795,0
29478,0
29817,0
30156,0
30179,3
30227,0
30367,0
30918,0
31172,0
31293,0
31328,0
31837,0
32156,4
32354,0
32481,0
32493,0
33508,0
33809,0
34106,0
34287,0
41203,4
43860,0
44090,4
44797,0
45219,0
48149,0
53962,0
54851,0
54896,0
54897,0
54898,0
54921,0
59848,0
59976,0
60122,0
60253,0
60254,0
60525,0
68760,0
74300,0
74301,0
80289,0
85488,0
85635,0
85728,0
85733,0
86016,0
86960,4
30348,0
11984,0
18316,0
23462,0
32547,0
19181,3
35674,4
35723,4
35724,4
35785,4
16618,0
21950,0
59180,0
59326,0
15957,0
17469,4
34158,3
74161,0
3,0
574,0
885,0
1119,0
17542,0
43658,4
43798,4
59890,0
60029,0
32763,0
35301,0
35336,0
4280,0
35563,0
35565,0
35642,0
30465,0
67904,4
77328,0
19709,0
79573,0
30750,0
31363,0
34756,4
35317,0
73933,0
74167,0
74185,0
74264,0
74379,0
74594,0
75237,0
33,0
166,3
169,0
192,0
472,0
500,0
568,0
596,0
614,0
896,0
1029,0
1042,0
1236,0
1252,0
1445,0
1458,0
1555,0
1558,0
1751,0
1752,0
1878,0
1972,0
1991,0
2229,4
2248,0
2266,0
2302,0
2304,0
2340,0
2384,0
2418,0
2735,4
2794,0
2890,0
3189,0
3191,4
3398,0
3399,0
3554,0
3914,0
4096,0
4108,0
4174,0
4193,0
4230,0
4281,0
4290,0
4396,0
4437,0
4577,0
4654,0
4895,0
4927,0
5120,0
5137,0
5138,0
5149,0
5252,0
5679,0
5688,4
5707,0
5720,0
5971,4
6028,0
6074,0
6079,0
6129,4
6139,0
6148,0
6273,4
6332,0
6353,0
6480,0
6481,0
6487,0
6528,4
6735,4
6802,0
6875,0
6889,4
7261,0
7330,0
7356,0
7466,4
7564,0
7615,0
7872,4
7917,0
7963,0
7985,0
8075,0
8101,0
8104,0
8108,0
8152,0
8173,0
8230,4
8387,0
8667,0
8762,0
8782,0
8819,0
8850,0
9071,0
9095,0
9143,0
9450,0
9490,0
9626,0
9713,4
9796,0
9819,0
9858,3
9979,0
10039,0
10056,0
10058,0
10315,0
10364,0
10421,0
10600,0
10688,0
10764,3
10856,0
10876,4
10883,0
10884,3
10931,0
11017,0
11159,0
11394,0
11398,3
11437,0
11438,0
11537,0
11570,0
11649,0
11807,0
11820,0
11834,0
11837,0
11916,0
11964,4
12031,0
12083,4
12165,0
12260,0
12347,0
12360,0
12535,4
12639,0
12711,0
12755,0
12758,0
12866,0
12909,0
12956,0
13012,0
13125,0
13233,0
13281,0
13365,0
13526,0
13565,0
13575,0
13648,0
13681,4
13802,0
13851,0
14001,0
14035,0
14168,0
14252,0
14365,0
14459,0
14487,0
14539,0
14563,0
14637,4
14759,0
14791,4
14923,4
14945,0
15095,0
15214,0
15469,4
15548,0
15683,0
15817,0
16117,0
16125,0
16147,4
16367,0
16444,4
16478,0
16523,0
16781,0
16885,0
16906,0
16951,0
17022,0
17023,4
17033,0
17069,0
17193,0
17225,0
17461,0
17501,0
17551,0
17552,0
17591,0
17624,4
17651,0
17871,0
17875,0
17914,0
17916,0
17985,0
18111,0
18138,0
18406,0
18592,0
18667,0
18685,0
18800,0
19461,0
19475,0
19497,0
19516,0
19525,0
19526,0
19561,0
19670,0
19702,0
19726,0
19804,0
19863,0
20012,0
20050,0
20098,0
20489,3
20559,0
20646,0
20700,0
20782,0
20799,0
20888,0
20900,0
21016,0
21017,0
21020,0
21024,0
21309,0
21711,0
21784,0
21872,0
21958,0
22016,0
22186,0
22496,0
22580,0
22610,0
22721,0
23264,0
23373,0
23751,0
23803,4
23897,0
24366,0
24913,0
25157,0
25352,0
26497,0
26866,0
27150,0
27210,0
27417,0
27673,0
27748,0
28119,0
28388,0
28481,0
28534,0
28779,0
29064,0
29131,0
29248,0
29314,0
29568,0
29963,0
30097,0
30098,0
30254,0
30433,0
30547,0
30550,0
31004,0
31010,0
31060,0
31242,0
31701,0
31792,0
32398,0
32554,0
32634,0
32676,0
32811,0
32995,0
33040,0
33075,0
33095,0
33227,0
33279,0
33342,0
33346,0
33349,0
33380,0
33493,0
33578,0
33626,0
33786,0
33787,0
33841,0
33967,0
33995,0
34102,0
34301,0
34515,4
35506,0
35593,0
35608,0
35617,0
35618,0
35710,0
35745,0
35912,0
39867,4
40688,0
41054,0
42885,0
42925,0
42941,0
42955,0
42956,0
42961,0
42962,0
42986,0
42989,0
43006,0
43032,0
43033,0
43037,0
43055,0
43169,0
43227,0
43407,0
44025,4
44723,0
44728,0
44798,0
44805,0
44824,0
44828,0
44885,0
45218,0
45530,0
46672,4
47396,4
47536,0
47808,4
47809,4
49388,4
54700,0
56074,4
56116,4
57022,0
59721,0
59822,0
59843,0
59869,0
59960,0
59967,0
60010,0
60088,0
60147,0
60151,4
60312,0
63233,4
63706,0
63707,0
63772,4
63781,0
63789,0
63795,0
63830,0
63834,0
63883,0
63884,0
63913,4
63973,4
64053,0
64058,4
64307,4
65775,4
66213,4
66788,0
67747,4
67807,0
68386,0
68464,0
68475,0
68487,0
68507,0
68514,0
68529,0
68540,0
68552,0
68562,0
68563,0
68571,0
68577,0
68611,0
68619,0
68633,0
68642,0
68648,0
68668,0
68677,0
68801,0
72610,4
72631,4
72708,4
74008,4
74207,0
74212,0
74228,0
74309,0
74316,0
74332,0
74333,0
74337,0
74378,0
74395,0
74414,0
74518,0
74574,0
77552,4
79422,0
80108,0
80132,0
80197,0
80203,0
80312,0
80366,0
80392,0
80524,0
80537,0
80563,0
80577,0
83084,0
83249,4
85543,0
85544,0
85556,0
85587,0
85667,0
85674,0
85840,0
85881,0
85897,0
85899,0
85901,0
86028,0
86061,0
86325,0
87217,4
702,0
1592,0
2375,0
3401,0
42854,0
12456,0
12863,0
16441,0
11689,4
15583,0
15916,0
16372,0
31095,0
991,3
29764,0
30479,0
1966,0
9769,0
4763,0
33929,0
2788,0
8700,0
26801,0
54818,0
805,0
1999,4
2060,4
2250,4
29736,0
30723,0
31790,4
33282,0
1489,3
9963,4
11269,0
53040,0
23411,0
2261,3
54901,0
12310,3
84100,0
10736,2
363,0
3825,0
5387,0
6429,0
8608,0
9150,0
9414,0
9563,0
13338,0
14053,0
32787,0
35320,0
35424,0
35532,0
35680,0
38732,0
68309,0
68332,0
68480,0
21063,0
16574,0
18552,0
32548,0
34648,0
28565,4
19289,0
20938,0
80010,0
80051,0
30009,4
12606,0
1186,0
85487,0
15966,0
21624,3
8059,0
10037,0
10611,0
11959,0
68451,0
68452,0
1879,0
2139,0
28898,3
27299,3
30428,3
13874,0
13997,0
14701,0
14862,0
24083,0
54862,0
5394,0
73222,0
85531,0
15698,0
31480,0
8235,0
12734,0
20960,0
44930,0
71845,4
79663,2
141,4
2556,0
7293,0
7915,0
34100,0
24636,0
23319,0
74058,0
59062,4
13964,0
26207,0
27445,0
29713,0
29045,0
28784,0
24637,0
25703,0
31059,0
33453,0
20977,0
691,3
1492,0
4470,0
1273,0
1551,0
1583,0
2450,0
2795,4
4291,4
14158,4
15071,0
18052,0
24920,0
26941,0
11492,0
27284,3
80540,0
17080,0
73577,0
73597,4
53490,0
20558,0
26817,0
40180,0
83206,0
44665,0
44717,0
68960,4
53425,0
18285,0
19798,4
878,0
966,0
1785,0
1869,3
2984,0
4183,4
4635,0
4636,0
4879,0
4901,0
4990,0
5607,0
5608,0
5816,0
5904,0
6690,0
7566,0
8051,0
10280,0
10768,0
12754,0
13062,0
13220,0
14310,3
15371,0
15689,0
15764,0
15819,0
15923,3
18625,0
19870,0
22223,0
28437,0
29622,0
30440,0
31230,4
33428,0
33943,0
34040,3
43188,0
43265,0
43290,0
45041,0
45091,0
45329,0
45493,0
48012,4
50873,0
50890,0
50927,0
59964,0
60053,0
60167,0
68206,0
68338,0
71162,0
74470,0
85699,0
85714,0
85917,0
86026,0
30404,0
18585,0
18485,4
10246,0
11134,0
63741,0
63800,0
1349,0
14195,0
27433,0
27869,0
28247,0
85621,0
59697,4
16855,4
2975,3
20310,3
23232,0
18582,0
26359,0
26751,0
28340,0
32600,0
33009,0
80096,0
80497,0
80498,0
32199,4
1971,0
2942,4
32463,0
249,0
788,4
824,0
848,4
1122,4
1148,4
1414,0
1550,4
1639,0
1654,4
1900,0
2354,0
2409,0
2628,0
2937,0
3780,4
3783,4
3903,0
4477,0
4498,4
4898,4
5371,0
6508,0
6649,0
6935,0
7683,0
9780,0
10706,0
10707,0
10806,0
11057,0
11255,4
11531,0
12479,0
13140,0
13457,0
14201,0
14235,0
14236,0
14299,0
14571,0
15568,0
16223,0
17124,0
17181,0
17202,0
17617,0
17774,0
18078,0
18584,0
19411,0
19505,0
19661,0
19857,0
20402,0
21978,0
22544,0
22573,0
23807,0
24140,4
24598,0
26664,0
27884,0
28045,0
29674,0
30172,0
30690,0
31865,0
32853,0
33051,0
34059,4
35881,0
42786,0
44641,0
45423,0
50132,4
60295,0
60324,0
63816,0
64055,0
66793,0
67079,0
67401,0
67843,0
67956,0
68497,0
68498,0
70772,0
77617,0
80039,0
80271,0
80283,0
80391,0
80484,0
80487,0
80499,0
80553,0
80765,0
84757,0
85752,0
85955,0
426,0
1165,0
1666,0
1698,0
1987,0
2145,0
2151,0
2267,0
2382,0
2719,0
3559,0
3735,0
3841,0
3918,0
5257,0
5261,0
5381,0
5856,0
5932,0
6010,0
6726,0
6947,0
6978,0
7004,0
7063,0
7465,4
8364,0
8426,0
8756,0
9096,0
9348,0
9360,0
9438,0
9622,0
9665,0
9859,0
10030,0
10069,0
10200,0
10236,0
10478,0
10738,0
10763,3
10914,0
11495,0
12046,0
12049,0
12399,0
12825,0
13675,0
13969,0
14569,4
14597,0
17210,0
17891,0
17943,0
18924,0
18970,0
18996,0
19920,0
20582,0
20833,0
21111,4
21575,0
23024,0
23265,0
23432,0
23541,0
23679,0
24116,0
24254,4
24458,0
24472,0
24580,0
25376,0
25443,0
26127,0
26150,0
26267,0
26672,0
26833,0
27141,4
28085,0
28656,0
28835,0
28882,0
29266,4
29308,0
29889,0
30351,0
31824,0
31888,0
32171,0
32517,0
33454,0
34094,0
34190,0
34241,0
35101,4
35697,0
35848,0
35856,4
36937,0
39204,4
42791,0
43140,0
43200,0
43201,0
43223,0
43288,0
43305,0
43441,0
44716,0
50888,0
50901,0
50940,0
51668,4
54583,0
59914,0
59915,0
59994,0
63030,4
63669,0
63702,0
63900,0
63979,0
63993,0
64013,4
64060,0
64097,0
65130,4
67972,4
67999,4
68000,4
68233,0
68243,0
68494,0
68832,0
68856,0
68891,0
68892,0
74697,0
76611,4
80069,4
80626,0
80661,0
80665,0
80830,0
83337,4
84692,0
84770,0
86137,0
22915,3
63664,0
63720,0
63770,0
63828,0
5824,0
20581,0
33918,0
79986,0
79251,0
79684,0
5841,0
5846,0
22488,0
23770,0
43391,0
43392,0
555,3
6143,0
7848,0
7857,0
14023,0
14628,0
5338,0
5773,0
16325,0
23668,0
2078,0
4917,0
45405,0
28793,3
36336,0
58896,0
59110,0
13050,0
68020,0
1055,0
1322,4
6090,0
6416,0
6418,0
8049,0
10132,0
14254,0
28099,3
44602,0
44689,0
44762,0
46239,0
44792,0
45381,0
41445,0
77717,0
83716,0
83717,0
17051,0
1955,0
19167,0
29433,0
4884,0
6066,0
7331,0
13607,0
15993,0
63735,0
64690,0
64691,0
20834,0
22475,3
31975,0
22748,3
28639,3
27313,0
25883,0
25918,0
11850,3
12076,4
32283,0
48011,0
60476,0
60690,0
78020,0
83774,0
30675,0
20924,3
24518,3
11778,0
19186,0
18066,4
23011,0
43593,4
3833,0
20139,4
11986,0
15424,2
22340,2
34081,2
56395,2
84980,0
85208,0
15421,0
23,3
43685,4
3221,0
11385,0
503,2
24439,2
21053,0
23169,0
21807,0
24692,3
24719,3
19775,4
8246,0
8558,0
12744,3
34283,0
16110,2
31821,0
31828,0
32475,0
33109,0
15397,0
33461,0
26871,3
82899,2
1709,4
18040,3
12078,2
13333,0
20649,4
34719,0
578,0
1225,0
6507,0
8347,0
9230,4
10893,4
11226,0
21357,0
26792,0
28943,4
33900,0
34278,0
34294,0
36214,0
36249,0
28662,0
34421,4
38359,4
64254,0
64255,0
64452,0
22224,0
20414,0
34174,4
51044,0
26693,3
325,0
983,0
5285,0
7061,0
9229,4
12695,0
17203,0
23728,0
24164,0
24453,0
25056,0
27568,0
34257,0
36243,0
36381,0
36529,0
38699,4
51268,4
58724,4
69627,0
9836,0
9990,0
69636,4
9387,0
68055,0
47145,2
10755,0
78963,2
76781,4
80974,0
81205,0
20992,0
55510,4
86309,0
43,0
3694,0
6570,0
12471,0
15574,0
18520,0
32741,0
33955,0
34328,0
51892,0
16546,3
85796,0
86209,0
48572,0
44470,0
6012,0
7760,0
5648,0
28027,0
30182,0
73581,0
11670,4
84406,0
31702,0
11960,0
12327,0
12453,0
12843,0
18517,0
48521,0
70899,0
79661,0
24030,0
33986,0
34077,4
38015,4
41629,4
44044,4
63280,4
78046,2
17769,2
80336,2
34663,0
57611,4
31236,0
37957,2
15616,3
22979,0
8772,0
4401,2
16527,2
17738,2
45002,2
52624,2
70375,2
871,0
84682,0
42545,4
63292,0
7167,0
38368,0
40417,4
84425,0
63332,0
41945,0
69496,0
73470,0
53896,4
51011,4
53806,0
55231,4
76388,4
16594,0
14368,4
5300,0
79560,0
17321,0
63256,0
24569,3
13232,0
9637,3
44354,0
18889,0
52644,0
78704,0
69894,4
33139,0
3081,0
9954,0
18768,4
34602,4
44944,0
69373,0
53480,3
21000,0
24623,0
83472,0
86014,4
71476,4
42013,0
29563,0
48557,0
5998,4
17344,0
18629,0
20616,0
53795,0
53866,0
58329,4
84558,0
52078,4
5222,3
46946,4
5145,4
78242,0
7530,0
22803,3
9041,3
9364,3
10566,3
10947,3
10694,3
3755,0
72247,4
24273,0
25761,0
563,4
13581,0
24988,4
34818,0
48464,0
53874,0
55502,4
1369,3
2935,0
6384,0
6463,4
8709,0
9132,3
9883,3
12546,0
15204,0
17381,0
17516,0
17715,0
22514,0
26470,0
27871,0
29577,4
31565,0
32578,4
34571,0
34670,0
41992,0
42047,0
42096,4
42128,4
48476,0
49890,4
53537,0
53544,0
53671,0
61410,0
63287,0
63326,0
69299,0
69450,0
69491,0
78720,0
78857,0
78989,0
84646,0
84750,0
84765,0
84766,0
54566,0
42054,0
72970,0
23178,0
54568,0
54582,0
5623,0
13892,3
53323,0
12374,0
78347,0
78541,0
64008,0
30661,3
2309,4
49759,4
1001,0
2458,4
5671,0
6237,0
6292,0
6588,0
7651,0
8212,0
8439,0
16154,4
31351,4
33607,4
34369,4
34688,0
39411,4
39475,4
41038,4
42561,4
42755,4
44132,4
44520,0
49090,4
53510,4
59097,0
65342,4
69615,0
79180,4
27348,0
3456,0
5496,3
6963,4
12337,0
18196,0
18337,0
18655,0
21095,0
21444,0
21472,3
22243,0
25392,4
27563,0
32243,3
32861,3
32898,3
34540,0
34724,0
34735,0
36910,4
42094,0
42097,0
42146,0
48519,0
48573,0
48574,0
48752,0
49831,4
51217,4
52663,4
52746,4
53662,0
53677,0
53678,0
53789,0
53884,0
54594,4
54595,4
55075,0
56310,4
58834,0
58868,0
58987,0
63308,0
64846,4
67763,4
67892,4
69398,0
69490,0
69571,0
72734,0
73315,0
73342,0
75825,0
78930,0
79004,0
79637,4
81421,4
84562,0
84955,0
85157,0
84566,0
27110,3
62065,4
33238,3
22125,3
24978,3
33228,0
85012,0
68410,4
8853,4
26553,0
17745,4
37744,4
84179,4
53569,0
78631,0
47579,4
47599,4
47617,4
7371,3
48715,0
15074,0
17323,0
26856,0
29300,0
922,3
9010,2
14531,0
16708,2
39556,2
52893,2
55775,2
70560,0
75435,2
80716,0
17068,0
75425,0
42763,0
63334,0
47726,4
47847,4
72385,4
73903,4
22379,0
24908,0
49037,4
29735,0
57125,4
61534,4
63364,0
65404,4
26489,3
25063,0
51033,4
58244,0
24654,0
15447,3
7655,4
48434,0
30955,3
62085,0
25068,0
48474,0
48497,0
87720,4
55146,4
7447,0
18095,4
24348,0
25346,3
48523,0
73479,0
75445,4
31593,0
83087,4
45149,3
29490,0
62153,2
19982,0
75797,2
53622,0
34554,0
5136,3
35007,2
18964,0
24696,0
54164,0
64361,0
71695,4
82855,4
436,0
4422,4
7136,0
9479,0
10314,0
10826,0
13027,0
14111,0
17153,4
17353,0
21391,0
24669,0
27162,0
34399,4
34563,0
34604,0
36761,4
36873,4
37326,4
37805,4
45721,4
46438,4
47526,4
47551,4
48465,0
48471,4
48673,0
58956,0
60418,4
62667,4
63288,0
63547,0
69517,0
70294,4
70334,4
70939,4
71193,4
72711,4
73478,0
77778,4
79120,4
81252,4
81382,4
40037,4
52323,0
49622,4
12733,3
79069,0
44645,0
54487,4
6355,0
8739,2
26099,2
78586,0
73267,0
26628,0
48579,0
48580,0
48620,0
81253,0
55324,0
21760,0
22036,0
36801,4
22562,0
18262,0
34737,0
13079,0
10245,0
48403,0
48422,0
52395,4
3977,0
7730,4
7740,4
14173,0
42003,0
42099,0
42236,0
42339,4
48782,0
49003,0
53881,0
57047,4
62398,4
63322,0
67096,4
67363,4
69472,0
69613,4
69948,4
83244,4
84606,0
84607,0
13105,0
25830,0
56052,0
76551,4
77789,4
81891,4
619,0
5917,0
8135,0
9361,0
10372,0
10534,3
10776,0
10777,0
12198,4
12740,0
13941,4
13947,4
14301,0
15549,0
16119,0
17536,0
17942,3
18459,0
18747,0
21983,0
22669,0
23234,0
23402,0
24148,0
26422,0
27520,0
27775,0
27831,0
28590,0
28816,3
29216,0
29913,0
33101,0
33546,0
34785,0
34847,4
34944,4
37285,4
39327,4
41911,0
41988,0
42130,0
42131,0
45665,4
46380,0
48171,0
48379,0
48456,0
48515,0
48590,0
48604,0
48648,3
48696,0
48750,0
48783,0
48803,0
48880,4
48896,0
48996,0
53399,0
53414,0
53479,0
53614,0
55153,4
57061,4
59105,0
59338,0
62266,0
63272,0
63295,0
63358,0
63359,0
63486,0
68397,4
69358,0
69376,0
69391,0
69488,0
69536,0
69577,0
70408,0
71166,4
71271,4
72284,0
72714,4
73055,0
73114,0
73128,0
73224,0
73228,0
73336,0
73375,0
73433,0
73646,0
74469,0
74839,4
76034,4
78441,0
78494,0
78499,0
78546,0
78598,0
78613,0
78643,0
78652,0
78747,0
78982,0
79036,0
79139,0
79219,0
79325,0
79399,0
82295,4
84429,0
84618,0
84650,0
84685,0
84686,0
84695,0
84797,0
85837,0
52679,0
6686,3
25920,0
50423,4
6511,0
19617,0
29033,3
28598,0
30235,0
5493,3
14732,4
17367,4
52918,0
61031,0
82192,4
26356,0
41930,0
28944,0
14873,0
31955,0
1380,0
2980,0
4913,4
6204,0
10124,4
18455,0
22094,0
23347,0
23896,0
30990,0
43949,4
66217,4
68872,4
86177,0
28235,0
2215,0
53244,4
4647,0
59183,0
59184,0
53549,0
33794,0
72807,0
54456,0
9526,0
50158,4
24486,0
40576,2
26347,0
27802,0
32650,0
59243,0
59244,0
59245,0
28079,0
17595,3
51706,4
61767,4
29103,3
22770,0
53351,0
26832,0
53054,0
47519,4
47723,4
20945,0
369,4
10921,0
11137,0
11648,0
11825,0
12117,0
12346,0
12899,4
13112,0
18922,0
19999,0
20516,0
20927,0
22133,0
22193,0
23392,0
33998,0
59716,0
69786,0
69833,0
69892,0
70361,4
74050,4
17823,0
51003,4
19464,0
53122,0
46051,0
46127,0
47171,4
48763,0
1081,0
14256,0
15187,0
19736,0
42899,4
66377,4
67207,4
69099,0
69435,0
77089,4
77365,4
78449,0
78609,0
78828,0
85183,0
20331,3
30451,0
32599,3
15001,4
35671,4
79164,0
59269,0
51405,4
14283,0
74114,4
77381,0
77390,4
77403,0
77422,0
77516,0
46852,0
49000,0
78591,0
21025,0
62472,4
26394,3
37425,4
43236,0
55420,4
26912,3
78531,0
71798,4
5683,0
6836,0
27909,4
11975,0
50245,4
48621,0
83633,0
83854,0
60750,0
61342,0
60590,0
19759,0
59135,0
59257,0
54326,0
24549,0
31076,0
13603,3
31575,3
43521,4
28344,0
9321,0
16876,0
18302,0
19903,0
44397,0
85129,0
9983,0
85187,0
52661,0
28146,0
4894,0
13635,3
13747,4
25473,0
30230,3
44509,0
54421,0
54444,0
68070,0
85794,0
85795,0
48560,0
48617,0
77444,0
13629,0
28524,0
23664,3
25291,3
32894,3
28163,0
48543,0
71341,4
9329,0
41955,0
42944,4
32555,3
24755,0
55549,2
30651,3
20647,0
45324,4
33668,0
63545,0
14231,4
34015,4
47885,4
47886,4
63522,0
73916,4
74151,4
74220,4
23360,4
17001,0
29761,4
58586,0
28147,4
29305,4
77994,3
80292,5
752,3
35658,0
24713,3
41875,0
35120,0
23929,0
73270,4
12950,0
5190,3
14371,3
21255,3
21439,3
24511,3
24624,3
31971,3
6785,3
14969,0
16353,0
10014,3
11410,0
17659,0
20816,4
35236,0
44616,0
44622,0
44764,0
45053,0
45695,0
54683,0
63687,0
68192,0
84858,0
86163,4
34832,0
42565,0
22105,0
5187,3
2373,3
57841,4
75986,4
27898,0
77852,4
57672,4
43933,0
8796,3
69458,0
75111,4
1454,0
63662,0
63718,0
68248,0
74097,4
13193,0
24371,3
24590,3
52966,0
38147,4
7259,0
77844,0
78969,0
28785,0
68861,3
965,3
83113,0
30706,4
80266,0
68780,3
85979,0
16863,0
4534,4
11430,4
31761,3
24138,3
32084,3
80920,0
80982,0
22419,3
80609,0
80685,0
43323,0
6162,0
7439,0
37106,0
79848,0
35777,4
19096,0
31958,3
60116,0
60192,0
60193,0
35907,0
35926,0
36067,4
29537,0
82161,0
5926,0
25559,0
27519,0
27624,0
29190,0
84625,4
86303,4
27768,0
42863,0
31008,0
26423,3
66871,2
541,3
83532,4
20156,3
23961,0
4514,0
19601,0
18483,0
45641,0
45280,0
44801,0
5895,3
9941,0
35303,0
35496,0
35830,0
35831,0
45142,0
45194,0
45537,0
3457,0
19175,0
19578,4
85735,0
80437,0
71417,4
41000,2
70181,2
3824,0
10138,4
36099,4
43351,0
51297,0
51369,0
62255,4
64182,0
69390,0
82168,4
44608,0
74499,0
74500,0
74647,0
74680,0
30919,2
40682,0
42594,2
53523,2
53605,2
75495,2
83523,2
86168,0
25033,0
35754,0
10798,3
22664,4
80290,0
80907,0
80908,0
81139,0
6933,0
51066,0
51072,0
64029,0
74651,0
6752,4
7141,4
25854,0
76405,4
21828,0
79135,0
13459,0
80757,0
80862,0
80863,0
81195,0
27117,0
85682,0
85684,0
85703,0
85894,0
40869,4
54762,0
54763,0
54795,0
54796,0
54816,0
54817,0
38111,4
64210,4
54218,0
54234,0
69611,0
73618,0
72082,2
28828,3
48823,0
25045,4
14763,0
34269,0
43270,4
43628,4
51094,0
51138,0
63962,0
69065,0
70651,0
70864,0
74338,0
22168,0
29197,0
43252,4
43253,4
43291,4
48317,4
60325,0
44974,0
45535,0
62256,4
56777,4
56867,4
36115,4
69649,0
80707,0
1678,0
3995,4
4767,0
7251,0
8159,0
8658,4
8832,0
9567,0
9699,0
10081,0
11737,0
12030,0
12468,0
13483,0
13924,0
15827,0
16005,0
16342,3
16385,4
17241,0
17629,0
20352,4
20566,0
21860,0
22785,0
25086,3
25340,0
25566,0
26145,0
30421,0
33229,0
33234,0
33951,0
35864,0
35887,4
35997,0
36018,4
36081,0
40629,0
43100,4
43251,0
43266,0
43267,0
43268,0
43269,0
43271,0
43292,4
43308,4
43384,0
43442,0
43450,0
43497,0
43541,0
43544,0
43793,0
45154,0
45159,0
45178,0
45203,0
45411,0
45496,0
45538,0
47535,4
47879,4
51384,0
51412,0
60009,0
60120,0
60200,0
60307,0
63848,0
63943,0
64039,4
64071,0
64099,0
64121,0
64149,0
64167,0
64175,0
64177,4
64180,0
64184,0
64301,0
64310,0
64388,0
65685,4
66870,4
68542,0
68651,0
68669,0
68670,0
68671,0
69169,0
69277,0
69331,0
73002,4
74440,0
74459,0
74527,0
74607,0
74618,0
74623,0
74864,0
80637,0
80708,0
80820,0
80848,0
80892,0
81122,0
82770,4
83553,4
85759,0
85801,0
85866,0
86172,0
86207,0
86248,0
86249,0
86498,0
35215,0
35367,0
19304,0
80705,0
79126,0
35030,0
35158,4
42248,0
54091,0
54151,0
69642,0
69700,0
69702,0
14443,3
35860,0
35961,0
39495,4
59170,0
35875,0
35888,0
23731,0
11967,0
47077,4
35017,0
43197,4
42676,0
68795,0
26930,0
20912,0
77709,0
81908,4
73510,4
75259,0
34855,0
36956,0
37397,0
37766,0
37971,4
41623,4
42258,0
42282,0
42350,0
48831,0
63448,0
63456,0
63468,0
63530,0
63557,0
63609,0
63633,0
67793,0
69622,0
69727,0
72386,4
73448,0
74579,4
78816,0
32181,0
58891,0
48034,4
41086,0
2268,0
30312,0
85764,0
85956,0
86049,0
86050,0
86110,0
30489,3
41524,4
34822,4
62541,4
66167,4
66402,0
67265,4
69753,0
70222,4
77598,4
79679,0
59394,4
13933,0
16328,0
21598,3
34896,0
42408,0
42420,0
42675,0
42756,0
44259,0
44447,0
44450,0
45966,0
46847,0
48833,0
48866,0
48908,0
50988,0
56802,4
63566,0
63757,0
66460,0
69696,0
72582,4
73592,0
73635,0
73674,0
73690,0
73776,0
76622,4
79098,0
79282,0
79678,0
82452,4
84799,0
84846,0
77455,4
53972,0
41483,4
13967,0
15450,0
15844,0
17379,0
18156,0
28333,0
44507,0
45112,0
45226,0
68907,0
69723,0
42469,0
60186,4
22960,3
30225,0
84592,0
35755,0
35871,0
16109,0
16524,0
17652,0
18079,0
18162,0
688,3
24328,0
48829,0
71462,4
71866,0
73642,0
73731,0
54410,0
66726,0
28985,3
85196,0
5434,3
58707,0
49699,2
40892,4
43082,0
85521,4
87035,4
76249,4
50825,0
6318,0
42178,0
42291,4
55089,0
22956,0
54068,0
31542,3
58345,0
35739,0
35740,0
35757,0
35775,0
35792,0
35836,0
35952,0
50713,0
80921,4
3651,0
73672,0
74200,0
37165,4
3990,3
24507,3
39433,2
26781,0
35232,4
37197,4
37799,4
47619,4
47754,4
47828,4
48781,0
67691,4
69687,0
70151,0
70164,4
70427,0
74026,4
77236,4
79374,0
83166,0
83325,4
83413,4
83465,4
83587,4
73975,0
74034,0
44986,0
63630,0
11036,3
53879,0
24099,0
75702,0
29249,0
79477,0
58808,0
74613,0
20120,3
80754,0
84246,0
26206,4
23758,0
25452,0
42328,0
41006,4
53929,4
4857,0
17326,0
59030,0
42680,0
69461,0
23657,0
55074,0
16830,0
10715,4
53809,4
53927,4
30608,4
57,0
1332,0
2234,0
35857,4
80849,0
8588,0
33923,0
36049,0
36086,0
45711,0
64146,0
64191,4
64192,4
64387,0
64402,0
64575,0
69371,0
69453,0
86415,0
63436,0
63528,4
58715,0
29765,0
41425,4
44868,4
48622,0
84787,0
69671,0
85234,0
2331,3
4918,0
10239,0
10779,0
13021,0
15007,3
17654,0
22864,0
27820,3
34828,0
34914,0
34977,4
35088,4
35114,4
40631,0
40726,0
42265,0
42283,0
42393,0
42398,0
42457,0
42468,0
42471,0
42714,0
42724,0
44407,4
44429,0
44434,0
44444,0
44446,0
44467,0
44492,0
44506,0
44508,0
44544,0
44546,0
46311,0
47283,4
48695,0
48827,0
48849,0
48901,0
49006,4
53815,0
53963,0
54007,0
54140,0
54153,0
54154,0
54241,0
55638,0
58650,4
58900,0
59518,0
59634,0
59684,0
59959,0
61658,4
63371,0
63560,0
63634,0
65565,4
67780,0
67785,0
67873,0
67902,0
69565,0
69604,0
69610,0
69612,0
69628,0
69641,0
69661,0
69743,0
69752,0
70352,0
70566,0
70903,4
71141,4
73494,0
73551,0
73572,0
73748,0
73797,0
73880,0
75427,0
76262,4
78786,0
78883,0
79087,0
79131,0
79273,0
79428,0
79447,0
79448,0
79474,0
79558,0
79960,4
82511,4
84684,0
84893,0
85029,4
85102,0
85108,0
85121,0
85249,0
86724,0
63977,0
59734,0
74369,0
35102,4
35653,0
35789,0
17248,0
74336,0
74359,0
51084,0
79459,0
79525,0
79610,0
79589,0
79590,0
79591,0
80169,4
68268,4
68306,4
44980,0
56881,4
59126,0
59134,0
84670,0
84385,0
19298,0
20213,0
25926,4
29869,3
58168,4
6023,3
36185,4
36186,4
36188,0
5203,0
5890,0
6107,0
6710,0
13380,0
16465,0
17711,0
18103,0
22263,0
25416,0
28537,0
36224,0
36568,0
39357,0
39360,0
39526,0
43026,0
43150,0
43210,0
43414,0
43574,0
51222,0
51377,0
51378,0
51394,0
62232,4
63873,0
63938,0
63978,0
64056,4
64077,0
68745,0
68746,0
68837,0
68862,0
68880,0
68881,0
69372,0
80941,0
80963,0
81167,0
81171,0
86080,0
86191,0
86199,0
86238,0
5116,0
6926,0
8436,0
10350,0
12763,0
13792,0
14017,0
14157,0
20830,0
22027,0
22963,3
23058,0
23501,3
27136,0
27815,0
30863,0
35905,0
36066,0
36117,0
36225,0
36236,0
36278,4
36295,0
36300,4
36352,0
36400,4
37447,4
39739,0
43142,0
43144,4
45330,0
45331,0
45356,0
45372,0
45429,0
45543,0
46167,0
46513,0
51543,0
63628,0
63871,0
63896,0
64036,0
64260,0
64392,0
68933,0
74784,0
74827,0
74888,0
80356,4
80761,0
80905,0
81002,0
81130,0
81199,0
85692,0
85853,0
68775,0
68776,0
75763,0
67715,0
4615,0
80679,0
80742,0
80897,0
48985,4
47102,0
48675,0
87078,0
38905,0
39193,0
48271,0
48330,0
7747,3
44543,0
25049,3
42438,4
42909,4
43579,4
44061,4
48627,0
53310,4
57683,4
79342,0
79928,4
29671,3
21680,3
58742,0
24782,0
27599,0
30394,0
31170,3
79088,0
73389,0
73266,0
28002,0
79659,0
77487,3
75357,4
74725,0
34753,0
13277,0
35705,0
29453,3
23836,3
59891,0
54120,0
55076,0
57073,4
21071,0
44745,0
44934,0
25544,3
29487,0
73966,0
58819,0
32392,3
74305,0
74364,0
74394,0
74572,0
54195,0
72966,0
20281,0
42994,0
74297,0
53386,0
55386,0
473,0
7563,4
38151,4
44879,0
51216,4
60316,0
62211,0
63712,4
68403,0
68463,0
70227,4
74340,0
5364,0
71182,0
60677,0
56931,4
68686,4
70260,4
23372,3
48709,0
74478,0
7964,3
84059,4
37570,4
86428,0
58882,0
75110,0
78448,0
78521,0
68786,4
59262,0
59063,0
36498,4
44658,0
48884,4
21461,3
25629,3
51180,4
41655,5
33119,0
52332,4
52334,4
52357,4
52358,4
65337,2
53064,0
25619,3
24467,3
54652,0
54639,0
54653,0
79849,0
85730,0
10627,0
78942,0
743,0
42509,0
62483,4
79052,0
84468,0
76146,4
40774,4
42302,4
52265,0
63478,4
67768,4
78788,0
80854,4
29437,3
14915,4
16374,4
16974,4
17260,4
44968,4
45309,4
47195,4
20315,3
86234,0
64467,2
86272,0
70098,4
32592,3
33500,3
86598,4
86776,4
87222,4
64603,0
69776,0
69777,0
69870,0
82719,4
15072,4
16373,0
36530,4
36790,0
36806,4
37055,0
37085,4
37086,4
48151,4
48172,4
63029,4
31419,4
74709,0
39026,0
75416,5
44573,0
44988,0
46548,2
77361,5
59900,0
54069,0
59709,0
54448,0
54408,0
54446,0
84286,0
54474,0
54494,0
84398,0
35869,4
35870,4
44966,0
45014,0
59845,0
59921,0
63644,0
63769,0
63887,0
66492,0
80662,0
85583,0
85695,0
60912,0
47503,4
20947,0
36425,0
36716,0
70745,4
68245,4
85130,4
85131,4
63585,0
27508,3
59506,0
42577,4
50030,4
79017,4
35550,4
42602,0
42604,0
42620,0
42686,0
43067,0
45629,0
45935,0
63637,0
73788,0
73789,0
79836,0
79897,0
14784,0
47274,4
61005,0
84668,4
30704,3
39774,4
42660,0
66577,0
35908,0
36407,0
36575,0
67971,0
79787,0
35141,0
35223,0
39082,0
42617,0
44623,0
44991,0
46733,4
46939,4
54385,0
54471,0
54478,0
57724,0
63541,0
63596,0
63618,0
63619,0
63763,0
63820,0
68004,0
68165,0
42376,0
11019,3
3416,3
85218,0
43538,4
44306,4
62702,4
66862,4
68099,0
74218,0
74678,0
1588,3
35065,0
35085,0
35384,0
36014,0
39727,4
44496,0
44550,0
44566,0
44568,0
44607,0
44609,0
44626,0
44634,0
44761,0
47280,4
47354,4
50069,0
54342,0
54399,0
54422,0
54468,0
59496,0
59744,0
59751,0
62428,4
63584,0
68530,0
69871,4
74035,0
76304,4
84900,0
85123,0
85140,0
88689,4
35377,0
35956,4
72639,4
85274,0
86795,4
69581,0
62243,3
83780,3
69222,0
63620,4
83853,0
35238,0
35062,0
40332,2
43732,2
58444,2
60576,4
67630,4
50945,4
53623,0
84708,0
44105,0
8610,3
77306,0
35108,4
52196,4
59069,0
35174,0
77793,2
55275,0
60640,4
84732,0
75389,0
43320,0
44451,0
17348,0
77066,4
77125,4
39604,4
51472,4
78783,0
43715,0
59085,0
67814,4
5473,3
21928,3
24720,3
24858,3
26183,3
26187,3
59300,0
81271,0
49766,0
69541,0
28948,3
74524,0
50403,4
48127,0
68943,0
36391,0
36424,0
36699,0
60486,4
11890,0
36372,0
36541,0
36583,0
45332,0
60383,0
60384,0
64237,4
64288,0
71158,0
42991,4
59704,0
69734,0
71124,4
701,3
24220,3
35053,0
35323,0
35399,0
35491,0
40412,0
42417,0
42712,0
42754,0
42967,0
44621,0
44638,0
44651,0
44684,0
44694,0
44759,0
48812,0
48848,0
52471,4
54264,0
54347,0
54729,0
54733,0
55079,0
57092,4
59088,0
59381,0
59396,0
59559,0
59769,0
59899,0
60986,0
63563,0
63583,0
63642,4
63692,0
63697,4
63739,4
63895,0
65286,4
66434,0
66438,0
67970,0
68042,0
68090,0
68187,0
68265,0
68277,0
68959,4
71095,0
73704,0
74023,0
74126,0
74162,0
74923,0
75142,0
75924,0
79511,0
83278,0
85230,0
85277,0
85297,0
85322,0
85504,0
85525,0
86144,4
87444,4
423,0
36711,0
69766,4
69810,4
63765,4
86182,0
86202,0
86279,0
85658,0
11556,0
69602,0
26916,3
51471,0
53076,0
44083,0
75387,2
85569,2
15602,0
73708,0
17355,3
25802,3
31408,3
59406,3
21054,0
74503,0
74703,0
57054,3
10819,0
36387,0
36388,0
36584,0
51716,0
51734,0
51765,0
52555,0
56868,0
80996,0
11724,0
69480,0
69481,0
69527,0
69539,0
69540,0
668,0
2081,3
2928,0
12352,3
14292,0
15101,0
20102,0
28732,0
36242,0
36465,4
36531,4
37930,0
43610,0
43663,0
43717,0
43769,0
43901,0
44021,0
44809,0
44826,0
45275,0
45461,0
45477,0
45481,0
45513,0
45553,0
49872,4
51615,0
51642,0
51678,0
59698,0
60310,0
60440,0
60441,0
60535,0
64266,0
64270,0
64279,0
64313,0
64319,0
64320,0
64347,0
64358,0
64374,0
64376,0
64413,0
64414,0
69466,0
69663,0
69674,0
69690,0
74762,0
74789,0
75912,0
80993,0
80995,0
81016,0
81028,0
81212,0
81395,0
82441,0
86180,0
86181,0
86220,0
86239,0
86291,0
86315,0
87283,0
69770,0
29258,3
37218,4
37219,4
40648,0
43965,0
43966,4
58433,4
64464,4
70398,4
74821,0
18236,0
47668,4
67772,0
72412,4
73699,0
77149,4
77239,4
33885,3
51206,0
79015,0
37769,4
44272,4
60666,4
53776,0
69816,0
63877,0
78468,0
8287,3
54191,2
54536,5
45336,0
45386,0
45647,0
74823,0
21628,3
59303,0
4384,0
67340,0
82902,4
59637,4
77665,4
80094,0
32552,3
23012,0
51581,0
44683,0
44709,0
45052,0
51527,0
14778,0
45249,0
45674,0
33676,3
84549,0
74206,0
74299,0
75133,0
33419,3
21201,3
36025,0
54724,4
39432,0
67657,4
59003,0
59576,0
74803,0
86040,0
16072,3
35799,0
35894,0
35937,0
35938,0
42897,4
43337,0
43348,0
44191,4
45300,0
60274,0
64037,0
64119,0
74723,0
78007,0
78021,0
3998,3
25898,4
66974,2
85253,1
85254,1
28950,3
60223,0
51089,4
75271,2
78267,5
86756,5
60303,0
47658,4
47660,4
54784,0
54785,0
48346,4
43607,0
44206,0
51542,0
51567,0
51591,0
60282,0
64511,0
69789,0
75623,0
63853,0
35620,4
87567,5
82040,4
58879,0
42876,0
79277,0
85852,0
25634,3
35529,0
63833,0
57013,4
34835,0
71048,0
66812,0
54059,0
40666,3
35547,0
33385,3
17122,0
20918,3
36030,4
36032,4
36121,4
45578,0
45595,0
45596,0
45654,0
45813,0
46179,0
60566,0
64368,0
64382,0
64512,0
64534,0
74067,0
74691,0
74949,0
75039,0
75040,0
81196,0
3016,0
29760,0
33829,3
36349,0
36484,0
36485,4
36614,4
36666,0
36671,4
36822,4
43402,0
43405,0
43445,0
43479,0
43554,0
43573,0
44243,0
45334,0
45371,0
45542,0
60057,0
60648,0
64348,0
64457,0
64562,0
69071,0
69521,0
74863,0
74904,0
81035,0
81092,0
81256,0
81403,0
85802,0
35783,4
79869,0
87493,4
57330,4
35557,0
35596,0
36355,4
59712,0
60112,0
63733,0
63792,0
63970,0
63971,0
68864,0
74293,0
74326,0
79884,4
80323,0
86020,0
44849,0
44867,0
35561,0
76367,4
35509,0
35549,0
35693,0
40145,0
42792,0
43096,0
44722,0
44769,0
44791,0
44804,0
44837,0
44881,0
54740,0
54872,0
57519,4
60177,0
63852,0
68515,4
68516,4
68545,0
70612,4
77411,0
78784,4
82081,4
54504,0
54523,0
84973,0
35398,0
73612,4
59711,0
30624,3
61192,4
58388,4
59278,0
58223,4
57191,4
76639,4
43130,4
16589,3
18030,3
45266,0
32851,0
34940,4
35177,4
35591,0
36371,4
47859,4
73492,4
83416,4
83547,0
88378,4
78684,3
88641,2
53504,5
87122,5
88815,2
83884,0
35347,0
68089,0
59279,0
45404,0
46715,0
53796,0
53894,0
63313,0
69654,0
55669,3
35390,0
35352,0
85278,0
79083,0
10082,3
53651,0
68111,1
68153,1
68505,0
12131,3
80128,0
24535,3
4034,3
4268,0
26882,3
80006,4
33133,0
35306,0
35307,0
35442,0
35603,0
35619,0
35675,0
35810,0
35839,0
35935,0
36028,0
38970,0
40435,1
42892,0
42980,0
42992,0
43098,0
43426,0
44601,0
44644,0
44786,0
44875,0
44896,0
44943,0
48615,0
54771,0
55614,4
59621,0
59833,0
62429,1
63603,0
63704,0
63894,0
63926,0
63932,0
63965,0
64014,0
66601,4
67448,0
68122,0
68437,0
68467,0
68501,0
68503,0
68524,0
68525,0
68591,0
68678,0
68701,0
69344,0
70748,0
74179,0
74188,0
74198,0
74248,0
74260,0
76585,1
80191,4
80503,0
80672,0
81875,1
82532,1
85319,0
85442,0
85526,0
85643,0
86678,4
88567,1
72066,4
74755,0
45907,0
83264,4
80965,0
81148,0
59280,0
59324,0
13736,5
3661,0
7338,4
21603,1
34557,1
68222,0
31089,3
78656,1
42534,0
69354,0
68234,0
88239,4
73957,0
31429,5
74896,5
60098,0
80850,0
52299,0
56905,4
70067,4
45038,0
85170,0
53785,1
53786,1
72428,1
36674,4
73633,1
79210,1
81842,5
42816,4
48020,4
78865,1
81588,1
45661,0
80017,1
57364,1
54203,0
51952,1
70698,5
86212,0
17007,3
49665,4
53195,4
77118,1
43012,4
43014,4
64517,1
42615,1
43341,1
36656,4
36657,4
36738,4
37178,0
37191,4
37655,4
44056,0
44073,0
44096,0
44123,0
44587,0
75092,0
75161,0
75246,0
75332,0
75333,0
75392,0
68161,1
42636,1
37380,4
40913,4
75449,1
52317,1
44971,0
47402,0
61914,4
30054,3
45739,1
64477,1
70894,1
65118,1
70275,1
70574,1
81416,5
74502,1
53111,1
85439,1
66018,5
66020,5
31098,3
60367,0
86563,1
74628,1
74666,1
85550,1
40749,1
60454,0
60629,0
60676,0
60794,0
78569,1
36331,1
45573,1
45593,1
69626,1
45119,4
31962,3
4352,0
35530,0
36784,0
36789,0
36799,0
36842,0
36952,4
37037,0
37047,0
37054,0
37071,0
37128,0
40551,0
45105,0
60368,0
60369,0
60371,0
60539,0
60659,0
60675,0
60694,4
60820,4
64478,0
64499,0
64500,0
71950,4
74370,0
81289,0
74681,1
53068,1
45389,1
45438,1
45507,1
43500,1
51480,1
73942,1
86284,0
86285,0
86297,0
86360,0
35765,1
43279,1
43300,1
45123,1
45134,1
45806,1
51139,1
63961,1
68689,1
59668,0
63984,1
58754,1
60509,4
86250,1
20272,3
36017,1
36915,1
38945,1
43256,1
43372,1
43556,1
45209,1
51083,1
51305,1
64064,1
64322,1
64385,1
65203,1
69127,1
74600,1
85740,1
86235,1
35510,4
36459,0
50089,4
34244,3
65913,1
30,3
80387,1
64096,1
58460,1
77358,4
77492,4
77495,4
36864,1
43475,0
70799,4
71872,4
74688,0
64300,0
81060,1
80631,1
80835,1
49228,4
69799,0
69819,0
64341,1
36481,0
36694,0
39211,5
39509,5
75581,5
63458,1
63587,1
63592,1
66649,1
69606,1
31880,3
40106,1
49437,1
74205,1
74227,1
85438,1
57711,1
45022,1
45089,1
35874,1
35984,1
36210,1
36330,1
37005,1
43304,1
43380,1
44008,1
45255,1
45335,1
50799,1
51601,1
51830,1
55263,1
60294,1
63919,1
64436,1
66866,1
68821,1
68848,1
68867,1
69039,1
69519,1
80760,1
80795,1
80796,1
80797,1
80864,1
81131,1
82838,1
85939,1
74914,1
7491,3
39797,1
36189,1
85962,1
84614,1
36796,1
36821,1
64447,1
64484,1
64569,1
64596,1
64597,1
74941,1
57012,4
59580,1
59285,1
76018,4
80762,1
49026,1
58487,1
86262,1
86345,1
45003,1
60393,1
60623,1
64420,1
75140,1
81329,1
81354,1
81564,1
86157,1
86176,1
86400,1
86401,1
80946,1
81176,1
81198,1
11618,5
66682,5
45563,1
24431,3
77203,1
80301,5
31229,3
25285,3
86514,1
86530,1
86565,1
36296,1
37091,1
37359,1
30559,3
54614,1
29673,0
69812,1
85833,1
45713,1
82848,1
30510,3
43831,1
85094,1
72549,1
71989,1
75223,1
45561,1
45565,1
45590,1
45614,1
46556,1
26897,3
44969,1
48881,1
57955,5
43609,1
43631,1
81221,1
43626,1
51822,1
60409,1
64321,1
64496,1
64532,1
69585,1
69711,1
74807,1
74919,1
75015,1
76019,1
69896,1
55277,5
63469,1
60578,1
60782,1
45521,1
1403,3
66046,1
68647,1
69901,1
69839,1
45245,1
47048,1
48177,1
74804,1
36386,1
43572,1
48328,1
84285,1
86542,1
36561,1
59253,1
27410,3
74890,1
22627,3
41877,1
35042,1
50671,1
176,3
70792,5
74805,1
44098,1
44130,1
44151,1
82945,1
64456,1
86500,1
59354,1
33167,3
45730,1
45731,1
45771,1
87220,1
37026,1
36374,1
36417,1
39912,1
43464,1
45557,1
51541,1
52148,1
64268,1
64390,1
64396,1
66785,1
68857,1
69313,1
69561,1
71175,1
74928,1
81270,1
81275,1
85803,1
86236,1
14425,3
24566,0
73873,1
44551,1
64521,1
64567,1
64582,1
70781,1
70782,1
11114,3
50956,1
38134,1
44219,1
44254,1
54686,1
54738,1
53964,1
53965,1
53966,1
69164,4
60800,1
60873,1
2015,3
60884,1
80545,1
51492,1
74578,1
55764,5
21669,3
70035,1
18543,3
38940,1
43867,1
57912,1
57941,1
38854,1
38976,1
39793,1
63146,1
63147,1
64440,1
65061,1
68003,1
85467,5
77277,1
77780,1
77957,1
86474,1
30790,3
76702,1
58789,1
80866,1
80867,1
81153,1
81200,1
59348,1
81057,1
59025,1
64465,1
64466,1
65936,1
78196,1
26878,3
25507,3
87358,1
30555,3
42789,1
36721,1
37538,1
52027,1
64384,1
64639,1
32920,3
25670,3
37936,1
40663,5
85892,1
62926,1
86370,1
69947,1
59209,1
59626,1
802,3
81232,1
42912,1
71494,1
75512,1
83702,1
59531,1
44023,1
60485,1
40193,1
54933,1
37778,1
18559,3
3786,3
86131,1
46824,1
54470,1
39033,5
58131,1
65689,5
46894,5
36647,1
51750,1
81487,1
25404,3
75236,1
15399,3
40004,5
59343,1
75768,5
38268,1
82625,1
32336,3
74809,5
45690,1
59670,1
26201,3
9296,3
64624,1
59079,1
45317,1
50063,1
64709,1
50811,1
51057,1
76252,1
43862,1
17697,1
85983,1
5353,3
85489,1
23681,3
46537,1
87553,1
72867,1
708,3
4206,1
4644,1
5109,1
5899,1
5905,1
6280,1
8319,3
9139,1
11314,1
12552,1
12795,3
12834,1
12886,1
14825,3
16896,3
24251,3
24305,3
24643,3
24695,3
24847,3
25934,3
26185,3
26567,1
29015,3
29101,3
29405,1
29454,3
29753,3
29836,3
30649,3
30673,3
30687,3
31078,3
31228,3
31294,1
32601,3
32766,1
34067,1
34103,1
35588,1
36709,1
36720,1
37053,1
37137,1
37441,1
38065,1
38258,1
38263,1
42547,1
44739,1
45268,5
45696,1
46327,5
46636,1
46904,1
52914,1
54693,1
54712,1
55806,1
58045,5
59125,1
59286,1
59761,1
61704,1
62359,1
62693,5
64409,1
64628,1
65570,1
69989,1
71019,5
71225,1
73915,1
75036,1
76724,5
77943,1
80973,1
81064,1
81284,1
81443,1
81444,1
81473,1
81495,1
83949,1
84402,1
84946,1
86578,1
86579,1
86588,1
86589,1
86774,1
86801,1
86875,1
88209,1
4829,3
9401,0
56158,4
57641,4
85198,4
4351,2
28803,0
24512,3
29778,2
19674,0
31421,3
13935,3
17360,3
17846,2
629,3
17060,0
76242,1
33680,3
13473,3
18505,3
26820,1
17835,3
70305,1
58415,0
10189,3
72465,4
57823,5
76184,5
18894,3
13444,0
16655,4
59220,4
28005,3
30881,3
29993,3
27440,4
30438,4
66299,4
34105,0
58003,4
303,0
75402,4
12974,3
85116,1
30059,3
30558,3
51574,1
76311,4
13586,0
15618,0
4084,2
21806,0
12303,2
10951,3
17568,3
9514,2
16620,4
30506,0
57834,4
77628,2
65809,4
65866,4
67921,4
67959,4
61643,4
56752,1
3271,2
30214,3
9313,2
82640,4
21301,3
23920,3
10450,3
4941,0
46064,4
49120,4
26744,2
2521,2
24044,2
4982,2
27016,0
7797,0
28449,0
59465,0
64404,1
86277,1
26184,3
16836,3
34146,2
6692,4
67218,5
11928,0
4565,3
21169,3
9501,3
37440,4
39197,4
52631,4
53046,4
55134,4
75158,0
76939,4
77119,4
7348,0
14471,4
15077,0
9847,4
30849,0
32526,0
58103,0
58211,0
72604,0
71320,0
6685,2
80019,0
735,3
38225,0
28430,0
19306,0
13524,3
11025,0
15501,3
33562,0
32227,0
11316,0
53629,0
23146,0
3632,0
30989,0
52645,0
11317,0
1809,3
22597,3
7319,0
17061,0
14909,0
32094,0
42322,0
24974,0
22392,4
53306,0
496,3
28051,0
63857,0
18014,0
19746,0
26527,0
23246,4
80990,4
32736,3
66549,2
19154,0
21887,0
29890,4
16122,0
29959,0
12634,0
21211,4
32376,3
26091,0
21446,0
520,0
11337,0
20997,0
7041,4
58286,0
28522,3
14232,0
33025,0
8937,0
3313,3
33724,3
6184,0
23194,3
68084,2
21181,3
27713,0
27953,0
19409,3
5007,3
34285,3
30038,0
33705,0
2108,0
11459,3
12683,3
27623,3
23112,0
11429,0
4368,0
27907,0
3360,0
23276,0
26043,0
17570,3
27853,3
20986,0
36062,4
33884,0
71649,4
13468,0
17115,0
18041,0
10998,4
10343,4
48391,0
26896,3
25366,4
25848,0
25653,2
12832,0
4664,0
23526,4
19711,0
10803,0
32079,0
8460,0
6450,0
28538,0
10746,3
22936,3
31974,3
9163,4
2538,0
25660,0
31651,0
82544,4
5705,0
11371,0
9366,0
21456,4
10515,0
30984,0
64641,4
66861,0
11798,0
12531,0
26239,4
59694,0
22737,3
67529,4
1250,0
19592,0
14278,2
28270,4
11481,0
83186,2
32891,3
82771,4
23184,0
6985,0
15100,0
33941,0
49261,4
4888,4
27352,4
45017,4
18537,4
33414,0
79380,4
9849,2
23254,2
26775,0
83357,0
53127,2
67706,4
35089,4
19721,0
19849,2
63119,0
32051,4
22852,0
23407,0
34031,0
4091,0
75045,2
12380,2
14602,2
23670,2
70978,2
5839,2
36843,4
13512,4
13593,0
14141,0
15463,0
32119,0
9035,0
58783,4
4151,0
12090,0
1755,2
5540,2
15843,2
17074,2
18202,2
24578,2
49077,2
54370,2
65898,2
65918,2
84565,2
25684,0
4153,4
39909,4
67381,4
77476,4
8728,0
18624,3
20295,0
35186,0
38445,0
50628,4
18908,0
23258,0
26430,0
23599,3
1131,4
9763,4
7675,0
12904,0
13796,4
28019,0
38868,0
33116,0
4966,0
1494,0
13986,0
2577,0
22295,0
77904,0
33597,0
78151,0
7620,4
16534,0
35312,4
49056,4
69978,4
69997,4
783,0
1124,0
2732,0
7686,0
7873,0
9561,4
9589,0
9618,0
9895,0
10387,0
11193,0
12192,0
12296,0
13522,0
13729,4
14174,0
17786,0
18140,0
20761,4
21821,4
23386,0
24554,0
24710,0
24803,0
25065,0
26243,0
27008,0
31910,0
34099,0
47052,4
49961,0
52057,4
52145,4
52209,4
58393,0
62259,4
70340,4
70663,0
84377,0
55000,4
28180,0
84103,0
26624,0
46420,4
33860,0
29240,0
26202,3
80934,4
79260,4
78311,0
3962,0
20920,0
22555,0
3697,0
2938,4
4656,4
7940,0
8296,0
9400,0
10363,4
10543,0
11208,4
11462,0
13539,0
14982,0
16647,4
17817,4
22794,4
23209,4
24263,4
29340,4
29823,4
29824,0
30303,4
31325,4
38697,0
38805,0
41020,4
41723,0
41893,0
46320,4
46840,4
49861,4
49975,4
53214,0
53349,0
53634,4
54633,4
55301,4
55543,0
55689,4
58523,4
65016,4
66952,4
73025,0
73110,0
84316,0
1511,0
1685,0
2026,3
2529,0
2603,0
3917,0
4616,0
4867,0
5238,0
5322,4
6311,0
6438,4
6501,0
6882,0
8180,0
8259,0
8646,0
9349,0
10863,0
10934,0
11376,4
12893,0
13190,0
13290,0
13598,4
13626,0
13989,0
14685,0
15441,0
15886,3
16570,0
17392,0
17956,0
18448,0
20514,4
20828,0
21303,0
21956,0
24017,0
24777,0
24820,0
24841,0
24926,4
25183,0
25230,0
25599,0
26540,0
26689,0
27166,0
27921,0
28077,0
28264,0
29488,0
30127,0
30933,0
33350,0
34035,4
38994,0
53116,0
53229,0
53309,0
53324,0
53325,0
68983,0
69137,0
69189,0
70106,4
72783,0
73063,0
73189,0
78259,0
87698,4
88675,4
84011,0
87815,4
1970,2
2258,2
3212,0
3341,0
22049,2
22700,2
22876,2
25766,2
46015,2
66044,2
164,0
4919,0
56785,4
8019,4
10202,0
21335,4
34378,4
37099,4
40899,4
41325,4
72456,4
72584,4
2739,4
23171,4
28016,0
70959,4
22784,4
16209,4
22459,4
25004,4
9693,3
17565,4
1623,0
12390,0
23916,0
84002,0
31039,4
48245,0
72736,0
72805,4
73008,4
15858,0
23785,4
23915,0
76245,4
25903,3
11097,0
12406,0
24210,0
183,0
8477,4
13431,0
14285,0
24921,2
14560,0
48244,0
48320,0
18668,0
22402,0
9141,0
26041,0
85091,0
71860,4
54055,0
23854,4
13688,0
38989,0
78246,0
33117,0
7761,4
9332,4
13732,0
15943,0
29903,0
31384,0
38679,4
65140,4
74496,4
79570,4
34289,0
6755,0
15042,0
29110,0
31827,0
16022,4
2606,0
3140,0
3385,0
5312,0
5738,0
6523,0
8213,0
9645,0
9935,0
10646,0
10722,0
10775,0
11680,0
12487,0
12559,0
12992,0
13293,0
13813,0
14354,4
14643,0
14658,0
14754,0
15053,0
15105,0
15301,0
15369,0
15647,0
15710,0
15897,0
16466,0
17628,0
17991,4
18992,0
19131,0
19233,0
19276,0
19347,4
19524,0
20054,0
20983,4
21833,0
22449,0
22741,4
22884,0
24947,0
25197,0
25888,0
26034,4
26602,0
26934,0
27439,0
27475,0
27720,0
28267,3
28288,3
28379,0
28818,0
28907,0
29170,0
29407,0
30024,0
30122,0
31285,0
31863,0
32468,3
33690,0
33939,4
34121,0
34898,4
36861,4
38793,0
38872,0
41754,0
45101,0
48618,0
49693,4
49856,4
53176,0
53285,0
53445,0
53481,4
53562,0
55387,0
55900,4
58975,0
63525,0
66140,4
72843,0
72983,0
73109,0
78556,0
84486,0
769,0
893,0
894,0
4902,4
5024,4
6142,4
6838,0
6919,0
8219,4
8356,4
8626,4
8830,4
9489,0
10655,0
10849,0
11204,4
11217,0
11572,4
11579,0
12959,0
14319,4
15561,0
15585,0
15891,0
16025,0
16034,0
16382,0
16388,0
16870,4
17294,0
17849,0
17927,0
19249,0
19693,4
19851,0
20403,0
20748,0
21088,4
21121,0
21677,0
21882,4
21985,0
22024,4
22390,0
22846,0
23666,4
24613,0
24817,0
26848,0
28141,4
28512,0
31356,4
33134,0
40672,4
41892,4
42827,4
45787,4
48309,0
49673,4
49690,4
58449,4
62021,0
62360,4
66858,4
68478,4
69052,4
72120,4
76804,4
82183,4
82970,4
17479,0
10682,0
18746,4
62705,4
62801,4
83066,0
5483,3
81611,0
20771,0
7368,0
29925,2
86387,4
16911,0
71573,4
71610,4
2062,4
3550,4
4441,4
5430,0
5463,4
8638,4
9884,0
16323,4
16528,0
16999,0
18492,0
18522,0
19875,0
27706,0
27932,4
30525,0
31650,4
31703,4
32191,0
41677,0
41681,4
42414,4
43721,4
46035,4
48182,0
48183,0
48188,0
50478,4
50510,4
60992,0
68734,4
72222,4
72449,4
87923,4
12510,0
29853,0
12762,0
22535,0
11643,4
28052,0
15138,4
23691,0
31739,0
33138,4
68271,4
47389,4
48892,0
1189,0
23634,0
23705,0
25564,4
6852,0
8559,0
18164,0
4696,0
11420,3
18411,4
25190,0
26964,0
37102,0
84921,0
84936,0
85033,0
27701,2
76116,4
23357,3
25371,0
13257,0
9869,0
81764,4
81903,4
13856,4
13884,0
14493,0
75527,0
23053,0
24063,0
2925,0
57182,4
2356,4
10359,0
15218,4
7475,0
11417,0
11730,0
13746,0
14696,4
20837,0
22230,0
22238,0
27500,0
81238,4
16767,4
29685,3
20187,4
81513,4
2413,4
32789,0
2902,4
20827,0
53264,0
31973,0
28276,0
41709,0
34774,0
39962,0
81413,4
43189,0
43206,0
4677,4
5662,0
20192,0
33219,0
33340,0
27215,3
73037,0
30509,3
6662,2
30388,2
3089,0
3630,0
6444,4
9069,4
11867,4
12579,0
15377,4
34152,0
37852,4
43330,4
43346,4
43587,4
44015,4
44920,4
65737,4
67698,4
68544,4
69651,0
70345,4
70391,4
73754,0
13447,4
18540,0
74454,0
19916,0
82623,4
23642,0
25601,4
11154,0
11931,0
23199,0
23697,0
52844,4
52900,4
52901,4
23858,0
3465,0
7206,0
8224,0
12152,0
12802,0
12916,0
13685,0
15534,0
17373,0
19127,0
20292,0
21097,0
28058,0
30229,0
35056,0
53684,4
53902,0
54267,0
6636,0
34264,0
23711,4
72486,4
47049,4
48607,0
29659,0
13199,4
1631,0
24870,3
25887,3
54303,0
71044,4
20046,0
8818,0
2558,0
70713,4
87211,4
32139,3
60825,0
71212,2
26103,2
3450,4
22743,0
10398,2
65087,2
20298,0
15646,0
2797,3
23106,3
15141,0
8908,2
5661,4
22566,0
71782,4
74408,0
31602,0
31658,0
63743,4
29891,0
33910,0
33989,0
59657,4
21661,4
32284,0
16141,0
19425,0
56749,4
31301,0
6153,2
35673,4
65456,2
7067,3
49833,4
11281,4
3114,0
80131,0
2275,4
86009,0
16391,0
30998,0
32490,0
9082,4
9601,0
11222,0
24723,0
29447,0
30949,0
31687,0
32537,0
33851,0
34018,0
51001,4
54710,0
81621,4
32682,0
23528,0
37949,4
27727,0
43122,0
52632,4
52718,4
33928,0
19594,0
19522,0
19739,0
19756,0
20798,0
5590,0
7991,0
21597,0
20620,0
30598,0
73899,0
20985,4
21055,4
12513,0
593,0
2142,0
3235,4
3340,0
3810,0
4637,0
5089,0
5644,0
6363,0
7562,0
9264,0
14813,0
14948,0
17936,0
18936,0
19093,0
20015,0
23735,4
24423,0
27303,0
27763,0
31677,0
34095,0
54875,0
54887,0
59962,0
60152,0
63747,0
74143,0
82003,4
82061,4
85473,4
85586,0
24766,0
25891,4
19618,4
28912,3
932,3
1188,0
1293,0
1591,0
2135,0
2185,0
2476,0
2485,4
2896,0
2940,0
2945,0
3163,0
3376,0
3646,0
4270,0
4338,4
4949,0
4965,0
5030,0
5271,0
5410,0
6108,0
6540,0
6683,0
6996,0
8142,0
8281,0
8692,0
8833,0
8851,0
8940,0
9345,0
9572,0
9918,0
10141,0
10575,0
10604,0
10637,0
10647,0
10945,0
11074,0
11212,0
11416,4
11664,0
11675,0
11796,4
11951,0
11971,0
12160,0
12364,0
12382,0
12480,0
12580,0
12741,0
12833,0
13223,0
13554,4
13606,0
14295,4
14424,3
14441,0
14570,0
14596,0
14636,0
15302,0
15403,0
15530,0
15555,0
15768,0
16384,0
16927,4
17230,0
17964,0
18486,0
19023,0
19363,0
19413,0
19414,0
19859,0
20038,0
20407,0
21568,0
23207,3
25193,0
26951,0
27070,0
27587,0
28711,0
32890,0
32931,0
33018,4
33278,0
33643,0
33832,0
34227,0
34343,0
35655,0
35722,0
35825,0
36809,4
37819,4
37937,4
39728,0
43760,4
44703,0
44793,0
44841,0
44887,0
44897,0
44994,4
50756,0
54654,0
55641,0
56992,4
60048,0
60267,0
62686,4
62934,4
63780,0
63787,0
63835,0
63847,0
63862,0
68051,4
68519,0
68520,0
68521,0
68548,0
69172,4
74327,0
74511,0
78343,0
84773,0
85673,0
85724,0
85908,0
86186,0
5759,0
63648,4
63649,4
8459,0
9155,0
25058,0
22176,3
42703,0
936,3
26437,0
32418,0
3583,0
8721,0
9067,0
13817,0
43263,0
49030,4
19499,0
26371,4
7575,0
10247,0
68435,0
16778,0
19237,4
7161,0
84591,0
35294,0
71934,4
22505,0
72454,4
26863,0
27513,0
30686,0
30898,4
3348,0
12279,0
17703,0
17977,0
42704,0
13317,0
16041,4
404,0
11238,0
13051,0
30691,0
21313,0
15048,4
73644,0
80258,0
17996,0
846,0
847,0
2499,0
3097,0
4233,0
4243,0
4979,0
5080,0
5863,4
6942,0
10290,0
10990,0
11122,0
11123,0
11338,0
11999,0
13379,0
13883,4
15258,0
16922,0
17958,0
19824,0
20639,0
24223,0
34337,0
35514,0
44653,0
49398,4
60040,0
61531,4
68264,0
68839,0
68874,0
68964,0
388,4
437,0
807,0
1420,0
3522,0
4224,0
5889,0
6088,0
6609,0
6670,0
7175,0
8184,0
8900,0
9004,0
9199,4
9362,0
11679,0
14286,0
14985,0
15603,0
15885,0
17673,0
17693,0
17701,0
20894,0
21599,0
23595,0
23739,0
25529,0
25623,0
27107,0
30339,0
30845,4
31131,0
33404,0
33624,4
34200,0
34203,0
38507,4
45067,0
45408,0
54567,0
60264,0
60334,0
62782,4
63607,0
65229,4
66412,0
68971,0
82638,0
83398,4
85483,0
85694,0
16164,0
16711,0
19357,0
33442,0
7850,0
39269,2
82685,4
82686,4
82720,4
4172,3
12242,3
73603,4
67889,0
33158,3
549,0
60007,0
1889,4
44735,0
34901,4
1217,3
19196,0
16338,3
23175,3
1613,0
73435,0
73530,0
15635,0
22397,0
54580,0
33169,3
14233,0
31891,4
29566,0
47192,4
16814,0
17496,0
7667,3
24178,0
40984,2
32710,0
32711,0
31431,0
75487,4
21250,0
22258,3
28048,0
5349,0
18853,0
23410,0
38915,4
69822,0
25866,0
65209,4
7556,3
70789,4
4103,0
6271,0
86217,2
74774,0
11504,0
79770,2
79980,2
88515,4
29,0
112,0
883,0
1063,0
7285,0
36109,0
43976,4
51832,0
52246,4
15198,2
33266,4
11694,0
13428,0
289,0
2930,0
22009,0
24051,0
26050,0
63195,4
69547,4
69548,4
69603,4
28924,0
75321,2
80360,0
39052,2
45734,2
46379,2
55055,2
59017,0
64970,2
33399,0
51193,4
46372,0
48516,0
11289,4
84759,0
14533,0
53433,0
53700,0
53765,0
73070,4
73438,0
47268,4
69823,0
63290,0
25811,3
24289,0
31871,4
8769,3
42330,4
52383,4
63264,0
63452,0
67705,4
67770,4
70825,4
76763,4
77212,4
22608,0
56811,4
61949,4
84456,4
53564,0
30504,3
32926,0
39256,4
41420,4
57915,4
65688,4
71435,4
76507,4
79473,4
79655,4
6399,4
17995,0
24811,0
25550,0
26383,0
30068,0
32152,3
32700,0
33199,0
34286,0
34562,0
34625,0
36654,4
42137,4
47269,4
48599,0
48758,0
49168,4
53691,0
57794,4
62482,4
73257,0
73483,0
84992,0
12936,3
70704,2
71303,2
55308,2
37651,4
37921,4
30513,3
82283,4
18022,3
47220,4
30449,4
42395,2
69979,0
70100,2
83212,2
23992,0
47602,4
87733,4
48495,4
50306,4
72435,4
73822,4
73843,4
20039,4
86386,4
30287,0
87457,4
84360,0
15597,0
73623,0
58648,0
61705,4
30033,3
1025,0
4063,0
6022,0
10252,0
14170,0
18350,4
23414,0
27905,4
36382,4
36445,4
38066,4
38843,4
39689,4
60330,4
60870,4
62796,4
63365,0
65358,4
65411,4
68267,4
70293,4
73376,0
38654,4
46004,0
48473,0
53097,0
51133,4
51155,4
33178,0
64032,2
48197,4
48198,4
48512,0
13519,3
28910,0
24035,4
42186,0
45004,0
46128,4
48841,4
62599,4
63259,0
88011,4
48761,0
77797,4
208,0
11088,3
11909,0
12773,3
15457,0
25091,4
27401,4
28233,3
31665,0
34591,0
34614,0
41935,4
41958,0
42045,0
48995,0
53385,0
53565,0
53656,0
58075,4
60574,0
66437,4
69533,0
69575,0
71008,0
73462,0
73501,0
77309,0
78775,0
78806,0
84638,0
86721,4
28541,3
51088,4
53794,0
25138,0
79287,4
22599,3
54826,4
5791,0
7263,0
13571,3
14715,0
17638,0
20165,0
26511,0
60197,0
52526,4
557,0
40828,4
60580,0
30952,0
10714,0
41960,0
5056,0
19069,0
23005,0
26061,4
26288,4
43451,0
43753,0
44022,0
69908,0
33994,0
42464,2
29194,4
42934,4
43002,4
50682,4
63385,4
67800,4
88762,4
84608,0
60494,0
55569,2
37738,4
48582,0
48583,0
58412,4
57439,4
30204,3
18928,0
76925,4
77093,4
78073,0
78453,4
60060,0
29628,0
21884,0
20858,0
63586,4
20309,4
29263,0
33717,3
52377,4
77401,4
65512,4
30889,4
39035,4
39275,4
39402,4
16493,0
28986,0
29099,0
31619,3
50793,4
55092,0
27409,3
27499,3
84796,0
48748,0
20704,0
42946,4
31907,0
77053,4
62485,4
51928,4
65874,4
62694,2
80940,4
15124,0
29353,4
60987,0
25509,3
60692,0
31836,0
73130,4
82817,4
5403,3
32356,3
68154,0
9055,3
70242,4
78667,0
16931,4
54206,0
76743,4
76785,4
76845,4
29782,0
69459,0
74117,4
74280,4
50241,4
24102,3
71911,4
1854,0
53763,0
87436,4
4828,3
68884,0
21365,4
22051,0
70889,2
63021,4
64067,0
58118,0
74702,0
22116,4
35903,0
36035,0
47961,4
47980,4
38888,2
44030,2
4563,3
6762,0
84304,2
60703,4
8302,3
27374,4
22875,0
11870,3
84809,0
59282,0
84931,0
6175,0
17601,0
21616,0
43307,4
43496,4
44078,4
45143,0
60822,0
68922,0
74446,0
75914,4
27477,3
72971,0
18664,4
5650,0
6255,0
6401,0
9921,0
12712,0
13537,3
15540,0
16453,4
16558,0
21779,0
27813,0
29874,0
38146,4
42325,4
43255,0
43293,4
43321,0
43338,0
43452,0
43453,0
43547,0
45145,0
45146,0
47143,4
47160,4
49891,0
51068,0
51070,0
51413,0
64101,4
64324,0
65735,4
68939,0
68974,0
68994,0
69170,0
69292,0
69301,0
80689,0
80717,0
80774,0
80800,0
80818,0
80891,0
85754,0
85941,0
87817,0
80607,0
24595,0
69624,0
88677,4
64095,0
53405,0
53406,0
50941,0
50955,0
69964,0
42403,0
53409,0
59173,0
79373,0
81095,4
68477,0
68532,0
48003,4
42235,0
81019,4
81441,4
34836,0
40011,0
48730,4
52755,4
56815,4
67117,4
67624,4
73469,0
75973,4
79097,0
1213,3
66382,4
85697,0
85713,0
85933,0
86047,0
79867,0
35980,0
25688,0
29465,0
60049,0
60179,0
60207,0
85957,0
86052,0
86053,0
86128,0
47574,4
47593,4
47642,4
61114,0
61178,2
26861,0
75732,4
21492,0
23712,3
2736,4
36562,4
37907,4
58450,4
37648,4
37880,4
38251,4
47618,4
49128,4
73934,4
74087,4
74134,4
77235,4
77449,4
80585,4
83342,4
16197,0
69528,0
76264,4
80359,0
84997,0
70388,4
4560,3
42059,0
34842,4
45244,0
45294,0
77670,4
88786,4
87439,4
49217,4
69586,4
73579,0
3860,0
42572,4
44458,0
44494,0
45591,0
45650,0
48858,0
48873,0
49048,0
59633,0
63673,0
63678,4
63679,4
67278,0
69593,0
69695,0
70425,0
73772,0
79199,0
79366,0
79418,4
79883,0
82236,0
84814,0
81029,0
48517,4
48817,4
58402,4
84164,0
28810,0
24778,3
85959,0
36215,0
5802,0
43235,0
50874,0
64006,0
81175,0
51801,0
53235,0
60114,0
60231,0
63872,0
64035,0
75012,0
84560,0
84279,0
72319,4
38757,3
40328,2
76527,4
81497,4
80267,0
68699,4
59265,0
25638,3
26164,3
60723,0
47694,4
16090,0
68581,0
68695,0
60956,0
81162,4
21497,0
84121,0
43056,0
43434,0
20539,3
63659,0
65216,4
26368,0
29135,0
18657,0
22492,0
35672,0
12010,0
52305,4
32174,3
20517,0
7260,3
44540,4
14764,0
25037,3
56316,4
2463,4
62922,4
69881,0
81273,4
11259,0
63239,0
56930,4
14163,3
32685,0
5358,3
38907,4
66580,2
62758,4
15484,3
67581,2
51902,4
59906,0
60006,0
68885,0
68886,0
77682,2
36411,0
36412,0
27312,0
37077,2
26875,4
63578,0
85070,0
42493,0
85255,0
59553,0
69748,4
71113,4
50051,4
75707,4
4631,3
35248,0
44680,0
44928,0
45741,4
54411,0
59439,4
67642,4
73937,0
73938,0
80411,0
82246,0
56201,4
70890,0
52607,0
63767,0
60560,4
60645,4
60664,4
60812,4
45047,0
14827,0
63190,0
77166,0
45642,2
48176,2
52405,4
54454,0
6048,0
33796,0
35253,0
37541,4
38642,4
41426,4
44556,0
64047,0
64104,0
45822,4
55560,4
5961,3
55814,4
55876,4
45384,0
64132,0
78559,4
80364,4
80554,4
29578,3
33438,3
37618,4
38680,0
41956,4
44571,0
46350,4
54261,0
65204,0
68418,0
68419,0
68949,0
70778,0
72321,4
73876,0
82197,4
33843,3
36436,0
72809,4
81107,0
81108,0
81211,0
81380,0
505,3
46542,0
44351,2
52533,0
36238,0
40559,0
85008,0
36532,4
36539,0
36578,0
43619,0
43620,0
43796,0
69147,0
69698,0
77549,0
81027,0
81050,0
81397,0
33925,4
23687,3
69418,0
69556,0
65923,4
67845,0
67920,0
79598,0
8153,3
1461,0
36293,0
74595,0
74690,0
64218,0
60689,4
60813,4
11276,0
69380,0
69509,0
48313,4
60478,0
84480,0
33793,0
64110,0
64202,0
64203,0
84481,0
43897,1
45153,0
45175,0
55762,0
58396,0
47997,0
52669,4
25537,3
26033,3
60947,5
66880,2
70310,2
54569,0
69669,0
7417,1
41884,4
50346,4
63889,0
63956,0
39128,0
51021,4
44997,0
64173,0
37127,4
43589,0
43600,0
44037,0
64205,0
64439,0
64460,0
64664,0
84315,0
41843,0
54690,0
54701,0
55027,4
74310,0
74388,0
44850,0
35750,0
38830,0
40204,4
42742,4
44933,0
47266,4
68404,0
74514,4
76215,4
78015,4
51983,4
54524,0
59850,4
43164,1
44669,4
36525,4
36590,4
36627,4
36718,4
47860,4
66818,4
72271,4
84094,0
54027,0
54125,0
56726,1
12699,3
85574,0
4700,3
17734,3
23771,3
40771,4
40867,1
43147,0
44698,0
51485,1
51523,1
55562,1
63721,0
63742,0
66781,0
68950,0
70821,0
80468,0
57413,4
71183,0
54348,1
86993,5
86742,1
73838,1
75210,1
50768,4
55260,1
72373,4
75119,1
75244,1
75121,1
75188,1
69482,1
69545,1
70957,5
54073,4
86468,4
54564,1
61442,4
36496,1
29326,3
64553,1
36474,0
36800,0
37030,0
37114,0
48401,1
48426,1
78588,1
36994,0
37986,4
69180,4
72515,4
75183,0
78261,4
78281,4
81330,0
81355,0
81414,0
81542,0
54922,1
45144,1
45198,1
45803,1
45804,1
62769,4
69246,1
69278,1
73684,1
78179,1
85965,1
86417,1
66049,1
30203,3
55840,0
68133,1
78455,0
62948,1
63996,0
70975,1
78116,1
78117,1
64380,0
57610,4
80925,1
50974,1
87214,4
59473,1
52366,4
24248,3
42204,1
44136,1
83114,1
83192,1
25755,3
51662,1
63893,1
63930,1
69493,1
73761,1
74448,1
85712,1
74787,1
68606,1
24282,3
46198,5
55628,1
59074,1
68802,1
6847,3
60218,1
45042,1
45094,1
44914,1
45040,1
74926,1
83762,1
70268,1
71089,5
74063,4
54460,1
63909,1
59542,1
64274,1
66727,1
78195,1
44588,1
88766,4
51663,1
50677,1
567,3
26416,3
59276,1
36819,1
48254,1
84359,1
59937,1
61283,5
21038,3
52286,1
52352,1
57686,1
60663,1
60808,1
60809,1
83025,1
29333,3
45447,1
69558,1
71709,1
75514,1
81526,1
68740,1
62676,1
70854,1
73818,1
80156,1
29002,3
54597,1
44955,1
45033,1
82297,1
36831,1
38783,1
59631,1
84038,1
84172,1
84882,1
84984,1
77719,1
78372,1
81428,1
81429,1
81510,1
51046,1
51069,1
29068,3
61261,1
64492,1
70690,1
35811,1
82294,1
52254,1
80832,1
1391,3
13013,3
85095,1
84985,1
80149,1
59361,1
69375,1
69432,1
37875,1
50544,1
83481,1
37524,1
80028,1
32341,3
51087,1
29712,3
75884,3
50242,1
63105,1
32438,3
45691,1
26424,3
45756,1
47030,1
47911,1
26800,3
51561,1
13828,3
78457,1
37919,1
67697,1
67755,1
25594,3
51673,1
76921,5
59829,1
53173,1
85115,1
50803,1
39856,5
74967,1
69429,1
23100,3
5452,3
59828,1
31548,1
8154,3
8324,3
10234,1
11804,1
11824,1
13975,1
14950,3
18498,3
19887,1
23029,3
24882,3
25849,3
29074,3
29229,1
29994,3
30029,3
30508,3
30570,3
30662,3
31030,3
35298,1
38183,1
38198,1
39199,5
39674,1
43816,1
45738,1
46557,1
48968,1
54008,1
60835,1
68720,1
69522,1
69608,1
69846,1
83049,3
13319,3
11149,4
10907,2
16774,3
13652,3
16596,3
16835,3
10548,0
21918,3
83550,4
17897,3
16990,3
17900,3
42801,1
83622,4
20458,0
10650,4
25200,0
66484,2
12163,3
12311,3
16415,3
13361,3
88613,4
45697,1
88826,5
39024,4
9311,0
70916,4
30572,3
55766,4
17055,2
5793,3
24283,1
5620,3
27411,3
11136,4
7720,0
20584,4
60259,4
29090,0
59854,4
83851,0
43762,1
60709,1
5749,3
11362,4
27627,0
24158,0
27267,3
60164,1
37673,4
30711,2
49429,4
21665,4
30769,0
19029,0
13759,0
59645,4
59198,4
61685,4
60512,4
68973,0
25821,3
37630,1
26796,3
28069,3
32442,3
30448,5
3233,3
76231,4
83629,2
38140,4
38204,4
21816,3
1481,4
1009,2
83426,1
7775,2
32297,0
11546,0
63167,1
23597,3
22469,3
20229,3
20230,3
21285,3
21688,3
29084,0
25724,3
6812,2
860,3
5624,3
6135,3
19462,3
87559,5
37480,4
7732,3
22485,3
9500,3
10271,3
19064,3
10512,4
75954,2
17940,0
20304,2
31517,0
35409,0
38023,0
42318,0
44417,4
49894,4
51815,4
52804,4
57952,4
61245,0
65384,4
67515,4
68976,0
71587,4
73323,0
73540,4
73939,0
73980,0
74074,0
74221,0
74493,0
77391,4
84085,0
84790,4
86546,4
87314,4
88261,4
7935,0
33307,0
19864,0
5176,0
5427,0
16679,0
18370,0
42702,4
42731,4
42771,4
72737,4
32794,0
41632,4
42209,4
78914,4
5328,0
1893,0
22989,0
29821,0
75097,4
9722,0
12256,0
18081,0
36555,4
65424,4
79328,4
25264,0
26452,0
17765,0
8694,3
5673,3
912,3
80896,4
17165,0
40633,0
22972,3
27771,3
16485,0
1914,3
3754,0
22692,0
22339,0
24764,0
13999,0
38506,2
18529,0
48261,0
21061,0
22986,0
19474,4
13169,0
32660,4
15655,0
65176,4
65357,4
29585,0
53153,0
84275,0
16390,0
254,0
11006,0
24023,0
21087,0
987,0
12820,0
19782,0
32655,0
86552,4
48240,0
27692,0
31105,3
13006,0
4427,0
30833,0
52083,4
68447,0
70206,4
71783,4
31919,0
20684,0
18571,0
18309,0
31978,4
24962,3
21888,0
21889,0
17868,0
84129,0
25023,0
27242,0
8691,0
12412,2
10999,0
2907,0
19583,0
22744,0
10217,0
211,2
4840,4
22015,0
29978,0
10369,0
27578,3
86785,0
77591,0
20372,0
10721,4
11004,0
12966,0
23990,0
3231,0
3879,0
77651,0
25886,3
26418,3
30760,3
26483,0
12147,3
21826,3
33881,0
11431,0
19261,0
51947,0
19577,0
30494,0
19457,0
33576,3
2369,3
21046,3
23775,0
32482,3
33689,0
30237,0
34069,0
17168,0
83607,0
14499,3
14164,4
11026,0
22695,0
13985,3
26657,0
17739,0
25513,3
27362,0
32596,4
24343,4
28198,0
26036,0
21307,0
19026,0
63890,0
63929,0
63957,0
64059,0
31134,3
8571,3
19965,0
222,3
61054,0
16515,3
12344,3
61052,0
26318,0
11976,3
8630,4
7143,3
31584,0
18167,0
1787,3
24415,0
14181,4
29006,0
18907,3
18599,0
24330,4
23304,3
11065,3
58618,0
13408,3
26137,0
22778,0
22985,4
4725,3
11540,3
59320,2
16669,3
20906,0
21035,0
1094,3
18644,3
31383,0
24503,3
11,4
25328,0
18681,3
1645,0
12644,0
6371,0
19416,3
17058,3
33137,3
23532,0
22014,3
30756,0
387,4
4643,0
24656,0
1731,0
27718,0
31713,0
6057,0
5005,3
23145,0
14986,4
20264,3
32275,3
12533,4
20678,4
2590,3
11726,0
1808,3
88059,4
8428,0
13953,3
31278,0
61350,4
33172,0
9545,3
15157,4
21101,0
11111,3
17403,0
13668,0
8345,3
19549,3
435,3
11621,0
23974,0
73805,0
4672,4
31921,3
1800,0
18334,0
19836,0
33735,3
31209,0
20035,3
28840,0
21496,0
20917,0
20265,3
10104,0
25554,3
32363,3
6763,3
3390,3
2271,0
21551,0
20501,3
57480,4
60429,4
61975,4
27495,3
7741,3
23044,4
26597,0
16687,0
31506,0
72997,2
14511,4
34312,0
50564,4
7017,3
8508,3
26232,4
83652,0
22343,3
11718,0
18397,3
234,0
27370,3
19339,0
16217,3
31453,0
18313,4
27127,0
30475,3
14339,0
27395,0
6514,3
17661,2
24167,3
33188,0
20428,3
23446,4
26590,3
2872,0
30135,0
8134,3
30218,0
30270,3
14769,3
462,0
29907,0
26892,0
24665,0
11095,3
32874,3
849,0
60617,0
29700,0
1923,3
28153,0
1416,3
1531,0
8186,3
84256,4
76068,0
24740,3
23700,3
23718,3
19853,3
5906,0
4045,0
19793,0
27452,4
11180,4
28728,3
29468,0
26599,0
29241,3
56090,4
17860,0
18758,0
31358,3
26223,0
30267,0
82416,4
11707,3
67728,4
21065,0
3764,4
66662,4
10602,3
48248,0
4052,2
88405,4
21742,0
9937,0
19946,3
24231,4
5923,3
7135,4
10503,0
88588,4
9168,4
12626,0
33043,0
4315,3
30595,0
3036,0
26457,0
5122,0
34194,2
33198,3
80136,4
5399,4
10071,2
29430,3
11627,0
8959,3
28606,0
13092,0
13745,0
20267,0
33130,2
30591,0
32798,0
26003,0
33559,3
31794,3
2830,0
31732,0
17091,3
26263,3
31314,0
15098,4
16179,3
30696,0
31541,4
40887,4
12761,2
1327,0
12831,0
22890,3
18607,3
29820,2
24043,3
30747,0
14849,3
32875,0
30223,0
19430,0
9111,0
77898,0
89,3
54669,4
16422,0
60975,4
16451,0
23659,0
4345,3
15632,2
14802,4
27732,3
32237,0
31321,0
28186,4
14388,0
26874,3
1508,0
11098,0
29181,3
25095,4
88480,4
15389,3
19113,0
31525,3
20801,0
25930,3
8637,3
88679,4
775,0
42385,0
19375,0
21945,0
30931,0
10441,3
12189,2
24867,0
33706,2
58799,2
21514,0
30811,0
8972,2
10814,3
40135,4
2327,0
24652,2
33216,0
5293,0
12195,2
21083,4
32886,0
7183,0
11592,4
11816,0
12561,4
8490,0
23579,0
21532,0
22171,3
2597,0
8417,2
3411,4
10094,3
70120,0
8475,0
21321,2
26146,0
8420,2
9378,2
13705,2
26087,2
30369,2
32469,0
25288,0
1030,0
27924,0
444,0
35204,4
9383,0
9138,3
5455,0
838,0
1178,4
3000,0
23833,4
30900,0
31873,0
32420,0
32804,0
8663,0
17184,0
30642,2
60571,2
5108,0
10163,0
29611,0
86883,4
24363,3
23403,0
240,0
18152,0
80298,0
2455,3
5573,0
1379,2
29861,0
23079,0
2473,0
23816,0
30701,4
21534,0
76854,0
29499,0
2809,0
16387,4
29551,0
31080,0
50258,4
14755,3
21396,0
14287,0
30457,0
58509,0
13577,0
33760,4
12514,0
1008,0
11557,0
21164,0
5798,4
270,0
1311,0
1408,0
1453,0
46999,4
58483,0
15849,4
27142,2
26388,0
23683,3
24886,0
32535,0
37736,0
1324,4
3641,4
11231,0
11835,0
12500,4
15933,0
32848,0
32878,0
33062,4
70876,4
73885,0
28577,0
1173,0
5879,0
8413,3
9855,0
14451,3
15372,3
15613,0
21829,0
23832,0
28461,0
30248,0
32842,4
32915,0
83079,0
72126,4
3127,0
22376,0
45499,4
4448,0
19675,0
3575,3
7704,4
8210,4
1123,0
2557,0
3984,0
4299,0
5039,0
6249,0
7546,0
8111,0
8759,0
8957,0
9016,0
11164,0
16790,3
22632,0
22877,0
25239,0
27968,0
28032,0
30643,0
32982,0
33587,0
33709,0
33778,0
34224,0
34240,0
37856,0
49746,4
50822,0
244,3
17598,0
13370,3
14422,3
19447,3
19448,3
40453,0
16548,3
20390,0
7471,0
590,4
21894,0
13123,0
11955,3
30244,0
79698,0
55548,2
55590,2
22103,0
21708,3
19970,4
1696,0
4669,2
17582,2
72145,4
30627,3
26311,0
19172,0
32646,0
57284,4
15012,3
11473,0
502,0
34223,2
24188,3
28571,0
10974,0
69156,0
32427,0
35421,4
28863,3
14134,0
6448,0
5682,0
30354,0
92,0
2372,4
4386,0
6243,0
22783,0
40283,4
40467,4
81593,4
19698,0
30665,0
2542,0
3370,0
3481,0
7456,0
10936,0
13816,0
24234,0
24743,4
27662,0
28022,4
30076,0
83856,0
29377,0
22378,0
16326,3
57858,4
1486,3
18852,3
20417,0
16925,0
385,3
1582,3
5363,3
7557,3
15486,3
16306,3
16890,3
16998,3
18686,3
23629,3
24169,3
24560,3
26028,3
27999,3
6279,4
17485,2
21606,0
19645,2
4362,0
26120,2
32390,3
6634,3
21734,4
25266,2
30603,3
18295,4
25910,4
30796,0
32808,0
22598,3
61967,3
62306,3
16172,0
23318,0
23686,0
34123,0
29395,2
41916,0
13645,0
12314,0
1905,0
28386,0
6173,3
72949,0
47553,4
16985,0
71775,4
72446,4
20090,0
32623,3
74849,2
5131,4
23233,0
26153,0
27192,4
51424,4
52252,0
271,0
9738,4
10002,0
11250,4
12003,0
22640,4
24400,4
25362,0
30400,0
21170,4
88164,4
8250,4
8388,0
2092,0
59693,0
45831,2
33636,0
17669,3
18614,0
17509,4
23547,0
58206,0
6166,0
29217,0
32598,0
16978,3
27801,0
17085,0
32008,0
34026,0
71285,0
87254,2
69342,0
5735,4
33920,3
8377,4
28922,0
232,0
2565,4
65287,2
5256,0
5337,4
7792,4
2826,0
23792,0
17268,0
22841,2
29627,0
1261,0
2767,0
19222,0
21619,0
23288,0
24604,4
24666,0
32924,0
47957,0
9399,0
66543,2
528,0
28858,0
18975,0
15387,3
33129,0
60901,0
25248,3
15504,0
682,0
4663,0
1795,0
14642,4
6572,0
13229,3
32445,2
1931,0
24822,3
7232,0
24226,3
74530,2
3845,2
67289,2
67290,2
6284,0
63419,0
84056,0
5701,2
26059,2
32784,3
53304,2
85161,2
22502,4
14622,4
12571,0
77968,0
26886,0
19714,0
6213,0
40114,4
22698,0
28049,3
20932,0
9511,0
23196,0
19048,0
8699,0
9153,0
33335,3
28664,0
26631,2
79408,2
83437,2
6722,0
7432,0
55206,4
83658,0
14956,4
39081,4
18810,3
7071,0
27786,4
28059,0
83007,0
33053,0
86479,4
52458,0
47046,4
33131,2
48332,0
38914,0
17140,4
20051,0
27259,0
4733,3
14059,0
13503,0
75883,2
1994,0
31764,0
10062,2
68256,2
13818,3
4925,2
34725,0
3730,0
78202,0
34029,0
67753,4
2208,4
2905,0
35110,4
17957,0
45753,4
2022,0
3502,0
21857,0
37664,4
27462,4
29380,3
288,2
2016,2
34315,2
52513,2
75456,2
7744,2
61550,0
28231,0
27076,0
5368,2
23991,2
27657,2
3159,0
3394,0
3733,0
4481,0
27646,3
29391,0
30255,4
51938,4
52055,4
55072,4
82138,4
24509,0
5849,0
13717,0
9175,0
41423,0
48026,0
26706,2
8017,4
20471,0
28962,4
21714,2
53280,2
21712,0
497,2
1129,2
1567,2
2166,2
3761,2
5458,2
5844,2
6409,2
9374,2
9515,2
9782,2
10910,2
11625,2
15637,2
18373,2
19250,2
21572,2
22247,2
24022,2
26543,2
28570,2
30331,2
62103,2
65365,2
70384,2
79814,2
87613,2
3077,4
3228,4
3328,4
3329,4
4126,0
4223,4
28608,0
27559,0
1687,0
6695,4
9527,2
9856,3
11171,0
16193,0
15715,0
18466,4
47635,4
973,0
3076,0
3173,0
3338,0
3477,0
4482,0
6413,0
7723,4
10395,4
11597,0
13455,0
14234,4
15834,0
22863,0
27338,0
38743,0
66156,4
66422,4
72431,4
78244,0
84101,0
28749,3
1802,3
25650,4
27237,0
30030,3
31112,3
19725,2
41762,0
25829,0
63180,0
4576,2
6743,2
19051,0
21681,0
15902,3
2173,0
18553,2
27957,0
11399,3
34155,0
84117,0
90,2
451,2
1013,2
5084,2
6222,2
6272,2
6741,2
6966,2
7618,2
7970,2
8468,2
8597,2
9038,2
9702,2
10168,2
11784,2
12929,2
14383,2
14532,2
14789,2
14898,2
15384,2
16494,2
18342,2
19087,2
19136,2
20852,2
22966,2
23534,2
24108,2
25309,2
25400,2
26283,2
26648,2
27734,2
27856,2
30236,2
30501,2
33528,2
34062,2
34986,2
40400,2
41591,2
44912,2
45120,2
49186,2
51421,2
55891,2
60591,2
61645,2
61851,2
62038,2
67320,2
67405,2
70228,2
71281,2
74871,2
75971,2
77889,2
78462,2
79118,2
82070,2
87537,2
27689,0
3721,4
52961,0
27632,4
70533,4
10118,3
33519,0
14665,4
70527,4
34760,4
23970,3
21672,0
24628,0
33143,4
83619,0
83655,0
18652,4
10115,4
71734,4
1932,0
4125,0
11526,0
12722,0
14614,3
15106,0
15248,0
15699,0
15810,0
17014,0
19754,4
20802,0
23009,0
23486,0
27373,0
28026,0
32666,0
33132,4
34586,0
38831,0
38918,0
66792,4
69121,0
69161,0
33648,0
8001,4
26236,4
16874,3
6389,3
8162,0
10925,4
13230,0
17015,0
17494,4
20903,0
31774,0
40741,4
58193,0
60581,4
19325,0
9743,4
17873,0
28427,4
19925,3
9102,0
32683,0
23401,0
2110,2
8984,2
10423,2
18447,2
32834,2
23268,2
2206,0
24620,4
60514,0
23508,0
9804,4
27105,0
32636,0
16189,4
82615,4
31320,0
82693,4
17246,4
5263,0
25170,3
33543,0
38799,0
10645,0
25118,0
50446,4
18400,0
42857,4
7894,4
18032,0
18361,0
10827,0
14522,4
6863,0
23473,0
17852,3
16448,3
18545,3
31033,0
9687,0
34207,0
5700,4
11202,4
14624,0
15912,0
16977,0
17428,4
21149,4
23627,0
25263,0
26496,0
34122,0
45807,0
56471,4
64896,4
84472,0
1840,0
3243,0
5613,4
11411,0
12081,4
12375,4
12944,0
13240,0
15057,0
18694,0
19382,0
19431,0
20662,0
21639,0
21786,0
22493,0
22683,4
23375,4
23603,0
24199,0
27101,0
28123,4
73044,0
75811,0
76698,4
76778,4
78118,0
84187,0
87382,4
34150,0
23917,4
2243,0
354,0
16324,3
9182,4
23190,0
27724,4
14655,3
87416,2
9719,0
22102,0
23654,4
30092,0
9255,4
22327,0
29324,3
8493,2
6025,0
8705,0
12300,0
12389,4
12776,0
28135,0
30347,0
33001,0
33662,0
69773,4
69806,4
69831,4
82509,4
82579,4
24003,0
50616,4
54934,4
58238,4
5978,3
31959,0
29745,0
23767,0
27059,4
20943,0
34420,4
35742,0
32491,4
12906,0
7622,0
16082,0
8856,2
19071,0
6916,3
10950,3
27742,0
18781,0
14500,3
27828,0
28106,0
1597,0
17717,0
22590,4
32006,0
27620,4
45682,0
21707,3
32988,0
3020,0
22118,0
22760,0
20204,0
24757,0
76338,4
80081,4
18726,0
638,2
18357,2
67355,2
31850,2
87042,2
27007,0
442,4
1638,3
4161,4
6027,0
7115,4
11567,0
12023,4
14210,4
15950,4
16434,0
17130,4
18692,4
21154,0
27068,4
29302,0
30819,4
32664,4
38257,4
40484,4
48085,4
51351,4
53168,0
58184,4
61293,4
63490,0
67226,4
70020,4
70941,4
71031,4
84354,0
88556,4
13181,0
14625,0
56358,4
25189,3
26688,4
1849,0
1936,4
1961,0
2097,0
2269,0
2460,0
2567,4
2679,0
2981,0
3008,0
3169,0
3492,0
3811,0
3913,0
3983,0
4231,3
4254,0
4382,0
4429,0
4714,0
4793,0
4975,0
5536,0
5638,3
5658,0
5809,0
6196,0
6619,0
6666,0
6667,0
8041,0
8552,0
8564,0
8569,4
8582,0
8875,0
9024,0
9262,0
9376,4
9417,0
9781,0
9953,0
10047,4
10298,4
10357,0
10804,0
11284,0
11628,0
11668,0
11693,0
11712,4
12006,0
12111,0
12143,0
12286,0
12293,0
12332,0
12443,4
12527,3
12875,0
13270,0
13280,0
13298,0
13363,0
13382,0
13562,0
13829,0
13930,0
14127,4
14270,0
14369,0
14423,0
14645,4
15089,0
15328,0
15381,0
15462,0
15650,0
15657,0
15774,0
15783,0
16134,3
16256,0
16396,0
16581,0
16712,0
17281,0
17339,0
17345,4
17926,0
18119,0
18174,4
18205,0
18261,0
18538,0
18564,4
18602,0
18749,0
18804,0
18989,0
19358,0
19626,4
20727,4
20788,0
20982,0
21030,0
21077,4
21184,0
21900,4
22101,0
22405,0
22509,0
22556,0
22611,0
22644,0
22745,0
22867,0
23068,0
23436,0
23472,0
23901,0
24097,0
24209,0
24219,0
24493,4
24501,0
25734,0
26431,0
26682,0
26721,0
26963,3
27305,0
27782,0
27880,0
27911,0
27975,3
28127,0
28391,0
28761,0
28852,4
29518,0
29592,0
30249,0
30432,0
30533,0
31086,0
31160,0
31210,3
31262,0
31391,0
31624,0
32325,0
32425,0
32615,0
32625,0
32718,0
33445,0
33456,0
33463,4
33635,0
33801,0
34147,0
34762,4
34763,0
35091,4
39045,0
39151,0
40829,4
41780,0
42217,0
45735,0
47086,0
47837,4
47839,4
48373,0
49970,4
50397,4
53110,0
53125,0
53216,0
53361,0
53362,0
54751,4
55845,4
56240,4
58203,0
58229,0
58317,0
58374,0
60928,0
60944,0
61796,0
67174,4
69075,0
69258,0
71545,4
71761,4
72769,0
72868,0
74846,4
75852,4
76531,4
76777,4
78204,0
78319,0
78357,0
78564,0
82602,4
84240,0
84372,0
86340,4
87478,4
31449,0
27925,2
3176,4
4582,4
34349,0
41061,4
41643,4
81834,4
29937,0
31922,0
49543,4
28939,4
88097,4
30754,0
4768,0
4777,0
14394,0
31945,0
10375,0
60516,0
7558,0
7561,4
8418,4
9198,4
18345,0
21069,0
31264,4
31547,0
53165,0
29320,0
1950,0
2490,0
2491,0
3591,0
31812,0
32510,0
10635,3
23408,0
50795,4
78010,0
34212,0
34159,0
48548,0
53336,0
55660,4
81831,4
32087,0
29133,0
1906,4
51999,0
24402,0
14433,4
15051,0
23295,0
31355,4
48480,4
57600,4
31623,3
28349,0
28447,0
10551,0
33472,0
78165,0
6093,4
69231,0
4468,0
29328,0
7609,2
32148,3
78050,0
54980,3
13208,0
30685,0
1141,0
1228,4
1436,4
1452,4
1584,4
2427,0
2776,4
3027,4
3059,4
3468,0
3789,0
4069,4
5087,0
5851,4
6179,4
7209,4
7379,4
7560,4
7597,4
7722,4
8307,0
8579,0
8931,4
9032,4
9252,4
9787,4
10184,0
10520,4
10567,3
11203,4
11631,4
11638,0
12052,4
12140,4
12372,0
12524,0
13035,0
13036,0
13516,4
13579,4
13742,4
13889,0
13917,4
14088,0
14171,4
14296,4
14578,4
15866,4
15951,0
16573,4
17976,4
18323,4
18465,4
20845,4
21138,4
21316,4
22106,0
22245,0
22452,4
22684,4
22742,4
23800,4
27356,4
29129,4
29479,4
29482,0
29935,4
30167,0
30366,4
30635,0
31341,4
31953,0
32568,0
34120,0
34181,4
34525,4
35087,4
35504,4
36848,4
37789,4
38995,0
40382,4
40479,4
42452,4
44134,4
44357,4
45999,4
46673,4
46867,4
46965,4
47036,4
47099,4
48318,0
48339,0
48340,0
49058,4
49778,4
49828,4
49922,4
49955,4
52541,4
54508,4
55484,4
55885,4
56026,4
56128,4
56325,4
56890,4
58332,0
58505,0
59945,4
61158,4
62439,4
65769,4
66127,4
66134,4
66154,4
66316,4
66371,4
66409,4
66908,4
68226,4
69157,0
69303,4
70121,4
70800,4
71352,4
71851,4
72068,4
72164,4
73060,0
76560,4
77917,4
78271,0
80122,4
80123,4
80273,4
82863,4
83545,4
83901,4
84427,0
86926,4
87080,4
87086,4
87544,4
4068,2
15609,0
16097,0
18864,0
24526,0
28190,0
32397,0
32788,2
81627,2
31842,0
195,0
476,0
780,4
1735,0
1778,4
2154,0
2337,0
2568,4
2845,0
2893,0
3079,0
3102,0
3184,0
3186,0
3344,0
3362,0
3402,4
3915,0
4061,0
4552,0
4580,0
4818,0
4964,0
5046,0
5341,0
5465,0
5772,0
5817,0
6167,0
6171,0
6215,0
6253,0
6261,0
6364,0
6376,4
6518,0
6576,0
6591,0
6605,0
6740,0
6938,0
6946,0
7059,3
7389,0
7450,4
7473,0
7509,0
7639,0
7645,0
7851,4
7898,0
7998,0
8207,0
8419,4
8476,0
8548,0
8651,4
8961,0
9017,0
9077,0
9192,4
9603,3
9650,0
9674,0
9893,0
9994,0
10070,0
10192,0
10492,4
10607,4
10642,0
10696,0
10733,0
10982,4
11043,0
11073,0
11143,0
11156,4
11469,0
11614,4
11636,4
11704,4
11862,4
11886,0
11935,0
11949,0
12062,0
12110,0
12141,3
12224,4
12435,4
12781,0
12830,0
12913,0
13005,0
13022,0
13029,0
13234,0
13262,4
13291,4
13294,0
13311,0
13360,0
13420,4
13694,0
13753,3
13879,4
14016,0
14060,4
14135,0
14274,4
14400,0
14479,3
14498,0
14585,4
14595,0
14671,0
14710,4
14864,0
14865,0
14897,0
15025,0
15056,0
15121,0
15629,0
15729,0
15847,0
15874,0
16021,0
16153,0
16247,0
16290,0
16496,0
16639,0
16733,0
16802,4
16887,0
16973,0
17136,0
17573,0
17766,0
18147,0
18460,0
18501,0
18601,4
18658,0
18767,0
19072,0
19137,0
19199,0
19235,0
19466,0
19489,0
19715,0
19854,0
19954,0
19978,0
20009,0
20258,0
20378,0
20392,4
20447,0
20870,0
20998,3
21059,4
21120,0
21352,0
21473,0
21593,0
21662,0
21721,0
21771,0
21891,4
22301,0
22557,0
22793,0
23159,4
23204,0
23327,0
23557,0
23602,0
23799,0
24024,0
24147,0
24396,0
24434,0
24477,3
24485,0
24621,0
24716,0
24827,0
24900,4
24917,0
24925,0
25054,0
25134,0
25348,0
26092,0
26108,0
26181,0
26384,0
26495,4
26668,4
26697,4
26701,0
26846,0
27019,0
27332,0
27344,0
27427,0
27446,0
27566,0
27804,0
27881,0
27936,0
28172,4
28227,0
28290,4
28313,0
28347,0
28591,4
28669,0
28956,0
29020,0
29054,0
29293,0
29307,0
29329,0
29483,4
29498,0
29502,0
29552,0
29693,3
29732,0
30443,0
30708,0
30940,0
31037,0
31190,0
31514,0
31622,4
31682,0
31992,0
32012,0
32218,0
32586,3
32818,0
32981,0
33078,0
33191,0
33212,4
33224,0
33408,0
33451,0
33566,0
33585,0
33622,0
33655,0
33889,0
33988,0
34009,0
34305,0
34332,4
34436,0
38913,0
40363,0
41794,0
41886,0
42108,0
45344,4
45829,4
46114,4
47138,4
48192,0
48264,0
48300,0
48303,0
48321,0
48351,0
48353,0
48386,0
48387,0
48740,0
52408,4
52452,4
53215,0
53236,0
53388,0
53389,0
53513,4
53559,0
55678,0
57323,4
58272,0
63182,4
63185,0
63317,0
63442,0
67229,4
67767,4
69098,0
69146,0
69969,4
72733,4
72771,4
72908,0
73011,0
74434,4
76307,0
77014,0
78194,0
78211,0
78215,0
78260,0
78315,0
79513,0
80506,4
81227,4
81868,4
84228,0
84241,0
84312,0
84317,0
84337,0
84391,0
84419,0
84506,0
84515,0
87430,4
1741,0
4408,0
51585,4
17258,3
6602,0
73467,2
28445,0
34299,0
1064,2
2107,2
5372,2
8117,2
8137,2
8144,2
8412,2
8836,2
8882,2
10769,2
11051,2
13814,2
15299,2
15412,2
15999,2
16879,2
17759,2
18577,2
18952,2
19314,2
19319,2
20379,2
20583,2
21436,2
25353,2
26101,2
27621,2
27711,2
27893,2
28385,2
29711,2
32313,2
33180,2
33280,2
34412,2
40592,2
47651,2
48382,2
53889,2
60914,2
65655,2
65728,2
75726,2
79259,2
80237,2
88243,2
4018,2
4744,2
15920,2
53599,2
19534,0
12371,4
22298,0
24129,0
2673,0
43121,4
15839,4
27758,4
42590,4
6124,4
14378,0
21864,4
285,4
2177,4
2524,0
2525,4
3993,0
7694,4
10052,4
10196,4
11586,4
11591,0
11811,0
22364,0
23524,0
24066,0
33625,4
34482,4
36829,4
38952,4
39345,4
39536,4
39589,4
39942,4
40164,4
41343,4
41804,0
43471,4
62593,4
65058,4
65389,4
65485,4
66702,4
67812,4
71081,4
71961,4
72117,4
72445,4
74834,4
75696,4
79293,4
79690,4
15375,0
63277,0
18799,0
19660,0
11576,4
76798,4
28195,0
50878,4
50929,4
11903,0
29070,3
12133,4
23320,4
54032,0
72795,0
535,0
30149,0
71146,4
75008,4
13007,0
5767,0
9177,0
25977,4
22858,0
72732,0
34462,4
25273,0
12775,0
22023,0
9688,0
32260,0
41845,0
50205,4
24739,3
34249,0
32572,0
11936,2
21136,4
30944,4
11757,0
49757,4
60968,0
16665,0
22865,4
1205,4
5729,0
6185,0
8369,4
14155,0
18732,0
19322,0
19621,0
19701,0
19953,0
20395,0
27335,0
31155,4
42038,4
84204,0
22190,3
26306,0
29954,0
31695,0
28417,0
30846,4
30278,0
22694,0
15003,4
26675,0
30158,4
16575,4
82190,4
10754,4
70118,4
16785,0
73218,4
73285,4
73486,4
11525,4
23783,0
584,4
1070,0
3975,0
7831,0
7885,0
8596,0
12024,0
12812,4
13773,0
14123,0
15374,4
19188,0
20132,4
20293,0
20875,0
21192,0
21886,0
23748,0
26864,0
27690,0
27696,0
28105,3
29686,0
29708,3
33651,0
36805,4
39009,0
39011,0
39012,0
39263,4
42070,0
43704,0
43920,0
48164,0
54316,4
68938,0
69114,4
78075,0
80194,4
84366,0
18407,0
23064,0
47352,4
11619,4
14221,4
28263,0
26758,0
30376,2
82408,4
9844,2
19591,0
21421,0
21482,0
22583,0
29213,0
673,0
47984,4
58065,4
6268,0
4618,0
82045,4
82114,4
22464,0
15648,4
23574,0
102,0
31186,0
37369,4
37413,4
56848,4
59754,4
18598,0
27429,0
22715,3
8593,0
28929,0
29678,0
48640,0
13442,0
25560,0
79576,2
18031,0
18783,4
22181,0
20027,0
57389,4
57410,4
26073,0
30858,0
29427,3
20021,3
20652,0
5309,4
23042,3
25253,0
12474,0
15811,2
75728,2
31856,4
15496,0
47685,0
38973,0
23617,4
931,2
55908,4
55994,4
56945,4
14194,0
27859,0
28303,0
10793,0
29607,4
2779,4
23075,0
6313,4
31508,3
52791,4
52808,4
20454,0
7246,3
16445,0
47363,4
48322,0
48260,0
23545,0
27173,0
32733,4
17020,0
22928,0
15065,0
15516,4
16851,4
4628,0
9845,0
10032,0
25699,0
29769,0
31074,4
38988,0
86010,4
24889,3
2635,4
22187,0
6799,3
17386,3
20996,0
16095,3
1782,2
22,0
2422,4
3216,4
3424,0
5123,4
8685,0
9481,0
10417,0
10463,0
10840,0
12434,0
13689,4
14612,4
14983,0
15770,0
17660,0
31831,0
45459,0
47547,4
48546,4
75397,4
78283,0
47404,4
122,4
273,4
1776,4
1874,4
1922,4
2299,0
2630,0
3909,3
4649,4
5580,4
8382,0
8840,4
9839,4
10042,0
10864,4
11979,4
12168,4
12478,4
12850,4
13017,4
14957,4
15133,0
17620,4
20319,4
24791,0
25464,0
29018,4
31288,4
36788,4
38413,4
40239,4
44815,4
45693,4
45917,4
63198,0
63202,0
67386,4
68952,4
69538,4
70044,4
70366,4
70505,0
71318,4
73103,0
78028,0
79107,4
84333,0
84520,0
9651,0
12333,0
12341,0
14711,4
19068,0
22889,0
23902,4
27995,0
28042,0
30085,0
30925,3
32542,0
41719,0
49889,4
71992,4
76802,4
83,0
159,0
165,0
323,4
346,0
460,0
516,0
580,0
776,0
1093,4
1319,0
1329,0
1407,0
1663,4
1983,0
2159,0
2352,0
2408,0
2531,0
2535,0
2841,4
3384,0
3419,0
3672,0
3946,0
4124,0
4303,4
5287,4
5411,0
5533,0
5600,0
5610,0
5810,0
5823,0
5852,4
6035,0
6092,0
6176,0
6241,3
6260,0
6367,3
6411,0
6420,0
6517,0
6698,0
7058,0
7128,0
7190,0
7205,0
7212,0
7366,0
7401,0
7427,0
7633,0
7784,0
7854,0
7889,0
8341,0
8363,0
8543,0
8553,0
8713,0
9033,3
9063,0
9247,0
9265,4
9534,0
9792,0
9838,4
9931,0
9932,0
9999,0
10012,0
10136,0
10214,0
10223,0
10237,0
10265,0
10430,0
10741,0
10782,0
10981,4
11062,0
11118,0
11144,4
11162,4
11359,3
11465,3
11518,0
11554,0
11800,0
11815,4
11827,0
11913,0
11937,0
11947,0
12026,0
12065,4
12142,0
12230,0
12231,0
12234,0
12276,0
12808,4
12854,4
12878,0
12948,0
13103,0
13222,4
13412,0
13949,0
13952,0
13974,0
14090,4
14092,0
14315,0
14340,0
14410,0
14413,0
14472,0
14579,0
14740,0
15103,0
15251,0
15364,0
15370,0
15425,4
15453,0
15533,3
15669,0
15708,0
15748,0
15853,0
15917,0
15919,0
16259,0
16332,0
16490,0
16511,0
16607,0
16769,0
16789,0
16981,0
17100,4
17309,0
17354,0
17421,0
17557,0
17593,0
18054,0
18311,0
18331,0
18519,0
18532,0
18555,0
18560,0
18574,0
18691,0
18842,4
19073,0
19329,0
19465,0
19588,0
19659,0
19662,0
19690,0
19727,0
19962,0
19987,0
20089,0
20169,0
20176,0
20324,0
20486,0
20493,0
20540,0
20650,0
20723,0
20803,0
20981,0
21004,4
21075,0
21115,4
21210,4
21215,0
21269,0
21363,0
21397,0
21459,0
21468,0
21548,0
21574,0
21751,0
21768,4
21908,4
21913,0
22057,0
22095,0
22353,0
22579,0
22808,0
22814,0
22847,4
22929,0
22975,0
22999,0
23135,0
23344,0
23353,0
23365,0
23443,0
23531,0
23537,0
23538,0
23571,0
23606,0
23734,0
23812,0
23846,0
23895,0
23900,0
23931,3
23985,0
24031,0
24156,0
24185,4
24201,0
24321,0
24438,0
24564,0
24752,0
24807,0
24812,0
24839,0
24842,0
25275,0
25283,0
25304,0
25396,0
25444,0
25553,0
25664,0
25782,3
25791,0
25911,0
26119,0
26158,0
26204,0
26250,0
26343,0
26401,0
26439,0
26478,0
26535,0
26698,0
27018,0
27153,0
27365,0
27385,0
27489,0
27631,0
27665,4
27677,0
27754,0
27790,0
27819,0
27982,0
27983,0
28131,0
28165,0
28167,0
28202,0
28396,0
28408,0
28497,0
28572,0
28642,0
28643,0
28654,0
28679,0
28754,4
28799,0
28877,0
29003,0
29171,0
29284,0
29509,0
29555,0
29615,3
29725,0
29914,0
30067,4
30166,0
30231,0
30375,0
30419,0
30437,0
30482,4
30614,0
30615,0
30680,0
30716,0
30743,0
30762,0
30785,0
30936,4
30987,3
30996,0
31028,0
31054,4
31376,0
31387,0
31482,0
31503,0
31543,0
31573,0
31580,0
31664,0
31841,0
31895,0
32045,0
32073,0
32236,0
32364,0
32394,0
32414,0
32452,3
32457,0
32533,0
32635,0
33021,0
33124,0
33151,0
33185,0
33220,0
33391,0
33922,0
33959,0
33969,0
34118,0
34219,0
34273,0
38548,0
38569,0
38704,0
38709,0
38864,0
39125,0
41656,0
41718,0
42106,0
45895,4
45959,0
46424,0
48146,0
48169,0
48458,4
48747,0
49018,4
50934,4
51478,4
53057,0
53058,0
53095,0
53096,0
53266,0
53275,0
53342,0
53374,0
53572,4
54178,0
54200,4
54419,0
57371,4
58040,0
58151,0
58177,0
58212,0
58303,0
58446,0
58497,0
58613,0
58675,0
58686,0
58803,0
58813,4
58932,0
58967,0
59901,4
60994,0
62218,4
63362,4
63381,0
64845,4
65241,4
66435,4
67575,0
68777,4
68875,4
68998,0
69221,0
69235,0
69328,0
69346,0
69383,0
70581,0
70815,4
72820,0
72913,0
72962,0
73334,0
74796,0
78026,0
78076,0
78269,0
78284,0
78346,0
78382,0
78385,0
78406,0
78440,0
78446,0
78473,0
78483,0
78513,0
78547,0
78670,0
78831,0
83590,0
84025,0
84028,0
84071,0
84109,0
84155,0
84156,0
84161,0
84173,0
84272,0
84388,0
84501,0
84516,0
85551,0
86043,0
86429,4
87521,4
88686,4
88702,4
88781,4
19,0
143,4
225,0
480,0
626,0
1099,0
1168,0
1201,0
1419,0
1713,0
1877,4
1880,0
2480,3
2547,0
2581,0
2634,4
2728,4
2990,0
3120,0
3333,0
3487,4
3571,4
3703,0
3853,0
3923,0
4030,0
4318,4
4341,0
4410,0
4497,0
5126,4
5342,3
5581,4
5723,4
5778,4
5986,4
6078,0
6407,0
6512,0
6865,0
7223,0
7297,0
7310,3
7902,0
8293,4
8330,4
8384,0
8676,0
8714,4
8898,4
8929,4
9278,0
9305,0
9497,4
9518,0
9629,0
9632,4
9690,4
9692,0
9984,4
10113,0
10188,0
10273,4
10393,4
10890,4
10901,4
10953,4
11166,0
11544,0
11596,4
11676,0
11832,4
11910,4
11995,4
12067,0
12202,4
12357,4
12393,4
12417,0
12491,4
12962,4
13040,0
13099,0
13314,0
13621,4
13865,4
13919,0
13955,4
14115,4
14120,4
14249,0
14810,4
14903,4
14991,4
15257,4
15511,4
15798,0
15895,0
15896,4
16093,4
16215,4
16437,4
16544,0
16702,0
16899,0
16967,0
17082,4
17093,0
17347,4
17394,4
17434,4
17480,4
17666,0
17676,0
17762,4
17966,0
17979,4
18232,4
18495,0
18675,0
18833,0
18927,4
19145,4
19254,0
19570,4
19821,0
20125,4
20127,4
20145,0
20333,0
20617,4
20930,0
21001,0
21726,0
21791,4
22113,0
22325,4
22677,0
22790,4
23305,4
23313,0
23721,0
23852,3
24247,4
24266,0
24522,0
24541,3
24572,4
24677,4
24688,4
24818,4
24961,0
25354,4
25448,4
25555,4
25940,4
26002,0
26107,4
26197,0
26221,0
26481,4
26569,4
27562,0
27840,4
28641,0
29048,4
29148,0
29336,0
29421,4
29801,0
30026,4
30091,0
30143,4
31760,0
32273,0
33271,4
34173,0
34414,0
34453,0
34473,4
34475,0
35405,4
35933,4
36940,4
37573,4
37598,4
37692,4
37830,4
37831,4
38016,4
38053,4
38812,0
38813,0
39015,0
40318,4
40737,4
41781,0
41855,0
41866,4
42194,4
42623,4
42830,4
42920,4
42933,4
43001,4
43153,4
43177,0
43259,4
43934,0
46016,0
46023,4
46028,0
46554,4
47534,4
48007,4
48196,4
48934,4
48955,4
48976,4
50437,0
54012,4
55538,4
56397,4
58362,0
58554,0
58601,4
58739,4
58914,0
58964,4
58985,4
60246,4
61270,0
62434,4
62542,4
62555,4
62809,4
62862,4
63144,0
63219,0
65350,0
65499,4
65864,4
66340,4
67696,4
68022,4
68168,4
68237,4
68255,4
68436,4
69055,0
69532,4
69620,4
70157,4
70223,4
72135,4
72591,4
76665,4
78217,0
80296,4
81031,4
81605,4
84274,0
84473,0
84613,0
85414,4
87373,4
87557,4
33768,0
18795,0
21488,4
21490,0
84464,2
50098,4
52074,0
72501,4
304,0
23466,4
51772,4
2323,0
57710,2
21242,4
24973,0
14594,4
39870,4
45767,4
46069,4
62771,4
1270,0
32050,0
11871,3
29894,0
31136,0
2306,0
27347,4
31627,4
26345,0
13357,0
16002,3
23539,0
25840,0
70299,0
78354,0
86606,0
88186,4
25726,0
74194,0
27448,0
13493,0
86288,4
28626,0
24405,3
34078,0
16979,0
17024,0
72796,0
27585,0
56192,2
7231,3
6987,2
12732,0
15203,0
18611,0
17467,4
21327,0
25112,0
6532,0
6728,0
7601,0
11071,0
13322,0
13821,0
14558,0
22809,0
27636,0
41659,0
42353,4
58062,0
26395,3
22398,0
33894,2
22117,2
3119,0
6317,0
14996,0
25032,3
20445,2
87170,2
48152,0
19262,4
20655,0
76746,4
76887,4
7159,0
12730,0
20995,0
32772,0
25386,3
21343,0
3265,3
29679,0
77770,0
47193,0
15312,0
23082,2
5621,3
25998,3
12693,4
31169,4
46577,4
8385,0
9611,0
10225,0
10918,0
22266,0
53149,0
72798,0
16617,4
2854,4
3642,0
6312,0
8149,0
8719,0
11195,0
11738,0
13176,0
14192,4
14464,4
15630,4
29492,4
30798,0
34671,4
34672,4
34713,0
34714,0
38859,0
41322,4
49801,4
53284,0
60643,4
73053,0
86712,4
603,4
3807,0
3849,0
5052,0
5053,0
5442,0
5554,0
5565,0
5571,0
5643,0
5855,0
7099,0
7429,0
7773,4
8214,4
8393,4
8839,4
8967,4
9207,4
9323,0
9403,0
9439,0
9745,0
10150,0
10813,4
10853,0
10913,0
11106,0
11148,0
11315,0
11508,0
12156,0
12342,0
13348,4
13411,4
13427,0
13735,0
13835,4
14095,4
14584,4
14731,0
15122,0
16787,0
17108,0
17178,0
17224,4
18843,4
20115,4
20664,0
20790,0
20921,4
21280,0
21294,0
21709,4
21890,0
22574,0
22786,0
22954,0
23197,4
23752,0
23959,0
24898,4
25322,4
25394,0
25579,0
25666,4
25722,0
26123,0
27531,0
27588,4
27915,0
28093,0
29121,4
30051,0
30169,0
30301,0
30831,0
31101,0
31191,0
32031,3
32514,0
32589,0
32590,0
33368,0
33383,0
33441,0
33642,4
33725,0
42072,4
42073,4
42276,4
43636,4
43972,4
44214,4
44336,4
45156,4
45488,4
46649,4
46981,0
46997,4
47088,4
53184,0
53278,0
53811,4
58773,4
60991,0
70175,4
73156,4
73333,0
73723,4
73724,4
75032,4
76372,4
76861,4
76863,4
78312,0
78313,0
83995,0
84153,0
88073,4
263,0
1405,4
74271,4
58270,0
29528,0
28938,0
2680,3
27045,0
27794,0
31232,3
79363,0
19469,0
5963,3
20972,3
18470,0
16049,0
20949,0
16184,0
42405,0
31062,0
2821,0
4544,0
7526,0
10941,0
10979,0
28295,0
30157,0
33450,0
33882,0
48238,0
48239,0
74155,0
78069,0
78107,0
84170,0
48668,0
28357,0
16582,0
1237,0
31723,0
15193,0
29997,0
16891,0
16435,0
16483,0
17243,0
18240,0
28826,0
706,0
3693,0
18141,0
30799,4
65333,4
12369,4
44521,4
71602,4
75737,4
76548,4
18380,0
20991,0
11963,4
16719,0
29157,3
27891,0
45453,0
60080,4
28097,4
3275,0
10097,0
10899,4
10919,4
13422,3
17016,3
29021,0
72002,4
27697,3
26959,2
12263,0
11711,0
16409,2
84623,0
19852,0
24395,0
4000,0
125,0
920,0
3019,0
4198,3
4339,4
5420,0
5518,0
5527,0
7239,0
8100,4
10424,0
10550,0
10569,0
15378,0
15924,0
18482,4
20999,0
25804,0
30964,3
47797,4
53533,4
54126,0
63675,0
73407,0
76829,4
77766,0
79381,0
84886,0
19963,0
24208,0
79216,0
6827,3
7608,3
17980,0
6435,0
5268,0
13415,4
14573,0
23796,0
24133,0
1128,0
30256,0
3519,4
22107,0
1472,0
10091,4
10367,0
12826,0
13429,0
14193,0
15461,0
15821,4
24351,0
28862,0
30250,0
30718,0
61056,0
83751,0
77730,0
83812,0
25160,0
44954,0
27723,0
19393,4
60826,0
24875,0
11183,0
12503,4
17948,4
32722,4
42289,0
485,3
820,0
1376,0
4416,0
4619,0
6287,0
6360,0
6365,0
7832,0
8745,0
10269,0
10822,0
11482,4
12038,4
13023,0
13585,0
13993,0
15556,0
16953,0
18948,0
23104,0
24897,0
25202,0
25531,0
25655,4
25924,0
27132,0
28144,0
28217,0
28299,0
28375,0
28630,0
29159,0
29807,0
30981,0
35195,0
39883,0
42249,0
42347,0
42375,0
42904,4
47370,4
48855,0
49433,0
54078,0
54131,0
69664,0
70089,0
73561,0
82498,0
82914,4
31839,2
26596,3
33241,0
15163,4
29798,4
26687,0
135,3
84242,4
24631,0
30142,0
1207,0
61000,4
10377,2
70010,2
46474,0
50,0
14557,0
23755,0
69050,0
11855,0
67825,4
67826,4
67834,4
58414,4
15491,0
26024,0
21626,0
11565,4
12782,4
17221,0
14418,0
49160,4
11138,0
31120,4
49704,4
14377,0
47333,4
47334,4
22547,0
50177,4
18045,4
32217,0
24014,0
50763,4
50778,4
20935,0
18879,0
27164,0
20681,0
12655,0
22883,0
28905,0
1127,0
27258,0
72419,4
22368,0
22369,0
13167,0
18139,4
20687,0
20743,0
23382,4
23555,0
30772,0
48619,0
49556,4
53579,4
24714,4
51501,4
53701,4
5712,0
18315,0
30844,4
31775,0
73472,4
73516,4
20236,0
15856,0
27202,0
19944,3
61018,4
16417,0
21862,0
25570,3
26742,0
17425,0
4512,2
66159,0
38689,0
71604,4
52587,4
32654,0
32423,0
23091,0
31749,0
53263,0
22281,4
74948,2
26035,0
23980,0
1072,0
3200,3
4612,0
678,0
1943,4
2005,4
2751,4
3222,0
3327,4
3459,4
4012,0
4128,0
4527,0
5144,0
5306,0
5330,0
5775,0
6490,0
6647,4
6648,0
6653,0
7341,0
7504,4
8718,0
10659,4
12174,4
12597,4
12679,0
13839,4
14980,0
15593,0
24911,0
26603,4
37513,4
40139,4
44185,4
48195,4
51852,4
65899,4
70325,4
73624,0
73717,0
82310,4
83326,4
83466,4
27761,0
9529,0
20577,0
25775,0
11696,0
19900,0
27302,0
12284,0
22817,0
18264,0
31834,0
77963,0
3447,0
60966,0
29467,3
22371,3
33105,0
517,0
8397,0
22834,4
55844,4
74925,4
12937,4
48406,0
5968,4
22941,0
22942,0
7981,0
43535,4
44395,4
6117,0
14516,4
15723,0
16613,0
19077,4
65217,0
71004,4
57743,4
3420,0
28884,0
87492,0
70,2
6850,0
25997,0
28493,0
9564,0
26991,0
23203,3
669,0
76839,4
71288,0
73427,0
73527,0
74577,0
33561,3
72855,0
24302,0
29367,0
26807,2
83430,0
83750,0
57836,4
224,4
1166,4
13543,0
42612,4
44596,4
68120,4
30505,3
6516,0
79842,0
44776,4
658,0
1353,0
3023,0
3594,0
5365,0
5422,0
5543,0
7009,4
7699,0
7862,0
7942,0
8861,0
9154,4
9275,0
9701,0
10874,0
11325,0
11443,0
11962,0
12452,0
13057,3
13567,0
13712,4
14455,3
14609,0
15022,0
15870,0
16963,0
17541,4
18126,0
18723,0
20291,3
23103,0
25486,4
26582,0
29573,0
30000,0
31813,0
32765,0
34008,0
35201,4
42439,0
42465,0
59325,0
61514,4
78549,0
28893,0
2343,3
51654,4
24993,0
26950,0
31000,0
23640,4
25280,0
28226,4
52362,0
54935,4
25374,0
30462,0
13157,3
43896,2
20759,3
25262,0
43059,0
22668,0
8023,0
9843,0
35221,4
71858,4
45899,2
9600,3
35738,0
35781,0
35858,0
10496,0
69621,0
15498,0
5618,0
6231,0
16033,0
26709,0
26834,0
28941,0
29692,4
30027,4
76389,4
48257,0
11898,3
681,0
26971,0
28821,0
82203,0
83227,0
83966,0
12186,0
30543,0
12581,4
24730,0
46132,2
28549,0
74295,0
7736,0
17398,0
17720,0
1694,3
29756,3
22221,0
33487,0
28366,0
30022,0
7937,3
29471,4
6154,0
6370,0
7640,4
16155,4
17257,0
17539,0
23930,4
24542,4
24869,3
25742,0
32103,0
35037,0
43312,4
47689,4
50776,4
9720,0
10812,4
42168,4
24516,0
30460,0
25792,4
60733,0
73796,0
25479,4
20016,0
30013,0
65027,4
27691,0
17176,3
19576,0
859,0
11266,2
18618,3
28695,3
57903,4
723,3
9008,3
30632,3
30289,0
20893,0
58148,0
30541,0
30712,0
31043,0
2629,0
9029,4
18897,0
40170,4
78391,4
14944,0
16883,0
17457,0
19185,0
27240,0
4673,0
22812,4
57742,4
27309,0
83656,0
27054,4
6547,0
8748,0
22990,0
27211,0
4721,3
7295,0
11993,2
30554,0
85593,0
14892,0
15140,0
31672,4
29714,3
31466,4
63153,0
7047,0
76927,0
26048,0
21425,0
2652,4
38483,4
68624,0
68684,0
68702,0
77454,4
20936,0
26327,3
27567,0
27766,0
29268,0
28429,0
28710,0
29219,0
84972,4
10379,4
28834,0
14037,0
30441,0
58154,0
32921,0
22648,0
29205,4
29876,0
61887,4
76554,4
74070,4
4970,0
8274,4
9812,0
18628,0
4886,3
24770,0
4573,0
14943,0
22465,0
23479,0
57286,4
60045,0
5933,0
10171,0
16749,0
43076,0
819,3
29613,0
73979,0
74038,0
24672,0
85101,0
35784,4
20345,0
23115,3
72879,0
23114,3
27146,0
20275,0
21824,4
15158,0
26498,3
31378,0
32373,0
59082,0
54354,0
18590,4
418,0
676,4
5829,0
10125,4
10344,0
12061,0
16828,0
20911,0
23364,0
35729,0
59947,0
63727,0
63778,4
63779,4
68113,0
68156,0
58986,0
56497,4
56499,4
83091,4
23181,3
1647,0
9115,0
14756,0
15135,0
17678,0
20976,0
32201,0
32459,0
32677,0
33728,0
34109,0
44831,0
44839,0
63842,0
63843,0
63951,0
64007,0
68365,0
74247,0
85820,0
86018,0
15961,0
32326,0
23038,0
23138,0
19828,0
30148,0
80135,0
17972,0
33996,0
31720,4
4521,0
51022,4
30656,0
25092,0
25504,0
82922,4
82959,4
72982,3
26997,0
199,0
3312,0
4239,4
5174,0
5383,0
7343,0
10368,0
10837,0
11641,3
14760,3
20525,0
20970,4
21467,0
24932,0
25488,3
27536,0
30425,0
33935,0
34086,0
42893,0
42993,0
44835,0
44836,0
63851,0
68616,0
68918,0
71881,4
74208,4
85560,0
21710,0
83023,4
17934,0
24324,0
27231,0
8339,3
33058,0
30840,0
21756,0
23247,0
31036,0
32332,0
32437,4
5143,0
37882,4
20666,0
23404,0
24145,0
79949,0
23497,0
23533,0
26469,0
83505,0
18344,0
29210,4
86021,0
27393,4
27773,0
32480,0
33473,0
57978,4
19762,0
27593,0
28514,0
30535,4
30829,0
31377,0
31448,0
32194,0
43181,0
420,0
875,0
14905,0
74170,0
74363,0
74853,0
58839,0
59053,0
16408,0
18270,0
20033,0
19130,0
19921,0
20018,0
21089,0
53365,0
60041,0
60293,0
22569,4
4781,3
5400,3
14139,3
35656,0
35868,0
43692,4
43724,4
43873,4
70311,0
24557,0
31817,0
6357,0
5609,0
20001,0
29706,0
8985,4
80205,0
5591,0
6496,4
12175,0
12259,0
28174,0
5784,3
76814,4
76815,4
63838,0
32983,0
32984,0
27090,0
27966,0
29080,0
29174,0
40276,0
83315,0
12859,0
13957,0
17858,0
15777,0
21009,0
1599,0
2793,0
3188,0
3304,0
3326,0
3609,0
4060,4
4471,0
5503,0
7236,0
8537,0
9273,4
9293,3
9426,0
9621,0
10703,4
11135,0
12041,0
13030,0
13497,0
13945,0
14348,0
18770,0
23966,0
25130,0
26440,0
27728,0
30974,0
32560,0
34030,0
35526,0
35527,0
35528,0
35909,0
42882,4
43877,0
44743,0
44802,4
44820,4
45865,4
60148,0
60705,4
60834,4
60848,4
63783,0
64949,0
68024,0
68062,0
68709,0
68805,0
77678,4
82155,4
85178,0
85646,0
86030,0
24163,0
18246,0
24558,0
886,0
32575,0
87058,4
5041,4
32477,0
25723,4
27787,0
74235,0
20308,0
26835,0
17400,0
10287,0
33640,0
23736,4
47294,4
68199,4
9404,0
29177,0
73949,0
8394,0
9204,0
9324,0
20891,0
57198,4
933,0
1646,0
14225,4
18506,4
30939,4
104,0
342,0
430,4
487,0
545,0
733,0
821,0
831,0
870,0
1046,0
1179,0
1449,0
1473,0
1535,0
1562,0
1762,0
1960,0
1998,0
2213,0
2249,0
2377,0
2903,0
2909,0
2960,0
3060,4
3260,4
3279,0
3305,4
3516,0
3555,0
3888,0
3953,0
4073,0
4226,4
4304,0
4570,0
4766,0
4795,0
4957,0
5045,0
5146,0
5335,0
5629,3
5640,0
5654,0
5908,0
6423,0
6468,0
6674,0
6892,0
7153,0
7214,4
7254,0
7344,0
7444,0
7486,0
7545,4
7583,0
7664,0
7673,0
7724,0
7796,4
7929,0
8004,0
8042,0
8079,0
8109,0
8168,0
8279,3
8372,0
8479,0
8554,0
8594,0
8599,0
8655,0
8825,0
9013,0
9065,0
9083,0
9340,3
9375,0
9386,3
9454,0
9505,4
9663,0
9802,0
9840,0
9889,0
9919,0
9985,3
10023,3
10051,3
10251,0
10574,0
10593,0
10692,0
10778,0
10788,0
11282,4
11386,0
11387,4
11397,3
11657,4
11672,0
11849,3
11924,4
11958,0
11987,4
12138,0
12237,0
12818,0
12901,0
13098,0
13114,0
13224,0
13376,0
13540,0
13609,0
13861,0
14010,0
14121,0
14304,0
14419,4
14720,0
14748,0
14757,4
14933,0
14934,0
15010,0
15044,0
15094,0
15422,0
15502,0
15800,0
16148,0
16159,0
16186,0
16222,0
16464,0
16477,0
16486,0
16509,0
16522,0
16731,4
16818,0
17280,0
17302,0
17458,4
17691,0
18088,4
18160,0
18165,0
18645,0
18654,0
18697,0
18750,0
18847,0
18995,0
19207,0
19212,0
19321,0
19391,4
19412,0
19811,0
19829,0
19858,0
20042,0
20193,4
21527,0
22355,0
22407,0
22545,0
22998,0
23219,0
23356,0
23399,0
24338,0
24912,0
25174,0
25962,0
26285,0
26746,0
27004,0
27226,0
27695,0
27987,0
28212,0
29251,0
29513,0
30196,0
30269,0
30341,0
30363,0
30398,0
30575,0
30720,0
30917,0
31269,0
31533,0
31589,0
31735,0
31941,0
32234,0
32928,0
33003,4
33034,0
33094,0
33401,4
33542,0
33659,0
33660,0
33948,0
34050,0
34107,0
34149,0
34156,0
34170,0
34199,0
34293,0
35277,4
35311,4
35624,0
35647,0
35689,0
35744,0
35764,0
36733,4
37177,4
37945,4
37951,4
37967,4
42871,0
42950,0
43017,0
43108,0
43699,4
43742,4
43743,4
43761,4
43903,4
43904,4
44721,0
44744,0
44748,0
44765,0
44812,0
44827,0
44832,0
44833,0
45059,0
45528,0
45846,4
45896,4
46700,4
48704,4
49527,4
54722,0
57644,4
59806,0
59974,0
59981,4
59990,0
60031,0
60043,0
60065,0
60095,0
60129,0
60156,0
60158,0
60256,0
60656,4
63231,4
63753,0
63785,0
63806,0
63807,0
63812,0
63813,0
63863,0
63866,0
63867,0
63882,0
63928,4
63967,4
64905,0
66118,4
66120,4
66478,0
66778,4
67063,0
67783,4
68173,4
68273,4
68382,0
68387,0
68402,0
68440,4
68583,0
68602,0
68612,0
68618,0
68645,0
68676,0
68757,0
68758,0
68768,0
68785,0
68803,0
69306,4
71164,0
71295,4
71518,4
73834,4
73855,4
74210,0
74211,0
74232,0
74244,0
74245,0
74272,0
74304,0
74329,0
74344,0
74361,0
74362,0
74371,0
74372,0
75922,0
77537,4
77594,4
79421,0
80348,0
80375,0
80376,0
80555,0
80562,0
81852,0
83291,3
83927,0
83950,0
85180,0
85669,0
85708,0
85723,0
85900,0
85907,0
10010,0
12040,0
16740,4
11001,0
25685,0
26289,0
28942,0
22680,0
53086,0
50772,0
32132,3
63226,0
63444,0
23661,0
23013,0
24173,0
14890,0
26203,3
26510,4
27583,4
9081,0
9334,4
5260,0
6098,0
8048,0
42749,0
55820,2
40146,2
12397,2
28926,4
12318,0
14530,0
16704,0
17256,0
37543,0
62675,0
62716,4
77393,0
25182,2
556,0
4117,0
5815,0
14112,0
14509,4
63666,0
68359,0
68522,0
9126,3
11812,0
30219,0
29850,3
21171,0
19122,3
19334,0
63801,0
84988,0
49234,2
18250,0
80389,0
17236,4
24567,0
80379,4
26442,0
17361,2
60774,0
26561,0
1763,0
59897,2
16832,4
15097,4
58782,0
2631,0
35255,0
35310,0
35408,0
44662,0
71953,0
19678,4
27672,0
20237,0
28925,0
29973,0
32240,0
19883,0
30176,0
29288,0
30950,3
29472,0
23639,3
58074,4
29845,0
32567,0
19316,0
17726,0
17945,0
32538,0
17327,0
18046,0
27524,0
7737,0
27849,0
27948,0
31244,0
31726,0
31875,0
7324,3
73580,4
22733,0
24769,0
26476,0
31532,4
34992,4
53238,0
24860,0
44702,0
58275,4
45027,4
12250,0
68287,4
88,0
833,4
1799,0
2176,0
2660,0
4210,0
10276,4
11221,4
11448,3
11487,0
11608,0
11645,0
11965,0
12377,0
18626,0
30850,0
31663,0
33549,0
35716,0
43191,0
44575,0
44654,0
63955,0
64073,4
68354,0
80502,4
33563,3
32203,0
30120,3
36601,4
9759,3
82750,0
83336,4
83499,4
86065,0
13679,3
35604,4
35706,4
27619,0
83008,0
27463,0
30879,2
823,0
21058,0
24153,0
25480,0
25481,0
26001,0
35411,0
59956,0
60225,4
85342,0
85363,0
85498,0
13634,0
53431,0
19258,3
9475,3
2605,0
73471,0
6065,0
28660,0
75080,2
14592,3
27580,3
8790,0
40271,4
7114,4
57257,4
20787,0
6680,3
33492,0
80060,0
36114,2
55504,4
24000,0
22127,0
22588,0
21110,3
11450,3
236,0
746,0
852,0
1444,4
1574,0
2405,0
3908,0
4493,4
4951,0
5202,4
5633,4
5788,4
6020,4
6608,0
7243,0
7419,0
7458,0
7488,0
7536,0
7626,0
7933,0
8003,4
9415,0
9482,0
9779,0
9949,0
9962,0
9965,0
10396,0
10439,0
10480,0
10807,0
10809,0
10930,0
11152,0
11160,0
11464,0
11488,0
11513,0
11599,0
12055,4
13068,0
13452,0
13513,0
13536,0
13976,0
14191,0
15331,0
15417,0
16069,0
17054,0
17198,0
19390,0
19886,0
19924,0
20234,4
20592,0
21014,0
29511,4
29512,0
30694,0
30973,0
32247,0
33835,4
33927,0
34162,4
35718,0
35805,0
35806,0
35832,0
35873,0
42748,0
42785,0
42808,0
63856,0
63868,0
64010,0
64093,0
64094,0
68883,0
73232,0
73870,4
79307,0
85565,0
543,0
548,0
880,0
986,0
1004,0
1268,0
1519,0
1867,0
1957,0
2889,0
4292,0
5073,0
5927,0
5928,0
6130,0
6553,0
7345,4
8430,0
8471,0
8660,0
8797,0
9385,0
9549,0
9777,0
10050,0
10672,0
10960,0
11046,0
11181,4
11232,0
11249,0
11547,0
12028,0
12585,0
12803,0
13582,0
13710,0
14147,0
14189,0
14891,0
15113,0
15884,0
16152,0
16213,0
16439,0
16831,0
17700,4
18049,0
19404,0
19676,0
20682,0
22312,0
22411,0
23025,0
23257,0
25206,0
25663,0
26676,0
27097,0
27543,0
27912,0
28073,0
28228,0
28291,0
29929,0
30055,0
30153,0
30154,0
30392,0
30735,0
30808,0
32004,0
32021,0
32902,0
33291,0
33628,0
33675,3
33862,0
33901,4
34242,0
37828,4
37932,4
38052,4
39366,4
42210,4
42751,0
42752,0
42810,0
43302,4
43438,0
44660,0
44715,0
44932,0
50870,0
50886,0
50939,0
54551,0
54728,0
55434,4
59571,0
59601,0
60356,4
62408,4
62898,4
62952,4
63601,0
63625,0
63670,0
63690,0
63725,0
63734,0
63803,0
63859,0
63915,0
63975,0
63989,0
65851,0
67256,0
68493,0
68593,0
68691,0
68890,0
71172,0
72195,4
74537,0
79992,0
81464,4
83397,4
85335,0
85506,0
85877,0
10266,3
62327,4
17749,4
21885,0
4004,0
20690,0
21245,0
22151,0
23825,0
34277,0
34308,0
79987,0
80018,0
80093,0
85455,0
4850,0
26090,0
21594,0
8012,3
48369,2
19309,3
31729,0
31993,0
84137,0
8888,0
21881,0
43354,0
43359,0
47979,0
69212,0
72719,0
31730,0
22104,0
5027,0
5595,0
38586,4
58662,4
82684,4
82721,4
82810,4
10984,3
12794,3
17000,0
16898,3
12851,3
25573,0
23763,0
1323,4
8124,0
13671,3
44894,0
22944,3
68705,0
31799,3
38057,4
24202,0
85958,4
63623,4
63660,4
63695,4
63736,0
67134,4
58958,0
25246,3
21278,4
30084,0
26519,2
23168,0
56282,4
337,0
4075,4
23850,0
37814,4
19372,0
29917,0
21733,4
34684,4
83845,0
3012,0
61460,2
15915,2
21898,2
5042,3
27419,0
5514,0
26171,0
16819,0
27552,0
17205,0
38043,0
30468,4
83756,0
70454,4
2330,0
46536,0
60683,0
17120,0
51332,0
87034,4
16603,0
17528,0
27598,0
54170,4
27848,0
35214,4
19328,0
47990,4
73960,4
15497,0
8084,3
18868,0
8653,3
12166,4
27760,0
19498,0
20365,0
8026,2
22898,2
27841,2
65304,2
70559,2
70144,4
21698,0
73236,0
16362,0
30544,0
30590,0
21084,4
48484,2
48897,2
30622,4
59164,0
6989,0
23495,0
5602,0
10710,0
55456,4
10442,0
27839,0
83939,0
26006,4
78393,0
26152,4
29132,4
20971,4
13056,3
18245,4
221,0
5459,0
6738,0
8083,3
13000,0
14126,4
16000,0
21504,4
26491,0
33347,0
36053,0
36313,4
48472,4
62400,4
66942,4
67671,4
84200,4
3829,3
26989,0
7021,4
23856,4
60718,0
64272,4
4746,3
49580,4
49770,4
22620,0
21298,0
317,0
330,4
1412,4
4934,0
5943,0
7064,0
14114,3
16221,0
17561,0
25368,0
30226,0
33524,0
45397,4
47870,4
85269,0
23590,3
30224,0
17870,4
14779,4
34880,4
76624,4
1385,4
42175,0
42286,2
21252,3
2527,2
88081,2
17269,4
48537,2
31445,3
18811,3
85063,2
4381,0
5737,0
34163,0
36087,0
41839,4
41895,4
25824,0
27873,0
58856,2
46620,0
11770,3
73240,0
44893,2
60857,2
64044,2
65001,2
69937,2
77238,2
77973,2
79753,2
80215,2
84045,2
84678,2
2273,0
12430,4
12545,0
13106,0
13341,0
21031,4
26471,4
38740,4
41612,4
43276,4
44753,4
63318,4
15814,3
48358,0
61791,2
10834,0
68257,2
68909,2
53954,0
53981,0
24471,0
30779,0
59588,0
4406,2
5672,2
6870,2
7011,2
13356,2
21068,2
34382,2
39018,2
46266,2
65432,2
66977,2
70675,2
74811,2
75340,2
77577,2
84203,2
87822,2
88172,2
45973,2
42826,4
32963,3
26764,2
84916,0
203,3
591,3
935,3
1105,3
1282,3
5359,3
65055,2
65267,2
40639,2
58720,4
20064,0
16593,0
40628,2
71630,0
7054,0
61535,2
21105,3
62843,4
79955,4
81531,4
23400,0
84466,0
3987,3
33248,0
79476,0
81677,4
30079,3
28120,4
33484,0
4546,4
18237,0
63344,0
76431,4
34817,0
68181,0
35070,2
57541,4
34909,0
35080,0
35069,0
6706,0
13859,0
16136,0
46395,4
48524,0
53766,0
63411,0
61649,2
48338,0
58837,0
43923,4
13368,5
31929,4
25339,0
25506,3
72702,4
27316,0
8628,0
9263,0
11969,3
18565,0
19346,0
24517,0
54034,0
59101,0
73139,0
84523,0
11972,4
15941,0
47170,4
52853,0
13542,0
48854,4
48868,4
35889,4
31909,3
29650,0
26325,0
72875,4
46667,4
66471,2
67003,2
86096,4
34129,4
60531,4
77041,4
24750,4
49599,4
4608,0
35844,4
41716,4
42075,0
44258,4
48463,0
61291,4
67420,4
86937,4
85429,4
2814,0
7100,0
7364,0
11388,0
11788,3
12032,0
13172,0
15110,0
16791,0
17099,4
17524,0
18573,0
19123,0
20923,0
22769,0
23515,0
24073,3
24588,4
25668,0
26463,4
28444,0
29777,0
32778,3
33027,4
33970,0
34543,0
34685,0
38239,4
38636,4
40371,4
42014,4
47098,4
48356,4
48482,0
48510,0
48518,0
50127,4
52566,4
53630,0
53679,0
58592,0
58656,4
58844,0
59013,0
59114,0
63291,0
64747,0
67261,0
69166,0
69251,4
69329,0
69861,4
70856,4
72758,4
73134,3
73205,4
76269,4
76831,4
78340,0
78713,0
78853,0
82348,4
84781,0
84986,0
87491,4
36553,4
27834,0
6004,0
7971,4
67403,4
53062,0
13152,0
32489,3
53390,0
6072,0
27865,0
14260,2
88479,2
4454,2
3061,3
1478,3
41983,0
3354,4
70982,4
42559,4
29167,3
2410,4
3349,4
4065,0
5636,0
6471,4
6777,0
7014,0
7237,4
9671,4
9897,0
16641,0
21281,0
34561,0
34600,0
34627,0
34703,0
34852,0
35511,4
35702,4
37176,4
37838,4
37944,4
38223,4
38493,4
38934,4
39391,4
39656,4
39753,4
39787,4
39984,4
40049,0
41233,4
41315,4
42358,0
42430,4
44072,4
45359,4
46352,4
47238,4
47710,4
47783,4
47795,4
47796,4
48314,4
50095,4
50096,4
52393,4
52559,4
53540,0
58944,0
61778,4
62284,4
65119,4
65189,4
65215,4
65299,4
67777,4
72500,4
75531,4
76375,4
76468,4
78801,0
82269,4
82403,4
82766,4
84754,0
86350,4
43205,2
84552,0
84736,0
2452,0
3741,0
6341,3
7452,0
8328,3
9968,0
10935,0
11422,0
12298,0
12612,0
12746,0
15043,0
15535,0
15998,0
16108,4
18717,0
18912,0
19179,3
19631,0
21187,4
21723,0
21795,3
22773,3
23506,0
23619,0
24645,0
25311,0
26426,3
26771,3
30592,0
33822,0
34282,0
34579,0
34690,0
34701,0
36526,4
37194,4
41365,4
42087,4
43486,4
45073,0
45326,0
45692,4
46317,0
46876,4
47075,4
47208,4
47373,4
47910,4
48308,0
48533,0
48534,0
48556,0
48651,0
48999,0
51990,4
53529,0
53617,0
53729,0
53833,0
53861,0
57634,4
57671,4
58740,0
58845,4
58890,0
58993,0
59096,0
59098,0
63303,0
63310,0
63367,0
63548,0
65673,4
66380,4
67853,4
67871,4
69195,4
69337,0
69420,0
70851,4
70938,4
72042,4
72663,4
73216,0
73220,0
73221,0
73253,0
73296,0
73813,0
75081,0
75215,0
76943,4
78601,0
78614,4
78686,0
79232,0
80618,4
80653,4
84259,0
84483,0
84600,0
84626,0
84741,0
84911,0
88076,4
15197,0
18703,0
13728,0
70984,2
31499,4
69569,0
48368,0
48681,0
7656,4
62224,4
32884,0
46645,4
8082,4
18775,0
22236,0
39374,4
61735,4
12199,4
394,0
2296,0
9973,0
45377,4
58691,4
48378,0
60877,0
12042,3
12232,2
30727,0
49847,4
4297,0
9880,0
14683,2
21550,2
18,3
53489,0
86543,2
5506,2
5675,2
16128,2
19872,2
21174,2
26133,2
28551,0
33712,2
48277,2
60754,2
61338,2
62813,2
65250,2
66611,2
66645,2
87266,2
20400,0
35112,0
40413,4
84555,0
43427,0
1855,0
62520,4
66314,4
54053,0
54054,0
54117,0
12492,4
16980,3
48494,4
17721,0
48649,0
32412,4
24315,3
43221,4
7146,0
7502,4
3832,3
71765,4
19356,0
72718,0
12920,0
18211,0
16516,0
32494,3
27329,4
83720,0
30005,0
24823,4
59023,0
61608,0
13419,3
19344,3
22591,3
43503,4
48435,0
69384,0
73331,0
65177,4
22507,0
6464,4
18704,0
44443,4
19495,4
213,0
1536,0
2018,0
2949,0
4414,0
16872,0
24943,3
42963,4
46827,4
70258,4
70316,4
71868,4
73069,4
73229,4
75796,4
78757,0
81346,4
88446,2
15865,3
24218,0
18940,3
58939,4
6757,4
9461,0
20897,0
21960,0
25191,0
78617,0
78529,0
18364,4
28831,3
18252,3
88107,4
51842,4
53703,0
9127,0
19184,0
22548,0
33505,0
34555,0
46818,4
46978,4
81043,4
14535,0
2517,3
4797,3
24694,0
26900,0
54163,0
54205,0
82934,4
63414,0
5346,3
5827,4
6226,4
9280,4
10323,0
12370,0
13424,0
14227,4
17796,0
18887,0
19397,4
21924,0
21937,0
26399,4
27740,0
28130,4
30349,4
32829,0
33897,4
35651,4
36661,4
36840,4
37612,4
39453,4
39461,4
40056,4
40079,0
40285,4
43501,4
46611,0
47452,4
47605,4
47725,4
47799,4
47848,4
47849,4
48540,0
55311,4
57643,4
57887,4
59156,4
59157,4
59942,0
60163,4
60892,4
62662,4
65112,4
65697,4
66710,4
67221,4
68566,4
68654,4
69316,0
69370,4
70132,4
70333,4
70922,4
71179,4
71505,0
71710,0
72248,4
72770,4
73180,0
73346,0
73928,4
76718,4
78636,0
78681,0
86798,4
88441,4
34715,0
17879,0
60981,0
46043,4
30517,0
33526,0
62575,4
66273,4
26065,0
26935,0
30537,0
30657,0
30830,0
81679,2
18839,0
20675,0
44783,0
45944,4
53850,4
29759,3
77509,4
78002,0
29394,3
33440,0
14989,0
16752,0
18384,0
22712,3
21096,0
20579,0
78358,0
67143,5
77250,2
7117,0
22807,0
80338,4
22563,0
62276,4
65650,4
65675,4
33859,2
74885,5
21159,2
4286,0
40303,0
8565,0
13058,3
14803,0
41978,0
53475,0
55609,0
41931,0
5107,0
8300,0
6328,3
12608,0
27414,0
37540,4
39139,4
42718,4
47469,4
47543,4
47639,4
50195,4
57953,4
64256,4
1946,0
39889,4
41133,4
41742,4
42134,4
42252,4
42259,4
43095,4
43879,4
48469,0
53660,0
55663,4
55799,4
57331,4
61309,4
69425,0
73307,0
75609,4
76070,4
76385,4
79430,4
99,0
2775,3
33205,0
40790,4
62241,4
72144,4
61459,0
808,4
839,0
905,0
1662,3
2339,3
4728,0
5189,0
5234,4
5370,3
5490,3
5502,0
5583,0
6291,0
7066,0
9086,0
9223,4
9425,3
9903,0
10582,0
12106,0
12784,0
12908,0
12924,0
13028,0
13269,3
13560,0
14796,0
15859,4
16469,0
16915,0
17718,0
19273,4
21225,3
21315,4
21625,0
22988,0
22996,0
23094,0
23231,0
23488,0
23842,0
24020,0
24086,0
24207,0
25385,0
25656,0
25785,0
27919,0
29455,3
30842,0
31055,0
31141,0
32105,0
32527,0
33091,0
34678,0
34697,0
34699,0
34739,0
35495,4
38534,4
39064,0
39262,0
39667,4
39687,0
40776,4
41908,0
41929,0
41972,0
41974,0
42084,0
42120,0
42179,4
43805,4
44169,4
45869,4
46282,0
48297,0
48467,4
48468,4
48559,0
48601,0
48616,0
48882,4
48902,0
48924,4
48933,4
49069,4
51374,0
53347,0
53398,0
53404,0
53758,0
53949,0
53975,0
54021,0
54160,0
55838,0
57801,4
58441,0
58530,0
58579,0
58582,0
58652,0
58665,0
58696,0
58820,0
58892,0
58920,0
59024,0
59031,0
59247,0
59307,0
59464,0
60803,4
61718,4
63300,0
63462,0
68232,0
69168,0
69293,0
69322,0
69362,0
69400,4
69534,0
70213,4
72151,4
72654,4
73097,0
73115,0
73161,0
73194,0
73197,0
73263,0
73273,0
73364,0
73399,0
73404,0
73606,0
73940,0
76007,0
77049,4
78485,0
78512,0
78528,0
78584,0
78724,0
78899,0
79000,0
79007,0
79008,0
79053,0
79218,0
79334,0
80610,4
81493,4
81539,4
82051,0
83446,4
84098,0
84448,0
84598,0
84636,0
84735,0
85010,0
85166,0
85182,0
86179,0
86695,4
87098,4
87907,4
88624,4
20029,3
60855,0
88632,0
19687,3
20178,3
40173,4
41954,0
45409,4
70912,0
29262,4
18401,4
19960,4
57457,4
54344,0
174,3
44936,0
16301,3
58552,4
58634,4
83276,0
69220,0
82191,4
82311,4
60467,4
21582,0
21682,4
4870,0
4881,0
4976,0
5377,0
6687,4
11327,0
14058,4
18881,0
20829,0
22061,4
33980,0
34228,4
60234,0
74879,0
86342,0
47399,0
749,3
51448,4
52509,4
52525,4
53253,4
52904,0
48585,0
54386,0
73343,0
42411,4
25568,3
82340,4
87546,4
25067,0
42762,4
47643,0
62788,0
77396,0
77453,0
88204,4
28320,4
74283,0
86295,2
24377,0
24938,4
11458,3
81178,4
26247,0
6132,3
28034,0
27549,0
6361,3
30332,3
8568,0
9735,4
17982,0
17983,0
34661,0
46210,0
48743,0
48417,0
2789,0
5038,4
6538,0
10399,0
17219,0
17885,0
43752,0
59615,0
6693,0
10980,0
13331,0
28955,0
83200,4
83294,4
37652,0
72614,0
61046,0
9648,3
22939,0
23440,3
6197,3
34310,2
97,3
281,3
1092,3
2399,3
3190,3
3846,3
14708,4
53976,0
54016,0
54017,0
85184,0
6613,0
8089,0
8644,4
11153,4
11930,4
13564,4
16010,4
16377,0
16502,0
18869,0
27485,3
34765,4
39380,0
43560,0
45322,4
45818,4
46943,4
46955,4
47557,4
47558,4
47606,4
48233,0
48691,0
61076,4
66556,4
67666,4
67827,4
67854,4
67855,4
68194,4
68195,4
70321,4
71444,4
72001,4
76182,4
79973,4
79974,4
81595,4
23098,0
71788,4
69206,0
21696,0
71830,4
73005,4
46998,4
21830,4
25912,0
29637,3
5295,3
18362,3
27114,0
12640,4
16994,4
15325,4
84205,0
61864,4
61947,0
6904,3
7518,3
37910,4
78420,2
6793,3
45248,4
82664,4
33373,3
13678,3
22592,0
38235,0
40399,0
60130,0
44785,0
47435,4
79138,0
79696,0
9128,0
53267,0
6307,3
42193,0
54528,4
37424,4
37844,4
51254,4
82633,4
82737,4
30243,0
9279,3
17993,0
81422,4
81585,4
15250,0
73172,4
42914,0
28185,0
73821,0
73137,0
20286,0
22324,3
79364,0
60894,0
31995,4
32870,4
60688,0
76964,4
27897,0
29327,3
16234,0
54442,0
54443,0
76526,4
28899,0
48826,0
24756,0
25282,0
27138,0
84733,0
30759,3
26684,0
7925,0
10836,4
12011,0
19459,0
23322,3
23374,3
42391,0
42392,4
42455,0
42456,0
42542,0
43101,4
52553,4
66328,0
68041,0
85816,0
58354,0
50919,4
31318,0
34127,0
33645,4
13011,0
16932,0
17284,0
42310,0
42578,0
42587,0
42666,0
44539,0
51753,4
73767,4
73991,0
74091,0
19907,2
16489,3
77519,0
50338,4
16569,3
33584,0
62275,4
51042,0
79319,0
26392,3
27357,3
29444,3
85240,0
56380,4
56563,4
62200,4
73012,0
59018,0
28329,0
75695,0
24271,0
74815,0
76346,4
76404,4
47076,0
48525,0
48541,0
48542,0
48593,0
76628,4
42326,4
42945,4
31247,0
87431,4
78280,0
38526,4
51973,4
31430,0
7900,0
6157,0
66203,4
76321,4
80858,4
24204,3
7996,0
36834,4
38272,4
38289,4
38456,4
38491,4
38529,4
40055,4
51868,4
51929,4
62389,4
63597,0
63824,0
64863,4
83137,4
83153,4
83172,4
19434,3
20956,0
23236,0
23766,0
16886,0
23459,0
16421,4
7958,0
5186,3
55070,4
19383,0
62761,4
25979,3
21653,3
33020,0
31670,0
30210,0
86651,4
82496,4
68043,4
70848,4
62835,4
8500,0
52398,4
68851,0
79055,4
13750,0
21500,3
19399,3
84280,0
27931,3
73072,4
8498,3
66236,2
83107,4
8262,3
25828,0
30713,0
16379,0
5185,3
6879,3
28596,3
29684,3
13149,0
64208,4
37917,4
39673,4
2983,0
11032,0
13713,0
15762,4
18696,0
19527,3
35288,0
35364,0
41134,4
42460,0
42503,0
44577,0
44712,0
54734,0
62448,4
64959,0
68109,0
68269,0
68376,0
70350,4
71051,4
74199,0
74240,0
74291,0
85620,0
85640,0
86775,0
79994,4
38941,2
2096,3
52761,0
42333,0
27756,4
32865,0
84029,0
4904,3
57813,4
57814,4
57846,4
57863,4
53515,0
38753,4
50813,4
27256,3
51794,4
57617,4
57673,4
30908,0
68898,0
68987,0
15599,0
19700,0
32730,0
48499,0
72679,0
73057,4
74429,0
83809,0
25712,3
63645,0
65767,4
65784,4
65804,4
68266,4
74112,0
3743,0
15608,0
50221,4
78062,0
81063,4
81204,4
53442,0
38376,4
60595,4
53243,0
8467,3
24727,3
25305,3
57210,4
46058,2
60195,0
38588,4
26899,3
1485,3
16917,0
83213,4
58533,2
83646,0
80961,0
73372,0
60169,0
7496,0
22899,0
83215,0
64584,4
84593,0
18034,0
37860,4
62556,0
53119,2
43474,0
43512,0
43513,0
43514,0
43794,0
31048,3
47357,4
21440,3
84311,0
28403,0
28405,0
46,3
23628,4
21823,0
40384,2
55656,2
69787,2
29415,2
43466,2
79634,0
79746,0
56216,4
27036,0
14137,3
27100,3
59679,0
73316,4
14703,0
74775,4
2415,3
58627,0
31118,3
31570,3
66848,2
3407,3
24494,3
45204,0
48899,2
59980,0
67147,4
68523,4
86227,0
68923,0
73368,4
20065,4
58159,4
73890,0
37050,2
54989,2
55173,2
61683,2
75772,2
83644,2
85729,2
72686,4
32319,0
35801,4
38406,4
43387,0
45168,0
45428,0
51278,0
58496,4
58793,4
68917,0
70883,0
87105,2
51335,0
51379,0
39711,2
40474,2
43921,2
46707,2
65035,2
67815,2
70608,2
78172,2
27961,4
28482,3
28511,4
41515,4
43418,4
512,0
78836,4
73710,0
81925,0
7905,0
21933,0
21939,0
22517,0
23765,0
23857,0
63901,0
74652,0
74673,0
6920,4
44861,0
80924,0
52905,4
47166,4
51307,0
4094,3
25463,0
28262,0
35893,4
36059,4
40060,4
29979,0
30733,0
29739,0
60598,4
5251,0
66821,4
12203,0
61433,0
82092,4
30035,0
81997,4
10362,0
16294,0
32959,0
33661,0
34169,4
35904,0
35981,4
36022,0
40263,0
43772,4
45346,0
49346,4
60104,0
60183,0
60211,0
69062,0
69063,0
70218,4
85797,0
86973,4
87610,4
31661,3
31697,3
48739,0
48824,0
86451,4
50692,0
22622,0
22836,0
26545,3
60091,0
60172,0
62479,4
78505,2
79285,0
68364,0
60100,0
9325,3
48655,0
48788,0
59215,0
59683,0
76143,4
79585,4
44973,0
478,0
573,0
887,0
1818,3
6454,0
8240,0
10667,0
11069,0
11372,0
12874,0
13479,0
13568,0
14204,0
16317,4
17391,0
17828,0
20011,0
30232,0
30911,0
33638,0
34091,0
35947,0
35948,0
35966,0
35976,0
36027,0
36205,0
37209,4
38212,4
42172,4
43257,0
43386,0
45078,0
45079,0
45121,0
45157,0
45638,0
45800,0
45805,0
51799,0
52044,4
60189,0
60190,0
60214,0
60301,0
61671,4
63000,4
64024,0
64045,0
64082,0
64083,0
64120,0
64198,0
64199,0
64325,0
64386,0
64986,4
65734,4
65736,4
65855,4
66813,0
66915,0
67973,0
67995,0
68049,0
68131,4
68373,0
68474,0
68541,0
69177,0
69178,0
69198,0
69249,0
69267,0
69268,0
69281,0
69353,0
77561,4
77580,4
80695,0
83573,4
83598,4
85767,0
85798,0
85867,0
86211,0
86274,0
86906,0
74122,0
74225,0
64168,0
64243,0
64372,0
77442,4
80630,0
80703,0
66148,4
66310,4
93,3
63858,0
63875,0
63891,0
67943,0
69643,0
26175,4
37421,4
22409,3
77151,4
81367,4
84522,0
4113,0
29274,4
58269,4
44452,0
7919,0
82252,4
82268,4
86063,4
53407,0
53626,0
35955,4
50938,4
51009,4
24540,3
58623,0
42848,0
14343,0
27470,0
13194,0
45108,0
69017,0
69033,0
69048,0
83928,0
15166,0
38777,4
45524,0
46458,4
46587,4
47051,4
48674,0
70758,0
25,0
2904,3
12728,4
20034,3
21127,3
34815,0
37251,4
40309,4
41253,4
41308,4
45351,4
48822,0
48835,0
48838,0
48872,0
48911,0
48943,4
63412,0
67979,4
73583,0
73774,0
74795,4
76644,4
76915,4
77525,0
78746,0
79112,0
79296,0
79349,0
79707,0
81326,4
83347,4
84803,0
85266,0
86060,0
86628,0
33698,3
32893,3
43133,0
41463,4
119,3
47687,0
45534,0
77477,0
34823,4
34965,0
41313,4
55886,4
56086,4
57628,4
59368,0
65836,4
67471,4
67502,4
68728,4
69699,0
69797,4
69916,4
59084,0
59284,0
6410,0
8777,4
11068,0
16844,0
16845,0
25907,3
34850,4
34856,0
34858,0
34957,0
35095,0
35517,4
35683,4
36084,4
37399,4
41959,4
42280,0
42421,0
44430,0
45732,0
50987,0
54047,0
54058,0
55680,0
58457,4
58710,4
59037,0
59049,0
59131,0
59313,0
59317,0
59591,0
59641,0
65306,4
67234,0
69655,0
69675,0
69697,0
69759,4
73600,4
73619,0
73713,0
76511,4
76546,4
76755,4
78418,0
78912,0
79485,0
79651,4
79710,0
80536,4
82590,4
82652,4
83387,4
84836,0
84852,0
84932,0
84976,0
85114,0
85760,0
79398,0
69508,0
70842,0
8724,0
15728,0
16804,0
43211,0
43241,0
45064,0
45128,0
86051,0
59646,0
79488,0
86139,2
69962,4
70756,4
47106,2
65270,2
86871,2
75163,4
42495,4
74030,0
19833,3
26887,0
29641,0
79837,0
13781,0
68815,0
68846,0
68963,0
42107,4
32092,0
42164,0
42165,0
76518,4
68847,0
70420,0
24062,3
67264,4
48569,4
34808,0
34809,0
34923,0
34946,0
69762,2
46213,4
12519,3
5517,2
54609,2
64139,2
65721,2
82256,2
85747,0
21695,3
13327,0
42387,0
74343,0
40807,4
73565,0
31906,0
24579,3
50765,0
55007,0
35633,0
35752,0
35767,0
27976,3
73392,0
45850,0
54002,0
2084,0
8716,0
39375,4
41386,4
69312,0
53297,0
60350,2
17787,3
21123,3
15112,0
63374,0
65181,4
71701,4
67466,4
67524,4
69670,0
253,0
15812,0
25163,4
34448,4
37564,4
37881,4
37977,4
40678,4
44678,0
45378,4
45783,4
47344,4
47583,4
47776,4
49182,4
60202,4
60222,4
60309,4
69441,0
73493,0
77015,4
77072,4
77134,4
77232,4
78680,4
82610,4
85051,0
72105,4
74031,0
74138,0
40360,4
59155,0
70891,4
73628,0
48714,0
63393,0
63552,0
50771,0
50826,0
71398,4
88334,4
88536,0
31642,3
31885,3
43303,0
81073,4
16658,0
26329,0
48567,4
48591,0
69537,0
35837,4
9019,3
30497,3
31009,3
31222,3
31405,3
31425,3
31604,3
32056,3
37617,4
37859,4
75960,4
43110,4
43111,4
44212,4
70404,4
21921,0
28807,0
87380,4
51224,4
51172,4
79490,0
53270,0
84108,0
58922,0
24983,3
84905,0
58219,0
58281,0
28741,3
24239,4
51420,4
85011,4
74877,0
55326,0
25563,3
34926,0
21231,0
21873,0
69745,4
1703,0
59047,4
67304,4
68635,4
88773,4
76786,4
79276,0
79362,0
49977,4
51909,4
85092,0
18594,0
42166,0
53191,0
54275,4
42149,0
23740,0
54274,0
54311,0
54301,0
63206,0
565,0
42564,4
65088,4
65231,4
70692,4
70767,4
85046,0
31159,0
46042,4
68989,4
73500,0
76768,4
19209,0
80282,0
2563,0
9213,4
10378,0
10406,0
12633,3
12872,0
14324,3
15006,0
17324,0
18972,0
20059,0
22237,3
26842,0
26972,0
27151,0
29548,0
29614,3
34945,0
37398,4
37507,4
39709,4
40858,4
42185,0
42198,0
42247,0
42389,0
42415,0
42440,0
43625,0
44433,0
44465,0
44472,0
44486,0
44498,0
44756,0
45081,0
45843,0
45940,4
46917,0
47408,4
48563,0
48592,0
48629,0
48771,0
48850,0
48857,0
48914,0
53893,0
53907,0
53986,0
54150,0
54228,0
55620,0
55742,0
55839,0
57725,4
59179,0
59346,0
59395,0
59625,0
59650,0
59851,0
60482,4
60684,0
63312,0
63330,0
66711,0
67112,4
67310,4
67758,0
67867,0
67900,0
67901,0
67960,0
68302,0
68327,0
68911,0
69570,0
70329,0
70649,4
70935,0
71370,0
72627,4
73242,0
73517,0
73568,0
73594,0
73604,0
73643,0
73665,0
73745,0
73859,0
73943,0
75632,0
76848,4
76884,4
78625,4
78893,4
78894,4
79063,0
79075,0
79194,0
79241,0
79254,0
79294,0
79295,0
79514,0
79714,0
79742,0
79847,0
80893,4
82677,4
83106,4
84677,0
84727,0
84839,0
84956,0
85137,0
85307,0
53223,0
33356,3
57746,4
59607,0
59733,0
31319,2
82422,0
7554,3
27930,3
1634,4
14153,4
30284,0
38696,0
52129,4
45001,0
45092,0
59070,0
45181,0
45182,0
84762,0
73377,0
59577,0
74462,0
33521,3
14941,3
6345,0
9218,0
22260,0
25954,0
36092,0
36097,0
36112,0
36196,4
36218,0
36292,0
40031,4
44939,4
50796,0
50885,0
50889,0
50903,0
63964,0
64017,0
64212,0
64213,0
64214,0
66472,4
69431,0
85993,0
11377,0
12221,0
12264,0
12470,0
14838,0
18386,0
32097,0
35886,0
36228,0
42514,4
43143,0
43912,4
45065,0
45648,0
47731,4
51538,0
64019,0
64127,0
64367,0
68603,0
68824,0
68889,4
68972,0
85918,0
52406,4
67498,0
78622,0
29071,3
48792,4
48813,4
47139,4
17318,0
73361,4
73426,4
45954,4
44218,4
56942,4
60592,4
39532,4
17537,4
30722,3
48142,0
85181,0
7053,0
34789,0
40063,4
41068,4
41616,4
41820,4
42295,4
62458,4
65630,4
66230,4
68714,4
72127,4
72128,4
74002,4
74077,4
74277,4
81034,4
81323,4
29100,3
79038,0
18530,3
32321,3
77043,4
72925,0
72926,0
73041,0
73219,4
79354,4
15493,3
78150,0
79559,0
51214,0
78647,0
70885,4
40325,4
76589,4
87106,4
85573,4
10745,3
81640,0
22958,3
26082,3
33157,3
26402,0
50249,4
50269,4
73741,0
74401,0
44704,0
45215,0
24274,3
25387,3
6377,3
85352,0
63876,0
38003,4
38169,4
75984,4
82241,4
47988,4
13632,3
38896,4
47836,4
48082,4
62262,4
68314,0
68517,0
68538,0
68555,0
68609,0
80514,0
85416,0
84332,0
86296,0
54461,0
28251,3
42294,4
81079,4
81264,4
7406,0
15888,3
38196,4
41243,4
42929,0
44231,0
44834,0
54779,0
59161,0
64049,0
68569,4
82671,4
58921,0
77851,0
28221,0
69005,4
19128,0
58539,0
46588,4
24570,0
39824,0
77850,0
3842,4
19037,0
3542,4
38741,4
24647,0
47956,3
29310,0
64789,4
43928,0
43945,0
36691,4
66123,4
84070,0
60540,4
10099,0
10513,0
81389,4
69389,0
38870,4
51081,0
23944,0
63103,4
63380,4
64591,4
23502,4
68882,4
43821,4
43835,4
37962,5
39553,5
21147,3
53817,0
35762,0
35820,4
51008,4
52333,4
34552,5
57848,2
65352,2
67708,5
50738,4
50710,4
51704,4
62331,4
22292,0
25150,0
53011,0
29337,3
55895,4
58514,0
9137,0
50415,4
1895,3
25501,3
35763,4
36528,4
58350,2
73329,4
68110,0
68179,0
43820,0
66831,4
14875,0
22178,0
44560,0
604,0
7367,0
36527,4
36997,4
59388,0
58942,4
65849,4
65929,4
69550,0
69659,0
74987,0
78022,4
80469,0
48688,0
30261,0
41202,0
43729,0
62973,0
74230,0
73223,0
29682,0
26428,3
49923,2
83339,2
21318,0
22957,0
54220,0
78766,0
67931,0
78256,4
73482,4
49306,4
33423,3
34466,4
35969,4
38908,4
58251,4
58302,4
58785,4
64518,4
65133,4
37400,4
59248,0
575,0
32099,3
62703,4
39580,2
5402,3
44558,2
61707,2
67392,5
71267,2
85591,2
44352,4
88459,4
5239,3
35632,4
80552,0
1265,4
1765,0
9912,0
35353,0
35701,0
35756,4
36753,4
37079,4
37710,4
60806,4
62494,4
62590,4
62768,4
62814,4
64062,0
66713,4
68924,0
69330,0
69351,0
74531,0
77139,4
80406,0
30188,3
42625,0
36623,0
36715,0
58106,2
44491,2
66448,4
45316,0
80458,0
37672,4
75662,5
17975,3
58647,0
58660,0
58605,0
42651,0
54891,4
59414,0
6180,3
23797,0
45889,4
88138,4
35224,4
55313,2
40217,0
42463,0
54455,0
79330,4
80085,4
61037,0
71506,0
74238,0
68125,0
35045,0
35243,0
67985,0
68027,0
73422,4
74296,4
80512,4
48502,0
82542,4
73652,0
84282,0
84469,0
53675,0
61262,0
59172,0
79654,4
35155,0
35191,0
39434,0
42608,0
42646,0
42913,0
43461,0
44515,0
44572,0
44604,0
51353,4
52636,0
54409,0
54430,0
54485,0
63540,0
68798,4
72305,4
73052,0
74422,4
74958,4
83204,4
87689,4
88545,4
20651,0
1786,4
75413,2
39996,4
41831,4
43614,4
50028,4
68031,0
68098,0
72845,0
47600,4
14517,3
23241,0
27609,3
35004,4
35261,4
36570,4
36968,4
37207,4
37382,4
37408,4
37486,4
42279,4
42522,0
42574,0
42583,0
42609,0
42619,4
42657,0
42974,0
44605,0
44633,0
44784,0
44950,0
45051,4
46328,0
47272,4
47441,4
47629,4
48352,4
54314,0
54329,0
54428,0
54483,0
59410,0
59550,0
59748,0
59753,0
59811,0
62568,4
62579,4
62654,4
63714,0
63762,0
63799,4
67687,4
67975,0
68023,0
68056,0
68209,0
68638,4
72570,4
73812,0
73853,0
73973,0
74011,0
74019,0
74152,0
78408,0
82880,4
83089,4
84897,0
88229,0
47186,4
55711,4
58171,4
35533,4
78264,0
27493,3
88306,4
34469,4
35773,4
40416,4
72602,4
18787,3
42394,0
42661,4
44279,0
36664,4
59187,4
61319,4
25795,3
65295,4
67847,0
71219,0
63766,0
58854,0
84934,0
18893,3
69668,0
52417,4
67844,0
67880,0
57818,4
71199,0
64831,2
73211,0
84761,0
84785,0
38267,2
40699,0
43549,0
44501,0
60714,4
41562,4
41563,4
68453,0
79146,0
83650,0
53901,0
76422,4
44466,0
44490,0
59611,4
68136,0
73664,0
73760,4
73888,0
53426,0
1616,0
48693,0
59120,0
59241,0
38012,4
39813,4
39959,4
75396,4
1113,3
38720,2
44260,2
71779,2
85134,2
87123,5
34985,2
36203,0
53711,0
62110,4
62357,4
37961,0
32695,3
35230,0
35344,0
37419,4
37867,4
38332,4
38335,4
49765,0
55073,4
55500,4
56295,4
63520,0
65947,4
66373,4
68035,0
68625,4
68754,4
69996,4
72551,4
85812,4
78366,2
3588,4
4106,3
73311,0
15344,3
70448,0
78332,0
21584,4
53140,5
18596,0
78705,0
84824,0
59812,0
73972,0
50121,4
68208,0
72514,4
66770,0
71461,4
86299,0
86300,0
86402,0
46546,0
68916,0
79818,4
80740,4
68502,4
59666,0
79777,0
46883,2
73751,4
73719,0
73720,0
78594,0
184,3
63798,4
24581,3
42717,0
77807,0
83944,0
62138,0
33679,3
32310,3
69542,0
35242,0
37468,4
74501,0
69731,0
69756,0
76314,4
71988,4
49936,4
43214,4
46980,4
68185,4
72808,0
72959,0
78232,0
19786,0
36239,0
88774,4
56934,4
55826,2
35687,4
40547,4
48565,0
67560,4
70681,4
87052,4
37607,4
31402,3
31538,3
34941,4
34942,4
34961,0
35014,4
35015,4
35032,4
35118,4
35199,0
35304,0
35305,0
35359,0
35500,0
37851,4
42449,0
42450,0
42477,0
42488,0
42566,0
42569,0
42860,0
44432,0
44474,0
44549,0
44553,0
44615,0
44657,0
44688,0
44695,0
44731,0
44732,0
44869,4
45422,4
46647,4
46871,4
47020,4
48298,0
48408,0
50235,0
54272,0
54289,0
54480,0
54496,0
56808,4
59599,0
59600,0
59775,0
62341,4
65704,4
66538,0
67722,4
68048,0
68068,0
68095,0
68176,0
68310,0
68432,0
70720,0
70940,0
70996,0
73747,0
73803,0
73927,0
73978,0
74288,0
75901,0
75913,4
77288,4
77468,4
79066,4
79378,0
79507,0
79599,0
79613,0
79758,0
84857,0
85358,0
11872,3
43565,4
43617,4
69128,0
81209,0
82852,4
83843,4
88155,4
55403,4
45345,0
6114,3
74884,0
74902,0
74965,0
75074,0
35168,4
46651,4
46991,4
18284,3
24527,3
67790,4
12288,3
49603,4
54237,0
30994,0
7305,5
38923,5
44236,5
51546,2
31860,3
41910,4
33057,0
62112,4
42872,4
69227,0
84439,0
52349,4
16094,3
77588,4
74088,0
1200,4
7085,3
10621,0
11215,0
36323,0
36420,0
45613,0
60497,0
45406,0
53248,4
276,0
1002,0
4655,0
15651,3
15813,0
36244,4
36263,0
36264,0
36294,0
36370,0
36483,0
36579,4
36713,0
40260,0
41863,4
43687,0
43688,0
43803,4
44088,4
44829,4
44884,4
45509,0
45512,0
45811,0
51638,0
52652,4
52689,4
52763,4
60360,0
60390,0
60423,0
62374,4
64251,0
64263,0
64269,0
64285,0
64287,0
64337,0
64394,0
64557,0
68409,4
69594,0
69595,0
69605,0
69682,0
71096,0
73842,0
79531,4
81040,0
81085,0
81180,0
81181,0
81203,0
81207,0
81215,0
83555,4
86218,0
86219,0
86241,0
86418,0
45407,0
52106,4
42758,0
70444,4
70490,4
62598,5
3970,0
36633,0
48811,4
64503,4
74982,0
31899,3
84208,0
77220,0
77593,0
80756,0
80859,0
81136,0
51560,0
60157,0
44536,0
46231,4
46295,4
47176,4
47191,4
47647,4
47705,4
65991,4
67739,4
77145,4
80408,0
50302,4
61074,0
51547,4
51589,4
74908,0
73526,0
64231,0
64281,0
66749,0
83882,4
83960,4
29199,4
73168,0
43700,4
44290,4
14184,4
54213,0
49721,4
49722,4
38794,4
38795,4
38990,4
39006,4
39439,4
69840,0
69876,0
58666,0
75643,1
78079,4
36113,0
43394,0
43524,0
43559,0
79200,0
84198,0
17363,3
64734,1
14773,3
57441,0
29703,3
38265,4
45727,0
54541,4
86696,4
60032,4
84141,4
74060,4
60314,4
48019,4
60979,0
35713,0
35760,0
35900,0
35917,0
38214,4
38264,4
48037,4
48038,4
62378,4
69060,0
41785,1
42113,1
58863,0
10490,3
35841,4
36039,0
64159,0
66040,0
66080,0
45426,0
29743,3
39558,0
45947,4
32850,0
56936,4
24278,3
77819,2
45588,4
27359,3
73286,0
84779,0
25994,3
36082,5
65292,5
49524,5
77757,0
45374,5
56800,5
70902,5
81884,1
87633,2
79808,4
74100,0
53558,0
28677,3
47659,4
64566,0
84276,0
77273,4
49557,4
48345,4
37144,4
43517,4
43557,0
51584,0
69790,0
79324,4
74209,0
33834,3
78796,4
52773,4
51847,2
50060,4
17123,0
44718,4
58311,0
68370,0
83489,4
83548,4
54414,0
72536,4
74353,0
75020,1
34472,0
75043,1
73591,0
76061,0
88590,4
80211,0
43638,0
71445,0
54050,4
40061,0
67894,1
23626,0
69516,0
79355,4
79113,0
60927,0
22870,3
54065,0
31599,0
44909,0
60614,0
60862,0
79595,0
81014,0
81235,0
81325,0
29546,0
36317,4
36377,0
36602,4
36603,4
43735,0
43767,0
43768,0
60198,0
60304,0
64172,0
64207,0
64433,0
64703,0
66526,0
66755,0
67118,0
67756,0
71197,0
74882,0
74933,0
77597,0
81052,0
81054,0
81269,0
86261,0
86321,0
86322,0
86399,0
86480,0
67961,0
51134,3
82270,1
50536,0
53218,0
55192,4
69117,0
69485,1
70405,0
71547,4
72617,1
80571,0
44606,0
459,3
5482,3
35708,0
35914,0
41523,4
43996,1
44816,0
54472,0
64057,0
71097,0
72461,4
73082,1
73312,1
79238,1
45485,0
87090,1
75862,0
9871,3
63703,1
57204,1
70536,1
76504,4
35340,1
35569,0
35597,1
35911,0
38157,1
38637,1
39906,1
42705,1
42921,0
44499,0
44992,0
45401,0
45568,0
47158,4
47278,1
47893,4
52331,0
54744,0
55830,4
59720,0
60335,0
62764,4
63869,0
63966,0
65681,0
68362,0
68492,0
68531,0
68639,0
68663,0
68790,0
70442,0
70479,1
71672,1
74368,0
74382,0
74398,0
74509,0
80153,0
80383,0
80586,0
80663,0
84124,0
85681,0
85702,0
85827,0
86023,0
12660,3
57190,4
80269,0
61435,1
44685,1
70460,0
42821,1
67330,1
10658,3
11209,3
63722,0
50552,1
80955,1
44101,1
44220,1
26189,3
52545,4
85345,0
45072,4
59623,4
51346,4
42861,2
76132,5
44028,4
44652,0
44692,0
85923,0
37065,4
35351,0
42783,1
42784,1
43093,0
16656,3
42775,0
43650,0
60182,0
60271,0
63230,1
71682,0
74721,0
26278,3
26814,3
37064,4
37958,4
38520,4
56887,4
62714,4
74720,4
85371,4
85603,0
12657,3
35677,1
69744,4
71121,0
84342,0
57599,1
71272,5
63602,0
63694,0
36279,1
44690,1
34962,2
40233,1
85009,0
35193,0
68152,0
38031,4
63333,0
24830,3
63556,0
69714,0
69827,0
73490,0
79455,0
84966,0
85231,0
85343,0
86613,1
44858,0
44859,0
44860,0
5350,3
71999,1
74101,1
80147,1
54074,1
4996,3
51275,2
49656,5
41441,1
7283,3
12124,3
24591,3
27369,3
27496,3
1355,3
80059,4
80777,1
10644,3
80256,1
41336,4
77416,4
68114,1
68157,1
26922,3
35682,1
35735,1
35768,1
38683,1
41549,4
42663,1
42664,1
42809,1
42879,1
43160,1
43209,1
43287,1
43324,1
43340,1
43416,1
43883,1
43884,1
44278,1
44618,1
44770,1
46669,1
47351,1
47909,1
48888,1
49219,4
50580,1
51056,1
54754,1
54783,1
59416,1
60075,1
60149,1
60170,1
60396,1
61295,1
61485,4
61617,4
63638,1
63640,1
63641,1
63686,1
63717,1
63744,3
63874,1
63974,1
66491,4
68539,1
68610,1
68845,1
68859,1
68931,1
69236,1
69829,1
70430,4
70433,1
70642,1
70797,1
74057,1
74183,1
74224,1
74246,1
74259,1
74425,1
74528,1
74576,1
75468,1
75655,1
75710,1
79976,1
80075,1
80361,1
82058,1
83930,1
85259,1
85318,1
85334,1
85378,1
85422,1
85527,1
85807,1
86008,1
86037,1
72673,4
79737,5
5343,5
31793,5
80771,1
58775,1
45910,1
76102,4
16779,3
74667,4
29960,3
86561,1
18523,3
4876,2
25522,3
66957,5
83196,4
83237,4
83258,4
79368,1
52097,4
52098,4
52142,4
80255,0
9437,4
48077,4
50504,4
52583,4
52633,4
55035,4
55197,4
59957,0
74325,0
88240,4
25499,3
77612,4
53543,1
73896,1
39232,5
77010,2
47701,4
73000,4
50314,4
36464,4
43423,1
45463,1
60702,3
19395,3
50754,4
58375,4
58628,1
46515,1
73795,1
37244,1
64506,1
64725,1
66746,1
78906,1
42598,1
42779,5
76924,1
46763,4
69968,4
29652,3
39387,5
59774,4
78431,5
58721,1
45272,5
87590,1
63276,1
69599,1
73488,1
75061,1
33736,3
42766,1
52324,0
52558,0
69598,1
52080,1
54550,1
54565,1
33154,3
46633,1
48097,1
45086,0
45490,0
43943,5
36510,1
37096,1
37142,1
60626,1
64577,1
69852,1
37761,5
55265,5
76008,5
86823,4
1757,3
74621,1
55120,2
816,3
42757,5
22736,3
48389,1
1479,3
60542,0
60673,0
85921,1
54291,1
63927,1
58836,0
71155,1
64152,1
65298,1
17988,3
39655,1
82364,1
43671,1
51850,1
58559,1
58560,1
80972,1
81101,1
58717,1
69291,1
69363,1
84959,1
540,0
37762,0
45140,0
60432,0
60449,0
60543,0
60627,0
60658,0
60674,0
64578,0
73804,4
74312,0
74978,0
76886,4
81091,0
81419,0
81503,0
81525,0
81565,0
81568,0
81569,0
84965,0
85162,0
85863,0
85980,0
86329,0
86368,0
86507,0
86736,0
86198,1
88491,1
64074,1
74587,1
85964,1
86192,1
58687,0
60340,1
68957,1
68958,1
59012,1
75021,0
75038,0
75077,0
51027,1
85409,1
45133,1
35696,1
35824,1
35942,1
40500,1
43332,1
43370,1
43419,1
43545,1
45187,1
45243,1
45259,1
45261,1
46190,1
51118,1
53072,1
66229,1
74484,1
74485,1
80233,4
80644,1
80913,1
35988,1
64160,1
46600,1
60456,4
60801,4
64166,1
65416,1
75642,4
16250,3
36064,1
40480,1
41275,1
43375,1
43417,1
43499,1
43893,1
45239,1
49775,1
50983,1
51078,1
51341,1
53227,1
53469,1
59873,1
59996,1
64001,1
64068,1
64164,1
64165,1
66260,1
66353,1
66423,1
68940,1
69297,1
74565,1
74605,1
74662,1
74727,1
75706,1
77489,1
78413,1
80764,1
85799,1
85961,1
86119,1
86170,1
86193,1
1427,3
36683,0
4844,3
5327,3
33734,3
58152,1
69349,1
54423,1
79376,5
80930,1
62043,4
51401,1
51428,1
80074,1
44512,1
67861,1
67862,1
88167,1
8352,3
854,1
60270,1
59647,1
82050,5
45188,1
58641,1
32315,3
43476,1
47110,4
48116,1
48679,1
50649,1
50703,1
61085,1
62887,1
70086,1
56118,4
64040,1
76163,1
63870,1
85148,1
50787,1
65641,5
69849,1
33774,3
74638,1
85599,1
85653,1
16684,3
18814,3
19452,3
64340,1
64352,4
64355,1
66632,4
61520,5
59046,1
16035,3
36240,1
38020,1
43401,1
66987,5
83600,1
25819,3
69657,1
61748,1
73658,1
45527,1
37003,1
40641,4
63559,1
69631,1
69665,1
20500,3
71127,3
60101,1
47223,1
59710,1
64333,1
36672,1
68322,1
22342,3
22795,3
51476,1
60952,1
23655,3
42308,1
45502,1
19574,3
85404,1
60939,1
85171,1
69352,1
54149,1
36219,1
26931,3
35730,1
24497,3
35736,1
35791,1
36227,1
41456,1
43038,1
43120,1
43190,1
43482,1
43869,1
44916,1
45018,1
45256,1
45302,1
45414,1
45644,1
45681,1
47918,1
47936,1
50807,1
51255,1
51633,1
53074,1
60052,1
61165,1
63921,1
63995,1
64170,1
64204,1
64248,1
66474,1
68792,1
68879,1
69091,1
70470,1
73297,1
73725,1
74455,1
74468,1
74490,1
74542,1
74663,1
74682,1
75681,1
80601,1
80674,1
81055,1
81217,1
81583,1
85936,1
86125,1
73756,1
30719,3
55671,1
32852,3
88619,1
85938,1
34793,1
73355,1
60891,1
36851,1
37129,1
37653,1
43815,1
54018,1
60498,1
69580,1
69920,1
70835,1
79766,1
84627,1
19943,3
23702,3
76105,1
84963,1
34848,2
5953,3
8389,3
45006,1
46491,1
42804,1
23615,3
27039,3
45672,1
45676,1
45677,1
60559,1
64419,1
64535,1
81225,1
10440,3
68466,5
72790,5
24312,3
30883,3
50026,5
66972,1
25809,3
45552,1
26704,3
74287,1
48837,1
39582,5
14048,1
31802,3
63148,1
63210,1
79740,1
72061,1
73520,1
54549,1
54602,1
87856,5
82154,4
84322,1
87701,4
43680,1
70960,1
50834,1
69546,1
80083,1
80243,1
81586,1
86141,1
43845,1
63580,1
41698,1
43553,1
63325,1
63345,1
64290,1
64346,1
66983,1
56875,1
73849,1
63683,1
80457,1
85149,1
45305,1
62735,1
63988,1
66620,5
36337,1
39644,1
43319,1
43395,1
43523,1
43558,1
43576,1
44079,1
47944,1
51643,1
51809,1
51860,1
51919,1
51920,1
51956,1
54304,1
56914,1
60201,1
60308,1
64247,1
64415,1
74876,1
74913,1
75016,1
81058,1
86242,1
86477,1
84180,1
68765,1
68870,1
28467,3
51040,1
84135,1
81138,1
47954,1
61451,1
80970,1
36783,1
36992,1
60895,1
72847,1
73534,1
83852,1
79713,1
3282,3
15174,3
47025,1
48096,1
48235,1
48741,1
51063,1
36262,1
45043,1
45111,1
29702,3
39562,5
58751,1
63133,1
84680,1
55366,1
69153,1
69341,1
41678,1
43919,1
79397,1
51808,1
45158,1
52878,1
40272,5
46405,5
55444,5
59642,1
25455,3
26246,3
29339,3
58995,1
59674,1
60655,1
64487,1
64488,1
64505,1
64510,1
64570,1
64616,1
77483,1
22878,3
58705,1
79772,1
39492,5
36044,1
56270,5
58589,1
58949,1
79984,1
79229,1
79780,1
79985,1
54009,1
80521,1
80794,5
12243,3
12796,3
13385,3
13927,3
17385,3
46494,1
39539,1
52909,1
36105,1
36315,1
36347,1
36409,1
36560,1
38203,1
43240,1
43526,1
43592,1
43616,1
44211,1
44273,1
45394,1
51993,1
52040,1
53060,1
53792,1
60119,1
62869,1
64250,1
69377,1
69576,1
74744,1
77622,1
86256,1
86351,1
86352,1
39436,5
12493,3
46591,1
58245,1
35135,1
77763,1
79913,1
80447,1
80831,1
43963,1
81468,1
80326,1
70783,1
70877,1
44668,1
59511,1
53915,1
84968,1
37355,1
65431,1
53967,1
53668,4
57943,1
60969,1
46774,1
34770,1
34839,1
34859,1
34903,1
53946,1
69746,1
5449,3
58529,1
67573,5
77076,1
84177,5
21837,3
54391,1
58667,1
37823,1
45772,1
46453,1
69946,1
27358,3
43539,3
67736,1
19941,3
45375,1
65893,1
65896,1
45669,1
72406,1
82276,1
36299,1
39190,1
67026,1
85952,1
58668,1
74078,1
60551,1
61143,1
74345,1
64201,1
7523,3
65759,1
44842,1
25933,3
80236,1
45645,1
60137,1
47952,1
53000,1
69031,1
69385,1
84772,1
18923,3
8751,3
54337,1
51646,1
59667,1
74119,1
4603,3
1387,3
4811,3
14826,3
17571,3
24466,3
25234,3
55021,5
86506,1
58933,1
29965,3
54336,1
53779,1
57181,1
60502,1
64580,1
64679,1
65838,1
66916,1
70059,1
86363,1
86460,1
43027,1
57262,1
59986,1
58490,1
69629,1
72094,1
81425,1
58615,1
85290,1
85147,1
85312,1
50642,1
85664,1
85828,1
51582,1
87977,1
12635,3
53644,1
59045,1
59254,1
86353,1
57024,1
8110,3
60843,1
74464,1
58876,1
75491,1
63588,1
66640,5
82639,1
59291,1
22111,3
25585,3
56329,1
86700,1
74108,5
60056,1
42890,5
52363,1
54192,1
37126,1
83117,5
49343,5
4921,3
36118,1
53082,1
54248,5
54249,5
52477,1
83314,1
30628,3
30794,3
31399,3
86232,3
83275,1
85136,1
37938,1
54592,5
33152,3
60216,1
86056,1
50972,1
59192,1
19446,3
45624,5
26938,3
59117,1
81423,1
86357,1
75211,1
75399,1
81140,1
82787,1
82928,1
82344,1
71737,5
50731,1
51279,1
54338,1
54144,1
54518,1
81613,1
60414,1
26725,3
47667,1
85511,1
85066,1
31063,1
80533,1
80667,1
37105,1
10753,3
24072,3
31588,1
48107,1
33049,3
5492,3
7517,3
9499,3
9590,3
41189,1
60687,1
55575,1
30877,3
79759,1
83529,1
83684,1
80910,1
51603,1
80378,1
24745,3
36696,1
65680,5
26419,3
26317,3
17336,3
75068,1
73893,1
75162,1
60791,1
60810,1
79786,1
30791,3
37666,1
38017,1
87619,1
43398,5
1279,3
37784,1
75150,1
78620,1
60622,1
3742,1
50789,1
50882,1
61038,1
80836,1
6641,3
75085,1
75703,1
88792,1
6957,3
77886,1
72890,1
75850,1
539,1
689,3
1208,3
1790,1
1804,3
5611,1
5939,1
5940,1
6277,1
7631,1
9226,3
9453,1
10261,1
10353,1
12353,1
12530,1
13186,1
13307,1
13383,1
14015,3
14150,1
14501,1
15090,1
15503,1
16503,1
18762,3
18994,1
20633,1
22029,1
22937,3
23815,1
24430,1
24881,1
24977,3
25521,3
26446,1
27497,3
28012,1
28739,1
30496,3
30630,3
30648,3
30882,3
31607,1
31725,3
31727,3
31744,1
31886,3
31902,3
31970,3
32259,1
33381,1
34007,1
34052,1
34185,1
34998,1
35880,5
36408,1
36416,1
36914,1
37031,1
37536,5
38358,1
38996,5
40603,5
42536,1
42551,1
43854,1
44274,1
44599,1
45247,1
46171,1
46262,1
47932,1
48568,1
48570,1
49290,5
49632,1
50419,5
50806,1
51034,1
51035,1
52860,1
52910,1
54703,1
56008,1
56409,1
56643,5
57573,1
58413,1
59137,1
59445,1
59446,1
59448,1
59655,1
60387,1
60424,1
60719,1
63311,1
63372,1
64318,1
64424,1
69058,1
69119,1
69131,5
69722,1
69847,1
69878,1
70526,1
72421,1
74924,1
74932,1
75002,1
75009,1
75433,1
79620,1
79785,1
81411,1
81494,1
81846,5
81859,5
83306,1
83794,1
85050,1
85399,1
87711,5
87858,5
25475,4
62877,1
9152,4
87779,4
27380,3
23279,3
15841,3
13144,0
7941,2
10159,1
34221,3
46393,4
6843,3
4080,0
17346,3
34245,3
30492,3
32136,3
15246,3
15482,3
16302,3
17437,3
17500,3
18061,3
20049,3
75664,4
6980,0
7272,0
33080,4
34302,0
23394,4
23794,0
23795,4
22962,0
56349,1
17468,3
15431,0
14151,2
12921,3
11977,3
29290,4
17944,3
84840,2
16729,2
34246,3
26634,2
34049,4
53538,1
23049,2
996,2
80584,0
9288,0
82919,4
41156,1
78808,1
28594,3
57698,1
77111,4
30490,3
2378,0
12475,0
23218,2
33060,0
76080,5
27895,4
7824,2
8577,2
6842,3
41745,1
3030,2
6798,3
6192,3
12798,3
532,4
41740,4
82927,1
54014,4
79693,2
53455,0
18468,4
78665,0
41040,4
41041,4
77112,1
77113,1
5456,1
6440,4
18009,3
31205,4
14866,0
28129,0
80315,0
25012,0
86475,5
7238,2
30279,2
80759,1
60038,1
86335,2
20615,2
73744,1
54799,4
18207,0
22635,3
32202,3
55880,5
3311,3
7920,3
8338,3
22073,3
18005,0
14290,0
38323,2
71807,4
84413,0
30073,3
18663,2
27333,0
19343,2
6645,0
20901,0
21235,4
10295,4
52968,0
47188,4
26795,0
68636,4
22888,0
28169,3
32180,0
87957,4
10795,0
11291,3
677,0
21617,0
20958,0
34090,0
27254,4
21692,4
23424,2
33171,3
9185,4
32460,0
19957,0
31551,3
11674,2
48643,2
30271,4
60538,0
16572,0
448,4
9099,0
17621,4
33096,0
82903,4
23433,4
366,4
26671,3
6776,4
24465,3
28060,0
13305,4
21047,0
12313,0
56036,4
28346,0
11759,4
8165,3
3091,3
12308,0
8886,3
33495,0
22471,0
20076,4
8512,2
28055,0
39671,2
24559,0
29904,0
23174,4
25250,3
5152,0
28755,0
37375,4
14082,4
23843,0
156,0
4309,4
33115,0
11647,2
82195,2
11197,0
18875,4
50781,4
28665,3
16796,2
73310,0
22262,0
2457,4
10329,4
14160,0
28667,0
31282,4
66473,0
32607,3
15756,0
958,4
7719,4
3545,0
10558,4
18467,0
26670,0
28718,0
29970,4
5291,2
58673,2
5125,2
21951,0
3931,2
31019,2
522,0
5588,0
8598,2
22228,0
3491,2
10360,0
10434,4
11024,0
4095,4
27434,0
27156,4
22643,0
1575,3
18436,4
7489,2
31100,0
80172,2
23831,3
10898,3
5645,4
51438,4
52022,4
29496,4
77586,4
40783,2
525,2
24041,0
16308,0
13611,0
737,0
7299,0
79863,2
18971,0
25271,2
17340,2
10267,0
39336,4
72634,4
83004,0
11978,0
17810,4
3698,2
30961,0
26604,2
20203,3
6002,0
77550,4
39244,2
30110,2
22037,2
55159,2
10291,0
28966,0
37107,4
40306,2
54886,2
62651,4
6009,2
45842,2
54805,2
55111,2
62133,2
67811,2
6621,4
39259,4
31220,0
12204,2
17857,0
427,2
2149,2
2205,2
21604,2
25096,2
55042,2
67446,2
69286,2
86910,2
17773,0
26122,0
88223,4
28236,0
63425,0
18600,2
32945,4
22766,0
49782,4
10858,0
16084,0
17455,4
17627,0
26581,0
29621,0
31463,3
13500,0
33000,0
23611,4
65150,4
3247,2
21720,4
16697,0
25123,0
7472,4
13885,0
23469,0
71185,0
42842,4
8299,4
31187,4
48044,0
88703,4
56436,4
5710,0
7078,4
12669,4
13271,4
14921,0
16957,3
29795,4
40520,0
46970,4
65530,4
67467,4
67562,4
69183,4
70611,4
72143,4
78688,4
49104,4
1681,0
1821,3
2500,0
4611,0
6475,0
7883,0
8960,0
14237,4
16106,0
16682,0
17105,4
17247,0
22853,0
22855,0
23933,0
27683,0
28612,0
31756,0
31757,0
31982,0
39789,4
49984,4
55283,4
58067,4
63078,0
63118,0
76715,4
84248,0
87408,4
24411,4
26322,0
20014,0
25515,4
48530,4
33838,0
25992,0
29710,3
4014,4
22348,2
202,4
4003,4
6446,4
6874,4
7559,4
8901,4
10335,4
10967,0
13147,4
16661,4
25121,0
25955,4
37133,4
37446,4
37671,4
37876,4
39518,4
40781,4
48755,4
55408,4
55632,4
64819,4
66308,4
69974,4
450,0
1993,4
2390,0
2453,0
3596,0
4502,0
4713,0
8132,4
8249,0
9335,0
9521,4
10279,0
10742,0
11302,0
11781,0
12383,0
13065,4
13703,0
14073,4
14224,0
17142,0
18548,0
19696,0
20260,0
22172,0
22347,0
23311,0
23464,0
24314,0
24347,0
24986,0
25453,0
26595,3
28223,0
30209,0
32530,0
32999,4
33677,4
47312,4
48306,0
49909,4
58164,0
58208,0
58306,0
58640,0
59142,4
69116,0
69216,4
73014,0
82258,4
84163,0
12053,2
17135,2
23847,2
28993,2
66047,2
75459,2
2498,2
16591,3
368,4
30138,0
6421,0
2478,4
9391,4
15795,4
39586,4
39587,4
39588,4
74927,4
26044,4
24728,3
49443,4
45678,0
33184,0
23665,0
4686,4
5959,4
10342,0
11452,0
13462,3
657,0
16455,0
19636,0
4028,0
13128,0
26975,0
27012,0
49492,4
14265,4
22293,0
26154,0
23660,0
26328,0
25607,0
13961,4
72235,4
65615,4
14528,4
29755,3
19487,0
15567,4
2678,4
3921,4
4638,0
13113,0
18973,4
19110,4
21160,0
22687,4
23983,4
29721,4
57777,4
67535,4
68693,4
86647,4
17156,4
383,0
1034,0
1239,4
2446,0
3011,0
3387,0
4440,0
4688,0
5718,0
6246,4
6796,0
6876,0
7194,0
9145,0
9851,0
10101,0
10482,0
11079,4
11569,0
11612,4
14824,0
17214,0
22831,0
23873,4
24600,4
24627,0
29364,0
29898,0
30165,0
31407,0
31507,0
32065,0
33371,0
34233,0
42490,4
70279,4
72859,0
74708,4
76322,4
78344,0
80082,4
827,0
1091,4
1394,0
1851,0
1973,0
4203,0
4361,0
4405,4
4764,0
4942,0
5059,0
6300,0
6339,4
6362,4
7313,0
9580,0
10391,4
10962,4
12289,0
14607,4
16938,3
18551,0
19195,3
19694,3
20274,0
21317,0
22338,0
22645,4
22821,4
23191,0
23393,0
23549,4
23768,4
24612,0
25973,0
27157,0
28589,0
31077,0
32153,0
32573,0
32657,0
32805,4
37062,4
37857,4
38865,0
42384,4
42423,4
47510,4
51629,4
51675,4
52573,4
56085,4
65609,4
66965,4
67258,4
67294,4
67751,4
69945,4
69999,4
70000,4
70001,4
73474,4
73709,4
80189,4
81315,4
73207,4
25335,4
5474,3
13145,0
13478,4
14461,0
21896,0
25716,0
25815,0
25816,0
32751,4
22751,0
15036,4
5347,2
20572,2
3346,4
4969,4
5877,0
5941,0
6008,0
6918,4
12013,4
12919,0
14202,0
15653,0
16585,0
17267,4
21986,0
33459,3
53170,0
64991,4
13837,0
15314,0
27133,4
22075,0
27972,0
22209,3
74253,0
74374,0
77623,0
74254,0
74314,0
14639,0
21018,0
47388,4
11763,0
28931,4
17596,0
32304,0
71642,4
21535,0
72592,0
2815,0
13388,0
13810,0
24456,0
33978,0
5893,0
19976,3
4207,0
12632,4
12848,4
81812,4
12710,0
492,4
15217,4
16926,4
7534,0
11081,0
13983,0
27956,0
30036,0
33810,0
14879,4
19102,4
30056,0
26256,4
45,0
27325,0
30935,0
87791,2
19530,4
81294,4
27467,0
52187,0
88621,0
13631,0
21419,0
73667,4
81556,2
24646,0
347,4
4505,0
4506,0
14220,4
24903,0
50714,4
62636,4
70481,4
83343,4
1835,4
28469,0
72294,4
74049,4
76083,4
33297,0
29001,4
28860,0
70648,4
5766,4
21186,4
79616,0
1049,4
8256,0
18011,0
31582,0
35031,0
35202,0
69826,0
32621,0
87249,4
1146,0
10811,4
15126,4
17134,0
19311,4
47496,4
23141,4
61204,2
62068,2
4409,0
64345,2
31979,3
21253,4
67857,4
67865,4
3182,0
60320,0
18383,0
56630,4
15860,0
20796,0
73332,4
84136,4
84264,4
19094,0
24880,0
20344,3
12362,4
22441,4
20208,4
30373,0
32987,0
56211,4
76406,4
862,3
4841,3
14146,3
5398,3
87832,4
43725,4
67893,4
13353,4
14030,0
18689,0
21007,0
21608,0
22054,4
31337,0
35629,0
44742,0
63786,4
75854,0
82885,4
86612,4
74003,0
3148,0
3180,4
6818,4
7421,0
8170,0
10025,4
12565,4
13587,0
13649,0
16479,0
16623,4
17495,0
17756,0
19208,0
28794,0
30681,4
40931,4
42987,0
44838,0
50712,0
62849,4
63729,0
65124,0
68484,0
68504,0
74141,4
86203,0
88324,4
11921,0
87296,4
37370,4
37466,4
14242,0
63627,0
18987,0
20376,0
11350,3
80025,0
397,0
791,0
35293,0
35516,0
35539,0
35664,0
81160,4
8824,0
35250,4
46523,4
47085,4
47419,4
56724,4
46596,4
6787,0
10128,0
14047,4
86913,4
15733,4
4496,0
59912,0
14576,0
5556,3
4029,0
35381,0
35431,0
2324,0
4438,0
6730,0
27803,4
50975,0
65085,4
71667,4
18798,3
26377,0
85762,0
36760,0
20081,3
5719,0
19502,0
69369,0
25692,4
84925,0
4519,3
3172,3
58242,4
15020,3
7470,2
68251,4
82328,4
51649,2
18213,3
16900,4
33747,0
23569,3
47586,0
30371,4
4187,0
49576,4
21591,0
10098,0
11323,4
81022,0
13921,4
31595,2
68873,4
30655,0
50790,4
59636,2
55400,2
33825,0
34545,4
37641,4
41611,4
63211,4
63254,4
2451,2
2424,2
39406,2
46683,2
66284,2
66342,2
72129,2
75031,2
59027,2
85186,0
69511,0
3488,0
37417,4
72121,4
87338,2
5769,0
43701,0
58224,4
69260,4
56236,4
86490,4
37161,4
64943,4
65240,4
65410,4
65429,4
69419,0
70803,4
29583,3
85257,4
28043,3
31915,0
32663,0
42049,4
42866,4
44176,4
48441,4
59651,0
78534,4
57010,4
61406,4
47060,4
3207,3
3460,4
70426,4
2688,0
155,4
1145,4
3355,4
3455,4
3773,4
39593,4
39858,4
39859,4
55203,4
64187,4
65025,4
65029,4
65060,4
70238,4
71648,4
19554,0
30855,3
47662,4
49116,4
51593,4
57568,4
58996,0
64963,4
69437,0
69451,4
69452,4
74375,0
78719,0
84710,0
61674,4
48399,0
84081,4
72483,4
34370,2
47581,4
24660,3
25143,0
82699,4
17930,4
43112,4
72946,0
1875,3
40943,4
3432,0
4607,0
16948,0
21668,4
21940,4
22183,4
22613,4
22649,4
40888,4
41991,0
43331,4
43647,4
46915,4
62566,4
62786,4
65484,4
67064,4
69662,4
70383,4
72934,4
86430,4
61281,4
21747,0
3822,3
64257,4
87429,4
43819,4
63341,0
67164,4
69735,4
2869,4
7125,3
11380,4
19267,0
21194,3
22167,3
42351,0
53462,0
53491,0
53615,0
53760,0
63255,0
63323,0
63489,0
69856,4
72246,4
73360,0
76638,4
79091,0
79717,4
79718,4
23496,0
69487,0
34021,4
19880,0
8289,3
19280,4
9816,0
12050,0
42492,4
52508,4
52510,4
15086,3
55082,0
52986,0
904,0
83963,0
10455,0
10670,0
11982,3
16366,4
17960,0
41257,4
43149,4
62489,4
71282,4
71293,4
74158,4
76707,4
88806,4
22374,0
51981,0
82130,4
35847,4
37645,4
47423,4
84331,0
37472,4
76528,4
87825,4
22631,4
1692,4
84289,0
47674,4
51510,4
73680,4
62372,4
50860,4
20884,0
20129,0
78333,4
50969,4
46772,4
66869,4
33850,4
60224,4
60410,4
60534,4
38558,0
16888,0
17331,0
29007,4
78900,4
30804,0
31327,0
72179,4
43185,4
85128,0
86200,4
20711,3
62826,2
62674,4
61493,5
62500,2
37558,0
37644,4
47845,0
42246,4
64018,2
31552,3
78422,0
23861,3
23128,4
48972,2
65076,2
81943,2
85838,2
61782,2
50706,4
78990,4
73535,0
47439,4
5996,0
22259,3
33377,4
41168,4
41436,4
42171,4
46347,0
31972,3
13895,0
26760,4
88678,4
18707,0
63558,0
22859,3
2125,4
46755,4
43773,4
50744,4
53574,4
54052,0
69897,4
74878,4
79108,0
79231,0
3080,0
34400,4
37467,4
37563,4
38045,4
67639,4
77458,4
77474,4
77496,4
32673,3
43030,4
48795,0
48832,0
49797,4
54663,4
69564,4
73897,0
79168,0
64667,0
66450,4
73353,4
66545,2
75343,2
63010,4
15266,0
59939,4
25011,0
4796,4
18038,0
25957,4
34408,4
36503,4
43784,4
45088,4
47464,4
47540,4
47730,4
48223,4
49024,4
71395,4
73661,4
76980,4
86525,4
4782,3
2716,4
4395,4
69560,0
34805,0
1528,3
3944,0
11206,0
12629,0
36659,4
42245,4
42713,4
45217,0
46580,4
47965,0
69805,0
72293,4
576,3
41639,4
46781,4
18488,4
47746,4
60093,0
64391,0
81900,4
58031,4
48736,4
48778,4
48791,4
48814,4
70367,0
40064,2
40411,2
60837,2
49146,4
87629,2
42632,4
46414,4
46653,4
68623,4
32745,4
73119,0
73275,0
51208,4
74407,4
41975,0
85524,0
47066,4
73650,4
74627,4
56307,4
78452,5
2492,2
47132,4
73417,4
86557,0
50815,4
35821,4
77859,2
8614,3
1352,3
62553,4
63432,0
63493,4
6210,4
64462,4
14723,3
82989,4
17125,0
73284,4
73440,4
46993,2
43881,2
75470,2
35846,4
23452,3
59982,4
60469,4
60805,4
73265,4
72260,4
84530,0
47305,4
47843,4
46933,4
35068,0
35145,0
75628,0
4232,4
35107,0
62369,4
65040,4
65083,4
68198,4
59281,4
51176,4
51207,4
75444,4
16854,3
54341,0
54392,0
59308,4
59554,0
59877,0
62653,4
82527,4
82740,4
76995,4
77065,4
33741,3
56399,4
57352,4
27366,3
29774,3
88139,4
43627,0
39949,4
53318,4
7361,3
88486,4
22710,4
22866,4
83705,4
58135,4
73739,4
26967,3
37337,2
66265,2
77319,2
79811,2
35388,0
36379,4
40525,4
46382,4
70868,4
76006,4
32439,3
35134,0
35219,0
4397,3
82499,4
51686,0
44713,0
44788,0
64011,0
27205,0
64052,0
46990,4
58283,4
34072,3
56817,4
53554,4
45547,0
45559,0
45560,0
46409,0
39743,5
53249,4
36385,0
43633,0
44019,0
45379,0
45712,0
52651,4
81011,0
82210,4
84837,4
85047,4
69778,0
87696,5
65738,4
67485,4
67655,4
67947,4
70972,4
72158,4
40269,2
25906,3
68755,0
19860,0
51228,4
67589,4
83672,4
88313,4
81479,4
50739,4
36098,2
25932,3
51645,4
51667,4
34939,0
34959,0
35197,0
35198,0
4215,0
36183,0
36248,0
44872,0
44873,0
37027,0
71108,1
72894,0
72914,0
44883,1
45212,0
66981,4
42964,0
44811,0
44880,0
57717,4
68722,1
68725,1
74350,0
61496,0
61073,4
39772,4
62406,4
87360,4
45992,4
48043,1
48064,1
48638,1
41585,1
58865,4
57366,4
47857,4
35611,1
41030,1
45229,1
47293,4
52170,1
59735,1
59736,1
59830,1
65037,1
86122,4
57234,4
77143,5
1110,3
57689,4
73932,4
79853,4
50399,4
76762,1
29417,3
59558,4
84660,1
42163,4
79425,0
58278,1
46698,5
52937,5
78399,1
84438,1
54640,1
83608,1
36535,0
37000,0
45126,0
74977,0
71723,1
71763,1
1404,3
37290,1
5361,3
47612,1
43062,1
45784,4
37560,1
65197,4
65772,1
66096,4
52113,1
41672,4
48186,1
78331,1
84590,1
81645,1
20781,3
20226,3
77823,1
64245,1
78270,1
52006,5
78266,5
30620,3
30511,3
85098,1
59472,1
73702,1
34583,1
57025,1
43099,1
43104,1
43237,1
76411,1
81059,1
75447,1
75533,1
77366,1
60500,1
60864,1
44468,1
50618,1
32904,0
10119,3
20088,3
45962,4
70727,1
81549,5
86867,5
76877,1
71743,4
46236,5
63065,1
63066,1
65686,1
65706,1
48005,1
43771,1
79924,1
60219,1
44286,5
51354,1
36216,1
43202,1
26007,3
47991,1
41184,1
43597,1
48065,1
32046,3
32899,3
11681,3
27560,3
19287,3
69266,1
63331,1
73317,1
56605,1
52269,1
83216,1
83289,1
73766,1
37554,1
81402,1
56654,1
53144,1
83970,1
44497,1
44570,1
31608,3
31718,3
32328,3
81115,1
59150,1
49303,1
49337,1
16501,3
4834,3
14143,3
63604,1
77970,1
78088,1
78120,1
76066,1
33432,3
50336,1
79154,1
79155,1
45116,5
40383,5
83217,1
50635,1
59825,1
80805,1
40310,1
80265,1
9504,3
62778,5
4784,3
21767,3
80065,1
64688,1
83431,1
83528,1
46133,1
46138,1
46163,1
46164,1
48117,1
83530,1
60161,1
64686,1
60042,1
50810,1
78841,1
85542,1
319,3
5717,1
6478,1
8286,3
14445,3
16690,1
18905,1
21377,3
23553,3
31097,3
31411,3
34949,1
38623,1
44419,5
48719,1
48720,1
48766,1
51269,1
51657,1
57601,5
63631,1
64655,1
64712,1
77664,5
87561,1
28509,0
13929,0
16481,0
19640,2
55032,3
28053,3
19278,3
11634,4
9284,2
37284,4
37682,4
32461,0
66839,5
66840,5
29283,1
10083,3
8704,4
9711,0
11189,4
11110,2
19387,0
25925,3
29550,0
15588,4
25704,0
22440,2
74843,2
49076,4
37779,5
69738,1
82201,1
60957,1
69149,4
16968,2
51170,4
18818,3
4072,2
8518,2
52301,1
82764,1
33737,3
43325,4
60238,1
66633,1
18276,2
59487,1
52803,1
42935,1
57979,1
55887,2
18206,2
14054,0
7755,4
73106,4
68895,4
50109,4
53343,1
49608,4
31615,3
11593,4
35944,4
39899,4
40511,4
24213,4
1290,0
38587,4
2495,2
29665,3
58409,4
15485,3
33637,4
4081,3
27812,3
31948,0
87892,2
87606,2
25542,3
67233,1
26868,3
9879,2
41768,4
62733,4
3316,3
38216,1
4704,3
28071,3
18763,3
60230,5
22386,2
16218,4
26859,3
11640,2
6758,4
6759,4
60833,1
64276,1
140,0
7912,2
18445,2
18622,2
19385,4
82427,1
5916,3
10484,2
20914,3
16182,2
5494,3
11773,3
13706,3
39830,5
5575,0
15329,2
24780,0
37797,4
38374,4
40402,4
41221,4
41351,4
43467,2
44041,4
50153,4
52540,4
52576,4
52988,4
54515,4
56354,4
60480,4
61529,4
65063,4
68158,4
71840,4
73996,4
76516,4
80049,4
80979,4
81514,4
81930,4
82146,4
82385,4
82678,4
82793,4
27883,0
10410,0
10425,0
32296,0
32613,0
32622,0
55664,4
17698,4
20041,0
20411,0
27642,4
76025,4
18788,0
20671,0
26097,0
21103,0
10403,2
18417,0
80210,0
3659,4
19724,0
6201,0
33715,3
695,4
27857,0
27546,0
19251,0
32137,0
7729,4
19053,0
77639,0
1084,0
4516,0
6326,0
6753,4
7142,4
17946,3
19992,0
13448,0
17811,0
17208,0
26312,0
26366,0
36513,4
37123,4
9240,0
33327,0
14332,0
17306,0
24955,0
27084,0
13578,3
13352,0
27978,0
3714,4
4417,0
4719,4
28103,4
72789,0
9270,3
16858,0
26743,2
2187,0
10989,0
56608,4
18398,0
22811,0
22068,0
24287,3
12228,2
6596,3
30452,0
17791,2
18981,0
17840,0
27595,0
30132,0
50602,4
12460,4
4507,0
17420,0
3997,3
14042,4
14728,3
88315,0
31234,3
31964,3
720,0
77885,0
22305,3
21385,3
41248,4
6165,0
7222,3
22873,0
29357,0
16107,3
34281,4
20354,0
9805,3
27346,0
4752,3
20019,0
32776,0
9732,0
23600,3
4112,0
24107,0
25055,0
31714,4
19800,4
19027,0
4890,3
27441,2
18304,3
33449,4
17047,0
311,0
23851,0
945,2
2671,3
33908,3
18554,0
65488,4
11946,0
23676,0
20732,0
6097,4
33046,0
19748,0
6096,4
26805,4
17454,2
22251,3
23694,3
20580,3
25752,0
74313,0
24105,0
7687,3
9435,3
2039,4
22147,3
9356,0
2999,3
479,3
1746,0
21282,0
27294,3
28762,0
30343,4
32431,4
3924,3
17768,0
36673,4
779,0
16257,0
9868,0
82786,0
15508,0
57207,4
25813,0
19529,0
2186,0
21019,3
32198,0
6923,0
1161,0
31782,0
21641,0
18662,3
6484,3
32471,0
31717,0
4585,3
13563,0
1220,3
21702,0
19378,3
32426,0
27046,3
19774,0
8844,0
4634,4
4671,4
6140,2
25433,4
33263,0
2847,3
78750,4
74832,0
17902,0
19494,3
24013,0
5001,3
27816,4
9009,3
3193,3
32587,3
29254,4
29594,4
33162,0
23870,4
57136,4
23455,0
22145,3
33126,0
42605,0
20340,3
25715,3
57309,4
3308,4
26973,0
31641,3
29035,0
5008,3
83464,0
8242,0
18719,0
31789,0
77967,4
6909,3
13758,3
16071,4
3453,3
31544,0
13303,4
32591,3
31323,0
33161,3
12797,3
19274,0
1447,4
77649,2
26880,3
16354,2
6259,0
28272,3
9896,4
14704,3
47559,4
18062,4
19579,3
58282,2
23352,2
1610,4
28341,0
30730,0
2650,3
40277,0
24084,3
21961,0
69736,4
1183,3
18450,3
9107,4
19478,4
20452,0
20384,4
30049,0
23987,0
30725,0
31576,3
3025,0
6559,0
27330,3
72972,0
18670,0
25520,0
66922,4
31752,3
31194,0
23129,2
12915,0
25631,3
58555,2
3475,4
2469,3
4770,3
8399,4
6855,0
2117,0
15444,0
50265,2
12617,3
4609,0
15119,0
12415,3
84644,0
12113,0
32651,0
28249,0
4759,3
15305,0
16414,4
12312,3
32856,4
17733,3
12984,4
8139,3
9097,0
24641,3
28564,4
26390,3
19787,3
6848,3
1308,0
4720,0
71480,4
12786,0
34255,0
18725,4
21203,4
22122,0
77259,0
80004,4
26272,0
30470,0
83782,4
88361,4
27343,3
28532,0
66071,4
23749,2
29193,3
26862,3
7112,4
39430,2
28502,0
1965,3
84211,4
50274,4
4817,3
17884,0
23085,4
25632,3
4083,0
8986,2
6415,4
3722,4
33486,3
29150,0
4434,0
12973,2
2370,4
8640,3
10167,0
32694,3
85465,0
27108,0
27830,0
2311,0
22524,0
23226,4
32058,0
9285,0
85613,4
11883,0
30053,0
31707,0
5162,0
14600,0
31289,0
5035,2
25361,0
24531,0
256,2
2617,2
5657,2
17192,2
25306,2
29681,2
30173,2
33517,2
34070,2
37572,2
7666,0
6195,0
33639,4
6075,0
26279,4
258,0
4610,4
26079,0
25038,3
13937,0
25036,0
62,3
14648,2
12933,3
3171,0
6527,0
18193,0
24244,0
1328,2
5244,2
6586,2
12867,2
13247,2
14860,2
22226,2
24160,2
3392,0
6712,0
23972,0
27751,0
28381,4
30594,0
32840,0
33076,0
62631,0
18248,0
16662,2
10204,0
30060,3
28625,3
12643,0
51569,4
2486,3
10528,4
3361,0
21331,0
17359,3
17843,4
30477,0
32044,0
29259,2
4726,3
32786,0
26879,3
31441,0
84597,0
29146,0
18834,0
13002,4
23828,3
6548,0
16762,0
30106,0
28696,3
15964,3
13450,4
4670,4
16671,0
2714,0
14640,0
18413,0
28895,0
32124,0
33569,3
85203,4
88745,4
57932,4
72250,4
25838,3
58544,0
30286,4
3006,0
3933,0
3578,3
28323,4
1313,0
29822,0
7738,0
7529,3
31652,3
1326,4
2286,4
6003,4
9512,4
10841,4
15050,4
19043,3
27223,4
59190,4
76028,4
992,0
2050,0
2290,0
2350,0
6601,4
9073,0
9550,0
9737,0
13287,0
15063,0
16208,0
16686,3
16758,4
21920,0
24187,0
25094,4
25465,0
27937,0
32520,0
32521,0
33489,0
43789,4
48820,4
67650,4
87115,4
40883,4
48143,4
39652,4
18820,0
24227,0
21750,0
24345,2
26357,2
2743,4
80550,4
17,0
1199,0
4590,0
6172,0
8469,0
10028,0
10241,4
10294,0
10916,4
12946,4
14457,0
18390,0
18422,0
18487,4
19777,0
21039,0
25047,0
26946,0
27436,3
31148,0
32022,0
32023,0
57470,4
59230,0
62605,0
86637,0
23434,4
28940,3
58046,4
1876,0
30141,0
1603,3
17217,0
26686,0
10599,0
16519,4
20576,2
41850,0
2203,3
9760,2
32653,2
30413,0
28201,0
15735,2
20391,2
28764,2
33474,2
23267,2
25783,3
18072,4
19981,4
10191,0
10297,0
8740,2
23777,0
31939,0
48084,0
5885,3
57427,4
34019,4
38748,4
84268,0
31495,3
19884,3
28451,3
77972,4
81452,4
5755,4
6426,4
14087,0
18381,0
22601,0
25976,4
27535,0
33406,0
65909,4
65927,4
74951,4
2901,0
3400,4
3579,0
6623,4
11130,0
15317,0
21627,4
25142,4
25799,0
26195,0
27821,0
28505,0
72427,4
88657,4
18669,0
29360,3
75645,2
5325,0
8107,0
22532,0
86115,4
5471,0
25508,3
33609,0
28542,0
1106,3
1278,3
6867,3
6880,3
27454,3
43846,2
2750,2
23855,2
43088,2
27591,0
82593,4
20480,4
26753,0
4910,0
17569,3
14382,2
6269,2
28827,0
26105,3
83451,0
22063,3
77604,0
10086,0
55101,0
32742,4
10762,4
19049,4
33788,3
29968,3
29655,3
28562,0
16991,3
29172,0
29932,0
71973,4
19058,3
22903,2
11268,0
39838,2
14387,2
7983,0
5095,4
8171,4
24192,4
24765,4
26694,4
27653,4
34037,4
39130,4
66991,4
67013,4
85791,4
86161,4
86414,4
9587,0
14816,0
16124,0
21431,4
28460,0
33175,0
68554,0
8924,0
33606,0
15165,0
26414,0
4317,0
30117,0
42995,4
64882,4
7087,0
18518,0
58253,4
19840,0
10532,0
65388,2
23325,4
29930,2
6682,0
28368,4
22757,2
77547,0
17111,0
82857,4
30709,0
74968,2
197,0
9470,0
19360,3
12101,2
3971,0
20232,0
9900,0
29145,4
27878,0
19471,4
3515,0
7567,0
12248,0
13215,0
14716,0
18974,0
19300,4
20163,4
22697,0
26277,0
28719,0
31283,0
34195,0
36891,4
41024,0
14244,0
243,4
63178,0
40660,4
101,2
19819,0
2778,4
15913,2
19747,2
33758,0
31034,0
20915,4
20745,0
32543,0
39060,0
69073,0
14856,2
31128,0
19155,3
6970,0
64125,4
38350,2
67335,2
1710,2
2962,2
23981,4
1997,4
2224,4
28030,2
3668,0
46889,4
49107,4
63120,0
11365,3
58291,0
87860,4
10596,2
25894,0
68716,0
69520,4
8903,3
41837,4
60483,0
27630,2
58316,0
795,0
8580,4
14939,4
52382,4
46125,2
2564,0
70411,2
6131,0
8252,0
25161,3
32072,0
24100,0
23312,4
13151,4
1892,4
3246,0
5742,4
9908,4
10122,4
10997,0
29529,4
31781,0
33544,4
34071,0
58475,4
61886,4
19415,3
60155,0
24618,2
30377,2
44671,2
33118,2
1053,2
19533,0
19972,2
85447,2
16992,0
14714,2
7514,0
17688,4
8253,0
27800,2
32270,3
6303,2
18463,0
22818,0
29062,0
33448,0
38879,0
3245,2
48154,0
2799,2
5133,2
5348,2
8424,2
22159,2
55991,2
80476,2
12819,4
69257,0
17283,0
6298,2
15379,2
19874,2
40532,2
11083,0
10641,3
17209,0
81936,4
81971,4
86046,4
87374,4
20155,0
15173,0
9395,3
24397,0
78957,4
79023,4
2175,0
23453,0
29860,0
15495,0
22910,2
29342,0
7068,0
74848,2
23934,2
25523,2
27887,0
29617,2
21689,0
34137,0
78348,0
16397,4
33631,0
88535,2
704,2
2002,2
4765,2
6433,2
7003,2
9469,2
10544,2
12727,2
15667,2
18004,2
20433,2
20694,2
24166,2
34145,2
34334,2
35731,0
47729,2
49700,2
53708,2
54954,2
54972,2
56141,2
57116,2
57910,2
70273,2
71100,2
81635,2
85627,2
88341,2
28918,0
61151,2
3957,4
30472,2
20026,4
1102,3
9170,0
40694,2
6531,2
40978,4
1822,4
2868,0
3094,0
10016,0
13592,0
16298,0
25796,0
27571,0
29187,0
29649,0
33240,0
34025,0
38883,0
48412,0
78540,0
16649,0
11461,4
33029,0
33891,0
14593,4
6950,0
52532,4
22045,0
238,0
6041,0
31374,4
58791,0
68941,0
10563,2
18154,2
31364,0
13939,4
17529,4
31336,0
12068,0
88538,2
694,2
729,2
2431,2
2586,2
3106,2
3374,2
4827,2
5734,2
6678,2
6783,2
7990,2
8147,2
8478,2
9408,2
9624,2
9708,2
11637,2
12674,2
13300,2
14727,2
16187,2
17067,2
18115,2
18776,2
19567,2
21270,2
22090,2
22410,2
22432,2
24205,0
24614,2
28752,2
28773,2
29500,2
29670,2
31284,2
31679,2
32581,2
37088,2
41603,2
43911,2
45571,2
45837,2
52081,2
52467,2
53948,2
55816,2
56384,2
58824,2
60504,2
64704,2
64829,2
65115,2
65261,2
66253,2
66493,2
66511,2
67387,2
74498,2
75669,2
75747,2
78243,2
81823,2
84576,2
86484,2
87621,2
87764,2
33048,0
32281,0
34327,0
45436,2
25847,3
27405,0
21334,0
31537,0
13767,0
47712,4
21854,0
6901,0
9709,0
10000,0
7844,0
30473,4
6991,0
13038,4
14927,4
20357,0
20736,0
22767,0
32138,4
33961,4
76608,4
78178,4
81001,4
31529,0
5332,0
9964,4
10638,0
77488,4
77646,4
78234,0
79506,4
595,0
3800,0
4238,0
8247,3
8551,0
10992,0
11414,4
13730,0
18872,0
19444,0
20601,0
28833,0
30741,0
33574,0
34415,0
52169,0
69061,0
19224,4
16624,2
28574,2
31335,0
34012,4
24462,4
5861,0
21405,2
33376,0
34042,0
26089,3
3945,0
37636,4
23442,4
55670,4
27950,3
31369,0
7810,0
22166,0
21378,0
7218,0
27260,0
37286,4
5523,2
8591,4
63423,0
67030,4
1307,2
49946,2
8096,0
10173,0
9074,4
18998,3
25839,0
26114,0
86165,4
25512,0
20266,0
26027,0
17442,3
16786,3
16622,0
54363,0
52493,0
15754,0
38832,0
11346,0
33930,0
157,4
31174,4
5178,0
7637,0
8034,2
8792,0
14737,0
16063,0
21032,0
33047,0
33293,0
33629,0
45816,2
47433,2
58471,0
34639,0
7638,0
45323,4
2193,0
2530,0
3302,0
3464,0
6240,0
6533,0
7896,0
7978,0
15041,4
15363,0
15514,0
16167,0
17619,0
19664,0
19956,0
20597,3
20944,0
21853,0
22156,0
23192,0
26364,0
31518,0
39023,4
39127,0
66768,0
87148,4
16329,3
7621,0
67848,4
52569,4
39636,4
24408,4
28269,0
24787,0
7035,0
52903,0
78183,0
63361,0
10501,2
13897,2
12448,4
2857,0
8290,4
8298,4
47152,4
47189,4
22800,2
56094,4
13559,3
10493,0
40642,2
7864,4
55376,4
19016,4
49670,4
20280,0
29063,0
9419,4
10698,4
27386,4
28996,4
15779,0
58028,4
28155,4
29775,0
58051,4
30370,0
30757,0
19791,0
22657,0
29028,2
77645,2
78308,2
15243,0
30003,0
49442,2
22415,0
3113,4
6200,4
7116,0
18326,4
24556,3
33321,4
39294,4
82006,4
83327,4
70320,4
26633,0
655,4
5102,4
5881,4
7498,4
7879,4
12051,0
12805,4
14545,3
17753,0
18018,0
21199,4
21583,4
28934,4
29435,0
32797,0
34110,0
41998,4
42189,4
45769,4
51352,4
57069,4
61084,4
61181,4
63228,0
64926,4
65810,4
70621,4
78131,0
81717,4
399,0
491,0
969,0
1303,0
1633,0
2128,0
2572,0
2715,0
3673,0
3674,0
3881,0
3928,0
4157,0
4520,0
5009,0
5236,0
5606,0
5708,0
5929,4
6228,0
6270,4
6711,0
6778,4
7106,0
7818,4
7878,0
8410,4
8923,0
9027,0
9354,4
9797,4
9901,0
10517,0
10882,0
11230,4
11709,0
12107,0
12290,0
12338,4
12538,0
12599,4
12778,4
13008,0
13066,4
13197,0
13464,4
14565,0
14794,0
14855,0
14964,0
15239,4
15554,0
15671,4
16166,0
16400,3
17062,0
17316,0
17589,0
17757,0
18325,0
18360,0
18473,4
18824,0
18828,0
18954,0
19366,4
19605,0
19806,0
20206,0
20299,0
21148,3
21383,0
21777,0
22231,0
22275,0
22529,0
22978,0
23336,0
23647,0
24132,0
24162,0
24175,0
24891,0
25158,0
25426,0
25577,0
27232,0
27388,3
27415,0
27666,0
27823,0
28702,3
29160,0
29292,0
29609,0
29666,0
30327,0
30471,0
30565,0
30710,0
31042,4
31144,0
31185,0
31258,0
31332,0
31630,4
32064,0
32142,0
32576,0
33084,0
33155,4
33273,0
34311,0
34329,0
34413,0
34535,0
34691,0
34948,4
39194,0
39221,0
42560,4
46440,4
46441,4
46467,4
46963,4
47265,4
47630,4
48170,0
48407,0
49800,4
52964,0
53209,0
53377,0
53383,0
54490,4
57259,4
58105,4
58189,4
58364,0
58551,0
61681,4
61706,0
62344,4
62382,4
62443,4
62539,4
62559,4
62645,4
63199,0
65451,4
65523,4
65597,4
68140,4
68495,4
68510,4
69014,0
69074,0
69796,4
70312,4
71739,4
72876,4
72885,4
72895,0
72917,0
72936,0
72937,0
72960,4
76324,4
76732,4
78143,0
78220,0
78304,0
78370,4
78379,0
81287,4
81990,4
84277,0
84424,0
85942,4
87326,4
50617,4
53382,4
54957,4
23274,2
814,0
49106,4
33209,0
19879,4
9105,4
26514,4
15309,3
72219,4
34051,0
25787,0
86231,4
28801,4
30119,4
46083,4
46104,4
25729,0
34979,4
10709,0
39281,4
42041,0
6915,4
41034,4
77745,0
8254,0
14920,4
25836,4
61689,4
6543,0
7154,0
18714,0
21345,3
3383,0
7913,0
466,4
28164,0
52092,4
81361,4
17581,4
27104,2
907,3
1807,3
5511,3
78109,0
15499,0
531,3
31417,4
15565,3
17997,0
8378,0
85951,2
724,0
764,0
1048,0
1411,4
1455,4
1975,4
2411,0
2683,4
2856,4
3445,0
3512,4
6465,0
6873,4
7016,4
7278,4
7415,4
7682,0
7886,4
8146,4
8546,4
8687,4
8735,4
8930,0
9317,4
9390,0
9997,4
10518,0
10852,4
11536,4
12918,4
12979,4
14412,4
14426,4
14902,4
15269,0
15731,0
15848,4
16576,4
16972,0
17837,4
17984,0
18254,4
18493,4
18638,0
21968,4
22169,4
22244,4
23032,0
23060,4
23086,4
24868,4
25694,0
26759,4
26999,4
27584,4
28178,4
29056,4
29536,4
30320,0
30430,4
32027,4
32645,4
33014,0
33068,4
33909,4
34136,0
34307,4
34379,4
34486,4
34908,4
37143,4
37638,0
37697,4
37698,4
40118,4
40222,4
40527,4
40964,4
41120,4
41207,4
41213,4
42524,4
42698,4
46229,4
46297,4
46465,4
49091,4
49604,4
49790,4
49807,4
51439,4
51466,4
53384,0
55732,4
56098,4
56127,4
56133,4
57281,4
58323,0
58674,4
61296,4
61465,0
61670,4
63999,4
64809,4
65349,4
66341,4
66443,4
66517,4
66566,4
66583,4
66676,4
66798,4
66803,4
67426,4
67427,4
68422,4
68445,4
69218,0
70195,4
71556,4
73183,4
73200,4
73363,4
73406,4
75635,4
75848,4
77394,4
77672,4
78210,0
78275,4
80001,4
80478,4
81335,4
81496,4
81601,4
84341,0
87036,4
88772,4
76,0
108,0
214,4
803,0
2200,4
2270,0
2566,4
2757,0
3043,0
3050,4
3111,4
3168,0
3378,0
3454,0
3589,3
3683,0
4140,4
5464,0
5491,0
5561,4
6225,4
6338,0
6405,0
6483,0
6598,0
6665,0
6859,0
6893,4
7118,0
7178,0
7369,0
7520,0
7606,0
7735,0
7948,0
8014,4
8187,0
8208,4
8244,4
8374,0
8433,0
8611,0
8698,0
8990,4
8998,0
9089,0
9217,4
9440,0
9548,0
9734,0
9875,0
9924,4
9989,0
10074,0
10158,0
10270,0
10751,0
10881,4
10942,4
11007,0
11049,0
11053,0
11054,0
11093,0
11101,0
11838,4
12035,4
12551,0
12605,0
12611,4
12650,3
12676,0
12964,4
13219,4
13286,4
13393,0
13946,4
14247,0
14284,3
15014,0
15164,0
15241,0
15295,0
15742,4
15850,4
15867,4
16068,0
16199,0
16458,4
16567,4
16633,0
17322,0
17990,0
18195,0
18415,3
19157,0
19166,4
19286,4
19649,0
19719,0
20004,0
20044,0
20151,0
20194,0
20249,0
20440,0
20550,0
20688,0
21559,0
21867,0
22084,0
22759,0
22820,0
23667,0
23761,0
23928,0
24021,0
25029,0
25249,4
25301,0
25365,0
26610,0
26932,0
27014,0
27020,0
27181,4
27186,0
27503,0
27628,0
28224,4
28312,0
28316,0
28817,3
28822,0
29093,0
29106,0
29787,0
30389,0
30639,0
31087,0
31306,0
31571,0
31572,0
31676,4
31787,0
31943,4
31968,4
32436,0
32629,0
33079,0
33081,0
33497,0
33512,0
33765,0
33879,4
34225,4
35498,4
37100,4
37189,4
38404,4
38572,0
38889,0
38912,0
38944,0
38993,0
39144,4
39216,4
39388,0
39685,4
40723,0
41810,4
41862,0
41864,4
41865,4
41871,0
42361,0
43872,4
46551,4
50996,4
52060,4
53093,4
53118,0
53312,0
53321,0
53762,4
53793,4
58167,0
58221,0
58293,0
58321,0
58365,0
60650,4
63483,0
65149,4
65362,4
66153,4
69008,0
69053,0
69101,0
69141,0
69162,0
69771,4
71133,4
71220,0
72607,4
72916,0
72947,0
73020,0
75566,4
75869,4
76433,4
78394,0
78820,4
81458,4
82105,4
82356,4
84202,0
84223,0
84612,0
86621,4
86933,4
87598,4
88734,4
21479,0
3608,2
2576,2
4247,2
6906,2
9598,2
10711,2
11564,2
12239,2
12451,2
12515,2
13866,2
14038,2
14138,2
14513,2
14646,2
14842,2
17961,2
19710,2
21323,2
25204,2
25393,2
25881,2
26045,2
27113,2
28452,2
28569,2
29304,2
29995,2
30125,2
31002,2
31317,2
35922,2
39811,2
40521,2
41210,2
41256,2
45533,2
46525,2
47311,2
48381,2
66667,2
70439,2
72118,2
81915,2
84838,2
85676,2
29226,0
53260,2
28796,0
47337,4
22874,4
22927,4
18891,0
21649,0
51887,4
19226,0
20171,0
34006,0
68230,4
16424,0
75744,0
10895,0
15529,0
36818,4
41670,0
1459,0
1505,4
2442,4
6955,4
9583,4
10320,0
11581,4
12557,0
22380,4
26340,4
26342,0
34440,4
36521,4
36653,4
37941,4
39038,4
39253,4
39325,4
40850,4
42573,4
42881,4
43148,4
43207,4
43213,4
43458,4
49791,4
68876,4
69967,4
70266,4
70453,4
72026,4
72239,4
74956,4
75057,4
75221,4
79711,4
29729,0
13130,0
3426,0
9014,0
76825,4
30597,0
31492,0
49641,0
75346,4
29662,0
33494,4
16112,4
1605,4
884,4
26353,0
50675,0
15393,4
5273,0
37212,4
29393,4
29388,3
88561,4
26949,0
12305,0
17827,4
30856,0
30992,0
28724,4
29847,4
29347,0
57587,4
65492,4
79741,4
61960,4
19598,0
52687,0
79739,4
447,0
1510,0
12404,0
13620,3
16657,0
18693,4
21430,2
23868,0
25000,0
25299,0
26840,0
27159,0
28508,0
28657,0
29379,0
44356,2
49243,2
76361,2
86623,2
28080,4
23960,4
56364,4
15572,3
34872,4
27719,0
32013,4
46575,0
1522,0
49105,4
29839,3
15982,0
17097,0
17314,4
83773,0
4907,0
74836,4
48894,4
47117,4
31347,0
23139,3
26056,0
76824,4
8043,4
8133,4
8228,4
20974,4
22256,0
28991,0
561,0
2822,4
2844,3
2866,0
4871,0
7049,4
7342,0
9412,4
10331,4
10631,0
12418,0
12817,4
13456,4
13774,4
13789,0
13803,0
16877,4
19021,0
22444,0
31674,0
32807,4
32816,4
33402,4
49545,4
50186,4
52013,4
53394,0
58545,4
58950,4
73178,4
73237,4
88089,4
8738,0
13217,0
11549,2
27757,0
22030,0
60811,0
13734,4
20375,4
78189,0
23631,3
29696,0
30178,0
69913,2
167,0
19745,4
26126,4
84040,0
29975,0
16652,3
24038,0
21687,3
27860,0
48125,2
13687,0
15582,2
8682,4
46802,4
66403,4
26683,0
13547,4
14574,4
14712,0
62082,4
7155,4
27698,0
22299,0
62546,4
26681,0
77624,2
10975,4
13358,0
14559,0
48190,0
58119,0
17488,3
7230,0
46273,4
9015,3
8786,3
73036,0
2147,2
22202,2
8156,4
16103,4
16498,4
19045,4
28465,3
38540,0
45478,4
48150,0
48555,4
59171,4
59436,4
74529,4
84546,0
88468,4
88586,4
241,4
5520,4
5630,4
6388,4
9652,4
10630,4
11012,4
11578,4
12207,4
13695,4
17053,4
19083,4
20364,4
20869,4
21214,0
21447,4
30300,4
30768,4
32347,0
32960,4
33516,4
40189,4
42916,4
54951,4
56253,4
57454,4
59630,4
61639,4
64721,0
64815,4
70174,4
71312,4
72086,4
79377,4
80021,4
80288,4
83484,4
86544,4
17414,4
19318,4
196,0
600,4
712,0
891,0
1181,0
1256,4
1402,0
1614,0
1677,3
2027,0
2052,0
2245,0
2346,0
2368,0
2401,0
2472,3
2513,0
2541,0
2554,0
2562,0
2591,0
2637,3
3056,0
3179,0
3380,0
3482,0
3629,3
3937,0
4154,0
4266,0
4459,0
4564,0
4762,0
4893,4
4940,0
5245,0
5254,4
5289,0
5510,0
5805,0
5874,0
5921,3
5976,0
6281,4
6910,0
6937,0
7023,0
8123,0
8223,4
8261,4
9677,0
9684,3
10031,0
10427,4
10654,0
10760,4
11331,0
11343,0
11352,0
11427,0
11550,0
11607,0
11727,0
12048,4
12109,4
12136,0
12201,4
12656,0
12691,4
12940,4
14657,0
15201,0
15658,0
15690,0
15955,0
16101,4
16471,0
16707,0
16755,0
16918,0
17072,4
17104,0
17356,3
17623,0
17679,4
17992,0
18002,0
18029,0
18070,4
18132,4
18192,0
18741,0
18742,0
18764,0
18821,3
18917,0
18919,0
18982,4
19371,0
19400,0
19543,0
19781,4
20083,4
20195,0
20318,0
20594,0
20663,0
20808,4
20831,0
20896,0
21098,0
21165,0
21311,0
21520,0
21521,0
21522,0
21716,0
21744,0
21832,0
22066,0
22352,4
22357,0
22940,4
23116,0
23158,4
23262,0
23266,4
23299,0
23430,0
23723,0
23819,0
24172,4
24382,4
24545,0
24634,0
24653,0
25031,0
25139,0
25195,0
25270,4
25969,0
26042,0
26157,0
26404,0
26641,0
26750,4
26918,4
26955,4
27096,0
27125,0
27479,0
27899,0
28029,0
28037,0
28111,0
28143,0
28305,0
28420,4
28633,0
28648,0
28703,0
28714,0
28770,0
29153,0
29469,0
29561,0
29604,0
29660,0
29905,0
30202,0
30252,4
30378,0
30408,0
30988,0
31388,0
31442,0
31708,0
31984,0
32120,0
32121,0
32172,0
32267,0
32532,0
32935,0
32943,0
33599,0
33976,0
34138,0
34613,0
37662,4
38613,0
38862,0
39444,4
40033,0
41732,0
41818,4
43182,0
46623,4
47206,4
48625,0
49615,4
49709,4
49711,4
52107,4
52214,4
53044,0
53143,0
53333,0
53416,0
54719,4
57904,4
58114,0
58155,0
58277,0
58279,0
58298,4
58357,0
58376,4
58512,0
58610,0
58670,4
58931,0
60993,0
62417,4
63114,0
66061,4
68825,4
68980,0
69111,0
71144,4
72518,4
72521,4
73067,0
73100,0
73506,0
75653,4
76717,4
77165,0
78223,0
78226,0
78396,0
78628,0
79901,4
82038,4
83985,0
84118,0
84119,0
84330,0
84351,0
84497,0
84567,0
84619,0
88052,0
88750,4
247,0
464,0
499,0
616,0
765,0
785,0
1051,4
1058,0
1167,4
1745,4
1794,4
1820,4
1952,0
2043,0
2105,4
2210,4
2494,4
2532,0
2592,3
2772,0
2780,3
3063,4
3377,4
3406,0
3677,0
3950,0
4169,0
4332,4
4734,0
4769,4
4858,0
5130,0
5181,0
5286,4
5799,4
5942,0
5994,0
6611,4
6671,4
7032,0
7150,0
7242,0
7378,4
7388,0
7652,0
7663,0
7697,0
7928,4
8038,4
8179,0
8280,4
8516,0
8517,0
8732,0
8749,0
8867,4
8873,0
9164,0
9449,0
9506,0
9528,4
9556,4
9672,4
10312,4
10527,4
11009,0
11109,4
12392,4
12449,4
12529,4
12678,0
12785,4
13090,0
13158,4
13177,4
13231,4
13860,0
14098,0
14248,0
14506,0
15134,4
15410,4
15543,4
15716,4
15797,4
15836,4
15838,0
15994,4
16030,4
16357,4
16358,4
16530,4
16703,0
17222,0
18068,0
18191,4
18336,4
18643,4
18687,4
19119,4
19332,4
19496,4
19708,0
19718,4
19742,0
20494,0
20873,4
21168,4
21243,4
21517,0
21871,0
22294,0
22461,4
22568,4
22788,4
23441,4
23975,4
23997,4
24281,4
24797,0
25642,0
25967,0
27319,0
28150,0
29089,4
29422,0
30083,0
30700,4
31545,0
31854,0
33256,0
33331,4
33907,0
33913,0
33962,4
34816,4
35000,4
35001,4
35038,4
35104,4
35342,4
36344,4
36701,4
36904,4
37300,4
37597,4
37675,4
37680,4
38816,4
39148,0
40086,4
41803,0
42406,4
42606,4
42701,4
42732,4
42772,4
43000,4
43042,4
43080,4
43792,4
44941,4
46583,4
46608,4
47485,4
47615,4
48825,4
49859,4
49860,4
51811,4
52862,4
56170,4
56368,4
56470,4
56935,4
57067,4
57089,4
57251,4
57661,4
58163,0
58363,0
58600,4
58979,4
58989,4
59001,4
59116,4
59118,4
62385,4
62435,4
62548,4
62550,4
63087,4
63278,0
63485,0
65099,4
65381,4
65447,4
65461,4
65480,4
65603,4
65627,4
65640,4
65716,4
66497,4
67580,4
68094,4
68297,4
68446,4
68661,4
69078,0
69378,4
69449,4
71600,4
71622,4
72029,4
72287,4
72581,4
74229,4
77377,4
78345,0
78478,0
79249,4
80345,4
81120,4
81285,4
81368,4
81504,4
81676,4
81776,4
82776,4
82777,4
82846,4
82893,4
30478,0
46553,4
46640,4
15011,3
57706,4
29632,4
15983,0
18099,0
27765,4
15093,0
21137,4
21283,0
26226,4
30684,2
416,4
3395,4
35414,4
39246,4
62800,4
3412,0
27177,3
56716,4
72074,2
61241,4
1910,0
4629,0
9123,0
9577,0
11904,0
12996,0
15996,0
25971,0
26627,0
28727,0
30047,0
63284,0
68993,0
84476,0
3837,3
61601,4
21489,0
4358,3
46246,4
22217,4
22265,4
51533,4
73477,0
5135,0
5690,0
10160,0
17830,3
21067,0
22089,0
61910,0
27818,4
14713,0
25149,4
16727,3
51495,4
9925,0
29147,4
25773,2
30980,0
72526,4
10892,3
3622,3
27532,0
19838,0
25044,4
21190,4
40505,0
24179,2
27991,2
41654,0
17101,0
15494,3
14269,0
14386,0
16196,0
21780,4
29104,0
38880,0
71609,4
2749,0
2771,0
4387,4
11279,0
11732,4
14253,3
14307,4
17719,4
20277,0
20699,4
20735,4
21676,0
24136,0
27031,4
29557,4
30913,4
31620,4
31645,0
32229,0
33186,0
34644,0
35079,4
36616,4
48160,0
48367,0
57514,4
57738,4
57784,4
58232,4
72523,4
72567,4
72704,4
81741,4
88075,4
356,0
1038,4
2441,4
2649,4
3809,0
3859,0
4058,0
4588,4
5065,0
5229,4
5505,4
5804,0
6095,0
6577,0
7199,4
8088,0
8193,4
8530,4
8574,4
8575,4
10499,0
10664,0
10708,0
11040,4
12947,4
14995,4
17566,0
17578,0
17847,0
18375,4
20278,4
20329,4
21820,4
24576,4
24657,3
25153,0
25225,4
25373,0
25471,0
25534,0
25576,4
26692,4
27472,4
27491,0
28028,0
28685,0
28998,0
29306,4
29906,4
29938,4
32159,4
32338,0
32619,0
33888,4
34230,4
35054,4
41856,4
42357,4
42654,4
43123,4
43134,4
43198,4
47291,4
47560,4
47607,4
50259,4
50477,4
50488,4
53289,0
57578,4
57820,4
57921,4
59000,4
61247,4
64990,4
65065,4
65924,4
67711,4
69188,4
69885,4
69886,4
69923,4
70458,4
71526,4
73204,4
73722,4
73909,4
77959,4
78289,0
78471,4
81015,4
81249,4
82312,4
82748,4
82886,4
23703,0
9003,3
81337,4
24633,3
21161,0
20741,3
10752,0
22762,4
77950,4
81838,4
13410,4
29519,0
29857,0
29095,4
26966,0
65,0
7333,0
8872,0
32222,0
19789,4
30951,0
27322,0
19005,0
19818,0
11210,3
3227,0
19973,0
22720,0
38738,0
41752,0
72842,0
79705,0
84093,0
29924,0
2075,0
25927,4
22120,0
20509,2
6994,2
27167,0
34300,2
1339,0
15785,4
27670,0
67796,0
8292,4
13908,4
19085,4
29017,3
59219,0
29113,0
47013,4
27715,4
28698,4
5726,4
19296,4
59863,0
87203,4
21205,0
30139,0
15901,0
30454,4
31985,4
3276,0
4257,0
4794,0
7334,0
13848,0
16716,0
18382,0
19995,0
23456,4
25771,0
29835,0
30241,4
43135,4
47873,4
73337,4
73627,0
82519,0
9542,3
23784,3
57893,4
76735,4
21643,4
76734,4
12619,0
19734,0
21515,0
13855,4
15712,0
16966,0
86111,4
36421,0
23153,2
56435,4
56491,4
61055,0
142,0
9122,0
10066,0
11240,0
11401,0
12686,0
21729,0
21969,0
31540,0
40038,4
32147,0
50164,4
360,3
27391,0
2505,4
12477,4
14250,4
17274,4
42344,0
56562,4
69747,0
87692,4
87877,4
903,0
5423,0
6792,0
8353,0
9289,0
9444,0
14034,0
14070,4
15367,4
16777,0
18752,3
20586,0
20612,0
21808,0
25312,0
45819,0
59158,0
59293,0
60033,4
15691,4
15771,0
20268,0
19979,4
28322,4
86836,4
87359,4
25618,0
13435,4
2812,0
11045,3
18837,0
20950,4
21080,0
24137,0
24700,0
54574,4
22730,0
18718,0
6632,3
59917,4
26019,0
72095,4
29215,4
51464,2
51994,4
20300,4
48420,2
11286,4
11950,4
88093,4
81097,4
43436,0
10662,0
10938,0
11418,0
23381,0
20596,4
23903,0
28298,3
55851,4
56828,4
23225,3
52432,4
974,2
44526,2
46951,2
84788,2
1861,3
1742,0
1856,0
37364,4
37394,4
71580,4
21812,3
28866,3
33072,0
26522,0
27645,0
30978,4
94,4
2386,4
2481,4
2823,0
3867,0
3905,4
4413,0
5227,4
8269,4
13551,0
15205,4
23166,0
27641,0
28480,4
33618,4
33861,4
33926,4
36123,4
36251,4
38105,4
47644,4
50535,4
50639,4
62261,4
65886,4
65997,4
1498,0
29277,0
25079,0
78511,4
17405,0
32074,0
25451,4
26208,3
1500,4
3414,0
82442,4
9394,0
15343,4
18257,0
18444,0
24704,4
71472,4
11854,3
57901,4
57965,4
25107,4
34061,0
72774,4
82530,4
27123,0
73984,0
17050,0
20396,0
49373,4
4553,4
68005,4
14282,4
558,0
30390,4
29549,4
25892,0
42505,0
22384,0
48063,0
27064,0
21358,3
68218,4
85546,4
5812,4
9462,4
1657,0
7077,4
8793,0
10971,0
14279,3
14562,0
16797,0
18849,0
19510,4
20750,0
23177,0
28911,3
34087,3
35126,0
37568,4
42378,0
42437,4
62682,4
67740,0
73626,0
73921,0
86596,4
10684,4
24519,0
25300,0
33379,0
32251,2
7573,4
8103,4
33953,4
39443,4
18204,0
19135,0
83855,0
24292,0
4508,4
30195,4
21614,4
6672,4
16086,4
17242,4
63079,0
81489,4
81594,4
26214,0
52580,0
81168,4
61754,4
21112,2
71555,4
17801,0
57350,4
30315,4
31296,4
21223,3
72884,0
83796,0
30549,3
76222,4
2333,4
4277,0
14805,4
17716,4
20660,0
23206,4
33038,0
36198,4
36222,4
36298,4
36320,4
48222,4
71817,4
71850,4
72444,4
76157,4
16425,4
31275,4
5220,3
31857,3
79760,2
10978,3
18895,0
73573,4
73574,4
25857,3
32316,0
1927,3
53242,0
30746,0
26217,0
19906,2
75958,2
70252,2
70620,2
71641,2
13060,0
13210,0
15746,4
55150,0
10685,3
4989,4
76181,4
610,2
56690,4
20818,2
2183,0
3636,0
5910,3
22131,0
26881,3
5616,2
20503,2
71254,2
7177,4
33217,4
33413,0
5983,4
9101,0
31334,4
32608,0
20785,0
27959,0
50707,0
84494,0
38117,4
17971,0
38186,4
63904,0
18793,4
2439,3
26891,4
57285,4
5262,0
1139,4
32729,4
29247,0
61618,4
27377,3
10576,0
8773,0
3157,0
34344,0
38532,4
17086,0
31200,2
1649,4
15282,4
21660,4
6998,0
83160,4
9628,0
14793,3
17504,4
82076,4
85847,4
30999,0
20385,4
50631,4
27461,0
2692,2
5768,2
29176,2
38543,2
84816,2
2897,0
56498,4
28484,0
20438,4
9980,4
11161,4
14351,0
2988,4
8337,0
17237,0
18286,4
21464,0
30971,0
32133,0
45306,4
45307,4
13413,0
65684,4
29865,0
18277,0
2007,0
33303,0
15980,4
24824,4
26601,0
46238,4
6119,0
32384,0
51742,4
35867,0
20638,4
27655,4
27753,4
41104,4
41124,4
73936,4
76234,4
87174,4
87175,4
87471,4
87508,4
87738,4
88496,4
111,0
8969,0
9686,4
12037,0
18050,0
19758,0
19968,0
20104,0
20708,4
24585,0
26943,4
27465,4
28218,0
31596,4
32734,0
34306,0
62766,4
63864,0
27778,3
27741,0
22179,0
57029,4
18792,3
33426,4
59918,4
21207,4
23788,4
24547,0
27752,0
28265,3
10866,0
16989,4
80113,4
80490,4
29827,0
30866,0
83195,4
38228,4
1761,0
4530,0
19595,0
20614,0
59966,0
33276,0
77410,4
79071,4
68751,0
68242,4
31997,4
65343,4
23707,3
43642,0
14858,0
7245,0
8090,0
3827,0
35709,0
39210,4
79989,0
60283,0
74781,4
27455,0
42227,4
42228,4
21401,0
16666,0
21008,0
9352,4
12739,3
34395,4
63024,0
400,0
401,0
2380,4
4463,4
15085,4
32498,3
82215,4
3197,0
3198,4
4926,0
5740,0
6779,4
9817,0
11119,0
11175,0
11545,0
12882,0
21804,0
23911,0
24575,4
25009,4
26468,4
30828,0
38090,4
44790,0
44808,0
69397,4
15024,0
17656,0
20481,0
24064,0
25218,4
32531,0
29507,4
31303,0
33292,4
82513,4
82618,4
25966,4
53160,0
6707,0
9195,4
9319,4
14375,3
16827,4
41727,0
44380,4
6427,0
32781,0
11752,0
77853,4
6216,0
50054,4
269,0
335,0
484,0
559,0
647,0
869,0
1235,0
1644,0
1958,0
2211,4
2272,4
2886,4
2996,4
3158,0
3498,0
3880,0
4077,0
5015,4
5016,0
5098,0
5215,0
5550,0
5744,4
5888,0
6086,0
6161,0
6206,0
6258,0
6455,0
6617,0
6654,0
6655,0
6717,0
6890,0
7120,4
7225,0
7349,4
7506,0
8093,0
8188,0
8333,4
8842,0
8848,0
9091,0
9853,0
10130,4
10820,0
10824,0
11056,0
11341,0
11568,0
12517,4
12558,0
12627,0
12680,4
14051,0
14267,4
14463,4
14922,4
15360,0
16852,0
17035,0
17094,0
17155,4
17430,0
17511,0
17780,4
18161,4
18218,0
18591,0
18901,0
18969,0
19350,0
19364,0
19504,0
20520,0
20969,0
21237,0
21615,4
24240,4
24523,0
24616,4
25498,0
26745,0
27480,3
27484,0
30653,0
31357,0
31700,0
33065,0
34093,0
34180,0
35562,0
35592,0
35606,4
35652,0
35910,4
36808,4
36961,4
37192,4
37739,4
37983,4
38058,4
38286,4
38408,4
40131,0
40675,4
42837,0
42983,0
42996,0
43139,0
45702,0
46783,4
54721,0
55126,4
56907,4
59738,0
60061,0
60064,0
60144,0
60261,0
60524,4
63003,4
63131,4
63773,0
63782,4
63790,0
63791,0
63844,0
63886,0
63948,0
64051,0
64240,4
68077,4
68087,4
68149,4
68299,0
68379,0
68461,0
68462,0
68590,0
68601,0
68643,0
68659,0
68700,0
68707,0
68742,0
68767,0
68826,0
70822,4
73906,4
74103,4
74385,0
79919,0
85725,0
85887,0
85922,0
86301,4
1823,0
12792,4
16160,4
16681,4
14687,3
23105,0
28409,4
1572,4
2824,4
879,4
35540,4
3440,4
22478,0
18096,0
1354,3
3681,0
11344,3
9018,0
13943,3
87248,4
88627,4
33614,0
44700,0
1491,0
6310,0
14952,0
20916,0
45539,0
21815,3
2733,3
79859,4
22129,3
41512,0
27935,0
17640,2
32879,2
23575,3
74615,2
24800,0
2995,0
18044,4
19039,4
12969,0
74173,0
84376,0
84436,0
84437,0
12416,4
19770,0
22729,0
20010,4
67328,2
26552,2
49698,2
70295,2
29204,0
21429,0
22572,0
22951,0
31686,0
74214,4
31270,0
31598,0
54486,2
31690,4
28499,0
27079,4
80101,0
75875,2
9388,0
10049,4
20097,3
39310,4
69051,4
533,0
2487,0
3836,4
7535,4
10547,4
10920,0
13418,0
13743,0
24712,0
32038,0
43242,0
43264,0
44576,0
59526,4
59687,4
59805,0
60089,0
20387,0
27551,4
1152,4
2720,4
28519,4
772,0
4558,0
63701,0
65986,4
248,0
1125,0
16443,0
35276,0
46386,4
46473,4
7060,3
9114,0
30731,0
7748,3
54832,0
73513,0
2030,0
12095,0
44999,2
43569,2
30857,0
7497,0
14206,3
43477,4
43478,4
13384,4
13656,4
16411,4
16412,4
38362,4
30867,4
15316,0
35368,0
26225,0
20623,0
26818,0
4538,3
81456,4
41695,0
5247,3
32732,3
25762,4
52000,4
84,4
1954,0
2712,0
3625,0
3956,0
4439,0
4986,0
4987,0
5014,0
5865,4
6068,0
6406,0
6569,0
6631,4
9179,0
9233,0
9243,0
10209,0
11131,0
11611,0
12694,0
12862,4
15107,0
16089,0
16889,0
20484,4
26290,0
28631,4
29545,0
30338,0
31094,0
32910,0
33394,0
33412,4
34011,4
34164,0
35798,4
36544,4
44693,0
50380,4
52470,4
59834,0
60051,0
60178,0
62951,4
67268,4
68399,0
68748,0
68793,0
70277,4
70477,4
80414,4
85624,0
15023,0
16474,0
57308,4
61443,2
19008,3
5461,3
17834,0
22418,0
22650,0
34905,4
69155,0
32212,4
22218,0
50100,4
51157,4
65942,4
27615,0
9421,0
38547,0
32896,3
514,0
2013,0
3949,4
28041,3
21911,0
57911,4
8301,3
28279,0
29763,0
32219,0
33600,0
45840,0
4792,0
37242,4
38844,4
39091,4
40121,4
44686,0
12001,0
68416,0
68706,0
14698,3
5165,4
13617,2
10250,0
32352,2
15825,0
86783,2
19467,0
70166,4
58227,4
34606,4
79384,0
82179,0
58000,4
9358,0
24373,3
20134,4
26607,0
82329,4
30927,3
10970,4
17696,0
4415,0
45284,0
70945,0
57193,4
18368,0
17973,4
26700,4
766,3
28035,0
41692,4
62026,4
62070,4
83714,0
72688,4
2314,0
8022,0
8033,0
16689,4
25113,0
45462,2
34845,2
73191,4
23173,2
24681,2
56041,4
25622,0
66262,4
27942,3
62910,2
52715,4
85112,0
51622,2
64573,5
85209,0
27200,0
29748,0
85055,0
41356,5
45757,2
87099,5
37281,4
37282,4
37283,4
37318,4
70532,4
15829,4
17238,0
13495,0
7731,0
13071,0
14540,0
34359,2
16583,0
76902,4
51774,0
2034,2
15868,4
60132,0
60173,0
30264,0
34447,4
21876,4
8077,4
8950,4
9975,4
12495,0
19896,4
24702,0
48372,4
9543,4
14678,4
16882,0
33163,4
33752,0
26988,0
15265,0
29902,3
78933,0
1516,3
64750,2
22880,0
25539,0
31237,0
73290,0
45246,2
14148,4
65625,4
10595,0
12463,3
16255,0
46801,4
84856,0
78845,0
21948,4
16347,4
45173,0
34740,4
67395,2
21979,0
73016,4
73621,4
11011,3
77964,4
77998,4
79026,4
18347,3
9756,0
68814,4
68831,4
21811,4
33504,0
84504,0
36676,2
43355,2
76701,4
2400,0
86941,4
25103,0
6050,0
79176,2
15035,0
41159,2
5028,0
53251,0
28730,4
42088,0
62678,4
3524,0
4928,0
5032,0
12536,4
13137,0
33924,0
41609,4
69678,4
69679,4
14839,2
29593,2
29658,2
46283,2
46423,2
48491,2
55009,2
55688,2
55863,2
56205,2
59628,2
66142,2
70415,2
70862,2
77538,2
83293,2
84596,2
30848,4
57660,4
4711,0
18033,0
62459,4
52030,4
21230,0
45177,0
54005,0
1901,2
10195,2
14346,2
24331,2
25002,2
33804,0
54360,2
58146,2
60018,2
61259,2
65841,2
70564,2
71390,2
75283,2
229,3
1210,3
1581,3
2880,3
877,0
58990,0
22659,3
16734,0
44530,2
29964,0
58452,0
58692,0
18023,3
26231,3
28254,0
26026,0
18228,0
961,0
70874,2
52923,0
9211,3
12121,0
73202,0
24565,0
6868,3
63431,0
65780,4
18729,4
47182,4
76458,4
84784,0
88342,4
43878,4
1451,2
39936,0
10043,2
20823,3
57875,4
4905,0
41231,4
25259,0
45903,0
63307,0
82546,4
84579,0
87381,4
82457,4
82469,4
82515,4
58897,0
27067,4
73437,4
42150,4
16667,0
19683,2
16364,3
15694,0
32769,3
28820,4
80268,0
8683,4
31987,4
47358,4
47018,4
17892,0
22182,0
31998,3
53542,0
62628,4
69523,0
84513,0
84920,0
87361,0
32036,0
35397,4
32559,4
51694,4
57520,4
26756,4
54606,4
62111,4
31298,4
32433,4
57123,4
2993,3
83109,4
83184,4
85848,4
3225,0
34445,4
42100,4
61955,4
72205,4
7425,4
34380,4
34860,4
53732,4
66259,4
67407,4
85367,4
87334,4
7080,0
9422,0
11733,0
14634,0
14832,4
14963,4
15169,0
15945,0
20137,0
22039,0
22510,0
22686,0
25201,3
25575,0
27451,0
32244,0
34140,0
37656,4
42250,4
46189,4
47246,4
48498,0
48598,0
48605,0
52613,4
53128,0
53335,0
53631,0
53709,0
55430,0
58006,4
58888,0
58893,0
58894,0
59080,0
62518,4
63306,0
65096,0
69275,0
69387,0
70285,4
70298,4
71971,4
75956,4
76268,4
77386,4
78121,4
79101,0
79429,0
80426,3
82024,4
82628,4
82887,4
84564,0
84760,0
86517,4
88131,4
47474,4
30002,3
27829,0
75122,4
55605,4
49143,2
60394,2
9623,4
10385,0
23315,0
59075,0
25423,0
83926,0
1351,0
43662,2
14577,4
25890,3
8963,3
70563,4
41252,4
6506,4
41624,4
2335,0
2585,3
3175,4
4853,0
8415,4
8710,4
8893,4
9913,0
12014,4
15271,4
15674,4
15931,0
16065,4
16965,4
17579,4
18231,0
20600,0
20843,0
27592,4
32923,4
35363,4
36426,4
36986,4
38672,4
39326,4
39754,4
40129,4
40286,4
40391,4
40424,4
41303,4
43218,4
43907,4
44531,4
48347,4
48610,4
48760,4
48994,4
49353,4
49354,4
54188,4
54495,4
57163,4
58276,4
64781,4
64856,4
65015,4
67776,4
69983,4
70362,4
70544,4
72202,4
77518,4
79472,4
79565,4
79909,4
82127,4
82417,4
82418,4
82727,4
84706,0
85671,4
88794,4
65066,4
201,3
5418,3
11671,4
14072,0
15380,0
19044,3
19933,3
20555,0
20701,0
21863,0
24245,0
25141,4
26233,0
28675,0
31370,0
33222,0
34509,4
34687,4
35537,4
37006,4
38040,0
39747,0
40205,4
40406,0
40430,4
40838,4
40924,4
41226,4
41341,4
42091,4
42092,4
42273,4
42274,4
43060,4
43061,4
44082,4
44948,0
44962,0
45036,0
46318,4
46709,4
46718,4
47180,4
47539,4
48070,4
48460,0
48461,0
48528,0
48544,0
49548,4
52612,4
53687,0
53734,0
54790,0
55631,0
55734,4
56895,4
58431,4
58608,0
58655,4
58734,0
58855,0
59894,0
62960,4
64935,4
67254,0
67791,4
68345,4
69382,0
69396,0
69411,0
69749,4
69750,4
69977,4
70113,4
71013,4
73077,0
73303,4
73481,0
76621,4
76673,4
78660,0
78740,0
78774,0
81740,4
82273,4
88159,4
88596,4
10676,3
29858,0
23088,0
53608,0
53607,0
82660,4
85398,4
7749,3
8474,2
18036,3
72171,4
7250,3
44773,0
31218,0
37862,4
61280,4
61653,4
82167,4
40848,4
6368,4
31996,0
62463,0
39963,2
61403,2
8515,0
45656,4
44293,4
44918,4
40450,4
45341,4
4723,2
7018,2
16476,2
36732,2
45102,2
45402,2
47233,2
49103,2
53521,2
61415,2
75383,2
78078,2
79667,2
79822,2
10347,4
73230,0
86555,4
28158,0
54118,0
56990,2
11239,3
22513,0
52948,0
37302,4
71740,4
15806,3
51651,4
82662,4
88004,4
21797,4
53849,4
57037,4
58780,0
50775,4
56081,4
71693,4
71694,4
42304,4
67507,4
68238,4
69552,4
70942,0
86048,0
39621,4
66033,4
28412,0
82933,4
4475,4
7895,4
42053,0
43043,4
46777,4
70133,4
70171,4
70211,4
71533,4
58451,4
18885,0
31647,0
36041,2
58752,0
58976,0
79190,4
1272,0
84260,0
34592,0
69635,4
65284,4
16636,3
48296,0
60094,4
60263,4
762,4
1702,0
1743,4
1949,4
2664,0
6834,4
7137,0
7839,4
9205,4
10459,4
10640,4
12018,4
12153,0
13153,0
15213,4
16438,4
19439,0
19737,4
20244,0
25323,4
28393,3
28797,0
34585,0
35115,4
36287,4
37310,4
37367,4
37711,4
38024,4
40779,4
40835,4
42089,0
43021,4
46194,4
46195,4
46899,4
47096,4
47501,4
48279,4
48526,4
48666,4
48724,4
49039,0
49070,4
49240,4
49241,4
58464,4
62473,4
63023,4
63391,0
65386,4
65483,4
65580,4
66215,4
66625,4
67681,4
68160,4
68660,4
69025,4
69335,4
69850,4
70167,4
70786,4
70947,4
72717,4
75019,4
75972,4
76446,4
77106,4
77201,4
78797,0
78993,0
81056,4
81319,4
81909,4
82862,4
84265,4
48371,4
49086,4
33579,0
36906,4
47695,4
61273,4
40274,4
83514,0
78479,0
67569,4
49273,2
77459,2
48764,0
14618,0
16242,0
17409,0
84017,3
35990,4
47440,2
62239,4
30012,0
29397,0
23791,0
22406,4
19808,0
278,4
50183,4
50194,4
59440,4
65725,4
65840,4
67429,4
69791,4
85662,4
85663,4
1978,0
22328,4
24991,0
25909,4
30895,0
36813,4
42685,0
57002,4
61285,4
61805,4
62098,4
62139,4
64671,4
66355,4
66454,4
67519,4
70635,4
73258,0
79011,4
79615,4
79916,4
80024,4
88827,4
3049,4
3427,3
5981,4
6452,0
8695,3
11956,0
12814,0
13108,0
13346,3
13378,0
13733,4
13988,0
14005,4
14281,3
18605,0
18784,0
19149,0
20510,4
21212,4
21637,0
21810,3
22004,0
22349,0
22949,0
25972,0
26321,4
26749,0
28389,0
28513,4
28670,0
30520,3
30862,0
32430,0
34410,4
34843,0
35244,4
41060,4
42143,0
44017,4
45190,0
47007,4
48341,4
48784,0
51110,4
52276,4
52940,4
53459,0
53516,0
53602,0
53869,0
57871,4
57993,4
58010,4
58517,0
58518,0
58672,0
58759,0
58802,0
58815,0
62421,4
63249,4
63551,0
64514,0
65369,4
65545,4
69283,0
69426,0
69600,0
69684,0
70024,0
70091,0
70397,4
70865,4
70936,4
71042,0
72301,4
72861,4
72951,4
73298,0
73365,0
73408,0
73528,0
74893,4
75631,0
75887,0
76517,4
78467,0
78553,0
78642,0
78936,0
78948,0
82171,4
85004,0
85005,0
85103,0
86230,4
86723,0
88452,4
53839,0
73171,0
50424,4
73111,0
7328,0
18724,0
23182,0
33806,0
47562,4
25645,4
26723,4
56119,4
61846,4
72140,4
4623,4
54339,0
10277,0
61554,4
15992,0
32223,3
1573,4
2883,0
4129,0
32779,0
40380,4
57157,4
25525,0
54540,4
61087,4
40995,4
72411,4
84007,0
37232,4
87752,4
26196,0
10859,3
15855,0
19490,4
42444,4
53872,0
66188,4
42063,4
44068,0
51237,4
59972,0
80581,4
88279,0
30809,0
87702,4
28040,0
51705,4
61740,4
61751,4
28215,0
43403,4
63621,0
69208,0
69263,0
57394,4
46360,4
46332,4
47842,4
48684,0
2260,3
5796,4
10933,0
11813,4
43718,0
23559,3
50040,4
30362,0
38639,0
31266,3
83471,0
30345,3
72898,0
83841,0
72810,4
28636,3
48989,4
54004,0
84281,4
84435,4
84589,4
87803,4
87823,4
2417,4
2730,4
3840,4
4178,4
22055,4
49830,4
49939,4
55593,4
67654,4
67717,4
67802,4
67803,4
69294,0
70697,4
71698,4
73546,4
74405,4
75808,4
78213,4
82125,0
82968,4
83403,4
84669,4
84820,0
88148,4
19019,0
25389,4
72978,4
79800,0
38599,2
46677,2
48212,0
10661,5
49986,4
50946,4
14644,4
14821,4
16862,4
31012,3
7395,3
79159,4
82284,4
5390,4
42998,4
82739,4
50284,4
57466,4
60333,0
71768,4
73835,0
77431,0
86560,0
88494,4
77057,4
58333,4
37578,4
84776,4
52682,4
81809,4
8434,2
81362,4
23598,0
73402,4
56693,4
57477,4
61050,4
79509,4
79656,4
80486,4
22467,0
58621,4
25620,4
59302,0
58945,4
7176,3
13963,0
19359,0
46753,4
68115,0
31894,3
75231,4
80152,4
81303,4
30755,0
5763,4
14880,4
44476,0
79940,0
82910,4
65071,2
65163,2
78844,0
16045,0
70261,4
70278,4
70309,4
25999,0
21932,4
26391,3
26393,3
26929,3
82263,4
2328,3
82702,4
58769,4
61611,4
83735,0
81293,4
47178,0
48689,0
76587,4
76678,4
27469,0
46235,4
46570,4
72517,4
53052,0
53877,4
85568,4
87415,4
47706,4
38525,4
79312,4
53042,0
53043,0
51162,4
64979,4
52479,4
69272,0
60739,0
62669,4
65999,4
66194,4
66255,4
15264,0
17486,3
16849,4
41602,0
41626,0
62657,4
66998,2
73031,0
58066,4
20942,4
83755,0
32895,0
76803,4
75463,2
75494,2
21185,0
82614,4
52939,0
62857,4
83748,0
84547,0
45269,4
60924,0
60925,0
72792,0
54243,0
25581,4
26303,0
3553,3
14197,3
78407,4
60016,0
9640,0
16283,0
24990,3
68286,0
68305,0
68308,0
70243,4
70256,4
70288,4
76794,4
79888,0
78341,0
24320,3
66694,4
24200,0
59299,4
26799,0
37484,4
3996,3
73522,2
50838,4
58331,2
33443,3
51360,4
61915,2
70207,4
71052,4
6582,4
22041,0
48054,0
75419,5
26736,3
33530,4
41129,4
62779,4
62940,4
24364,0
28967,3
62837,5
33499,3
4786,3
21254,3
73910,4
74024,4
74467,4
69500,0
69616,0
69617,0
60385,0
31826,4
30102,4
30305,4
31481,4
2693,0
80224,4
78424,0
59033,2
33111,4
51168,0
19284,4
87603,4
27618,0
15782,3
21982,3
67911,4
25873,3
84058,0
38977,0
12789,3
15775,4
79776,0
38751,2
61183,2
6233,3
88238,4
78800,0
41477,2
74543,0
74566,0
56228,2
17453,0
88158,4
2836,4
37167,4
43899,0
57349,4
69737,4
70867,2
27685,0
39808,2
40404,2
42207,2
43081,2
46228,2
67653,2
60055,0
72267,4
72348,4
72669,4
74824,4
13460,0
42354,4
64085,0
64308,0
10796,3
46089,2
74169,0
50829,4
14916,3
37960,2
38926,2
41478,2
42634,2
48879,2
54469,2
67860,2
70755,2
80092,2
81881,5
40036,2
74269,0
41758,4
71072,0
30011,0
76280,4
5891,0
65104,0
6383,4
30162,3
48905,0
38293,0
82445,4
83511,0
88709,4
69940,4
62729,4
74176,4
18349,4
19476,4
1456,0
14200,0
24300,0
86118,0
86210,0
86273,0
86338,0
69992,4
70884,4
84938,0
18332,0
21312,0
23781,0
72858,4
5999,0
34934,0
42374,0
44131,0
47709,4
48912,0
60265,4
61527,0
79383,2
76661,4
76742,4
56959,4
60180,0
15040,0
80649,0
328,4
343,0
5957,0
12116,0
12841,4
18149,0
19275,0
22844,4
26757,0
26819,0
35963,0
36042,0
36318,4
36334,4
38241,4
41564,4
43344,0
43366,0
43388,0
43649,0
44255,0
59149,4
59455,4
59935,4
62824,0
64038,0
64072,0
64102,0
65364,4
68321,4
70040,0
76033,4
77560,4
80696,0
80698,0
81994,4
85865,0
86054,0
86189,0
24077,0
13265,2
62765,4
62393,4
53797,0
73468,0
66359,4
66325,4
39483,4
66872,4
87622,4
63972,0
51190,4
20703,4
2192,3
10397,3
35662,4
37670,4
48853,0
63473,0
66966,0
67716,0
76784,4
5373,3
33323,0
25281,0
45109,0
45110,0
68598,4
68599,4
14180,3
7918,3
79841,4
82947,4
38950,4
48293,4
8053,4
14843,4
26397,0
26568,0
34460,4
34976,0
35153,0
39961,0
41869,4
42257,0
42864,4
42997,4
44403,0
48697,0
52386,4
52670,4
53978,0
54033,0
54096,0
59201,0
59274,0
63375,4
63418,0
66518,4
67933,0
69271,4
69304,4
69462,0
69507,0
69544,0
73026,4
74639,4
79553,4
83036,4
80200,4
80158,2
68955,4
40891,4
41490,4
41507,4
24784,3
48424,4
75961,4
1586,0
35891,0
35913,4
68550,4
31052,0
36924,4
45421,4
45519,4
45905,4
46013,4
49095,4
49141,4
50531,4
55114,4
57575,4
65516,4
70897,4
4549,0
7641,0
16487,0
17112,3
17778,3
18051,4
23298,3
28767,3
34429,4
34920,0
37476,4
37566,4
37863,4
37913,4
39653,0
41028,4
42413,4
42424,0
47320,4
52476,4
54072,0
59199,0
62454,4
63439,4
63632,0
66764,4
67167,4
67555,4
69609,0
69703,0
69725,0
69888,0
70607,0
73162,4
76076,4
77710,0
79134,0
79388,0
79530,0
79715,0
81087,4
81179,4
82858,4
85019,0
85077,0
85204,0
85211,0
85221,0
85223,0
27147,3
51727,4
47194,4
65145,4
52887,0
45199,4
70400,0
70534,0
20883,4
41286,4
41907,4
42397,0
11280,4
69018,4
71305,4
74090,0
88263,2
82401,4
14567,4
34927,0
41471,4
41696,4
43679,4
28958,0
35872,0
23932,3
33914,3
54290,0
87634,4
63397,0
63629,0
79524,2
79623,0
30979,0
80551,2
1425,0
11305,0
11306,0
68412,0
69395,4
20389,0
7002,0
33054,2
40433,2
42777,2
43613,2
46225,2
65117,2
67205,2
70790,2
43075,0
58489,4
68672,4
49591,4
79866,0
19855,0
28038,0
34813,0
88798,4
76045,4
76147,4
4878,0
5909,0
16764,0
36563,4
42753,0
43770,4
57759,4
58502,4
73856,0
78442,0
53102,0
75938,2
25256,3
28823,3
18630,3
6042,0
34794,0
36877,4
41565,4
42272,0
43599,4
43722,4
43900,4
46723,4
46758,4
47083,4
47127,4
48798,0
62545,4
62968,4
68930,0
72021,4
82781,4
83140,4
84807,0
71942,4
59770,0
59169,0
62136,0
86840,4
32441,3
72210,4
79150,4
81239,4
48587,0
26008,0
52917,4
80281,4
45315,4
47071,4
84037,0
72682,4
36556,4
37610,4
27290,0
28686,0
4452,4
28738,0
1390,4
27604,0
3719,3
82213,4
82410,4
61480,2
79461,2
14316,4
13737,4
64194,4
82738,4
53744,0
76833,4
37679,4
50418,4
85044,4
86293,4
86294,4
86648,4
10902,3
11349,0
13439,0
21503,0
22000,0
25460,0
26121,3
26609,4
32141,3
34458,4
34669,0
34707,0
35357,0
39390,4
40601,0
42040,0
42144,0
42162,0
42388,0
42416,0
42470,0
42486,0
42706,4
43795,4
44428,0
44454,0
44481,0
45049,0
46059,4
46265,4
46507,4
47403,4
52502,4
53045,0
53995,0
54043,0
54103,0
54123,0
54242,0
54286,0
54687,0
56725,4
59026,0
59038,0
59514,0
62794,4
63413,0
63758,0
65631,4
65821,4
66056,0
66294,0
66366,4
66477,0
67792,4
69650,4
69866,0
73385,0
73412,0
73548,0
73608,4
73858,0
73882,0
73924,0
75510,0
77836,0
78852,0
78902,0
78995,4
79077,0
83478,0
84722,0
84771,0
87582,0
80105,0
52894,0
45176,0
52683,4
25951,0
25080,3
50622,3
53663,0
8150,0
51600,4
15624,0
10293,3
940,0
941,0
12066,0
36193,0
36223,4
39418,0
43480,0
43508,0
43519,0
43550,0
45704,0
46245,4
51529,0
51537,0
51562,0
62757,4
62804,4
68752,0
68823,0
68888,0
70421,4
71194,0
73810,4
73990,4
82923,4
82942,4
53080,0
73965,0
41270,4
69076,0
70131,4
58252,0
73348,4
56494,4
72209,4
77199,2
73023,0
73387,4
44664,0
48227,0
58574,0
23121,4
23632,4
4221,0
5754,3
33366,3
36230,4
41012,4
41390,4
41615,4
43342,4
43525,0
50142,4
50143,4
62536,4
68622,4
82979,4
82995,4
84003,4
27277,0
79061,0
15131,4
75639,4
57687,4
15223,3
77290,0
23999,0
77124,4
77154,4
31531,0
59777,0
51697,2
49336,4
78563,0
27855,0
78380,0
57071,4
34357,4
37506,4
8081,3
15741,3
52655,0
50324,4
927,0
61625,4
79784,2
73847,4
88284,4
68588,0
59483,2
64816,4
64868,4
64934,4
41335,4
63814,0
65243,4
66145,4
74127,4
85886,0
53089,0
62339,4
63197,0
63212,0
78438,0
37479,4
41586,4
81093,4
79577,0
79633,0
38354,2
71753,2
84404,0
22796,0
87732,4
55848,2
48132,0
75675,4
41796,4
17282,0
35558,0
37463,4
43224,0
47882,4
68247,0
68380,0
43245,0
36290,4
55976,4
74281,0
68724,4
22020,3
46833,4
64884,4
65341,4
81700,4
10054,3
37754,4
80274,4
81243,4
34706,4
71591,4
5071,3
5680,3
964,0
18283,0
35566,0
50339,4
58711,4
11905,3
51219,4
16837,3
76415,4
76416,4
76435,4
76557,4
53816,0
53913,0
38578,4
41123,4
52463,4
78793,2
76977,4
77037,4
79151,0
65915,4
65937,4
51334,4
73555,0
59520,4
85111,2
42016,0
25269,3
64441,4
50414,4
52992,0
88532,4
31049,0
82570,4
82665,4
56449,4
66277,4
66909,4
32822,3
35179,4
37075,4
48916,4
63012,0
64446,0
26265,3
29562,3
37039,2
75264,5
16937,0
20984,3
80335,0
55583,0
49349,5
12450,3
69891,0
77871,2
59954,0
11830,4
62683,4
62781,4
7781,3
37615,2
38168,2
42621,0
22655,3
68126,0
41581,4
39951,2
41348,2
45260,2
56534,2
64839,2
72339,2
77202,2
79922,2
85125,2
34297,3
81865,4
38254,4
76926,4
77258,4
76931,4
62613,4
63523,4
32307,4
55987,2
63494,0
62505,4
76015,4
74222,0
67491,2
46664,0
67950,0
74072,0
74139,0
58527,4
58694,4
76780,4
87474,4
54971,4
12753,3
85041,0
67822,4
44516,0
44538,0
52498,2
85382,0
85474,0
68673,4
44987,0
73770,0
73790,0
47273,4
52292,4
52293,4
53641,4
81832,4
84927,0
44296,4
47863,0
60606,0
66385,4
56701,4
41100,4
41122,4
41398,4
44613,0
79893,0
79831,0
81012,4
56980,4
45823,4
53906,3
63519,0
1680,3
11099,3
34511,4
37464,4
42323,0
42483,0
42674,0
42693,0
42847,0
47457,4
47497,4
48042,4
50208,4
52376,4
55356,0
55833,4
59778,0
62775,4
67926,0
68018,0
71496,4
73905,0
86024,4
34900,0
72621,4
82581,4
80000,2
85060,2
26131,3
57345,4
72430,4
36621,4
37549,4
49108,4
59509,0
59727,0
62812,4
11409,3
37157,4
37759,4
41039,4
42649,0
42690,0
42739,0
43158,0
43577,4
43705,4
44627,0
46224,4
47413,4
47733,4
48217,4
50546,4
54132,0
54361,0
54450,0
59795,4
63598,4
63600,0
63654,0
63761,0
63797,0
67358,0
67988,0
68001,0
68580,4
73959,0
73988,0
74012,0
74017,0
75896,4
76648,4
82254,4
85124,0
85432,0
83671,0
77147,2
64129,0
79959,4
73135,0
53470,2
55761,4
69701,3
34128,3
34512,4
72507,4
72624,4
72706,4
86667,4
86888,4
52247,4
5825,3
35083,0
88132,4
59223,0
67344,4
85235,0
85304,0
45288,0
40132,0
48451,4
74308,0
47976,4
88406,4
62358,4
47241,4
25810,3
38307,0
60507,0
76498,4
68012,0
44463,0
26412,3
58957,4
61077,0
84849,2
77896,0
41995,0
42090,0
35127,2
63594,2
64536,0
34621,2
38721,2
39485,2
45626,2
53908,2
70394,2
70928,2
83072,5
83080,5
36932,4
76713,4
56865,4
55898,4
47275,4
44746,0
44799,0
35235,0
24673,3
35400,4
35425,4
35555,4
48551,4
50024,4
54804,4
55522,4
56345,4
64004,0
64910,4
67520,4
67856,4
68448,4
69676,4
71676,4
72071,4
72891,0
66048,2
85104,0
74870,0
2827,0
66776,4
71382,0
68827,0
49491,4
43958,0
44091,0
62967,4
85491,0
51116,0
35226,0
82577,4
71065,5
19679,3
35048,0
77080,4
77264,4
56179,4
72620,4
75745,4
76082,4
65774,4
69037,0
50792,4
12178,3
42093,4
41640,4
78979,0
59014,0
73185,4
34271,3
36376,4
69464,0
59649,0
34983,0
35616,4
43959,4
67685,4
69928,4
71073,4
73971,4
83883,4
87153,4
34987,0
35052,0
35055,0
39629,4
42733,0
42841,0
44631,0
44729,0
48131,0
49680,4
52422,4
53584,0
58481,4
58866,4
62532,4
62795,4
66845,4
67114,4
68096,0
68324,0
68341,4
71080,4
72383,4
72764,4
72886,4
73746,0
74020,0
74025,4
74193,0
74257,0
76537,4
79587,0
79617,0
79732,0
79796,0
80454,0
82460,4
85400,0
85539,0
85999,0
57091,4
84167,4
59422,0
59705,0
59758,4
41550,0
16730,3
69625,0
37309,4
47151,4
46686,1
49341,4
49534,4
43634,0
43660,0
58703,4
45920,4
39397,4
12043,2
37202,5
41926,4
61238,4
39718,4
67129,4
69579,0
51964,4
49972,5
58948,0
71910,4
36665,0
5362,3
44979,0
19362,0
11507,3
14069,0
36338,4
36410,4
36687,4
42299,4
43737,4
43961,4
45458,0
45469,0
45476,0
45520,0
59477,4
64235,0
64343,0
64410,0
65549,4
70679,0
70717,0
71132,0
73871,0
78638,4
81233,0
13425,0
62351,4
31712,3
45391,4
48529,4
49185,4
68719,4
68796,4
65761,4
65776,4
65777,4
65842,4
72262,4
17365,3
54389,4
40287,0
73429,4
79327,4
83975,4
53654,4
74950,2
54133,0
63416,0
59943,0
8656,3
83961,4
76152,4
56797,4
49774,4
61703,4
7757,3
53026,0
72206,4
64200,0
65174,4
51392,0
5864,0
64174,0
21158,3
82260,4
38963,0
67692,4
67724,4
54788,4
35541,0
35876,0
69059,0
39925,2
55770,4
38224,4
38250,4
75334,1
59880,0
83180,1
41339,0
47996,0
77174,4
77322,4
49399,4
55914,4
55915,4
35932,5
44334,5
50719,4
67259,5
72408,5
37012,2
46780,2
65107,5
70827,5
61768,4
25155,3
85461,0
51604,0
41543,4
50163,4
55130,4
37228,1
77227,4
79100,1
51839,0
36797,0
54918,0
74156,1
63854,0
50039,4
58197,0
63237,1
82834,4
82981,4
83065,4
21364,3
37594,2
40469,2
20463,3
20542,3
20878,3
23369,3
24510,3
25758,3
28339,3
10027,3
74191,0
36921,1
83030,1
47256,4
80557,0
41350,4
85267,0
63512,0
67689,4
79283,0
77141,4
78052,0
36213,0
36466,0
36643,0
36778,0
51831,0
51834,0
55623,0
64561,0
69016,0
69032,0
75180,0
77501,0
77802,0
80860,0
80861,0
80942,0
81193,0
81194,0
85971,0
86083,0
88823,4
44150,4
62592,1
62821,1
65301,4
27057,3
53560,1
79140,1
78136,2
34717,4
35213,1
35568,1
37356,1
38827,1
42901,1
43430,1
46412,4
46845,4
47263,1
47276,1
60030,1
62763,1
75250,1
80739,4
59331,1
59153,1
78542,3
32825,3
43070,1
56281,4
44629,1
34387,4
36502,4
37445,4
39071,4
40421,4
40664,4
30726,3
35520,1
35638,1
37308,4
40354,4
40925,1
41193,4
42305,1
42947,1
43028,1
43226,1
44705,1
48211,4
54279,1
54691,1
54708,1
55391,1
59963,1
59992,1
60078,1
60215,1
60319,1
62537,1
63236,4
63732,1
63969,1
67997,1
68491,1
71758,4
80508,1
81944,1
85482,1
85566,1
85868,1
65136,2
66993,2
63667,1
2366,3
45174,4
52618,4
83552,1
5478,3
36471,1
67816,4
31070,0
41058,4
72776,1
88533,4
42900,1
43939,1
81918,4
43349,1
48964,4
77155,4
46036,1
62853,4
52439,1
59459,0
81334,4
45412,1
45460,1
63042,1
68270,1
68511,4
28725,3
33556,0
35728,0
36358,4
39302,4
46066,4
47810,4
47822,4
72047,4
73423,4
75167,4
81833,4
83201,4
83366,0
83367,0
87650,4
62558,1
36534,1
84967,1
36977,4
46310,4
83402,4
83977,1
84018,1
88345,1
64962,1
82681,4
85606,1
59067,1
60499,3
36083,2
46711,5
57114,2
77121,5
78741,5
78742,5
53502,2
74438,1
13853,3
23281,3
78363,3
42102,1
37162,4
73489,1
73543,1
37125,4
44642,0
31446,3
21290,3
60266,1
65105,1
28308,0
31414,3
54081,1
78702,1
59309,1
70168,1
49732,5
82687,4
31409,3
79721,1
79757,1
85263,1
53177,3
81739,4
35075,4
35316,1
35679,1
37324,1
37992,1
43286,1
44617,1
44984,1
50827,1
51502,1
60069,1
60077,1
62418,1
62563,1
63647,1
63726,1
63777,1
63802,1
67492,4
67693,4
68388,1
68460,4
68630,1
69001,1
69314,1
73961,1
74140,1
74383,1
74403,1
74717,1
80097,1
80467,1
85045,1
49001,1
43882,1
47462,1
70075,1
23051,3
39908,2
57370,1
57563,4
82931,1
60268,1
84743,4
34708,1
85825,2
315,3
80226,4
73787,1
54492,3
77224,1
52385,1
61869,5
65940,1
57403,1
50400,4
3122,4
50297,1
66766,1
48577,1
48594,1
48600,1
62300,4
86336,4
53951,0
69339,1
63407,1
78732,1
49769,1
43583,1
59557,4
74098,1
78301,5
36918,1
38331,4
60916,1
61345,1
70084,4
52025,4
52026,4
54093,0
73894,1
73904,1
40219,5
88103,1
46593,4
46650,1
66483,1
86348,1
69708,1
84832,1
85079,1
51324,4
51393,4
41769,1
64479,1
55140,4
67091,1
36981,2
54416,5
62588,1
86364,1
35845,1
9342,3
53444,5
35113,5
40658,5
51960,5
59145,5
66166,2
66830,5
75528,5
86146,5
60971,1
21248,3
41567,5
84143,1
84218,1
43531,1
43586,1
43652,1
19168,3
72474,4
88064,4
51187,1
82869,1
51698,5
28751,3
64112,1
69589,1
69680,1
53279,1
79080,4
81301,1
77609,1
88646,1
78362,1
51895,1
42320,4
63171,1
64334,1
48359,1
48432,1
48442,1
48687,1
84658,1
36522,1
62656,4
64405,1
64498,1
64539,1
64540,1
69857,1
73728,1
81350,1
81584,1
17764,3
75076,1
59909,1
59949,1
64046,1
64124,1
64241,1
59780,1
87625,5
65820,1
84092,1
77398,1
16356,3
39538,3
43109,1
43361,1
43362,1
64118,1
64145,1
67686,1
74620,1
85755,1
79870,1
19011,3
41736,1
43448,1
44367,1
48272,4
51386,1
64365,1
75475,4
80747,1
35901,1
35943,1
35985,1
35999,1
36311,1
42266,1
42613,4
43154,4
43788,1
44223,4
44438,1
45080,1
45207,1
46359,1
47804,1
49998,1
60067,1
60621,1
62868,1
64076,1
64116,1
64117,1
64179,1
65198,4
66105,1
69135,1
69280,1
73889,1
74289,1
81245,4
85947,1
43460,1
55927,4
44877,1
85605,1
60024,1
82975,1
58760,1
74437,1
72710,1
37595,1
37454,4
43180,1
70968,1
86949,5
84261,1
34857,1
59823,1
59925,1
60313,1
62415,4
56291,4
47531,4
68101,4
71335,5
50648,1
51061,4
82085,4
84632,1
84693,1
44720,1
44814,1
64774,5
20767,3
74423,1
36209,1
59352,1
64275,4
49036,1
38716,5
65116,1
57179,4
34716,5
47760,5
86646,5
77090,1
77349,2
59212,1
70443,1
85509,1
44202,4
44416,1
65618,1
44152,1
48780,1
54038,1
54061,1
67888,1
67909,1
37593,5
46533,5
59672,1
56631,4
23217,3
24048,3
68469,5
84709,1
66903,1
77563,1
80257,1
34,3
82996,1
58864,1
80040,1
87773,4
28638,3
35766,1
37352,1
40862,1
41035,1
42776,1
43051,1
43278,1
43439,1
43829,1
45238,1
45251,1
45252,1
45308,1
45435,1
45817,1
46811,1
66419,1
66420,1
69317,1
69318,1
69334,1
70806,1
80799,1
81005,1
84096,1
82502,1
60287,1
81505,1
86369,1
82697,1
74981,4
36807,1
74376,1
47168,5
60453,1
84541,1
21685,3
13521,3
64131,1
67863,1
84671,1
23154,3
84013,1
86263,1
46263,5
69465,2
8205,3
48930,4
73449,1
10076,3
11777,3
34659,1
86482,1
70773,5
78185,1
79838,1
38313,5
63027,5
11585,3
40396,5
41590,5
41700,5
84935,1
46618,5
64889,1
85155,1
21827,0
77611,5
78566,5
88635,5
78237,1
48895,1
1280,3
56941,4
84166,4
45427,5
81622,1
82338,1
39896,5
47817,1
67841,1
45847,1
77248,1
72889,1
77782,1
85370,1
25706,3
45189,1
68935,1
42727,1
67817,1
3001,3
44245,5
65075,1
42167,1
43618,1
47940,1
47941,1
47949,1
48993,1
51215,1
51739,1
64042,1
69712,1
71103,1
77977,1
80868,1
82745,1
83218,1
37339,1
37404,1
37667,1
50090,1
63608,1
73589,1
40960,5
37358,1
38770,1
35586,1
66805,1
64296,1
36988,1
37804,4
40436,1
41597,1
50581,1
50603,1
69764,1
1000,3
4102,3
41137,1
36482,1
82588,1
87027,1
25015,3
79020,1
58299,1
60243,1
44485,1
55682,1
42244,5
39994,1
50673,1
61927,5
67661,5
82365,1
77266,1
30071,3
81467,1
69405,1
58963,1
32680,3
9703,3
23308,3
37567,1
55284,1
60443,1
60607,1
60859,1
64421,1
64458,1
64471,1
65531,1
67132,1
76603,1
86222,1
86313,1
1,1
52144,5
36949,5
67347,1
70034,1
20210,3
63949,1
83704,1
21355,3
74149,1
82275,1
83399,1
64630,1
46122,1
48956,1
50340,1
59366,1
59566,1
77817,5
88272,3
1538,3
52237,1
43534,1
64364,1
39013,5
65280,5
24759,3
23638,3
25730,3
25587,3
27379,3
29013,3
33042,3
36944,1
59470,1
82696,1
82823,1
59186,1
79699,1
51795,1
79574,1
53167,1
70826,1
49934,1
28674,3
41513,1
64516,1
81567,1
86377,1
56339,5
59685,1
30031,3
74251,5
57192,1
83475,1
50742,1
52550,1
37531,1
37238,1
47678,1
47693,1
85239,1
5311,3
898,1
82735,1
57585,1
63299,1
47881,1
51103,1
19928,3
60154,1
74735,1
81068,1
74136,1
41141,1
1810,3
9026,1
29991,3
50593,5
43008,1
60160,1
60530,1
55542,5
58954,1
36996,1
37118,1
37654,1
64494,1
64559,1
75105,1
78303,1
81308,1
82875,1
84676,1
84995,1
54736,5
67149,1
42303,5
80810,1
51115,1
66085,1
5223,3
31424,3
59868,1
50699,1
74995,1
80886,1
44186,1
64579,1
83162,1
82870,1
44081,1
64547,1
69019,1
74969,1
83134,1
80718,1
85644,1
77755,1
30775,3
69489,1
45963,1
10447,3
10955,3
39809,1
16307,3
59255,1
84222,1
84405,1
34385,1
52048,1
52875,1
44915,1
87898,1
74634,1
8354,3
24649,3
59475,1
54349,1
37727,1
51617,1
15398,3
53621,1
51298,1
60321,1
30528,3
52346,1
60275,1
66219,1
84945,1
86441,1
88719,1
8648,3
30077,3
34601,1
6321,3
15394,3
74766,1
74831,1
50223,1
51294,1
51440,1
54692,1
54713,1
58259,1
79681,5
81478,1
52235,1
52102,1
29720,3
60765,1
3838,3
68509,1
57591,1
31404,3
5485,3
80763,1
80949,1
51986,1
24360,3
24726,3
27306,3
30876,3
54558,1
80931,1
81141,1
82060,1
23370,3
43738,1
74869,1
75127,1
25595,3
27310,3
29694,3
64445,1
25588,3
69324,1
52485,1
41786,5
75377,1
38274,1
43861,1
46017,1
49082,1
50788,1
54271,1
83554,1
88793,1
50828,1
49858,1
50773,1
73424,1
83544,1
72342,1
51414,1
62296,5
79001,1
31161,3
47369,1
47901,1
41502,5
75042,1
30968,3
83241,1
61630,1
60402,1
25586,3
21699,3
85478,1
74944,1
740,1
1381,3
1813,1
1963,1
2035,1
2363,3
4044,3
4999,3
7571,1
7904,1
12438,1
12439,1
13031,1
13309,1
13653,3
13893,3
14421,3
14619,1
14807,3
15758,1
16143,1
16336,1
16897,3
17554,3
17872,1
18511,3
18755,3
21257,3
21292,3
21457,1
24093,3
24299,3
25228,1
25756,3
25860,3
27511,3
27526,3
27998,3
29189,3
29589,1
30078,3
30491,3
30512,3
30777,3
30778,3
30789,3
31011,3
31410,3
31422,3
31614,3
31890,3
32762,3
35394,1
35734,1
36516,1
36533,1
37246,1
37546,1
38858,1
40794,5
42943,1
45898,1
45958,1
45970,1
45990,1
46209,1
48690,1
49441,1
50729,5
50774,1
51150,1
51998,1
52018,1
52709,5
53499,1
53895,1
54066,1
54067,1
56331,1
56558,5
57100,5
58790,1
58870,1
59988,1
60481,1
60587,1
61048,1
61051,1
61946,1
64461,1
65323,1
67327,1
67473,1
67922,1
70188,1
72045,5
72763,1
72816,1
72883,1
74642,1
75543,1
77067,1
77079,1
77308,1
78572,1
79084,1
80048,1
82792,1
83150,5
83283,1
83290,1
83591,1
83592,1
83919,1
83936,1
84060,1
84805,1
85492,1
86243,1
86244,1
86278,1
86485,1
86954,5
31082,0
86388,4
25087,3
62486,4
60036,2
41545,4
4846,3
24592,3
25739,2
18740,4
68108,1
31858,3
88029,4
20714,2
1089,2
12187,4
21348,4
34193,2
19894,0
24760,3
65939,4
77781,1
14861,0
7881,4
25184,3
32712,3
23273,2
33092,2
86025,2
60786,2
28284,2
12044,3
28187,0
16939,3
62131,4
50921,4
20746,0
58777,0
9823,0
21451,4
14398,0
36399,4
32690,0
32847,0
58102,4
58267,4
39591,4
20296,1
18241,3
34291,0
4056,4
56174,4
63063,1
8806,2
2046,3
5674,3
32149,3
3606,2
22184,2
26379,3
24648,3
7090,3
27993,4
6554,3
27265,4
57632,1
57631,1
19766,2
60596,1
64353,1
8422,0
77729,2
33840,4
67891,4
67986,4
47445,4
39542,4
62717,1
62732,1
35808,1
81703,5
28064,0
17138,2
13841,3
4774,1
56080,4
21131,2
66027,4
1284,3
40454,2
29358,4
11155,4
45658,4
62196,4
82430,4
80167,5
31618,3
6419,0
27418,3
4344,2
57320,4
57359,4
1372,4
11992,1
50590,5
38537,4
47125,4
50227,4
71805,4
31365,0
15940,4
8358,3
29030,2
15974,4
16566,0
17234,0
17807,3
49444,4
41353,4
45994,2
86947,2
5479,3
27088,0
17279,4
11895,0
14988,2
16531,2
27770,3
25540,3
22984,2
31629,4
77281,4
8497,3
800,0
20805,3
8357,3
10634,3
8305,4
32206,2
19707,4
32830,4
11176,2
81848,2
5308,4
17364,0
32939,0
358,0
23341,4
11419,3
33761,0
37683,4
29390,0
7275,3
1730,4
20562,0
21013,0
21546,2
31617,0
18374,4
13377,2
47806,0
12075,4
65885,4
11178,4
15626,2
7174,2
8837,0
8592,4
10215,4
19153,3
25915,4
25422,4
21877,4
30245,2
33017,2
38778,2
18480,4
13273,2
79990,4
18536,3
6773,0
16507,4
30356,2
55513,2
52856,4
52857,4
13053,0
84302,0
13942,3
7648,2
17389,2
19969,2
45632,2
66629,2
38342,4
20754,0
78731,0
16157,3
8321,4
15995,3
61452,4
69713,4
25284,0
30780,0
17341,2
59930,4
11686,4
9434,0
14211,0
14435,4
18958,0
29403,4
87833,4
72681,4
6552,0
19162,4
24119,0
24552,0
37224,4
50225,4
51091,4
60403,4
63162,0
67945,4
31353,4
12917,4
18125,4
128,4
1366,4
1367,4
3794,4
7880,0
8472,0
10568,4
11723,4
12015,4
12725,4
14878,0
16129,4
20569,0
27000,4
29531,4
45761,4
49662,4
55316,4
67372,4
68393,4
68899,4
70530,4
74472,4
75049,4
80509,4
80510,4
83542,4
84922,4
86556,4
5259,0
9239,0
9742,4
10789,4
11934,0
15046,4
18684,4
26783,0
28659,0
33931,0
46887,4
69360,4
82644,4
5649,2
17896,2
29559,2
59296,2
80278,4
17128,4
72153,4
2865,4
5781,0
35061,4
36652,4
36735,4
43273,4
81849,4
16031,0
17150,4
39456,4
534,0
15942,4
2,0
4167,4
12602,0
56176,4
53,4
15160,4
56215,4
79085,4
79147,4
81214,4
19015,0
19988,0
21739,0
22734,0
26589,4
32633,4
58442,4
58546,0
78323,0
79972,0
1443,4
6327,4
9413,4
10614,4
13557,4
18128,0
31578,4
33533,0
35489,4
37461,4
46607,4
51630,4
51683,4
57377,4
70190,4
27198,4
1815,4
64528,2
17293,4
1151,0
13591,4
14401,0
22845,4
27708,4
30183,4
33200,0
33685,0
35436,4
37518,4
57418,4
20420,0
68272,4
75679,4
75870,4
18534,0
5467,4
74321,4
78334,4
18916,4
45722,4
17127,0
61154,4
30638,4
32383,4
67663,4
56908,4
33899,4
34027,4
38086,4
66346,4
82264,4
76920,2
18224,4
20069,3
20926,4
68217,4
110,0
28601,0
40691,4
33581,0
7001,4
27539,4
33507,0
8975,3
2911,3
13664,2
9256,4
88591,4
46218,4
7267,4
19101,4
77387,4
4617,0
35915,0
24088,0
31912,4
24322,0
24323,0
24892,4
27047,0
41066,4
43707,0
47169,4
2443,4
7532,0
8160,4
14566,0
45055,0
57796,4
63793,0
63794,0
43723,0
70597,4
28646,4
62140,2
18053,4
56495,4
33146,3
12254,3
72814,4
27896,4
34154,4
68240,4
22528,0
33182,0
62776,4
18829,4
13211,4
25219,0
67463,4
61772,2
68772,4
81661,2
70064,4
45968,2
79607,2
27021,2
42696,2
7403,0
18708,4
43974,4
64904,4
84005,4
32123,4
55698,4
75428,4
39118,4
39379,4
41453,4
55461,4
55507,4
64951,4
71033,4
16132,0
47578,4
47755,4
66520,4
78735,0
79005,0
80706,2
79498,2
57011,4
55188,4
75974,4
82913,4
10232,3
14309,0
40614,4
46403,4
50304,4
67942,4
81469,4
81575,4
86660,4
35741,4
31029,4
88605,4
29715,4
30175,0
77486,4
13655,0
40187,4
78081,4
82383,4
12324,0
72124,4
46067,4
49611,2
40822,4
52731,4
11787,0
79744,4
83304,4
83377,4
60141,0
18918,3
40600,2
82464,4
47296,4
65808,4
34004,4
70231,4
70678,4
50013,4
56957,4
52666,0
66969,2
83677,0
690,3
22716,4
1725,3
49525,4
70015,4
51361,4
52028,2
66494,2
88408,5
17911,3
80118,2
80530,2
87640,2
66551,2
54048,0
38256,4
56902,2
54095,0
56340,2
76658,4
41151,4
75588,4
49278,4
49310,4
56150,4
79564,4
4227,3
40451,4
67516,4
59919,0
83136,2
40780,4
22913,0
49167,4
49118,4
35519,4
35704,4
41158,4
47665,4
83185,4
72605,4
30766,4
52561,4
54302,0
57543,4
77701,4
84719,0
79416,4
53048,4
26579,0
87337,4
2379,3
39061,2
74348,4
83556,0
44400,2
58318,4
58319,4
48076,2
57206,2
38411,2
55723,5
64944,2
70346,2
7553,3
73700,4
73771,0
77579,4
67773,4
52298,4
76058,4
39907,4
56546,4
56758,4
48950,4
52283,4
78425,0
58684,1
45074,2
72690,4
44045,2
37250,2
61115,5
88554,4
36380,4
46681,4
46731,4
46732,4
64304,4
51726,4
40942,4
55054,4
37028,4
72457,4
63774,0
63903,0
42232,0
74189,2
64565,0
47190,4
54378,4
55285,2
809,4
76381,1
67664,4
61957,4
39076,2
52388,1
80856,4
37103,5
35160,2
66992,5
78324,5
60086,1
77790,2
36111,0
35646,4
72425,4
47858,1
54780,1
57106,4
65078,4
66552,4
70302,1
37273,1
61838,5
88647,4
41633,4
75778,4
11775,3
34423,4
72103,4
36628,4
36629,4
75729,1
72738,4
29180,3
83506,2
51389,4
57604,1
42710,5
84399,1
84400,1
69392,1
70447,1
73742,1
75836,1
78098,1
68150,1
64054,1
82977,4
62503,1
49052,4
83060,1
50041,1
11857,3
45765,1
61130,5
67415,1
42270,1
42290,1
38255,1
39273,1
82856,1
74029,1
51426,5
75640,5
82218,1
84010,5
2884,3
75182,1
46485,5
73986,1
87997,1
88053,1
71561,5
44581,1
80124,5
76497,1
65533,1
38538,1
40296,5
9347,3
74483,1
44940,5
47677,1
48203,5
66807,5
73729,1
83458,1
83496,1
21,3
46126,5
75630,1
15296,3
38874,5
83803,1
51359,1
79691,1
66889,1
82892,1
33382,1
43654,5
14008,3
18578,1
24059,3
31015,3
44711,1
49136,1
72797,1
75209,1
26192,0
59978,1
82828,4
3156,4
3283,4
3725,4
4057,4
62476,4
4421,2
34313,2
77084,5
10584,2
73456,1
62938,1
1724,2
41580,2
7827,4
8509,3
13122,2
7024,1
80435,5
20715,2
20255,3
607,3
26774,4
692,0
7437,4
21642,3
35272,1
29882,0
12704,2
79871,5
21749,2
86760,5
6466,2
25963,3
80724,4
4556,0
40808,1
23584,2
14175,3
6835,4
20107,2
3792,3
5585,0
9092,4
23124,4
51251,4
77548,0
8164,3
6941,3
27317,2
4222,3
12793,3
82732,4
74739,2
29114,2
14811,4
24972,4
60083,4
73090,1
9667,4
10064,0
28285,0
40727,4
17492,3
21841,3
21356,3
24313,3
30875,3
57492,4
6502,4
82690,1
12056,2
11589,2
31392,3
32346,3
29661,2
85300,4
29854,4
5326,2
67217,5
11923,4
72152,1
68946,1
48162,4
69068,1
77816,5
64468,5
32040,3
20325,4
3601,2
37372,4
83749,1
20571,4
29644,2
9377,3
31933,3
19056,2
23180,2
25822,4
27473,2
35333,4
38285,4
38798,4
40623,4
41807,4
42068,4
42314,4
42365,2
42618,2
44410,4
44878,0
45639,4
47084,4
47321,2
48886,2
52415,0
55254,4
56353,4
56850,4
56878,0
59886,4
60505,4
61233,0
61676,4
64669,2
65214,4
71756,4
71757,4
76447,2
77712,0
80613,4
80845,4
80894,4
84194,0
86286,4
86891,4
86909,0
86994,2
88691,4
88718,4
21579,2
19353,0
13073,4
32086,3
16044,4
26600,0
30868,0
19513,0
27423,0
36794,0
19542,0
22322,0
86787,2
41522,4
48961,4
793,0
4090,0
8616,0
12801,2
20876,3
23562,2
25267,3
25832,4
5593,0
29111,3
4648,3
1431,0
20499,3
12128,3
16601,0
5088,0
4806,3
16261,3
15986,0
14651,0
32144,4
26240,0
13572,0
70145,2
5002,0
57199,4
68224,4
33364,3
11658,0
18535,0
32129,3
31132,2
9541,3
22468,3
33513,2
26086,0
21609,0
18656,4
15244,3
9493,0
56568,0
3889,3
19931,0
15571,0
1749,0
10835,0
33903,0
56830,4
9642,4
379,0
4240,0
7988,0
15518,0
17481,0
5626,0
16169,3
10922,4
69184,4
30222,4
17576,0
8917,3
23720,0
15332,0
12664,0
17118,0
7215,3
28450,3
13951,4
17144,0
17149,0
20248,0
14520,0
15185,0
48364,4
16587,0
42,0
16710,4
9696,4
80591,2
7976,3
13481,2
70475,0
13124,4
14166,3
75570,4
21167,2
38884,0
23334,4
12244,2
28065,3
28407,0
18159,0
30213,3
28824,4
20835,2
7717,3
21834,2
12251,2
4079,4
17921,2
9423,3
16843,0
5652,3
6379,3
18710,0
22354,2
9220,3
18674,0
27570,3
22239,3
32134,0
60696,0
29554,3
8251,3
24171,3
13104,0
16228,3
10628,3
10845,0
28844,3
21558,4
321,3
21656,3
31081,2
1149,2
50201,2
21081,0
5412,3
23465,0
30599,0
14747,0
8181,3
15749,3
87424,4
6886,3
10304,3
14799,4
29955,4
26302,0
3649,3
10300,0
63099,3
12941,0
23924,3
21314,3
17907,0
18385,4
24040,4
18272,0
27488,0
9596,2
24258,3
1520,0
30552,3
31766,3
5808,3
28870,4
8105,0
18542,3
68007,3
29312,3
61881,2
25877,0
24722,0
23282,3
29112,3
26995,0
31853,3
352,3
51447,4
29752,4
24998,0
28230,0
21944,0
30193,0
18721,3
1061,3
2759,3
63914,0
7505,0
31918,2
5283,3
30890,0
4480,3
15892,0
12788,3
21144,4
83467,4
18092,3
83044,0
3010,0
19665,0
23046,0
22472,2
10847,3
78198,0
7219,0
27447,4
19242,0
11660,0
20783,3
52641,0
26547,0
19211,3
32687,2
22008,0
16243,3
4101,0
30266,4
87547,4
16816,3
48243,0
25493,0
22558,3
52271,0
20631,3
1301,0
32053,0
26968,3
22069,4
57132,0
87995,4
76514,4
78115,4
22154,4
16590,3
20518,0
17169,4
231,4
32228,0
26993,3
28232,3
7768,3
1564,0
5296,2
31124,0
29875,4
20382,3
18827,3
11234,3
32348,2
10015,3
10175,3
29439,3
32070,2
19656,3
4859,3
5946,3
31014,3
1632,4
457,3
8288,3
38606,3
8006,4
26000,3
31403,3
31832,3
994,3
7540,4
31805,4
19125,4
31898,3
79054,0
31678,0
32962,3
53808,0
15132,3
75791,3
2228,0
39637,3
22965,3
85219,0
25494,3
9062,2
57266,4
61733,4
4555,0
27235,3
31811,3
10838,3
9058,3
34972,4
33245,2
4751,2
3164,4
4584,3
26518,3
14436,0
33197,4
31001,0
25329,0
61858,2
23228,0
26408,3
28113,2
2134,0
9928,4
27160,3
57586,4
26260,0
11303,0
6600,3
1858,3
4186,0
26829,4
14847,0
76709,0
13387,3
33239,0
34166,0
15552,2
20492,0
32110,3
11354,3
24061,3
51065,4
4956,3
4274,3
10794,2
66306,2
3309,0
23853,4
7646,2
19418,0
76670,0
31096,3
5892,3
13527,0
5013,3
38666,2
2467,0
28678,0
12489,2
10181,0
31245,2
2421,0
28603,3
8810,0
7286,3
32146,3
20085,3
14452,0
2295,0
16579,3
36886,0
1007,0
12891,4
3893,3
18157,2
20865,2
28271,2
66175,4
66168,0
27565,0
77123,2
82277,2
84683,0
23498,0
82670,2
23914,0
24960,3
4342,0
23989,0
19429,3
12653,3
27616,0
41289,0
2722,2
5552,2
33007,0
23787,2
2029,0
4872,2
15336,2
9660,3
35241,4
3680,2
4204,3
73576,4
6922,0
74957,2
4787,0
27586,0
1669,0
1171,0
24264,0
6820,2
70487,2
20257,0
46725,2
2091,0
960,0
8707,2
39722,2
6127,0
32667,4
23760,2
77126,2
26515,0
1158,3
36820,4
9248,0
17102,0
26038,3
31759,2
21650,3
6034,0
15903,0
23494,0
3976,4
25244,0
18183,0
27914,4
4147,0
33232,4
29359,0
23618,3
1925,0
28075,0
2474,4
1708,0
6549,0
33522,0
20432,0
23136,0
16398,3
11751,3
23097,3
13958,4
17147,0
18773,0
1780,2
27704,3
13672,0
18636,0
68465,4
3112,0
19140,4
3325,0
29236,3
27699,4
32380,3
4855,3
33386,3
26339,4
11848,3
15720,0
4660,2
6945,0
30455,0
27750,2
5842,2
10917,4
28644,0
1223,0
12212,0
5751,0
375,3
6238,2
5083,2
6398,2
16751,0
23713,0
24843,4
16597,3
892,3
63245,4
12084,0
1175,0
57467,0
24113,0
81255,4
1132,2
24630,2
11943,2
1767,3
41961,0
1926,0
2066,0
7405,4
9507,4
32927,0
4324,0
7785,0
5944,0
26905,0
33008,0
15985,3
61371,2
15352,0
31142,4
47443,0
19865,0
21163,2
22495,0
13034,3
29919,0
1304,4
13932,0
12223,4
3573,0
32849,4
9201,0
7745,3
7788,0
71317,2
1783,2
3278,4
20844,0
7354,0
23198,0
5504,2
32253,0
10625,3
18932,0
7166,2
24828,3
14851,2
4562,3
17667,2
27806,3
33112,2
11005,3
11334,0
13824,0
62464,0
14228,0
2111,2
7440,2
32965,2
84239,2
37428,4
22724,0
28472,4
2438,3
6949,0
16748,2
5535,0
20370,4
15358,0
26490,0
13236,0
6558,2
24416,2
43871,2
3161,0
17266,2
24490,3
22787,2
12649,0
6861,3
31772,3
40865,2
58645,4
2839,0
6578,4
18395,4
9726,2
5216,0
4082,0
5960,0
6984,0
8976,0
15842,4
16463,0
16799,0
17606,3
39544,0
58351,0
88126,4
13475,2
31516,2
3226,2
9898,2
11016,2
18393,2
40020,2
57712,2
79562,2
78962,2
23220,2
10299,0
8866,0
1368,0
21379,0
1085,2
5034,2
5525,2
5992,2
6290,2
11094,2
12646,2
13962,2
16821,2
21763,2
22489,2
30335,2
70184,2
8758,0
1475,4
27512,3
26179,0
4436,0
41757,4
12361,0
82490,2
15153,0
35060,4
87372,4
16644,0
62687,2
28287,0
32888,0
81533,4
20356,3
3878,4
71843,4
6775,2
2838,0
9612,0
14003,0
14106,2
15272,2
19959,0
25265,0
87749,2
25603,0
11563,0
15864,2
3368,0
76369,4
2118,0
3128,0
3567,3
4678,0
7676,4
8647,4
9209,4
10521,0
19523,0
22163,0
22526,4
26784,0
28273,0
28355,0
31064,0
32876,0
33852,0
34498,4
69202,4
7352,0
9389,0
26947,2
91,2
4051,2
5834,2
10465,2
11749,2
14876,0
17866,2
18129,2
18438,2
18606,2
21774,2
24046,2
25626,2
25669,2
32972,2
34003,2
67177,2
79343,2
15840,0
4199,0
9110,0
11519,0
11524,0
12771,0
13925,0
15304,0
15315,0
17333,0
18075,0
18984,0
19765,0
22779,3
28483,0
29136,0
32782,4
34131,0
42699,0
42744,0
42917,0
27408,0
31349,0
72724,4
23227,2
10365,0
10419,0
26710,0
1156,4
26032,0
31524,0
77167,0
23912,3
30975,0
17328,2
771,0
2769,0
20388,0
38107,4
49484,2
15512,2
3871,0
21092,4
27394,4
3005,0
50928,0
29985,0
24878,0
85499,2
8829,0
1509,3
6296,0
13965,2
76957,0
61513,4
39155,0
4350,3
3054,4
24942,3
70281,0
17622,0
7147,0
17636,0
1695,0
8511,0
9133,0
10519,0
12270,0
13822,0
17610,0
19655,2
21005,3
23863,0
24376,0
25175,2
30697,3
33253,0
34340,0
67836,0
18861,3
19699,3
8276,3
9914,3
1300,0
10923,0
1833,0
3523,0
3552,0
5036,0
7404,0
7708,0
8196,0
8783,0
11192,4
12621,0
13074,0
33590,0
33762,0
34383,4
37640,0
72753,4
73617,0
23978,0
46522,4
4348,0
4740,0
2528,4
31168,3
76703,4
3604,0
34654,4
13991,3
26619,0
23250,3
37611,0
19897,4
7390,4
11584,0
83097,0
26889,0
29886,0
20436,0
29783,0
32693,4
59548,0
47942,2
20536,0
6804,0
20288,3
34076,4
5114,4
6169,4
72027,4
28819,3
6187,3
2041,0
29884,3
84529,2
2516,2
9079,3
2221,4
2300,4
2523,4
2578,4
6784,0
7807,4
8794,0
14169,0
15893,4
16248,0
21995,4
34374,4
55714,4
4205,0
5241,4
6595,0
7037,0
9397,4
9495,4
9822,0
10843,0
10956,0
11044,0
11864,0
12176,0
12998,4
13476,4
17046,0
17418,0
19866,4
22630,0
23002,3
23093,4
23587,0
24819,0
25625,0
26870,4
28975,0
30107,4
33039,0
33883,0
51018,0
62531,0
80193,4
28245,0
3560,3
6573,0
7363,2
9557,4
4398,0
5702,3
21612,4
267,2
2040,2
3685,3
8702,4
14677,0
2570,0
3974,0
10145,4
11405,4
11412,0
65548,4
65584,4
72230,4
72312,4
75851,4
77341,4
80593,4
391,0
970,0
1018,0
2699,0
2853,0
3218,0
4285,4
4298,3
4809,0
5601,0
6380,0
7643,0
8344,4
8531,0
8971,4
9234,0
9465,0
10382,0
11500,0
12267,4
12395,0
12562,0
12610,0
14473,0
14503,0
14705,0
15816,4
16013,0
16253,0
16884,0
16962,4
17415,0
18281,0
18458,0
18838,0
19548,0
19692,4
20000,0
21262,0
22416,0
24670,0
25760,0
26049,0
26944,0
27026,0
27140,0
27545,0
27906,0
28584,0
29042,4
29152,4
30444,3
30659,0
30693,0
31603,0
32163,0
33360,4
76910,0
83381,4
17560,0
3224,2
33226,0
21942,4
190,3
18830,2
22914,2
67023,2
27124,0
1226,0
10340,4
13026,4
170,0
21987,0
27244,4
5213,3
3408,3
8621,0
26517,4
7776,0
81089,4
12799,0
34000,2
9920,2
19663,0
23361,3
9244,2
2515,0
56486,4
83998,2
6295,2
19732,0
19528,3
8390,4
8450,4
51241,0
51266,0
439,0
33097,0
24157,0
77026,4
31400,0
25748,0
18568,0
28046,0
5445,2
9428,2
13834,2
34804,2
52738,2
53525,2
30941,3
10040,2
42432,4
47181,4
43313,0
72943,0
45348,0
45369,4
21748,0
46994,2
58356,0
42071,2
27261,3
1249,0
28521,2
42015,0
63346,0
72108,2
75213,0
88560,2
23275,4
33467,3
32312,4
88037,2
32345,3
59218,0
10542,0
52776,0
67660,2
32758,0
34470,4
40231,4
38765,4
2621,4
5388,0
15883,0
39405,4
40524,4
50503,4
50522,4
54044,0
58128,4
78805,0
84581,0
84912,0
82188,4
16815,3
19066,0
4253,2
85048,2
18235,3
88036,4
24391,3
29344,0
76932,4
71463,2
48757,0
16472,0
46384,4
39670,4
44049,4
52798,4
64767,0
37451,4
72957,0
96,0
13515,0
13798,0
16158,4
17763,0
25052,4
41976,0
42004,0
48483,0
58617,0
62365,4
63261,0
63404,0
69474,0
72432,4
72655,4
73182,0
76623,4
80367,4
84557,0
84663,0
72677,0
48742,2
59855,4
71195,0
73457,4
30600,4
77265,4
29501,0
40104,4
9476,3
9786,0
52296,4
54993,4
53648,4
32157,4
52314,4
52859,4
51489,4
51558,4
15288,0
24810,0
46726,4
47134,4
41844,2
33460,0
44958,2
34884,0
23285,4
58320,0
14633,0
80372,2
72170,4
3744,3
34631,4
34726,4
37795,4
38505,4
46287,4
58234,4
64927,4
67637,4
69443,0
70676,4
85520,4
88489,4
82730,4
26018,4
19165,0
39116,4
63402,0
78419,0
81792,4
10,0
2596,3
3347,0
5670,0
5993,0
6568,0
8145,0
11491,0
11901,4
13304,4
16138,0
17275,4
17276,0
18791,0
19107,0
20140,3
20589,0
29000,3
33754,0
34085,0
34501,0
34796,0
41651,4
41667,4
41997,0
42484,4
43518,4
47196,4
48479,0
53578,0
53613,0
53845,0
53897,0
56168,4
56741,4
57859,4
58438,0
58741,0
58757,0
58771,0
58798,0
63370,4
66364,4
69289,0
69290,0
69309,0
69348,0
69403,0
71880,4
72837,4
72906,0
72918,4
73089,4
73108,0
73382,0
78506,0
78807,0
81066,4
82286,4
82636,4
86302,4
53421,0
78190,4
56547,4
8801,0
70194,4
14817,0
34619,0
17723,3
59767,4
24571,0
8449,4
77666,2
18712,0
16281,4
27483,3
31304,4
55486,4
86187,4
87445,4
22112,0
24814,4
42043,0
74591,0
34590,0
41139,0
15146,2
78367,0
51611,4
65033,4
75429,4
61547,2
71314,2
11347,0
7742,3
13583,3
42126,0
19034,0
68561,4
58745,0
49965,4
8071,4
65042,4
18148,2
777,4
8791,4
8982,4
12022,0
18074,4
21481,4
23148,4
24265,0
27272,4
29192,4
31215,0
34799,0
35348,4
35349,4
37139,4
37198,4
39150,4
40043,4
40440,4
40475,4
40476,4
41111,4
41314,4
41345,4
41379,4
42697,4
43937,4
46937,4
47150,4
47823,4
49407,4
53588,4
53727,4
53841,0
54882,4
55116,4
55506,4
57827,4
62265,4
64463,4
65561,4
67100,4
67778,4
69406,0
69798,4
70162,4
70330,0
70882,4
71034,4
71325,4
72188,4
72189,4
72269,4
72458,4
75310,4
78663,4
78763,4
79024,4
85815,4
86328,4
86827,4
87011,4
88812,4
88821,4
27145,0
615,0
1028,4
1335,0
2109,0
2944,3
3912,0
6679,0
7302,0
8673,4
8919,4
9308,0
9619,3
10274,0
10589,3
10797,0
11235,4
13101,0
13956,0
14370,4
14526,4
15170,0
15400,0
16004,4
17152,0
17689,0
17883,0
19398,0
24939,4
25164,4
26551,0
27327,3
28894,0
31554,4
32941,4
33420,3
34564,0
34819,0
37387,4
37539,4
37914,4
42174,0
42390,4
42498,4
42544,4
43105,0
46555,4
47058,4
47222,4
47329,4
47434,4
48095,0
48507,0
48508,0
48527,0
48538,0
48661,0
49710,4
49750,4
51188,4
52284,4
52322,0
52521,4
53541,0
53620,0
53653,0
53710,0
53752,0
53783,0
53791,0
53830,0
53842,0
54776,0
55679,0
56266,4
58596,0
58630,0
58689,4
58732,0
58835,0
58943,0
66669,4
69357,0
69361,0
69401,0
69436,0
69446,0
69454,0
69553,0
69942,4
70313,0
70680,4
71958,4
73272,0
73300,0
74507,4
75606,4
75970,0
76350,4
76581,4
77625,0
78621,0
78727,0
78923,0
78985,0
81100,4
81759,0
84753,0
87932,4
87941,4
88333,4
39616,4
87920,4
46240,2
17525,0
40927,0
498,3
41834,2
46206,2
24203,2
40613,4
41254,4
41355,4
42624,4
73514,4
46631,4
59133,4
61702,4
65356,4
32317,0
39497,4
42910,4
70769,2
35072,0
73777,4
15681,0
18340,0
19918,0
23384,0
61987,2
41232,4
63319,0
60276,0
84271,2
11102,2
6336,3
64601,2
2604,3
53595,2
53707,2
84711,2
28691,0
7162,2
9988,2
10831,2
16042,0
27208,2
37271,2
37581,2
47367,2
58079,2
58111,2
64572,2
64787,2
66884,2
70562,2
71092,2
72203,2
72308,2
75560,2
77179,2
83014,2
84115,2
84672,2
11400,0
58383,5
55171,4
77746,2
7979,0
43801,4
44016,4
72976,0
40034,4
39917,0
6771,4
49535,4
29816,4
71741,4
20624,0
20301,0
19389,4
79182,0
79270,0
79281,0
52999,0
60392,2
81697,0
87725,4
29348,0
30321,0
12532,2
87375,2
87753,2
12180,0
45253,4
18255,0
23685,0
47043,4
50704,0
67801,0
67934,0
25697,0
82798,4
1740,0
7501,0
8955,4
14064,4
31385,4
43463,4
70200,4
71727,4
75933,4
2334,3
5057,0
8197,2
12070,0
21543,0
23941,2
44024,0
63354,2
66336,2
78998,2
84396,0
82991,4
29481,4
29535,0
53826,0
953,3
48081,0
9575,3
23359,4
72015,4
51883,4
52488,4
71299,4
69049,0
69072,0
71017,4
17095,0
76191,4
57570,4
66387,4
85425,4
85647,4
58049,4
53463,0
39198,5
61139,2
7582,0
65266,4
65417,4
22134,3
32049,0
46312,2
86524,2
41,3
15356,3
72657,0
45836,2
64449,4
511,0
3337,0
3572,0
4229,4
5867,4
6498,3
6995,4
8880,4
10283,3
24577,4
26176,4
28699,4
32278,4
33630,4
34210,4
35553,4
36617,4
37348,4
37584,4
37613,4
40289,4
41389,4
42042,0
42499,4
43050,4
43107,4
43669,4
45857,4
48597,0
52547,4
62668,4
65602,4
65701,4
65847,4
65962,4
68300,4
68326,4
68413,4
68534,4
68535,4
70147,4
71997,4
72221,4
76032,4
81220,4
81385,4
81470,4
82492,4
83001,4
86431,4
87126,4
88216,4
58408,0
32299,3
76117,4
28621,4
25110,0
36519,4
36999,4
39632,4
39691,4
53174,0
56819,4
61008,4
61878,4
36741,4
45743,0
19450,3
36454,0
37215,4
59562,0
35523,4
75983,4
44803,2
50556,2
26761,4
87652,4
44661,0
51165,4
52790,0
28342,0
81462,4
74922,2
31659,0
60162,0
58588,0
51522,2
84168,0
17874,4
40751,4
18678,3
47499,2
67993,0
39651,4
41932,0
12578,0
73523,0
53807,0
23457,4
23945,4
65593,4
31345,2
1948,0
11734,4
20962,0
24222,0
33846,4
35233,4
37606,4
37646,4
39762,4
39999,4
40734,4
42858,4
48819,4
50893,4
51493,4
51989,4
54664,4
55412,4
56917,4
61103,4
61952,4
62777,4
64699,4
64748,4
66410,4
67643,4
68123,4
68166,4
70003,4
70123,4
70192,4
70643,4
70763,4
70878,4
70932,4
75516,4
76524,4
76680,4
77783,4
81869,4
82956,4
86876,4
86969,4
88287,4
4050,4
7070,0
23710,0
36090,4
71884,4
182,4
3141,3
3506,0
3562,3
4244,4
4633,4
4758,0
5224,3
5481,3
5743,0
6754,0
7101,0
7992,0
8215,0
8322,3
12955,4
12960,4
13741,4
14717,0
15656,3
16099,0
16284,0
16635,4
16956,4
17084,3
17924,0
18116,0
19910,0
21547,0
22200,0
23291,0
23646,0
24729,4
27229,0
27320,0
27703,0
27781,0
28125,4
29544,3
30410,0
30884,0
33125,0
33790,3
34539,0
34572,0
34573,0
34616,0
34662,4
34727,0
34736,0
35407,4
35494,4
35780,4
36564,4
40805,4
40824,4
42231,0
42557,4
48603,0
49125,4
51431,4
52591,4
53413,0
53487,0
53498,0
53597,0
53751,0
57828,4
58336,0
58418,0
58503,0
58635,0
62220,4
62236,4
63396,0
63453,4
63555,4
65235,4
69241,0
69262,0
69273,0
69326,0
69327,0
69347,0
69505,0
69506,0
69584,0
71205,0
71482,4
71736,4
72028,4
72393,4
72712,4
73146,0
73175,0
73176,0
73278,0
73318,0
73562,0
73607,0
75388,4
75511,0
76009,0
78350,4
78491,0
78582,0
78695,0
78745,0
79104,0
79243,0
83781,3
84457,0
84459,0
84531,0
84696,0
85167,0
85185,0
87030,4
87112,4
87270,4
24639,4
32220,3
2219,3
30752,3
55052,4
31655,3
19503,0
66745,0
78145,0
75785,2
31564,3
47147,4
30381,4
77523,4
77839,4
77986,0
30016,0
22017,4
80332,5
4823,0
83261,0
41249,4
4525,0
4972,4
31755,4
57315,4
62018,4
3785,0
3967,0
7256,4
16053,4
17607,0
19354,4
20172,0
25557,0
50458,4
51218,4
56527,4
64418,0
55211,4
62838,0
63083,0
22617,3
52389,4
86383,2
31434,0
54509,4
54527,4
8120,3
10244,0
26789,0
8506,3
5555,0
78482,0
15361,0
40923,4
41878,4
44054,0
47868,0
66791,0
68147,0
76160,4
76236,4
88095,4
81647,4
63460,0
29676,0
79185,4
80743,4
78437,0
64728,4
27542,3
24789,0
4551,4
41928,0
48374,0
49628,4
49629,4
57393,4
59715,0
70708,4
66243,4
50877,0
30293,0
32076,0
57691,4
38706,4
38882,4
56791,4
4424,0
31901,0
75300,4
24539,3
41397,4
75841,2
8440,3
28154,3
52277,4
17045,4
45338,4
46288,4
48108,4
55454,4
1024,4
5578,0
5733,0
8099,0
10207,4
16087,4
17131,4
17407,4
18575,0
24771,4
36221,4
37289,4
37427,4
43131,4
51764,4
53947,0
57989,4
62496,4
67635,4
67850,4
68196,4
68557,4
68595,4
70423,4
70705,4
71525,4
72004,4
72064,4
76653,4
81336,4
17547,0
71789,4
34355,5
34418,5
45160,4
32258,3
58805,4
21188,0
20990,0
72020,4
6877,3
7393,3
24015,0
56686,4
8271,3
9302,3
33447,0
58500,0
35930,4
82491,0
76187,2
47450,4
50842,4
2053,0
16399,0
21390,0
24929,3
28740,0
37965,0
51779,0
53078,0
72961,4
76510,4
81404,4
83177,0
87636,4
77432,0
67389,4
84415,0
33052,4
14303,0
20217,0
13404,0
42080,4
44421,4
45339,4
38034,4
86792,2
52482,0
76891,4
5513,3
81166,4
70410,0
57485,4
88699,4
83055,0
66192,4
74829,4
85349,0
23513,0
77881,0
77897,0
32611,3
25863,0
79879,0
57505,4
79395,4
76565,4
54327,0
80221,0
59202,0
15215,4
14536,3
23137,3
21462,3
79551,4
62527,4
66144,4
87312,4
78474,0
50920,4
80436,4
29232,2
74021,2
30910,3
62739,0
78576,4
17742,0
5709,4
5762,4
70742,4
4331,0
35281,4
37940,4
63521,0
88374,4
88411,4
52892,0
50918,4
52797,4
52817,4
32126,3
20413,3
52786,4
17730,0
44567,0
47478,4
3882,3
20768,0
59041,0
52615,4
53100,4
62246,4
83764,0
87754,4
4042,3
80044,0
55858,4
56516,4
36734,2
36849,2
68019,4
81121,4
83679,0
31102,3
62044,4
56117,4
61311,4
44287,2
86861,4
27964,4
49702,4
49720,4
50575,4
21114,0
29805,3
29060,4
16542,4
60804,0
84850,0
73714,0
23586,3
23750,4
53566,0
76893,4
53073,4
30318,3
77036,4
15788,3
84212,0
34048,0
34878,4
37492,4
78106,3
11112,3
69105,4
58526,0
48015,2
8155,3
53027,0
959,3
64226,0
73502,0
27437,3
39779,2
29457,4
50623,4
80638,4
58506,0
41644,5
66944,2
67120,2
24460,3
57942,4
909,3
82556,4
73443,0
23826,0
32610,0
28170,3
17435,3
31797,0
47159,4
53299,4
60585,4
75578,4
76319,4
76359,4
49236,2
31241,4
20795,0
85707,0
64920,4
29014,3
19888,4
86039,0
51460,4
78089,0
22567,3
14444,3
60899,0
72666,4
850,3
8774,3
11642,0
40833,4
41435,4
43092,4
66600,4
68291,0
33621,0
61216,0
82747,0
49573,4
29768,0
9765,0
27091,4
88673,4
30134,0
56891,4
56893,4
51653,4
46702,4
81328,4
20851,3
59263,0
47867,4
65989,2
56842,4
54374,0
20269,0
78364,0
5603,3
25127,0
30729,0
68981,0
5397,3
48708,0
78869,4
87768,2
8991,0
41130,4
63106,4
68086,4
68162,4
20305,0
50808,4
23500,3
85788,2
50261,4
58478,4
9669,2
39368,2
67482,5
67553,5
51358,4
6761,0
7398,0
27326,4
27201,4
82898,4
88187,4
10407,3
67423,4
57571,4
78891,2
767,0
33082,0
35945,0
87316,2
17794,4
31762,4
69430,4
44389,2
83543,0
59140,2
52959,0
55521,2
81663,2
76418,2
85994,2
42610,2
57557,4
74783,0
30748,3
6125,0
71787,4
68589,0
65563,4
70765,4
80352,4
83246,4
62321,2
63994,4
56647,2
70005,0
81375,0
21130,3
21176,3
39414,2
39496,2
61603,2
83330,0
58068,2
79704,4
65281,5
66899,2
71927,2
88106,2
26022,3
60001,2
70585,2
38837,2
68060,0
76140,4
30268,0
58825,4
75577,2
32216,3
34806,0
45155,0
44190,0
58810,0
85769,4
53360,2
67088,2
42906,2
69562,0
41115,4
41116,4
49098,4
79240,2
72693,4
1269,4
17978,0
38402,4
45169,0
45211,0
45233,0
45254,0
45278,0
45279,0
45497,0
69760,4
67050,2
80002,2
37502,2
48229,0
4993,3
14883,3
15483,3
54219,0
16735,3
45087,0
18303,0
62081,2
12509,2
34366,2
38825,2
39757,2
44843,2
55835,2
61544,2
65199,2
70927,2
77618,2
81696,2
83990,2
84971,2
25960,3
60342,0
75011,4
66135,4
62904,0
45225,0
2891,2
14325,2
16488,2
41236,2
43727,2
44996,2
45131,2
45908,2
46056,2
47834,2
48920,2
53245,2
53364,2
56072,2
64865,2
66928,2
71930,2
71952,2
74400,2
78842,2
80263,2
84939,2
86684,2
88701,2
67351,5
51992,4
7494,4
41413,4
41622,4
41797,4
44504,0
28683,0
59567,0
37043,4
37634,4
68348,0
71849,4
87781,4
47793,0
47814,0
27187,2
58158,3
37391,4
56823,2
55020,2
62880,0
67266,2
68427,2
68428,2
74178,0
83630,0
54281,4
64850,2
38139,0
46443,4
48228,0
65070,4
74226,0
74905,4
87301,4
87662,0
33055,0
25897,0
30658,0
50892,2
63360,0
38154,5
53531,0
11806,4
70900,2
76676,4
14364,3
34969,0
84643,0
45141,0
45172,0
45333,0
45347,0
63158,4
6663,0
24450,3
63506,0
66318,0
69601,2
70047,2
81078,2
1266,4
51020,2
85522,0
77470,4
77868,4
74633,4
23416,3
49927,2
60958,2
59350,4
47707,4
48286,4
62672,4
62774,4
69648,0
73074,4
87597,4
11085,0
4359,3
10317,0
10719,4
22351,4
34017,0
35822,0
36319,4
37365,4
37395,4
38337,4
38512,4
43350,0
43385,0
43648,0
45201,0
45495,0
47962,0
64135,0
64144,4
64181,0
69088,0
69237,0
69238,0
88710,4
52039,4
48997,0
62879,4
36552,4
64778,4
4156,4
69591,0
69741,0
74808,2
73962,4
33620,4
84578,2
21319,4
50533,4
27413,0
84339,0
84810,2
13063,0
44453,0
73092,0
25928,3
34879,4
35159,0
35227,4
53753,0
53882,0
51121,4
35116,0
49475,4
56232,4
49184,4
63125,0
59225,4
63037,0
72593,4
80410,4
3296,4
40280,4
73525,0
73653,4
75375,4
76430,4
79640,4
74668,5
78212,4
716,4
3760,3
7107,0
13545,4
34874,0
35090,0
35092,0
35119,0
37674,4
44483,0
47306,4
47332,4
48718,0
48790,0
48922,4
50758,4
51005,4
51882,0
52347,4
52637,4
54070,4
54071,4
55195,4
62355,4
63570,0
63571,0
65875,4
69497,0
69567,0
72441,0
73491,4
73558,0
73647,4
73659,0
76841,4
77440,4
78873,0
79114,0
79486,0
79677,0
85024,0
85030,0
85031,0
85261,0
52759,5
21304,3
42815,0
30865,0
29239,0
11961,0
73319,0
46745,4
2921,4
38091,4
40997,0
49813,4
49920,4
49921,4
52079,0
52193,0
60239,0
62945,0
63043,4
74510,0
59480,4
4026,0
4692,4
12258,4
34611,4
36245,4
36769,4
36903,4
37767,4
39110,4
40418,4
40667,4
42082,4
44437,4
49096,4
56987,4
57060,4
60291,4
63676,0
64909,4
66510,4
68727,4
70290,4
70351,4
70893,4
71021,4
71459,4
77818,4
77956,4
78579,4
81626,4
85884,4
59624,0
63760,0
778,4
2484,3
10605,0
10673,0
29265,0
31591,0
33808,3
34682,4
34921,4
34954,0
35426,5
35518,4
36972,4
37101,4
37916,0
40042,4
41312,4
42225,0
42324,0
42543,0
44462,0
47454,4
47481,4
47492,4
48818,4
48839,0
48840,0
48859,0
51339,4
51754,4
52721,4
58121,4
59373,4
59456,4
59478,4
62238,4
62465,4
62989,4
63020,4
63129,4
63415,0
63497,4
63505,0
63508,0
63569,4
63593,0
65449,4
65577,4
65582,4
66062,4
66070,0
67702,0
69323,4
69504,4
69667,0
69724,0
69754,0
69909,4
69991,4
72031,4
72355,4
73533,0
74039,0
75441,4
76178,4
76906,4
77596,4
78911,0
78940,0
79099,0
79179,0
82648,4
82688,4
82839,4
82864,4
83033,4
84817,0
85071,0
85458,0
21954,0
25929,0
86984,2
55090,0
77260,4
30326,0
47248,4
48765,4
79722,0
87693,5
27648,0
49637,4
49638,4
54141,4
54142,4
54147,4
54148,4
84958,0
84543,0
40152,2
28175,3
73931,0
64437,4
60575,0
64653,2
52931,0
41521,4
42459,4
42435,4
86807,4
80809,4
81313,4
63257,2
7909,4
66035,4
42203,0
79584,2
76880,4
60854,4
72853,4
13225,3
42197,0
6808,3
47906,2
13569,0
37665,4
47064,4
47065,4
73386,4
80978,4
43159,2
70810,2
8316,2
11522,2
18427,2
46377,2
47093,2
55124,2
55603,2
56481,2
62162,2
71140,2
77263,2
82271,2
84915,2
86666,2
30281,3
70540,4
66933,2
79953,0
84250,0
41065,4
10090,0
10761,0
87004,0
62871,4
53749,0
80035,4
59234,4
59669,4
7422,0
14246,0
33318,0
85966,4
58525,4
58616,4
58594,2
85244,0
57117,4
57118,4
69332,0
70241,4
70287,4
73701,4
76513,2
56694,4
56944,4
39845,2
62370,4
22519,3
16239,3
18371,3
66099,4
66509,2
71605,4
54737,0
34480,4
35150,4
35283,4
35507,4
35835,4
37023,4
41169,4
41223,4
42337,0
42515,4
47986,4
48079,4
48815,0
62332,4
69106,4
69107,4
69555,0
70412,4
71581,4
71902,4
72475,4
77276,4
77315,4
80027,4
80304,4
21381,0
14222,3
14617,0
37020,2
45237,0
69656,0
73793,2
45798,4
56670,4
81716,2
81088,4
21831,0
69915,4
7539,4
3177,0
19915,3
77691,2
3002,3
61995,4
57059,4
24442,3
74858,4
77944,0
37368,4
71896,4
79320,0
72720,4
78004,2
76272,4
50222,4
61029,0
31468,2
35973,4
57150,4
51455,4
53892,0
45526,0
85679,4
40492,0
68809,0
34775,4
47958,4
62401,4
82844,4
57970,2
49949,4
81208,4
78699,0
35725,4
42541,0
77953,4
83846,4
86880,4
34191,0
47773,4
62955,4
62996,4
80104,0
813,0
1020,0
2662,3
8838,4
9936,4
11799,0
34970,0
34981,0
35025,4
35050,0
35111,0
35175,0
35861,4
42052,0
42206,0
42554,0
42562,0
42764,4
44541,0
44985,0
45986,4
46197,4
46334,4
46421,4
47627,4
48558,0
48571,0
48602,0
48613,0
48794,0
50665,4
50666,4
52902,4
54045,0
54193,0
54284,0
56439,4
58014,4
58425,4
59016,4
59034,0
59112,0
59853,0
60768,0
63392,0
63394,4
63437,0
63455,0
64195,0
67760,0
67784,0
67824,0
67832,0
68920,0
69483,0
70339,4
72196,0
72550,4
72909,4
73324,0
73726,4
74145,4
77055,4
77980,4
79291,0
79338,0
79697,0
80195,0
83102,4
83103,4
83804,4
84989,0
85100,0
85122,0
85372,0
87806,4
54190,4
59896,2
84550,2
62188,4
83368,4
86759,4
29829,0
31156,0
85468,0
85481,0
85505,0
83838,0
25678,3
52464,4
54732,4
70852,2
71904,2
26334,3
20496,0
54368,0
41705,4
55331,4
30683,0
87462,4
79235,2
57756,4
47887,0
168,0
9274,0
36184,0
36237,4
41738,4
41748,4
44751,4
44874,0
45357,0
45373,0
45387,0
45486,0
45501,0
63976,0
64069,0
64128,0
64133,0
64219,0
64225,0
64371,0
64427,0
68350,4
68351,4
68769,0
69428,0
75576,2
754,3
51099,4
115,0
38906,4
60706,0
58513,4
71585,4
44970,5
85700,4
45098,4
40882,0
46877,4
41927,4
56078,4
40819,4
41568,4
64817,4
79568,4
58404,0
54063,0
46942,4
5196,3
5339,0
10832,4
41316,4
43379,4
53332,4
63022,4
65234,4
68718,4
6069,4
15227,0
79037,0
71983,4
78152,0
73999,0
74071,0
77044,4
59119,4
87022,2
19557,3
59512,0
33110,2
56533,4
51747,4
21351,0
68408,4
81372,4
29375,3
25251,3
45019,4
81037,2
85616,2
74994,0
55857,4
55954,4
23594,0
56440,2
25456,4
83861,0
15525,3
16839,3
38756,0
39910,0
52724,0
59517,0
53400,0
87477,4
25786,0
74940,0
22050,3
84026,0
68383,0
82225,4
88084,4
52105,4
12085,0
37950,4
63952,0
74324,4
80261,0
62455,4
52978,0
60168,4
63357,0
65228,4
39239,4
39240,4
39731,4
44172,4
84445,0
46635,2
47089,2
53268,2
87551,4
81956,4
44935,0
47777,4
41417,4
42926,0
60260,0
80583,4
55226,4
44267,4
88763,4
57145,4
61007,0
82476,0
27460,3
79405,0
29485,3
79404,0
57260,4
58723,0
58143,0
48663,0
7386,3
60011,0
85645,0
48505,2
47459,5
58534,0
53970,0
47287,0
11776,3
38400,0
38773,0
52459,0
57437,4
59466,0
70580,0
77774,0
79943,4
35440,4
52589,5
41913,4
50353,4
50740,0
66379,4
38390,0
40890,4
48004,0
57589,4
61257,0
63052,0
63135,0
68667,0
68766,4
74373,0
16959,3
1375,4
37955,0
58338,4
53530,0
87593,4
77021,5
77975,4
75705,4
7762,0
37952,4
37978,4
38469,4
39407,4
40791,4
41685,4
63684,0
63823,0
77338,4
77421,4
81666,4
11124,3
39619,5
40226,5
59525,5
60793,2
71597,5
77074,5
58133,4
64520,0
52224,4
6939,4
7265,0
23272,3
58708,0
82549,4
59204,4
35643,0
61738,4
73165,2
59175,2
9503,0
22827,3
45628,4
46398,4
47970,4
38484,4
57809,4
73547,4
67157,4
86489,4
86632,4
57810,4
67284,5
43917,0
52094,4
54236,2
53210,0
70437,4
67093,4
67185,4
37508,4
42473,4
52033,0
76642,4
58607,0
19767,3
41446,0
46381,4
60856,0
60886,0
71384,4
87900,4
73901,0
27459,2
38594,2
57980,2
65904,2
46345,0
65258,2
76646,4
4922,3
44275,2
37442,4
40750,5
65460,2
46563,4
47364,4
61028,0
60519,0
61067,0
60853,0
60974,2
83148,2
56048,2
35172,2
39918,2
42478,2
42667,2
44007,2
46234,2
60496,3
39028,2
39223,2
43786,2
48944,2
50116,5
51477,2
61963,2
66398,2
67069,2
70760,2
70794,2
72401,2
76071,2
80300,2
86757,2
27376,3
58297,4
36310,4
65311,4
76193,4
76626,4
1271,0
44681,0
54920,0
63831,4
68747,0
70185,4
80405,0
69755,0
42642,0
73898,4
21353,3
64298,2
34776,2
44559,0
16198,0
58140,0
71504,2
50777,2
67964,0
87210,5
41349,2
25010,0
64594,2
54292,0
44332,4
42886,0
46220,4
73416,4
83096,0
35167,0
955,3
85341,0
85537,0
77732,2
62390,4
73808,0
73819,0
76060,4
80073,4
60608,0
62913,0
67954,0
71266,2
61014,2
86247,4
73132,4
37374,4
42622,0
44603,0
51506,4
66432,0
67872,4
46879,4
46902,4
47527,4
79292,4
79709,4
82972,4
70926,0
60749,4
82694,4
59258,0
87302,4
47387,4
55119,4
35144,4
35189,4
48536,0
48898,0
63501,0
63502,0
67992,0
40123,2
79411,2
82224,4
53091,0
86082,4
77462,4
75969,4
9301,0
43505,0
43548,0
61275,2
77996,0
79643,4
56315,4
56344,4
44597,0
58294,0
51512,4
52671,4
67759,4
68146,4
77182,4
79895,4
18027,3
34935,0
35044,0
35184,0
38947,0
53291,4
54298,0
54366,0
57895,4
62881,4
63475,0
63518,0
63537,0
63574,0
63617,0
68076,4
68078,0
68085,0
71169,4
73826,0
73967,0
74150,0
76822,4
76940,4
76941,4
7604,3
68017,4
68213,4
14616,3
40796,4
73596,0
35066,0
62925,4
79497,0
47059,4
50381,5
7765,3
36477,4
37725,4
44624,0
46158,4
48122,4
59569,0
75610,4
75858,4
35370,0
35103,0
35502,4
37430,4
37443,4
37915,4
38072,4
38113,4
38130,4
41026,4
41079,4
42380,4
42510,0
42627,0
42725,0
42805,0
42845,0
42958,4
43063,4
44513,0
44517,0
44579,0
46149,4
47768,4
47780,4
52419,4
54909,4
56322,4
57356,4
58237,4
59407,0
59471,4
59552,0
59763,0
59860,0
59861,0
59867,4
62567,4
62623,4
62632,4
62767,4
62798,4
63653,0
63682,0
68002,0
68130,4
68818,4
68984,4
70187,0
73550,4
73809,0
73992,0
74109,0
74216,0
76118,4
76373,4
76662,4
79665,0
79812,0
79892,0
80175,0
80341,0
82067,0
82562,4
82827,4
82950,4
85310,0
77936,4
65619,2
59076,2
87356,5
75725,4
62612,4
66095,4
74234,2
37248,4
69825,0
47224,2
47225,2
82849,4
38366,0
44298,4
79779,0
51223,2
43378,0
45870,2
26813,4
83130,4
24250,3
25216,3
76578,4
80855,0
38088,4
38089,4
38161,4
38162,4
38179,4
38180,4
38181,4
59908,0
83146,5
83229,5
88825,5
34982,0
38902,0
44120,4
64876,4
64954,4
54240,0
4822,3
38004,0
41044,4
41045,4
52898,4
76444,4
87530,2
65043,4
76892,4
52820,4
60503,5
72245,2
36006,0
88394,1
58315,4
69173,0
49323,4
51751,0
64221,0
66849,0
50210,4
38365,0
84086,0
87470,1
38612,2
38951,2
55958,2
65302,2
65698,5
67877,2
75476,5
78861,5
80370,2
87970,5
54645,4
66674,4
43664,4
76657,4
43465,4
84634,0
35365,0
35410,0
80305,0
24186,3
35385,0
36686,4
37407,4
39683,4
40069,4
41127,4
41128,4
41399,4
45976,4
50016,4
54088,4
54278,0
56296,4
62278,4
62514,4
62515,4
67804,4
67967,4
67978,4
68040,4
68449,4
71507,4
74064,4
78533,0
41237,2
42568,0
73066,4
84144,0
71355,1
19950,4
52850,0
68349,0
78558,0
48292,0
83541,0
68013,0
60381,0
61806,4
67941,0
69503,4
87888,4
69733,0
77198,4
14804,3
49947,2
38071,2
39371,1
60728,0
67982,0
45876,5
46049,5
64648,2
67200,2
55600,4
79248,0
48109,0
64363,0
64560,0
71801,4
69022,4
921,3
48201,4
51631,4
27608,3
53855,0
53735,0
74135,0
50507,4
85757,5
26711,4
73616,0
48041,0
5477,3
85120,0
77893,4
58756,4
53979,0
52418,4
37832,4
11423,3
53722,0
71448,0
55894,4
52381,4
17025,3
36324,0
50698,4
53983,4
84319,0
62011,4
32662,0
85141,0
54441,0
35594,4
39376,4
42407,0
48744,0
56919,4
57087,4
70963,4
71379,4
73970,4
74217,4
75103,4
78653,4
78654,4
56163,4
79401,0
34446,4
34778,4
34993,0
35125,0
35133,0
35279,4
35417,0
35499,0
35829,4
40985,4
41508,4
41558,4
42466,4
42480,4
42539,0
43243,4
43656,4
45048,0
46903,4
49504,4
50275,4
50862,4
51796,4
55743,0
57497,4
58486,4
59423,0
59505,4
59565,0
59570,0
59783,0
59797,0
61232,0
62939,4
63516,0
63579,0
63590,4
63626,0
63696,4
65720,4
67881,0
67918,0
67940,0
68105,0
68244,0
68283,0
68301,0
68334,4
68417,0
69647,0
70734,4
74163,0
74415,0
79597,0
79608,0
79621,0
79755,0
80157,0
81482,4
83183,4
85118,0
85151,0
88395,4
88418,4
88038,4
77634,5
51906,4
36366,0
36367,0
36585,0
43611,0
43686,0
57109,4
60787,0
75723,5
82851,4
85843,4
88325,4
61961,0
84913,0
42683,1
47928,1
84774,0
20989,3
55346,5
56655,4
77911,4
35005,4
69683,0
36229,0
62602,2
77180,5
42028,4
39879,5
40706,5
64897,5
71657,5
58528,0
84551,0
41925,4
41957,4
42076,4
36959,4
76288,4
81574,4
76450,4
49905,4
70798,5
81219,4
35623,0
57736,4
23801,3
72362,4
77568,4
77610,4
36712,0
40426,4
68858,1
73124,5
36261,0
36301,0
36359,0
36360,0
43716,4
43749,4
44535,4
58770,4
64273,0
64350,0
64351,0
65671,4
68828,4
73769,0
80953,0
80991,0
81390,4
40836,4
40889,4
69085,4
53551,2
57933,4
64607,0
69877,0
69893,0
13509,3
68036,0
49046,4
68738,4
14306,0
22777,3
35269,4
39662,4
65922,4
74550,0
67563,4
10735,0
14582,0
35314,4
38614,0
39450,4
40210,4
51429,4
65361,4
69015,0
80902,4
77107,5
52662,0
52705,0
52747,0
80887,4
35885,0
78683,0
78634,0
4653,4
51692,4
6340,3
6330,3
33674,3
16853,3
59841,0
36289,4
38563,0
81517,4
63055,0
60951,0
71369,5
56968,4
71535,4
79313,0
83715,0
38524,2
83695,0
57535,2
34598,5
74765,2
64151,0
64330,0
36540,0
83896,1
77875,0
28326,0
22828,3
83647,1
84460,0
18826,0
64327,0
57329,4
58453,0
82119,4
88316,4
67019,2
40339,4
41660,4
45564,4
49054,4
49071,4
72754,1
53169,2
55612,2
58017,5
61749,2
74767,5
77441,2
67805,0
58609,0
59115,0
58583,0
80160,4
36078,1
45640,0
52921,1
64105,0
64106,0
69407,0
73917,1
87067,4
62143,4
54235,0
43940,5
75991,4
45115,5
58097,5
70629,5
83182,3
78231,4
41915,1
84307,4
31938,3
62252,4
38206,0
38531,0
58926,2
45668,4
78651,3
35712,4
20880,3
74546,4
62286,5
68600,1
58713,1
84421,1
85523,5
53935,1
66626,2
44048,5
43756,2
55978,5
47245,2
69813,2
69837,2
77352,1
38409,2
67121,2
44418,5
61254,5
65080,5
71646,2
77296,2
79236,5
35330,1
72903,1
32866,3
50088,4
43509,1
47594,1
54787,1
38984,5
41428,4
38852,5
23869,3
810,3
43174,1
41857,1
51620,4
51647,4
36648,4
52505,4
55515,1
74897,1
59739,1
48877,3
85402,1
34861,1
52272,1
52273,1
73455,2
60252,1
47264,1
68559,1
67353,1
48226,4
41539,4
41919,1
34427,2
73338,1
63997,1
76192,1
76088,4
73712,1
66249,5
45883,4
76175,4
63808,1
63968,1
60450,1
41442,4
56077,5
37525,4
42142,1
46790,4
48852,1
63568,1
85034,1
87095,4
57927,4
26112,3
27767,3
59418,1
9048,0
36089,0
36182,0
80183,4
80519,1
51556,1
35644,1
45227,1
46872,4
63752,1
63846,1
64080,1
2146,3
85615,4
85857,4
87038,4
85592,5
78228,4
78054,4
60603,3
62325,1
62712,1
67456,4
72927,1
78174,1
85143,1
54194,1
60020,1
55629,1
34646,4
79318,4
54628,1
54766,1
62407,1
65057,4
29933,3
34530,4
37019,1
38252,1
40232,1
43126,1
45821,1
46860,4
47598,1
52234,1
59217,1
59819,1
61528,1
62283,4
63745,1
63746,1
68473,1
70253,4
74249,1
80318,1
79957,4
59457,1
35605,1
42832,1
48768,1
39025,4
49155,4
57254,4
66078,4
66239,4
67280,4
70468,4
76327,4
35787,1
47663,4
35612,1
35621,1
37396,1
37718,1
38184,4
38243,1
38481,4
38763,4
39852,1
40849,4
42275,4
42981,1
43018,1
43408,1
43693,1
50309,1
56166,4
56167,4
57134,1
57782,4
57977,4
59740,1
60012,1
60062,1
62270,1
62381,1
62783,4
63235,4
63775,1
64163,1
67965,4
68578,1
68804,1
70502,1
70522,4
70691,1
71414,1
74303,1
74360,1
78574,1
80567,1
80660,1
82958,1
85594,1
86005,1
86841,1
73167,1
25558,3
51312,1
53319,1
61577,4
62297,4
40243,2
88625,4
4602,3
45362,5
83610,1
74722,1
62449,1
59235,1
71176,1
62856,1
83626,1
43422,1
44682,1
57900,4
60022,1
68450,1
61142,1
58107,4
50550,4
53088,1
44640,1
17419,3
33686,3
73703,4
74439,1
50525,4
77050,1
84364,2
80899,1
61072,0
78048,1
72935,1
17615,3
40470,4
40560,0
41578,4
45993,4
48971,4
58934,4
82656,4
82718,4
73707,1
42630,4
42552,1
43317,1
44271,1
61343,1
62438,1
63156,1
63401,1
67108,4
69171,1
72815,1
72857,1
79745,1
56238,5
24617,0
39277,2
80482,2
85177,1
38674,1
39251,5
39482,5
48236,5
55147,5
62721,2
76685,4
18757,3
38727,1
41075,1
60751,1
70224,1
83954,1
56764,4
54020,1
40566,5
66228,2
37450,4
38712,0
32970,3
42010,4
41109,4
44139,4
66174,1
73521,1
38387,4
42448,1
54297,1
63477,1
71447,1
78813,1
38055,1
46055,5
87362,5
2254,3
36494,4
36982,4
73765,1
63581,1
63685,1
27355,3
30761,3
31239,3
73645,1
44580,1
44632,1
73539,1
46258,4
47104,4
42083,1
74190,1
35341,1
59707,1
59840,1
60400,1
74262,1
80445,1
85412,1
42058,4
82212,1
49685,4
10107,3
65519,2
74794,5
25446,3
82437,1
12971,3
85873,4
23280,3
23877,3
36725,4
53519,1
38152,2
62208,5
67020,5
67453,5
59298,4
79310,1
85896,5
9314,4
53813,1
80453,1
34593,2
37164,4
41298,4
45913,4
47031,4
79889,1
77788,1
77835,1
85649,1
11543,3
24774,3
35360,1
35420,1
35776,1
35906,1
35957,1
37872,1
38369,1
41108,1
43041,1
43247,1
44646,1
44708,1
44730,1
44931,1
45023,1
46250,1
47577,1
47597,1
47680,1
50042,1
50734,1
50784,1
52926,1
54542,1
59832,1
63646,1
63710,1
63723,1
63768,1
63825,1
63898,1
63946,1
64016,1
65830,1
66038,1
66657,1
67371,1
67842,1
68259,1
68549,1
68585,1
68708,1
70300,1
70304,1
73421,1
74282,1
76302,1
76919,1
78008,1
78067,1
78997,1
79205,4
80227,1
80260,1
80732,1
80813,1
80814,1
81152,1
81636,1
82773,1
85411,1
85445,1
85446,1
85650,1
85995,1
86317,1
86708,4
87921,1
71923,4
57292,1
77642,1
39701,2
40096,2
42802,5
56662,1
85883,5
73976,1
48969,4
15757,0
5460,3
73531,1
78682,1
84826,1
44156,1
54201,5
75769,1
52646,1
24339,3
61820,1
53432,1
59547,0
75748,5
73711,1
37345,1
77101,4
72856,1
53090,1
42823,5
66515,4
20792,3
38118,4
40988,4
41848,4
48200,4
48221,4
52574,4
57304,4
88473,4
83945,1
78834,1
79102,1
35782,2
52796,5
38937,5
66643,5
68592,1
83863,1
55713,5
77367,2
57272,1
84924,1
48545,1
49737,1
50343,4
3423,4
45122,2
52654,1
65032,2
62095,5
73833,1
73541,1
44649,1
34748,1
36106,1
76976,1
86152,4
58733,1
41979,1
41999,1
29802,3
44891,1
47975,1
49474,1
58510,1
34594,1
39760,1
40550,1
41503,1
59148,1
62107,1
62462,1
62576,1
62625,1
66400,1
67633,1
73304,1
83034,1
84991,1
73862,1
51233,1
21044,1
36747,1
37173,1
37295,1
43661,1
61990,4
36764,1
37217,1
67915,1
75070,1
75391,1
80174,1
38916,2
81133,1
83359,1
64138,2
80617,4
80634,4
59107,1
83686,1
53477,1
46351,5
52635,1
62383,1
62466,1
80898,1
21560,3
17909,3
35143,1
37342,1
62282,1
80220,1
83053,1
78200,1
75764,2
36762,1
37002,1
51316,4
45186,1
63267,1
64604,1
64398,5
71287,5
64375,1
66752,5
74686,5
59132,1
54351,5
39440,5
40748,5
40915,5
41076,5
45138,5
53820,5
55419,2
79186,5
79286,5
53387,1
62569,1
79109,1
15222,3
85054,1
63181,1
66986,1
78258,1
83020,1
71721,4
64835,5
53912,1
43345,1
82943,1
88623,4
83692,1
82164,1
49431,1
78599,1
36281,1
55294,1
3153,3
81300,1
81331,1
81415,1
85780,1
76434,4
44876,1
65536,1
40324,1
47042,1
53483,1
62425,1
69247,1
86987,1
36641,1
36984,1
62802,4
64542,1
64543,1
75804,4
35797,1
75840,2
39991,1
71993,1
84069,1
64000,1
79025,1
53120,1
63100,1
63113,1
63214,1
45125,1
77777,1
80655,1
83100,1
79950,1
36863,1
37078,1
38363,1
39815,1
55524,5
85775,4
45054,1
63715,1
85329,1
86852,1
40181,1
42589,1
45195,1
52928,1
60347,1
64123,1
64176,1
67870,4
67885,4
69368,1
79918,1
63104,1
65637,1
45318,5
51293,1
65072,1
65165,5
66779,5
75434,4
86310,1
88644,1
51381,1
59928,1
35902,1
35965,1
37014,1
37829,1
38447,1
41472,1
42647,1
42692,1
43315,1
43318,1
43374,1
43443,1
43702,1
43791,1
44192,1
45240,1
47400,1
47821,1
48000,1
51304,1
51660,1
62481,1
64005,1
64065,1
64178,1
64242,1
68947,1
69176,1
72768,1
72999,1
74144,1
74732,1
74934,1
80441,1
82173,1
86087,1
86088,1
86886,1
87607,1
86818,1
71120,5
75370,5
59239,1
39826,1
88688,5
59865,1
76294,5
52365,1
41683,1
56971,1
72990,1
20747,3
57812,1
24650,3
60556,1
85675,1
41063,1
42853,1
48396,1
50266,1
63515,1
68211,1
59089,1
38122,1
38473,1
51189,4
71059,1
55201,1
37890,4
59787,1
54254,1
54024,1
36651,5
49967,1
45623,4
47368,1
35982,1
46080,4
46926,4
48159,1
60610,1
73586,1
73610,1
73655,1
76857,1
77776,1
77954,1
77955,1
571,1
63911,1
52229,1
50202,4
56505,1
56526,1
84496,2
76101,1
77900,1
73585,1
65054,1
86649,1
40543,1
42327,1
71128,1
80750,1
59643,1
59206,1
73104,1
74552,1
83494,1
62995,1
30133,3
78925,5
44436,1
45746,1
45945,5
46061,1
48415,5
52394,5
57099,5
62544,1
68597,5
65111,5
85369,1
63467,1
63755,1
84930,1
54010,1
78466,1
51074,1
64666,1
69653,1
82672,1
40089,5
14041,3
207,3
71898,1
60430,1
79588,1
1101,3
86796,1
28004,3
53632,1
53777,1
69154,1
34582,1
63329,1
63434,1
69381,1
69720,1
71208,1
78726,1
79886,1
82582,5
57129,1
59872,1
35142,1
88399,1
84867,1
84290,1
86946,5
25519,3
40903,5
41628,5
44323,5
54725,1
27605,3
35892,1
35936,1
38294,1
43146,1
45232,1
45250,1
50767,1
50800,1
50907,1
52732,1
53528,1
60269,1
60361,1
60548,1
61832,1
62585,1
63878,1
64197,1
64486,1
67089,1
69010,1
69298,1
69445,1
70332,1
72511,1
72757,1
73261,1
74699,1
75368,1
75638,1
80608,1
82906,1
83075,1
86036,1
86059,1
86155,1
86156,1
86312,1
56803,1
61973,1
43755,1
60113,1
67868,1
69614,1
73780,1
62888,1
66206,1
35625,1
38303,1
40027,1
75549,1
88509,1
88544,1
21399,3
76112,5
34317,3
50218,1
54308,1
63749,1
72801,1
52274,5
50922,1
69417,4
75373,4
86882,4
88572,4
46037,5
42550,1
80322,1
43536,5
49715,5
78475,1
78618,1
81299,1
65024,5
87731,5
7026,3
16369,3
58257,1
35098,1
35176,1
36056,1
42271,1
44493,1
48725,1
48726,1
53953,1
54165,1
54183,1
58838,1
59260,1
63562,1
74573,1
85475,1
43676,2
86642,1
78714,1
43562,1
60776,1
56730,1
74267,1
81431,1
76852,1
82455,5
53316,1
24118,5
49078,5
88693,1
50368,1
4906,3
35185,1
39676,1
41575,1
43022,1
63250,1
87962,1
38856,5
23066,4
45688,1
46021,1
81339,1
81340,1
86305,1
86365,1
86366,1
86487,1
86519,1
86520,1
84201,1
57821,5
77834,5
17910,3
55501,1
77207,1
58781,1
40002,5
61437,1
37278,5
37343,5
37633,5
73554,1
71241,5
84033,1
73785,1
44307,5
71023,5
72609,5
62423,1
45450,1
53693,1
37067,5
84097,1
39661,5
47034,5
67583,5
68945,1
66461,1
20762,3
39686,5
39818,5
40080,5
45937,5
48074,5
49547,1
65146,5
75692,5
77667,5
70189,1
37677,1
52867,1
60698,1
60743,1
66077,1
43698,1
55175,5
55450,1
60635,1
1160,3
50652,1
21256,3
26021,3
67761,1
22308,3
22486,3
22763,3
25820,3
26824,3
72784,1
72866,1
74912,1
4531,0
82153,4
36695,1
43677,1
43696,1
45511,1
74810,1
63950,1
58898,1
65817,5
86076,1
86112,1
69568,1
74168,1
17384,3
72211,1
72376,1
44648,1
49464,1
55640,1
62570,1
63840,1
82711,1
64215,1
84368,1
51775,1
64253,1
81725,1
71940,1
72194,4
69102,1
83993,1
48834,1
46180,1
47604,1
55050,1
54266,1
60865,1
78578,1
63170,1
75458,5
71466,1
78965,1
36478,1
40443,1
43584,1
44036,1
46585,1
47298,1
48098,1
48118,1
53065,1
64316,1
64434,1
81038,1
35064,1
35252,1
39773,1
42768,1
45489,1
45589,1
50586,1
888,3
23688,3
53680,1
53843,1
84394,1
87219,1
38008,5
53694,1
51666,1
35849,1
36582,1
36587,1
42124,1
42640,1
43595,1
44184,1
45390,1
45470,1
45611,1
45612,1
46012,1
47807,1
47989,1
48923,1
50561,1
50613,1
51877,1
53381,1
60240,1
64236,1
64335,1
64336,1
64416,1
64455,1
64469,1
64491,1
66199,1
69279,1
70946,1
71011,1
73778,1
73830,1
74716,1
74873,1
77481,1
82141,1
86282,1
86372,1
52760,5
69666,1
69689,1
71799,1
71800,1
34243,3
40398,1
74992,1
13347,1
50863,1
81004,1
74586,1
84536,1
67610,1
63450,1
64544,1
84833,1
38929,1
66279,1
75214,1
64252,1
81945,1
53552,1
77969,1
70735,1
82783,1
79692,5
15558,3
38047,1
51064,1
57453,1
69824,1
73144,1
58590,1
52556,5
46789,2
51441,1
53598,1
49932,1
53330,1
51137,1
27601,3
35865,1
48793,1
49748,1
54678,1
70925,1
75742,1
50880,1
59692,1
68106,1
73306,1
80919,1
85476,1
84502,1
58235,1
53847,1
11498,3
52288,1
53576,1
60554,1
60555,1
86311,1
86409,1
86898,1
80452,1
80960,1
80981,1
81189,1
45360,5
50471,5
62664,1
67105,5
71924,5
77181,1
74538,1
78890,1
49850,1
60760,1
56698,1
45844,1
84485,1
36390,1
75058,1
60758,5
83674,5
55306,1
50881,1
67213,5
69270,1
44706,1
86980,1
56633,1
28104,1
60978,1
4995,3
53099,1
26858,3
37878,1
35208,1
36104,1
36329,1
36943,1
37763,1
38662,1
42517,1
43580,1
43754,1
43812,1
43853,1
44343,1
45503,1
45583,1
45608,1
45618,1
51665,1
51770,1
51773,1
51932,1
51985,1
56904,1
57850,1
60139,1
62704,1
64090,1
64169,1
64733,1
66298,1
67116,1
69495,1
74734,1
74745,1
74999,1
79432,1
81150,1
81332,1
81545,1
86375,1
57085,1
71126,5
62942,5
79142,5
80723,1
58273,1
38511,5
53161,5
65763,5
35817,1
44789,1
40951,1
43020,1
80569,1
85233,1
73133,1
73234,1
50409,5
64426,1
75129,5
36948,5
65683,5
65707,1
53934,1
42132,1
77031,1
46508,1
62848,1
62866,1
63067,1
63126,1
74201,1
74285,1
85992,1
49344,5
56699,1
70980,1
46576,1
61906,5
65094,1
58599,1
60919,1
12665,3
44639,1
41051,1
51454,5
40229,5
52156,1
67201,5
85765,5
48487,4
64196,1
51050,1
82821,1
71842,1
67714,1
60084,1
35505,1
60290,1
82695,1
87998,1
78386,1
80588,1
8351,3
83016,1
74294,1
46278,1
50791,1
67086,5
79549,1
66053,1
41789,5
36475,1
41777,1
72296,1
83417,1
58125,5
42878,1
44687,1
54904,1
59369,1
59887,1
82426,1
58325,1
54514,1
63826,1
63944,1
68182,1
70604,1
80448,1
88742,1
57726,1
86503,1
36832,1
36846,1
37029,1
37070,1
39347,1
41431,1
43314,1
43365,1
43880,1
44817,1
45663,1
46018,1
46737,1
51442,1
56210,1
63056,1
66578,1
86404,1
45234,1
39864,5
41162,5
48219,5
47739,1
5625,3
60876,1
73602,1
78905,1
70159,4
64515,1
55060,5
67611,1
49208,1
60599,1
51862,1
43193,1
63347,1
58887,1
14066,3
20784,3
21441,3
35299,1
75787,5
58326,1
72896,1
84269,1
26521,3
84851,1
64356,1
54752,1
18943,3
79768,1
48874,1
83894,1
70657,5
4831,3
23744,3
57421,1
17028,3
84828,5
87340,5
60221,1
57630,1
86344,1
63071,1
49904,1
40015,1
85381,1
64940,5
87152,1
86148,1
84247,1
50732,1
84474,1
61004,1
77131,5
23270,3
81312,1
73450,5
22110,3
56796,5
88083,5
20184,3
36453,1
37025,1
40124,1
43333,1
44089,1
45610,1
53971,1
54015,1
55505,1
58626,1
60311,1
60772,1
64474,1
75327,1
80929,5
82749,5
86464,1
86767,5
47884,1
48887,1
48900,1
74761,1
79068,1
51383,1
75284,1
82274,1
69067,1
51067,1
76870,1
40523,1
55148,5
37249,1
37298,1
76005,5
39358,5
40366,5
67067,1
79018,1
25844,3
50674,1
84791,5
77191,1
54451,1
36361,1
64411,1
85582,1
29683,3
52084,1
61422,1
64585,1
68985,1
73687,1
75025,1
77934,1
60821,1
36499,1
36714,1
37186,1
58983,1
75245,1
83810,1
85069,5
34215,3
51930,1
81103,1
61444,1
58651,1
14477,1
1913,1
87903,1
60273,1
88765,1
34996,5
49959,1
39597,5
50008,5
80327,1
34444,1
74076,1
81023,1
44612,1
71839,1
58889,1
36947,1
43456,1
63200,1
52994,1
5000,3
25207,1
51583,1
70830,1
80669,1
52431,1
82714,1
45355,1
43566,1
57170,1
81982,1
54252,1
47165,5
72142,5
82182,1
68743,5
9409,3
60411,1
38634,5
43280,1
43282,1
42570,1
64189,1
64695,5
60073,1
76609,1
85967,1
124,3
86194,1
37676,5
38271,5
70699,5
47563,1
60897,1
87253,1
20223,3
36898,1
36963,1
37183,1
38213,1
38370,1
44487,1
46078,1
52259,1
52289,1
58186,1
58959,1
64581,1
64606,1
68925,1
73243,1
79638,1
30793,3
320,3
4300,3
44359,1
83642,1
58804,1
60741,1
25518,3
66186,1
83127,1
35132,5
40133,5
57076,5
60764,1
1650,3
49836,1
41684,1
83292,1
83498,1
85220,1
85262,1
801,3
87225,1
83190,1
82655,1
57151,1
81042,1
56514,1
59176,1
59451,1
60637,1
25131,3
57301,5
52248,1
55200,1
60883,1
61133,1
64403,1
72542,1
88154,1
76072,1
52071,1
51898,1
50904,1
64644,1
74575,1
46853,1
47522,1
52443,1
54745,1
82174,1
52457,1
85578,1
36594,1
41594,1
52739,1
49179,5
50691,1
60479,1
67531,5
77038,1
51295,1
51296,1
8941,1
23278,3
85248,1
81065,1
81104,1
81105,1
4747,3
74426,1
74596,1
40652,5
58846,1
41466,1
83282,1
8323,3
39412,1
84498,1
59064,1
58984,1
52291,1
61687,1
82905,1
84869,1
81972,1
53081,1
20080,3
49974,5
58947,1
80598,1
59312,1
77803,1
80715,1
86532,1
35123,1
75226,1
54176,5
79592,5
38232,5
38234,5
88281,1
56110,5
38853,1
45733,1
54715,1
55315,1
66204,1
73755,1
80431,1
81143,5
85306,1
68298,1
83617,1
38514,1
85805,5
57869,1
61162,1
74990,1
83427,1
39715,5
59385,1
51837,1
49093,1
82033,1
85500,1
50277,1
4119,3
51047,1
53329,1
75082,1
75290,1
81090,1
76445,1
60597,1
8787,3
73019,1
78410,1
78543,1
78544,1
79226,1
83694,1
40029,5
76816,1
83488,1
76985,1
16497,3
28435,3
86505,1
59382,1
82964,1
84957,1
73861,1
76757,1
46137,1
73825,1
25868,3
58307,1
75072,1
52805,1
32839,3
83818,1
58762,1
54739,1
52086,1
38049,1
48282,1
52108,1
49686,1
56721,1
39,1
188,3
642,1
1482,1
1882,1
2326,1
2783,1
4701,3
4780,3
4783,3
4845,3
5168,3
5433,1
5622,1
5736,1
6297,1
6731,1
6856,1
8176,3
8507,3
8953,1
8979,3
10121,1
10545,1
10657,1
11845,1
12017,1
12261,1
12421,1
13003,5
13354,3
13793,1
14288,1
14291,1
14360,1
14361,1
14529,1
14564,1
14663,1
15117,1
15620,3
16254,1
16536,1
17855,3
18986,3
19106,1
20158,3
21400,3
21859,1
21895,1
22144,1
22463,1
22756,3
23478,1
23643,3
24459,1
25360,1
25402,1
25589,3
26566,1
27384,1
29107,1
29532,1
30619,3
31206,1
31800,3
31936,1
32900,3
32975,1
34732,1
35148,5
35239,1
35356,1
35433,1
36037,1
36286,1
36364,1
36537,1
36547,5
37223,1
37376,1
37439,5
37794,1
37923,5
37985,1
39823,5
40973,5
42202,1
42284,1
42716,1
42973,1
43377,1
43697,5
43981,1
44299,1
44314,1
44413,5
44594,5
44672,1
46027,1
46140,1
46427,5
46865,1
47690,1
48611,5
48998,1
49022,1
50362,1
50643,1
51539,1
51551,1
51655,1
51656,1
51671,1
52031,1
52372,1
52441,1
53092,1
53961,1
54849,5
54893,5
54899,1
56900,5
57044,1
57122,1
58776,1
59399,1
59653,1
59794,1
61016,5
61834,1
61981,5
62182,5
62608,1
62633,1
64650,1
64696,1
65164,5
65790,5
67839,1
67989,1
68434,5
69359,1
69467,1
69475,1
69530,1
70017,1
70967,1
71159,1
71196,1
71263,1
71733,5
71749,5
71841,1
72463,1
72653,1
72731,1
73475,1
73773,1
75493,1
75988,1
77096,1
77316,1
77448,1
78014,1
78019,1
78640,5
78789,1
80614,5
81247,1
81351,1
81353,1
81712,5
82229,1
82322,1
82400,1
82534,1
83047,1
84291,1
84365,1
84484,5
85052,1
85144,1
85882,1
86240,1
86306,1
86349,1
86398,1
86443,5
86457,1
86463,1
86679,1
87461,5
87684,5
87713,5
24424,1
36108,4
65982,4
41690,5
79492,5
63196,1
63150,4
72073,4
34295,4
4053,4
76716,1
66851,1
66815,1
33723,3
36434,1
30668,3
30089,2
41704,4
82946,1
5011,3
88355,4
81701,5
70403,5
34686,1
22300,0
3723,2
41113,5
87861,4
38009,1
60893,1
21404,0
26632,0
56962,4
43382,2
43449,2
66012,4
74180,1
64680,1
5831,2
48256,1
48383,1
12130,3
83319,4
18903,4
23840,3
29334,3
33148,3
38417,4
33418,3
33895,2
27292,3
28743,2
5979,3
43057,1
12378,0
13188,3
21752,3
54662,4
24837,4
83385,4
62470,2
71076,2
34161,3
13330,0
25439,3
63084,1
16893,3
53188,1
53203,1
85751,1
82900,1
30495,4
31937,3
14889,3
10330,0
21354,3
11449,3
74130,4
68969,4
59238,4
66102,4
57433,1
27293,3
62201,5
77405,2
6286,4
43272,4
19820,2
80885,4
7960,3
62420,4
26845,1
16627,2
59315,1
15088,3
38022,1
30445,3
88655,5
11682,3
19986,2
58417,4
82601,1
25885,3
58226,1
16700,0
29295,3
69470,4
70888,5
56639,4
663,4
66931,2
73601,4
15079,3
26732,2
26163,3
28507,4
29526,4
31246,2
11945,0
13295,2
3617,4
8232,3
44224,2
16060,2
24747,2
21996,0
22161,0
17141,2
2633,4
30574,2
34350,0
7876,4
72670,4
31555,4
13115,0
5686,4
18915,0
72545,4
23733,0
32901,0
25457,2
30602,4
1841,2
2968,2
10263,2
15958,2
25708,4
33396,2
76864,4
1386,2
86615,2
8681,2
9721,4
37843,2
1073,0
85305,4
55414,4
2982,2
16912,0
24152,0
25317,0
28842,4
87852,4
12373,4
81067,4
50782,4
53655,4
26362,4
29982,4
13316,4
897,3
5345,4
10790,4
13882,4
14476,4
15747,4
23566,4
66742,4
67432,4
77369,4
87579,4
9987,4
20314,0
27430,2
45841,2
40122,4
40510,4
65487,4
22909,4
70373,4
22678,4
77399,4
15638,4
17951,0
29912,0
20871,4
8340,3
11577,4
27671,4
6965,0
23409,0
31023,4
53234,0
2777,0
3568,0
3952,0
8039,4
29423,0
38333,4
64507,4
65161,4
32125,4
5317,3
17520,4
1039,4
9307,4
24365,4
24996,4
39669,4
44043,4
60661,4
82802,4
3335,4
35268,4
66309,4
6594,2
57014,2
86665,2
52647,0
10278,2
17755,4
19991,4
52626,4
79932,4
7705,2
34865,4
38253,4
40526,4
34211,4
75075,4
27990,4
81062,4
73735,4
19299,0
18308,0
55872,2
4353,2
67015,4
75929,2
84534,4
38036,2
54976,2
88824,2
45707,2
65159,2
1533,0
87566,4
38019,4
60220,4
10077,3
53905,4
13823,4
70052,4
75980,4
77417,4
79911,4
10850,4
45855,2
46808,2
47045,2
50711,0
28286,3
63435,0
10475,4
43137,4
39929,4
7750,3
61306,4
61908,4
75351,0
44201,4
16241,0
68289,4
40341,4
67976,4
51721,4
51231,4
40301,4
28260,4
50572,4
50611,4
56814,4
66735,2
88626,4
76258,4
70600,4
76298,2
42196,4
82599,4
37340,4
45069,4
70226,4
29050,4
66418,4
67382,4
7474,4
37205,4
65826,4
47955,4
76190,2
67144,4
67145,4
54100,4
47393,4
61867,4
69694,4
85512,0
87388,2
75765,4
81953,4
41755,4
78182,2
51761,4
66171,4
75837,2
50464,4
66147,4
77427,2
27862,3
51285,4
82325,4
85452,4
86885,4
42735,4
48284,4
63111,0
65121,4
56297,4
64636,2
52338,4
53055,4
68223,0
51884,4
36055,4
34489,4
76403,4
73051,1
52438,1
72403,1
67135,1
64490,5
53950,1
62478,1
36689,1
71601,2
47316,1
38488,1
62685,1
39293,5
62713,4
39107,2
44552,1
43446,1
71235,1
66163,4
66164,4
42346,1
47748,1
75536,4
41046,1
30514,3
88608,4
49875,1
47900,1
5378,3
69758,1
35329,1
76287,4
80927,1
86233,1
71583,4
71867,4
72727,1
83609,1
73248,1
51817,5
63689,1
73879,1
72388,1
68904,1
52622,4
55750,5
56021,5
58011,1
58233,1
61332,5
83519,1
58052,1
43151,1
52793,1
33153,3
45100,1
46111,1
26411,3
78349,1
31013,3
60807,1
57293,5
86730,5
23485,3
33147,3
47410,1
798,1
10957,3
41287,1
74094,1
74563,5
75113,1
14938,4
16375,4
12086,2
76386,4
46925,2
15976,2
14627,2
23695,3
57289,4
87934,1
17575,3
22843,2
22663,4
10561,4
27270,4
56816,4
54401,2
56091,4
43127,4
52979,4
72998,4
80143,4
80371,4
77187,1
50858,5
37371,4
13520,3
67587,1
17994,3
78409,2
51500,1
20641,0
23306,4
9712,2
5564,2
12094,4
10924,4
52539,1
23743,3
24795,4
70142,1
31606,2
24813,2
34045,3
4316,2
35737,4
46967,4
28277,0
23439,4
41631,4
10737,3
82516,4
22198,2
34769,1
40100,1
49362,4
60058,1
70710,5
33958,3
36429,4
26611,4
76309,4
41295,5
65718,4
14841,4
44548,2
20764,4
20877,2
16908,0
27311,3
7728,2
40725,5
19112,0
51791,5
353,3
22146,4
35334,4
37269,4
42315,4
44125,4
44318,2
50667,2
51598,4
52578,4
55883,2
64797,4
65421,4
68100,4
68220,4
71106,2
79625,4
83778,4
86803,0
2099,2
10422,2
19814,0
22494,0
4559,2
5018,2
16773,0
7804,0
85782,4
33919,4
66599,4
11121,0
7528,4
9502,0
57215,4
68163,4
1940,4
2482,4
21197,0
33122,2
29173,2
63379,0
1580,2
3687,2
79626,4
38890,2
12278,4
76201,4
9752,0
50047,4
13809,0
85614,4
37226,4
69113,4
69196,4
51313,4
29429,0
25212,0
13117,4
14381,0
80384,4
30405,0
27681,2
81433,2
7096,3
29922,3
12857,0
19139,4
18010,4
1248,0
10468,2
30617,3
10308,0
31852,4
87688,2
24317,2
10787,4
40847,2
76308,4
32938,3
24675,3
4865,0
9191,3
65654,4
82613,4
32624,3
32059,4
11173,3
20737,0
322,3
1017,3
19565,0
9098,4
33421,3
1370,0
1518,3
7865,0
20180,3
4539,3
87242,4
21305,2
27943,3
23176,2
8238,3
2262,3
76725,2
25825,0
127,3
4328,3
23493,0
18716,4
19187,4
29473,3
19764,3
21133,0
26314,2
18039,3
25351,3
28588,4
26557,3
21153,3
29234,0
19345,3
67609,4
6817,4
54031,0
22335,4
51415,4
83634,0
8226,0
16080,4
6825,2
77461,0
32314,3
32873,4
20067,4
6854,3
20564,4
53628,0
29202,0
1374,2
87132,4
16146,3
73291,3
8768,3
32704,3
19468,3
2307,0
6229,3
14603,3
5614,4
24597,3
7816,4
5919,4
6188,3
28410,3
33506,0
32068,3
15016,4
8761,3
261,2
20541,4
979,4
24224,0
72417,4
12671,2
28319,4
9357,3
28558,4
3314,2
16701,0
2263,2
14429,4
73313,0
16252,2
1690,3
17705,3
5486,3
6168,4
16739,3
32257,3
55470,3
1288,2
28181,3
29387,3
45699,4
9976,0
27774,0
15327,3
1796,0
14629,2
6116,2
1448,0
23155,3
17406,4
26512,0
17767,4
7287,0
28283,0
20680,3
19589,4
30100,2
52029,4
4930,0
3422,2
83308,4
33444,0
14454,0
29008,0
88754,4
33417,4
64886,2
48055,2
6443,3
30948,0
44297,2
12641,4
2093,0
81357,4
1831,4
29371,2
23014,0
9222,0
19277,3
5489,2
10537,2
938,2
41062,2
7548,3
22926,3
10842,2
78091,2
6786,0
25793,0
62346,0
2063,2
6956,4
12575,0
8284,3
13355,2
8987,0
6580,2
60990,2
14085,3
25165,4
3167,0
22503,0
2359,2
5270,3
2745,0
5911,0
9827,0
24126,0
24671,0
33056,0
30350,4
29039,4
70577,4
21848,2
11077,0
15291,3
34235,3
16178,2
6029,0
18650,3
21972,0
4971,4
17489,4
76669,0
23048,0
16014,0
22450,4
25461,2
16401,2
2765,4
11741,4
21775,4
4791,2
20077,4
24544,4
27850,4
48428,2
15600,0
15432,3
50341,0
23811,0
84616,2
1888,4
3170,0
5158,2
20882,0
16945,2
18352,2
23630,2
29091,2
61429,2
23160,0
80604,2
4008,0
42959,2
4363,3
23704,2
4158,2
11881,0
21675,2
56739,4
20287,0
10972,4
50199,0
20857,0
597,0
19893,0
22682,0
20653,0
27807,3
14615,2
15740,2
16404,2
24184,2
1653,2
29946,2
23601,4
11295,0
4646,4
9616,2
30358,0
32391,0
24586,0
710,2
15152,2
14245,0
17459,4
83473,0
22250,0
50262,0
24738,0
34324,2
55251,2
87344,2
1990,2
25462,2
49188,2
85774,2
86716,2
7252,4
9638,0
29911,0
20030,0
55293,4
20294,0
17292,4
946,0
15970,0
23055,0
65406,2
2447,0
32791,0
75615,2
5732,0
9379,4
9380,4
25242,3
29270,0
32719,0
33613,0
17824,3
3637,2
6931,2
10007,2
12858,2
16339,2
21544,2
23187,2
27204,0
29476,0
42436,2
49308,2
80645,2
86068,2
5557,0
28576,0
33204,0
2459,0
4642,0
5681,0
10765,0
23092,0
26920,0
28074,0
32800,0
42709,0
46699,4
66476,4
26115,0
14460,4
36207,0
29354,0
25834,4
8136,2
8771,2
18220,3
18947,0
31457,0
32033,3
26717,2
33332,4
14029,3
3806,4
14326,2
16947,4
24706,0
74706,2
4920,0
204,0
11078,0
13185,3
14308,2
18296,0
26560,0
30852,0
33363,2
35178,2
27264,3
13463,4
14666,2
3201,4
11603,0
20316,4
835,4
2475,0
7207,0
9312,0
9861,0
13984,0
18330,4
33604,0
51196,4
29144,0
1792,2
10976,0
10473,0
1747,4
22739,0
15956,4
27738,0
27089,3
5507,2
4133,0
22577,4
23000,0
33592,2
51444,4
5930,0
30612,3
18180,0
24809,0
8052,4
32145,3
26004,4
2320,4
12935,4
14490,4
45510,4
53724,4
54162,4
55683,4
70818,4
70819,4
71388,4
333,4
1176,0
1359,0
2264,4
2265,0
4354,0
6425,0
7193,4
8217,4
20153,4
28976,0
29803,0
32168,0
32375,0
33250,0
33814,0
2503,0
2964,0
3963,0
6584,4
43719,2
17758,2
74776,2
28207,3
1182,3
899,2
12719,2
3405,2
6264,4
17382,4
17562,4
80592,4
8556,4
9967,4
318,4
432,4
792,4
1003,4
2024,4
3034,0
4575,0
4981,0
5436,0
6309,0
6774,0
6872,0
9075,0
9093,0
9188,0
11168,0
13852,0
15150,0
15752,4
16249,0
19365,4
19812,4
20819,0
22491,3
22546,0
23117,0
24079,4
24180,0
25345,0
28364,4
32503,0
34296,0
56206,4
59222,0
71315,4
73640,0
73675,0
86770,4
88583,4
21140,3
2348,4
26961,4
64158,2
4581,0
39695,4
75927,4
33647,2
38723,4
7326,2
10381,0
4201,2
8209,2
9190,4
59482,2
25030,3
32428,3
23303,0
6356,0
1503,2
6428,2
14587,2
21910,2
67179,2
19228,2
17750,0
9130,0
12151,2
11415,4
5873,4
268,4
32374,0
14019,4
6566,0
19007,2
23588,2
3195,4
34391,4
35987,4
67875,0
67936,0
70011,0
72204,4
88397,4
8386,4
1130,4
2150,0
2682,4
9336,0
18653,4
23006,0
25974,0
26948,4
32516,0
34353,0
50970,0
50971,0
57793,4
57833,4
58023,4
19507,3
50684,0
25987,0
28607,0
86592,2
24211,3
8871,4
260,0
33425,3
971,2
9808,2
19225,2
66603,2
7829,4
21450,4
16721,3
24446,3
82107,4
18169,4
12104,2
71619,4
1969,2
51575,4
26237,4
27227,0
74164,0
9956,2
80786,2
37802,0
37901,0
31733,0
46759,4
6650,0
31534,4
79439,0
14226,0
38928,4
3817,3
4977,4
5104,4
5693,4
9023,4
9050,4
9942,4
10108,4
11304,4
13116,0
24873,4
87686,4
15557,4
18778,4
39559,4
81529,4
67293,2
48068,4
25176,3
6849,0
10770,0
22040,4
18890,0
8666,2
30093,0
29343,2
12708,0
3701,4
19308,0
3874,2
3679,0
25867,3
52665,0
87418,4
1192,4
1665,4
33844,4
33367,2
13321,0
1398,2
1422,3
41047,2
2297,0
3230,0
1504,4
2310,0
6257,0
12573,0
13345,0
19376,4
23223,4
54006,0
81963,0
3675,4
2737,4
24356,4
9513,4
71588,2
21927,2
41526,2
29464,0
12838,4
12991,2
10592,3
834,2
25549,2
34005,2
3724,2
30702,0
79872,2
5499,0
8514,2
22685,4
21478,0
11294,4
5558,2
10758,2
21963,2
78878,2
1566,2
2595,2
11364,2
13702,2
58215,2
40245,4
9846,0
33328,3
74391,0
45443,4
6809,3
77374,2
41022,2
3737,0
12846,0
45364,4
26083,0
10095,0
16467,4
71638,4
12821,2
9874,4
33818,0
21195,0
1688,2
6739,2
60541,2
5439,0
7793,4
10452,4
11381,4
12236,0
12945,4
14798,4
36252,4
56422,4
3615,0
20545,4
1908,2
8200,2
23290,0
25257,4
17010,0
86171,2
15939,0
2504,4
1805,3
33827,4
34266,4
12806,0
3095,4
19174,4
26096,0
52245,4
78292,0
6359,2
17662,2
29460,2
43117,2
61322,2
65002,2
32083,0
32115,0
16345,3
20209,4
28121,0
3146,2
9034,2
23348,2
23544,2
39490,2
74525,2
78641,2
31339,0
34416,2
71411,4
6976,3
28238,0
25606,4
78700,4
28815,2
11034,2
81769,2
16699,2
5803,0
13089,2
18621,3
28229,2
118,2
2115,2
5050,2
7435,2
9181,2
10390,2
10414,2
11041,2
11348,2
11368,2
11989,2
12428,2
13414,2
13900,2
15322,2
16663,2
17076,2
18247,2
18985,2
20465,2
22565,2
22825,2
23633,2
29564,0
31032,2
39258,2
39989,2
45864,2
46120,2
50181,2
51988,2
55831,2
66407,2
69438,2
71479,2
72060,2
72268,2
73827,2
75708,2
88123,2
9187,0
18071,4
1704,0
7798,4
16352,4
2079,4
2803,4
7048,4
14322,4
15281,0
20811,4
21790,0
27184,0
28613,0
56157,4
38665,4
11247,3
8201,0
4676,0
23671,0
32509,0
7000,2
587,2
1243,2
2754,2
3009,2
3266,2
3389,2
3639,2
3664,2
4873,2
7013,2
7317,2
8220,2
8483,2
8763,2
11241,2
11626,2
14328,2
15366,2
15445,2
15959,2
16052,2
16058,2
16868,2
20246,2
20343,2
22428,2
22872,2
24298,2
24594,2
24923,2
25119,2
26281,2
26503,2
27606,2
27733,2
27892,2
29533,2
32215,2
32996,2
33718,2
37544,2
40120,2
40238,2
41553,2
41554,2
42431,2
45452,2
47498,2
56233,2
58462,2
60678,2
61629,2
61809,2
66697,2
67399,2
67534,2
70739,2
72181,2
78159,2
83370,2
86717,2
440,2
25986,0
13202,2
57982,2
21654,2
82929,4
16913,0
31893,4
65958,4
15030,0
17161,4
1035,4
4813,4
29036,4
34060,0
77947,0
31796,3
32724,2
1777,4
12600,0
13558,0
16118,0
17317,0
28886,0
32054,0
36871,4
47062,4
48307,4
49081,4
10087,2
27836,4
27934,4
17096,0
31162,0
6769,0
13465,2
22137,0
25243,0
42105,0
58358,0
72880,0
72929,0
29698,0
67443,4
22732,0
10193,0
77869,0
6624,2
16098,2
24367,2
1909,0
5231,4
21509,4
24619,4
20423,3
26651,0
32007,0
32095,0
15580,4
57785,4
9002,4
32944,4
34841,4
6767,4
23468,3
21222,0
77866,0
2725,4
55061,4
54913,4
81338,4
30728,4
19623,0
1627,0
14662,3
22128,0
22887,0
26268,0
49150,2
82963,2
86685,2
72644,4
6434,0
8502,0
13129,0
19152,0
24831,3
27245,0
33531,0
48250,0
57854,4
66000,4
66913,4
70501,4
16073,3
76400,4
34354,0
28404,3
12405,0
71673,4
19873,3
28096,0
80727,2
52560,4
56327,2
28061,4
1526,4
57817,4
18634,2
26614,0
23963,4
56573,4
20199,4
57194,4
85844,4
57676,4
47613,4
16829,0
17462,0
4191,0
30099,0
77195,4
10483,2
9939,2
68239,4
8513,4
29165,0
16693,0
30859,0
28873,0
29623,4
23546,0
24012,0
7320,0
16046,2
19335,2
53886,2
81922,2
83524,2
84328,2
28062,0
34231,2
12348,2
5161,2
31114,2
30412,3
5299,2
129,4
6150,4
11261,4
12865,0
16203,4
18019,4
24940,4
49144,4
52115,4
66584,4
66923,4
71697,4
72344,4
80339,4
26464,0
55428,4
78369,4
11126,3
87,0
151,0
312,0
1728,0
2710,0
3372,0
3710,0
3758,0
4709,0
4980,0
6350,0
7672,0
7791,0
8726,4
9634,0
10224,4
12995,4
13588,4
15230,0
15308,0
16050,0
16629,0
18365,0
19501,0
19703,0
20457,0
20846,4
21755,0
21892,4
22735,0
23415,4
23481,0
25845,3
26608,0
27502,0
27874,0
28510,0
28990,0
31085,3
31178,4
32285,0
32301,0
32801,0
37130,4
39047,0
42656,4
43196,4
46343,4
46355,4
48251,0
48262,0
48299,0
48323,0
48324,0
48405,0
56675,4
63223,4
63424,0
63440,0
68313,4
69499,4
72939,0
75603,4
76410,4
76853,4
78400,0
78435,0
78472,4
87901,4
88130,4
32447,4
2317,4
3613,0
4071,4
10405,0
12716,0
13047,0
33777,4
46717,2
46952,4
28994,0
62179,4
711,0
1095,0
18660,4
76228,4
27170,0
76456,4
58495,2
24632,0
29402,0
83407,4
83408,4
55929,4
56055,4
27022,4
12425,2
64883,4
52337,2
26434,4
5282,3
68855,4
6266,0
51194,4
55482,4
4772,3
87864,4
15473,3
81862,4
80199,4
2279,4
2584,4
3068,4
3634,4
3658,4
4118,4
5121,4
5154,0
5907,4
6112,4
7986,4
8191,4
8488,0
8942,3
9064,3
9326,4
10453,0
10969,4
11630,0
12169,4
13010,4
13454,4
15644,4
16028,4
18442,4
19116,4
19117,4
21395,4
21899,4
22442,4
22527,4
23477,3
26939,4
27062,4
30469,4
30605,0
31354,0
32280,4
33267,4
33583,4
33750,4
34755,4
34772,4
39510,4
40695,4
41362,4
43931,4
44129,4
46256,4
46371,4
49053,4
49741,4
49956,4
50141,4
50231,4
53757,4
54998,4
55588,4
55752,4
55819,4
55999,4
56965,4
57553,4
57851,4
57920,4
60946,4
61075,4
61327,4
61621,4
62272,4
62405,4
62962,4
65606,4
65805,4
66560,4
66658,4
66688,4
67579,4
68443,4
68915,4
70012,4
70711,4
71258,4
71797,4
72136,4
74255,0
76026,4
77747,4
79917,4
82108,4
82612,4
83849,4
43813,0
589,0
818,3
998,4
1736,0
2008,0
2238,0
2927,0
3110,4
3219,4
3618,4
3728,0
3805,0
4033,0
4196,0
4476,4
4630,0
4816,0
4892,0
5336,0
5515,0
5519,0
5687,4
6254,4
6971,4
7010,0
7033,4
7377,0
7678,0
7859,4
7997,0
8408,0
8470,0
8603,0
8620,0
8802,4
8925,4
9178,0
10067,0
10140,0
10221,0
10875,0
11421,4
13166,4
13599,0
14100,0
14356,0
14470,0
15401,0
16278,0
17174,4
17216,0
17444,0
17664,4
17776,0
18143,4
19482,0
19519,0
19913,0
20814,0
21251,3
21703,0
21735,0
22013,0
22225,4
22772,4
23061,4
23451,4
23521,4
23645,0
23874,0
24802,4
25747,0
26244,0
26245,0
26754,0
26837,0
26890,0
27487,4
28373,0
28378,0
28600,4
30065,0
30189,4
30407,0
30915,4
31225,0
31884,0
32529,4
32540,4
33867,4
33874,0
39040,0
39157,0
39168,0
39409,0
42903,4
47079,4
47163,4
49462,4
50511,4
50980,4
52222,4
52535,4
53781,0
56948,4
58330,4
58344,0
58385,0
61959,0
63080,0
66106,4
68596,4
69225,0
72601,4
72703,4
72788,4
73061,0
75672,4
76945,4
76967,4
77052,4
77156,4
78132,0
78296,0
78476,4
82315,4
82767,4
84386,0
86120,4
87910,4
31569,0
30474,0
2133,2
2609,2
9468,2
9830,2
10109,2
13009,2
14009,2
15128,2
15392,2
18058,3
18136,2
19229,2
20734,2
22541,2
24985,2
29680,2
31287,2
32838,2
37974,2
39080,2
44317,2
46254,2
47349,2
49191,2
50017,2
55596,2
56406,2
61161,2
61419,2
64522,2
69900,2
70291,2
70994,2
71064,2
77759,2
79793,2
84252,2
85105,2
86107,2
33954,2
88226,2
57650,4
17286,2
55378,2
47335,4
47336,4
47380,4
47717,4
72217,4
7234,0
42593,4
20188,3
26593,4
3581,0
24964,3
2440,0
17048,4
19002,4
21704,4
22096,4
24679,4
34377,4
39404,4
39535,4
42033,4
54730,4
55290,4
70573,4
71510,4
72005,4
75312,4
75378,4
80950,4
31198,3
14218,0
17043,2
9764,2
57387,4
30006,0
1187,0
67701,4
71068,4
29448,4
17119,0
23326,4
30821,4
77902,4
10695,2
21265,2
29128,0
57469,4
6643,4
16726,4
29977,0
28809,0
12,2
3790,0
8329,2
9202,0
13141,0
14122,2
14771,0
18813,0
19082,2
20665,0
21428,2
23558,3
26436,0
26884,0
29790,0
31969,0
34320,0
47010,2
51865,2
78147,0
513,4
31330,0
14040,0
76649,4
32207,0
1651,4
2544,0
3013,0
5194,0
7084,0
7924,4
11996,0
12888,0
13474,4
15385,0
24437,0
33848,4
46479,4
46520,4
49677,4
52846,4
65815,4
69185,4
70482,4
71862,4
88025,4
87913,4
87980,4
3044,0
13979,4
17170,2
28457,0
17078,0
22316,0
33254,2
19654,4
12419,0
69456,4
70788,4
15538,0
3670,0
45265,0
46031,2
67648,4
15055,2
41721,0
42817,4
29746,0
32300,0
1563,2
20070,0
28376,3
19590,4
26528,3
38707,0
11456,4
32408,0
70341,4
1258,4
32630,0
67479,2
27185,4
299,4
6627,0
6734,4
7399,4
8085,4
8435,4
9365,4
9947,4
10476,4
11602,4
11714,4
12595,4
14523,0
15562,4
15776,4
16012,4
16580,4
17180,4
17680,4
18294,4
19227,4
19919,4
22246,0
24039,4
25624,4
25882,4
29019,4
29983,4
30887,4
31731,4
33069,4
33372,4
33389,4
34082,4
35109,4
39491,4
45549,4
45550,4
56921,4
61993,4
64600,4
64675,4
64756,4
64807,4
65710,4
66787,4
67057,4
67695,4
76114,4
78693,4
79189,4
86327,4
88724,4
7495,0
8445,4
8859,4
33575,0
33580,0
57905,4
59838,0
73515,4
82389,4
19264,4
49032,4
49089,4
371,4
1050,0
1087,4
1294,4
1318,0
1711,4
1863,4
2663,4
3014,0
3037,0
3051,0
3121,4
3330,4
3500,4
3590,4
3711,0
4175,4
4484,0
5180,0
5307,0
5447,3
5883,0
6304,4
7410,0
8573,0
9087,0
9715,4
10418,0
10629,4
11472,4
11942,4
12171,4
13441,4
13487,0
14984,4
15680,4
16847,4
17369,4
17411,4
18341,4
19159,4
19691,4
20105,3
20368,0
21028,4
21328,0
21508,4
21585,4
22854,0
25192,4
25287,4
26191,4
28582,4
31243,3
32001,0
32948,4
33896,4
33916,4
33917,0
34643,0
34733,4
35034,4
35190,4
35761,4
35815,4
36688,4
37824,4
39499,4
49508,4
51079,4
55899,4
57489,4
61369,4
65709,4
66150,4
66200,4
68258,4
69718,4
70459,4
70750,4
71565,4
71895,4
71977,4
78956,4
81407,4
81606,4
81786,4
81907,4
87506,4
467,0
1490,0
2033,0
2919,4
3431,0
3510,0
4730,0
5352,4
6282,4
6721,0
6800,4
6860,0
7538,4
7695,4
8015,0
9246,0
9860,0
10433,0
10580,0
11177,4
11428,4
12071,0
12226,0
12466,4
12588,0
12980,4
12983,4
13134,4
13699,0
13715,0
13794,0
14065,0
15059,4
15298,0
15765,3
16185,0
16300,4
16766,4
17087,0
17109,0
18580,4
18938,4
19442,0
19536,0
20726,0
21324,0
21845,0
22150,0
22955,0
23444,4
25078,0
26677,4
26699,4
26778,0
26933,3
27174,0
27339,0
27721,0
28255,0
28838,0
28843,0
30745,0
31360,0
32112,0
32358,0
33284,0
33766,0
38997,0
40460,4
41103,0
41782,4
41846,4
48335,0
49035,0
53338,0
53637,4
56268,4
57744,4
58025,4
66037,4
67225,4
71534,4
71616,4
72811,0
78279,0
79233,0
75948,0
65589,4
32337,4
13867,0
19340,0
72874,0
20588,0
85925,4
85926,4
16376,0
20032,0
4107,4
20053,3
19624,0
16156,4
73357,2
18978,0
88665,2
15649,0
11211,4
1937,0
11746,0
2851,3
16907,3
21043,3
25952,3
30647,3
31025,3
21931,2
46584,4
64066,2
18547,0
16941,4
23284,4
31452,3
28114,0
65745,2
44977,0
49620,4
81929,4
63902,0
25221,3
23567,2
41730,0
26571,3
14868,4
3363,4
13820,0
7229,4
47414,4
329,4
2072,0
2561,4
3072,4
3286,0
4217,0
6972,0
7442,4
8291,0
9536,4
12292,4
12768,0
13722,0
22010,0
23090,4
26307,4
26666,4
26730,4
28138,0
29408,0
31175,4
32906,4
38980,0
40388,4
42769,4
43155,4
46615,4
50115,4
50220,4
52374,4
57556,4
59979,4
68698,4
75605,4
76862,4
76955,4
85660,4
88601,4
251,4
1224,0
3254,0
3277,0
3964,0
25901,3
28812,4
20534,0
24473,0
75311,2
20303,4
10660,0
19997,4
75320,4
28336,0
28337,0
25338,0
1054,3
26782,4
59090,0
59516,0
32565,0
7688,4
23016,0
56402,4
80177,2
23110,0
8182,0
26956,4
66430,4
28395,4
26258,0
72980,0
24980,0
20739,0
27287,3
24879,0
71834,4
530,0
33268,4
34186,0
57876,4
72347,4
79624,4
25125,4
88435,4
17663,0
18946,4
24935,0
51723,4
22970,0
26493,0
50762,4
13187,0
13627,4
14917,4
27134,4
80162,4
51725,4
7613,4
18610,4
28343,0
54116,0
58398,4
59443,0
88217,0
21143,0
87434,4
11598,4
12426,4
26161,3
13254,4
13255,4
78003,4
78895,4
63373,4
63526,4
48129,0
26166,0
44353,2
23461,4
34978,4
35124,4
25516,4
86446,4
58411,0
19435,4
22948,0
10497,4
82306,4
32479,3
30906,2
77814,0
27073,0
55882,4
22615,0
75424,4
75073,4
55948,2
26315,0
67263,4
21126,0
74037,2
26234,0
7374,4
10451,4
33702,4
28856,3
86403,4
27558,4
707,4
33140,3
1944,4
3855,0
4379,0
13552,0
16383,4
17088,0
35154,4
68366,4
68468,4
5814,4
8720,0
29066,0
26910,0
26346,0
12029,3
61771,4
55540,4
41009,2
42422,4
7713,4
43203,4
31704,0
82036,4
39627,2
27438,0
79301,4
70584,2
30450,3
16592,0
19252,4
59572,0
16327,3
17329,4
33779,0
54978,4
30069,2
34499,4
84729,0
25437,3
13904,2
25640,4
60682,0
30159,2
26970,3
22633,2
30787,0
49767,2
32857,4
16677,4
30807,4
1286,3
1108,3
1539,3
1540,3
53056,0
87667,4
18376,0
81671,4
1865,3
15139,4
19192,4
43275,4
22155,0
24052,0
49318,4
37933,0
27398,0
29203,0
23804,0
31990,0
81623,2
16811,4
83972,4
11765,3
1640,0
32233,0
15505,2
37385,0
60013,0
67823,4
35280,2
41274,2
54990,2
77820,2
84505,0
76186,4
27361,0
53856,4
56634,4
24838,0
14031,2
66736,2
82667,4
16728,3
59527,4
5567,0
1257,4
11624,0
39631,4
40090,4
76503,4
33214,0
4373,2
30838,3
53155,4
73537,4
21483,0
1561,0
11875,0
67828,0
74841,2
29287,4
1169,4
2127,4
24476,4
37569,0
61557,2
57361,4
745,4
4444,4
34824,4
66352,2
71365,2
78840,2
19743,2
80480,2
28982,4
29137,4
10571,4
11925,4
16246,4
33410,0
57428,4
24944,4
9767,0
44995,0
85879,0
38247,4
32344,4
9258,0
11089,4
44110,4
5634,0
7861,0
62790,4
74598,4
32627,4
56522,4
56600,4
62037,4
17497,0
32113,3
33972,0
20135,3
64803,4
86258,2
30607,0
20138,0
20312,0
29751,0
21529,0
1625,0
3826,4
83833,0
20630,2
6346,4
9907,4
9910,4
10123,4
42922,0
4924,0
25851,3
10805,0
18239,0
41569,4
41874,4
27345,4
3463,0
3650,0
7478,0
24443,4
25274,0
71963,4
59333,2
5758,3
74256,0
62041,4
11499,0
11656,0
15026,3
23864,0
26786,4
32728,0
37924,4
57233,4
19481,4
82545,2
374,0
876,0
1026,0
3104,0
3154,0
3647,0
3906,0
4600,0
4613,0
5980,0
6453,4
9697,4
9906,0
13375,0
13659,0
13662,0
15594,4
16556,4
17521,0
18699,4
18863,0
25975,4
29491,4
29547,0
36883,4
37190,4
37193,4
41185,4
60248,4
62724,4
62906,4
63861,0
64050,0
72433,4
81558,0
57530,4
49196,4
27607,3
27428,4
5020,0
28903,0
80911,4
57369,2
9894,4
6908,0
40722,4
48492,4
3508,4
5977,0
7184,0
22174,4
22233,0
32656,0
36957,4
43571,0
52984,4
58093,4
62692,0
67619,4
83171,0
49954,4
3307,4
14140,3
5225,3
71572,2
29908,4
30324,4
20273,2
37247,4
4426,0
6218,2
19704,0
81159,4
4503,3
77663,4
25695,3
6314,3
30130,0
30260,3
47378,4
60140,4
64981,4
68979,4
71211,4
16442,0
68216,4
28003,3
86117,4
3499,4
26987,4
1150,4
6437,0
10176,0
13683,0
14777,0
17799,0
18845,0
80495,4
80496,4
8441,4
57139,4
54831,0
78815,2
73615,0
75257,2
53646,0
21673,0
38073,5
6047,0
12845,0
14372,0
14684,0
28399,4
29969,0
35859,4
35919,4
52520,4
63892,0
72577,4
73147,0
85152,0
12422,4
14128,0
31021,0
35531,0
40991,4
42644,4
43295,4
46625,0
47017,4
48263,0
48433,0
48549,0
49763,4
52585,4
53851,0
54774,4
62253,4
62361,4
69123,0
69587,4
69980,4
71793,4
71808,4
76541,4
80968,4
84950,0
87268,4
34580,0
72184,4
52304,4
71060,4
50985,4
13174,4
57436,4
59242,0
83745,0
51080,4
36100,2
40237,2
33755,3
61566,2
20313,4
23589,3
1824,4
5582,4
6394,4
10235,4
11896,4
16335,4
16964,4
17999,4
20840,4
29605,0
36954,4
38351,4
41255,4
43602,4
46909,4
48644,4
53417,4
53589,4
53658,4
54952,4
54953,4
61175,4
61367,4
61657,4
62022,4
65911,4
67082,4
69851,4
71304,4
71350,4
71383,4
75520,4
77443,4
79845,4
80363,4
83456,4
87130,4
87646,4
42538,2
13423,4
51544,4
3417,0
7104,4
8567,0
16637,0
20776,4
22901,0
30275,3
33817,0
34507,4
37678,4
41577,4
43239,4
46582,4
47736,4
48504,0
48576,0
48756,0
48990,4
51025,4
51790,4
52511,4
53676,0
57138,4
58603,4
62281,4
62376,4
62524,4
62697,4
62751,4
65494,4
65807,4
69056,0
69514,0
69927,4
70964,4
71104,4
78804,0
81359,4
87808,4
88352,4
11489,4
12020,4
63282,0
29567,2
33744,0
66686,2
83026,4
81854,4
13998,3
28544,3
22235,4
23808,4
34825,4
28964,3
41980,0
42936,0
5838,2
42687,4
56111,4
19802,4
63340,0
1005,2
1847,2
4248,2
19622,2
27652,2
31924,2
33586,2
35002,2
35003,2
36491,2
38688,2
40403,2
54828,2
57592,2
58543,2
64331,2
65657,2
66272,2
82799,2
87237,2
6633,4
9051,4
75644,0
29831,0
56089,2
88305,2
42367,0
11954,4
50307,4
75191,0
57431,4
59227,4
266,3
85720,4
52035,4
50020,4
38528,2
37473,4
76075,4
14442,3
46033,4
68337,4
68438,4
4591,0
4737,0
39236,4
45655,4
76035,4
446,2
15911,0
37534,2
38039,0
10388,2
12651,0
52952,0
20175,0
21556,0
16318,4
32669,0
59781,4
59837,4
60323,2
70182,2
71735,4
60085,0
1484,0
3334,4
3660,4
4731,0
13196,0
23859,4
26841,4
28616,4
32282,3
32885,0
35033,4
37307,4
37891,4
40810,4
46668,4
56381,4
62522,4
62584,4
62742,4
62805,4
63963,4
72107,4
82843,4
88492,4
25359,0
14611,4
38449,4
77827,4
60305,0
76145,4
39234,4
36786,4
72337,4
47095,4
14730,0
5200,4
33729,0
56312,4
33355,2
43985,2
70282,2
31689,0
73366,4
73017,4
46974,4
3582,4
21746,0
7187,4
33233,4
33857,4
34205,4
40030,4
26479,0
82411,4
72069,4
65312,4
67490,2
39477,4
40690,4
40756,4
40977,4
43726,4
55690,4
64545,4
64758,4
64804,4
67198,4
72882,4
75564,4
75590,4
78954,4
79121,4
79738,4
84647,4
85049,4
86448,4
87494,4
87495,4
87580,4
24002,4
34536,4
50010,4
67949,4
5246,0
6625,0
9446,0
16705,0
22080,4
22771,4
29586,0
29958,3
39166,4
39454,4
43859,4
44066,4
44908,4
47458,4
53659,0
58094,4
58420,0
58912,0
62240,4
62404,4
65245,4
67568,4
68704,4
69209,0
69623,0
72443,4
72572,4
73350,0
74920,4
75556,4
75574,4
76595,4
76652,4
82632,4
84082,4
88067,4
37964,0
12137,4
7592,4
66006,4
31914,4
32116,4
8306,3
75767,4
76486,4
21072,4
21384,4
25714,0
60257,0
64987,4
40720,4
20487,4
53577,0
73227,0
59492,4
5560,4
32813,0
81006,0
87735,4
60317,4
52985,2
9125,3
23221,0
6136,4
8912,4
40989,0
76159,4
76635,4
87748,4
81984,4
16958,4
39152,4
10783,3
72277,4
51624,4
85201,0
50629,4
11335,0
79501,4
63595,0
6513,4
67846,4
87481,4
52730,0
74865,2
55424,4
17196,0
36125,4
37058,4
37555,4
37639,4
41424,4
43653,4
58255,4
72707,4
81451,4
88805,4
45603,4
32108,4
47326,4
47838,4
6535,3
80245,5
12012,4
13891,4
87575,4
44522,4
46044,4
47533,4
28790,3
28806,4
31350,4
80957,4
20190,0
56319,4
68045,0
76046,4
76109,4
86640,2
21423,0
57645,4
37575,4
40645,4
48365,2
18945,4
25610,3
6520,3
73328,0
78635,4
80380,4
80781,4
61764,4
82998,0
83785,0
69422,4
69423,4
52845,4
77504,4
82603,4
84834,0
49342,4
62648,4
87127,4
56129,4
56224,4
80544,4
65966,4
6344,3
76289,4
76384,4
47237,4
85950,2
87193,2
20276,4
46661,4
48948,4
48949,4
70695,4
53639,4
53150,0
34634,4
48685,0
72623,4
82795,4
72933,4
49164,4
55014,4
51201,4
83727,4
87037,4
51209,4
85459,2
8494,0
36942,4
63072,4
63599,0
84461,2
73798,4
9236,4
44967,0
863,3
57588,4
88420,4
52076,4
75484,4
75833,4
72025,4
65694,2
66524,2
63036,0
56727,4
40157,2
13049,4
49126,4
48970,4
47992,4
72139,4
1846,3
57791,4
10952,0
68236,0
72553,4
59229,2
23249,4
50516,4
30043,3
76057,4
36596,2
61127,2
20355,4
63136,0
78832,0
52927,4
49324,4
71084,4
20408,4
68543,4
71726,4
77891,0
62975,4
83435,4
50861,4
52042,4
76496,4
17851,3
49798,4
76484,4
77697,4
82729,4
38581,4
45216,0
79639,4
61022,2
85227,2
70627,2
11360,3
4702,3
59689,2
65604,2
66765,2
75792,2
47945,0
38498,4
76176,4
40223,2
10888,0
64978,2
55793,4
54029,0
38664,4
32333,4
54175,2
55813,2
39647,4
80302,4
36070,2
55141,4
45185,2
30403,0
50809,4
42556,2
88510,2
38384,4
75656,2
10958,3
41165,4
85928,4
37688,4
66740,2
38659,2
40959,2
43906,2
46387,2
50897,2
64284,2
70045,2
84778,2
2082,3
14583,3
42410,4
37059,2
38158,2
39911,2
47791,2
52447,2
58831,2
62014,2
67299,2
74660,2
78219,2
78402,2
79789,2
77353,4
75498,2
34928,0
52634,3
68361,0
1714,3
46481,4
51910,4
51626,0
42364,2
40632,4
41140,4
85006,4
64718,2
22210,3
25545,3
47851,0
60422,0
70674,4
52041,4
44795,0
38480,4
73163,4
39971,2
33673,0
7822,4
86907,4
32252,0
33013,0
35429,2
81610,4
87509,2
69634,0
69710,0
69751,0
3611,0
4265,4
8239,0
33223,0
35928,0
36072,0
36119,0
37110,4
37208,4
37389,4
52046,4
63013,4
66386,4
78138,0
56880,2
69993,4
69828,0
77439,4
82722,4
68808,0
68817,0
68838,0
84423,5
37315,4
72944,0
77006,4
19785,4
56186,4
20961,3
56202,4
38820,4
46734,4
48821,4
70271,4
47969,0
83549,0
5310,0
16557,4
33759,3
34854,0
34931,0
35073,0
44448,0
46284,4
46728,4
49434,0
59040,0
63532,0
73588,0
76810,4
79683,0
2365,3
45754,4
60662,0
68626,0
39500,4
40312,4
40539,4
42154,4
45084,4
45410,4
45652,4
48967,4
49020,4
57880,0
60076,4
62356,4
66399,4
67638,4
70169,4
70180,4
77728,0
85849,4
85906,4
87649,4
88465,4
88585,4
51235,0
51283,0
23880,4
24418,4
37808,4
41170,4
42288,4
42379,4
42839,0
47281,4
47732,4
54152,0
59028,0
63513,4
65867,4
69652,4
69691,4
71098,4
72671,4
73196,4
73436,4
74268,0
79544,4
82608,4
84345,0
63514,0
77228,4
34829,4
71047,4
76211,4
39481,5
63567,2
83376,0
83313,0
56347,4
87109,4
47355,4
75337,4
66416,2
81509,4
43834,4
78135,4
87838,2
49393,4
49394,4
50658,4
69433,4
45936,2
50188,2
50609,2
52489,2
57983,2
71077,2
85188,2
86324,2
88070,2
38841,4
47101,4
84792,0
50394,4
47187,4
60748,4
70240,4
70359,0
72364,4
21632,0
81631,2
64866,4
67679,5
54019,2
41304,4
41661,4
42990,4
43087,4
43114,4
47242,4
50997,4
68424,4
68965,4
70387,4
70892,4
73816,4
85214,0
87368,4
88696,4
27444,0
39862,2
50840,0
69619,0
77507,0
68681,4
49882,4
55606,4
86254,4
33515,3
40305,2
11296,4
65486,2
71626,4
75687,4
22671,4
25320,0
26625,3
31184,3
11072,4
52118,0
33711,3
85575,4
85276,0
79767,2
79936,4
80234,4
43510,4
57995,2
28047,4
44904,4
49245,4
62855,4
87602,4
2763,4
47721,4
47820,4
70992,4
79246,0
5884,4
9870,3
14474,0
14552,0
34314,0
34911,0
42441,0
42715,0
45063,0
48564,0
48654,0
49751,0
59699,0
60015,4
63369,0
63395,0
65560,4
71018,4
79572,0
79756,0
85087,0
86134,0
86977,4
25026,0
80026,4
80374,4
81706,4
56069,4
87273,4
87836,4
26182,4
78630,0
57680,4
42645,2
81582,2
18431,3
54612,2
18870,3
45099,2
40351,2
33697,0
64185,4
69367,0
69404,0
55969,4
60557,0
67858,2
70111,4
73463,4
85732,2
85819,2
81434,4
82941,2
12112,4
12534,4
77848,4
15407,4
56022,4
28649,4
58817,4
56153,4
40149,2
42046,0
83462,4
87976,4
88043,4
43356,4
51941,4
68680,4
20585,0
84848,2
15619,3
77903,2
75891,4
88041,2
52751,0
56370,4
57584,4
85636,0
72119,4
50230,4
65574,2
69325,2
10680,3
87463,4
62324,4
82117,4
86673,4
71575,2
68254,4
51599,4
58661,0
70095,4
79050,0
55811,5
55630,4
40982,4
65626,4
68528,0
38182,0
77693,0
13445,5
33483,4
57781,4
8061,3
8526,3
31214,3
42218,4
51370,4
52716,0
37306,4
60604,0
38435,0
48017,0
55448,4
68330,0
68970,4
69028,4
74555,5
48646,3
27283,3
62084,5
71424,5
13916,0
52433,4
62998,4
63017,4
69820,2
61787,2
41147,4
49606,4
56652,4
82784,4
56029,4
56252,2
61615,2
70471,4
70905,4
55135,5
67713,4
28149,3
51857,4
50029,2
74939,0
78977,4
70816,2
87669,5
63258,0
56317,4
46950,4
52945,4
41571,0
41048,4
50925,4
52342,0
60472,0
62953,0
69243,4
72178,4
72819,4
76830,4
79839,4
88488,4
47129,2
74772,5
42101,4
49339,4
79529,2
28351,3
67375,5
38427,5
46155,2
88642,4
50633,2
34750,2
61872,2
80329,2
67142,5
72493,4
85320,0
79522,2
80773,2
42301,5
9682,4
46590,4
71067,2
63655,0
38769,2
84323,0
63240,4
58974,0
72996,4
42859,2
61412,2
79951,0
58851,0
76710,0
47267,4
72404,4
46072,2
70998,4
62460,4
41278,2
62571,0
51154,4
67794,4
78859,0
51221,4
77355,0
87083,4
46880,4
4037,3
46293,4
74123,0
42368,4
63026,4
65926,4
88652,4
86936,4
70606,4
5689,0
41595,4
41630,4
42025,4
36282,4
79554,4
81364,4
51499,4
36194,4
36892,4
39392,4
54946,4
63681,0
70152,4
73692,4
76064,4
80164,0
80241,0
85135,0
88423,4
88581,4
60875,0
62440,4
72743,4
79166,5
74609,2
44040,4
48636,4
45013,4
67644,4
35254,0
36501,0
35249,4
35264,4
35490,0
36326,4
41638,4
42381,4
42728,0
43409,4
44620,0
44679,0
47576,4
47852,4
50290,4
52155,4
54369,0
55812,4
59208,4
59419,0
62969,4
63543,4
63658,0
67250,4
67631,4
73154,4
82891,4
77890,4
36065,2
49193,5
56162,4
85826,2
49587,4
38644,2
78811,5
79629,0
88184,4
86454,4
56579,2
88780,4
72345,2
28196,3
68201,0
68806,0
87542,4
87571,4
37452,4
85294,0
23172,3
86440,4
67662,2
76004,5
41015,4
45941,1
7423,4
8092,4
62446,4
47831,0
82116,4
42820,2
52823,4
41642,1
71531,4
54530,4
40409,1
69803,1
59405,2
46339,5
58519,5
71114,2
66718,4
58469,0
81989,4
49486,5
58346,0
36302,4
37785,4
41450,4
46063,4
49121,4
50023,4
56448,4
58597,4
58833,4
68303,4
68617,4
70198,4
70977,4
82133,4
82669,4
87884,4
72494,2
74798,2
79792,5
75599,4
74465,0
86872,4
53302,5
75083,0
40329,0
43520,4
64513,0
75007,0
54665,4
33422,3
34490,5
68311,1
67075,5
67545,2
78661,5
87442,5
65444,4
72854,0
57385,1
57741,4
76467,4
36749,4
79885,5
84477,0
36731,4
50757,1
81454,4
74286,1
65382,0
75978,4
57923,4
39985,4
44173,4
67337,4
70523,4
70761,4
70796,4
71966,4
75981,4
80556,4
31235,3
40799,4
42781,0
44710,0
46573,0
47541,4
48445,0
50131,4
54285,0
54548,0
55005,0
57064,4
59413,0
59839,0
62320,4
65648,4
65768,4
66508,0
67981,4
68083,0
69984,4
79550,0
79618,0
82916,4
88564,0
84952,0
83976,4
84648,0
57003,4
62773,1
60736,3
34622,4
37963,4
38166,4
40491,4
84602,0
79195,2
19403,3
78765,5
14049,3
57621,4
3035,3
42489,4
52619,0
50751,1
33136,3
76947,4
56553,5
70990,4
48904,1
9753,3
41573,4
45475,0
60420,0
60858,0
64450,0
64637,0
67905,4
49902,4
6697,4
69460,0
36254,4
56357,4
58071,4
7040,0
2077,3
62833,4
62854,4
62983,4
51535,0
52318,4
67513,2
76282,4
76155,1
38899,4
41430,0
82816,1
68816,0
72684,1
72169,4
75260,4
56146,4
57991,4
60005,4
60250,4
63034,0
77779,2
83933,4
59051,1
77370,0
57460,4
57461,4
81552,4
76031,0
43238,0
54080,0
51463,4
40083,2
38562,5
66303,4
64972,4
65069,4
65114,4
14144,3
79809,1
58994,1
37976,2
47253,1
88278,4
47504,2
67378,5
40497,4
41858,4
61940,4
54755,5
47270,4
40376,2
43651,2
66356,2
84679,5
36874,4
66283,1
70141,5
55143,4
82710,2
42846,2
72546,1
31631,3
83375,2
43898,1
47109,1
60464,1
71279,2
84812,5
82501,1
60669,5
45425,1
39741,5
56034,5
61331,5
64611,5
64612,5
67316,5
79580,2
34666,4
54035,5
8425,3
16447,2
43783,5
65318,2
75652,5
76106,5
81596,5
4070,3
34454,1
80076,1
56611,4
24749,3
50779,4
76607,1
56915,5
81490,4
82170,1
76767,1
75269,5
85638,1
36690,1
42567,5
61405,5
34527,5
37109,4
39625,1
58288,1
37900,1
41510,4
37713,5
39744,2
53596,5
83531,1
84047,5
54820,1
51634,4
37378,1
41943,1
41001,4
41378,4
43013,4
66800,4
53550,1
79569,1
83659,1
84940,1
63179,1
82560,1
29138,3
36120,0
72282,4
73170,4
84158,4
85989,0
56790,4
81018,1
37520,1
43731,4
72969,1
73214,1
73559,1
54227,1
57228,4
66003,4
38377,4
40160,1
41092,1
42942,1
61063,1
63810,1
63839,1
68658,1
53754,1
85651,5
86205,4
59932,1
39452,4
39466,4
40116,4
41357,4
45932,4
46643,4
46738,4
48738,3
49163,4
66189,4
73563,4
76660,1
76704,1
35441,1
38059,1
38165,4
38779,1
41148,1
41244,1
42865,1
43136,1
43283,1
43412,1
44147,1
50244,1
52225,1
57662,4
61549,1
62547,1
63711,1
64984,4
68405,1
70497,1
75780,4
77153,1
78235,3
83272,1
85726,1
85731,1
46148,5
79079,5
81976,5
25040,3
71191,4
80050,1
56520,1
72689,4
77034,1
65256,1
56489,1
29813,3
46112,1
85443,1
55821,4
46459,4
55788,5
29724,3
51771,1
40130,1
78149,1
64826,2
79582,5
59718,4
41401,1
9948,3
86007,2
36357,4
62580,4
63244,4
71624,4
73434,4
73459,4
74619,4
77490,4
82808,4
85440,4
42370,1
80013,1
80479,1
59071,1
60831,1
65466,4
78294,1
82221,1
82775,1
40481,5
65473,2
65679,5
86339,5
36470,4
74989,4
71366,4
13097,3
41812,4
52486,1
78451,1
80196,1
86591,1
46411,5
38931,1
78057,2
87721,5
65147,1
52523,1
21458,3
51114,5
84744,1
43404,5
62526,1
66842,1
38953,1
63992,1
68088,4
68214,4
39976,5
68687,4
68688,4
68741,4
53534,1
75017,5
76010,2
54689,1
32101,3
50982,1
84829,1
56333,1
59417,5
38497,1
79878,1
9129,3
12829,3
34698,1
35275,1
35315,1
35545,1
38135,1
40068,1
40270,1
44696,1
48390,1
50839,1
50864,1
51521,1
52230,1
52270,1
56991,1
57498,1
63085,1
63624,1
63668,1
68608,1
70703,1
77136,1
77661,5
80029,1
80099,1
80353,1
35863,1
39798,1
62457,1
76697,1
81283,1
48979,1
59007,1
30037,1
23701,3
41824,5
62295,5
58108,4
59495,1
76933,1
30086,3
1430,3
41680,4
48267,4
79161,1
46977,1
86538,1
84713,5
42139,1
49897,1
48157,4
60964,1
83806,5
73860,4
22780,3
47751,5
44092,5
86012,5
34581,1
68377,1
71658,1
48789,1
74545,1
41175,5
7019,3
79952,5
54798,5
40074,1
88068,5
46060,1
85871,5
73575,5
86622,4
59421,1
47279,1
44537,1
46617,1
36763,1
37661,1
38579,4
64497,1
64602,1
73638,1
54433,4
61609,5
36746,1
37222,1
47924,1
55917,5
75529,5
39768,5
39810,5
65475,5
70467,5
71864,5
73414,5
75716,5
85590,5
86424,2
46949,1
33160,3
57964,1
41815,1
48252,1
79675,4
39829,5
58142,1
56346,1
84703,5
75555,1
63389,1
52034,1
81523,1
50226,5
64081,1
64323,1
86270,1
51894,1
35267,1
59556,1
42021,1
41739,4
63386,4
75041,1
81669,1
18258,3
66225,4
39455,1
48637,1
59479,1
60054,1
62604,1
81928,1
82001,1
62820,1
32102,3
37810,1
39000,1
42985,1
45230,1
62976,1
66569,1
73875,1
81808,1
36649,1
45068,5
45633,5
65135,5
87158,1
35975,1
38661,1
38964,1
41344,1
42659,1
48224,1
48701,1
52421,1
62234,1
64103,1
66912,1
68066,1
74044,1
74526,1
74683,1
78376,1
83460,1
86934,5
1806,3
46117,5
87722,5
39460,5
58263,1
70461,1
46241,1
11328,3
73869,1
74559,1
40313,1
37608,1
79181,1
38093,1
78532,5
81921,5
44917,1
85705,5
82019,5
78443,4
48805,1
77708,1
47047,4
68159,4
68221,4
68903,1
46804,1
47523,1
52266,1
53522,4
53859,4
72611,1
75270,1
81837,5
51270,4
41002,5
45062,1
66598,1
81185,1
77920,1
78698,5
79627,5
61349,1
47258,1
65218,1
71900,1
74389,1
87014,1
87260,1
49631,1
65268,1
66317,1
66656,1
66817,1
36911,1
54036,1
67779,1
82074,1
72439,5
74813,5
34214,3
67996,1
81962,1
46716,1
25837,1
82877,1
82128,1
72544,1
36766,1
70254,1
45000,1
77887,1
35850,1
43399,1
46335,1
66185,1
66235,1
57023,1
82447,1
50167,1
51793,1
54215,1
59701,1
77088,5
36031,1
43390,1
45353,1
52453,1
57372,1
59776,1
60298,1
62330,1
63044,1
63912,1
64092,1
67786,1
68919,1
69295,1
72003,1
72528,1
80115,1
73779,1
57290,1
38175,1
38199,1
57186,1
62100,5
62720,5
58587,1
51391,1
51408,1
78552,1
40570,5
77384,1
83880,1
66628,5
74028,1
66772,1
75443,1
59165,1
61078,5
55178,5
86639,5
51277,1
52387,5
77799,2
36277,5
65952,5
40209,1
79778,5
46368,5
66286,5
56657,1
39618,5
78827,1
44148,5
9371,1
57300,5
46073,5
70062,5
40572,5
50634,5
76104,1
33821,1
57872,5
70028,1
35636,1
71644,4
75879,4
57034,5
58718,1
57213,1
41475,5
67308,1
68378,1
59166,1
74644,1
59745,1
73682,1
83767,5
59177,1
43612,1
50641,1
63538,1
76934,1
81156,1
81157,1
49868,5
36543,1
41867,1
41868,1
42519,1
64903,1
65781,1
82971,1
51679,1
47406,1
51292,1
51605,1
58399,1
64379,1
68304,1
68576,1
68650,1
69845,1
76399,1
76640,1
40533,5
81086,5
63511,1
64885,1
65109,1
66456,1
61308,1
61723,5
66525,1
85062,1
81839,1
67743,1
58537,1
47386,1
79110,1
48624,1
39980,5
26505,3
64595,1
60416,1
34455,1
82809,1
53731,5
84808,1
86799,1
36710,1
57572,1
73143,1
77987,1
54239,1
15178,3
53918,1
72327,5
82414,1
39017,5
43925,5
64700,1
34893,1
37691,1
40075,1
66881,1
59250,1
59898,1
63651,1
72834,1
52963,1
62094,1
88208,1
65420,4
56857,5
61680,5
81617,5
58172,1
71291,5
44163,1
57200,1
59375,1
60824,1
60963,1
64681,1
38650,1
66613,1
82617,1
63748,1
78133,1
73883,1
25445,3
51399,1
84694,1
55264,5
36226,1
36217,1
52085,1
58290,1
58784,1
60691,1
74715,1
77725,1
86889,1
47646,1
49785,5
78629,5
35851,5
39505,5
79865,1
37956,1
41240,1
45076,1
58249,1
42638,1
53255,1
71704,1
74068,1
59858,1
41950,5
66111,5
41043,1
43010,1
51365,1
74323,1
75795,1
84412,1
21041,3
73865,1
56984,1
58663,1
58695,1
55228,5
39960,1
72055,5
76594,1
59160,5
65202,5
68605,5
80114,5
76684,5
56324,5
35382,1
68627,1
38364,1
67818,1
81624,5
79575,5
50372,1
54098,1
59723,5
86188,1
80079,5
75920,1
85353,1
52093,1
51012,1
38682,1
44256,1
59237,1
71955,1
82395,1
45015,1
47155,1
73783,1
38064,1
38786,1
65670,1
7605,3
38309,5
35884,1
40150,5
45127,1
45191,1
42655,1
69224,1
42979,1
66198,1
70709,1
87044,1
54256,1
21411,3
52842,1
23510,3
73874,1
87365,1
72700,1
85864,1
68292,5
85652,5
44099,1
45267,5
66646,5
84052,5
69951,1
45779,1
22261,5
51845,1
50002,1
82818,1
84689,1
51554,1
82351,1
44993,1
53875,1
55933,1
74053,1
75187,1
69086,5
79297,1
70478,1
51819,5
51100,5
60722,1
32241,3
83989,1
50600,1
43347,1
59197,1
57220,1
18997,1
58473,1
44171,1
78445,1
52879,1
85722,1
74516,1
59146,1
36002,1
37869,1
43632,1
69879,1
72817,1
72818,1
75159,1
83722,1
30402,3
43167,1
83483,1
77564,1
77648,1
77910,1
50542,1
83603,1
83604,1
56012,5
8094,3
69704,1
51104,1
48288,1
40714,5
21573,3
74602,1
84299,5
33612,3
50443,1
83404,1
59052,1
85344,1
50599,1
44127,5
54697,1
63343,1
70232,5
83161,1
52702,1
54173,5
51623,5
80733,1
82380,1
82896,1
55753,1
58606,1
74431,1
73403,5
79255,5
61455,5
53586,1
81272,1
77256,1
26266,3
37477,1
47289,5
40944,5
44128,5
17519,3
51735,1
44663,1
77284,1
71746,1
81754,5
38349,1
62748,1
75751,5
52101,1
46825,1
83260,1
52872,1
54694,1
70509,1
26869,3
76597,1
77841,1
76758,1
56695,1
58875,1
79106,1
46665,5
76469,1
34744,1
85043,5
88722,1
61724,5
60237,1
50693,1
60102,1
60181,1
87938,1
83441,1
39230,5
54473,1
83169,1
88118,5
34742,5
51595,1
68241,1
77218,1
83235,1
38461,1
85519,1
67658,1
56404,1
77407,1
46439,1
56903,1
88576,1
50662,1
52549,1
83168,1
44222,5
10748,3
52114,1
83582,1
85213,1
59427,5
20724,3
60348,1
86779,5
6954,3
7392,3
60832,1
9300,3
29772,3
21470,3
9633,1
83255,1
219,1
2419,1
3854,1
5589,1
6294,1
6637,3
6806,1
6977,1
8935,1
11725,1
12091,1
13306,1
13326,1
14311,1
15863,1
16220,1
16349,1
17806,1
18744,1
19491,1
19563,1
21613,1
25630,3
26055,1
29800,3
30928,1
33341,1
33757,3
34830,1
35585,1
35964,1
36437,1
37056,1
38176,1
39882,5
40546,5
42626,1
42658,1
42889,5
43187,5
43708,5
44337,1
44674,5
46344,1
48946,5
50853,5
52128,1
52149,1
52336,1
52787,1
53657,1
53860,1
56290,5
58387,1
59032,1
61909,5
63107,1
63283,1
63438,1
63671,1
64229,5
69640,5
69821,1
69858,1
71107,5
72881,1
73245,1
74059,1
75066,1
76259,1
79158,1
79382,1
80566,1
81267,1
82233,1
82548,1
82741,1
84414,1
86699,1
86753,5
87140,5
87167,5
52500,1
56394,4
87176,5
57705,4
57374,2
37724,1
25827,2
87432,2
76764,1
76273,4
45236,1
49896,5
17223,4
50759,1
77843,1
41150,2
12856,0
18358,4
82984,1
82609,4
73958,1
11002,0
26062,4
58737,1
57540,5
32446,2
19129,2
39561,5
48218,5
10541,3
11505,0
13749,4
82915,1
41706,4
66,2
34517,1
76605,1
27498,3
12905,4
31816,2
47546,2
87782,2
1417,4
62923,4
40342,2
78309,4
81728,1
82761,1
72492,5
35587,5
4306,2
30672,2
44740,1
65437,5
4249,4
32497,3
70265,2
12869,4
77713,1
14177,1
19063,2
56722,5
80792,1
83670,1
5079,3
25719,4
19677,2
27548,4
60023,2
59862,2
68819,4
37379,2
79062,1
70055,5
71170,1
47375,1
44738,1
6,3
71812,4
5010,3
4334,3
8887,3
75328,1
63304,4
63305,4
41662,4
13605,4
15061,4
73370,4
26075,0
26077,3
67052,4
21610,0
73249,4
14744,3
66663,2
69439,1
77109,5
33164,3
1774,2
19667,2
4997,3
32385,3
87879,2
22287,2
85057,1
15235,3
65682,5
48958,5
44534,4
15427,3
5091,0
25343,3
1679,3
33274,0
4554,3
31331,4
23957,3
1306,0
56419,4
32989,2
2402,0
18339,3
17908,2
14867,3
4141,0
53714,4
33985,0
4992,0
20925,2
21731,2
33265,2
12564,2
59635,2
29885,0
29888,0
2388,4
27266,4
25409,2
71091,2
82646,4
34450,4
27289,4
28533,4
23570,0
72341,4
14900,4
32930,0
41552,4
768,2
72513,4
71652,4
17904,3
6234,4
27074,2
25780,2
39633,2
31870,2
75828,2
65413,4
20755,2
10833,2
12103,2
26415,2
32740,2
38758,2
80248,2
54576,2
28324,0
28995,0
61632,4
3595,3
37373,4
37420,4
37423,4
20283,4
28297,0
71990,4
32372,2
80730,4
5949,4
11587,4
13765,4
40709,4
71689,4
77659,4
9955,4
17370,0
33911,0
11270,2
33400,2
22038,0
88387,4
65740,4
65741,4
65756,4
65757,4
65814,4
71639,4
23764,0
17018,0
39470,4
71082,4
470,3
5419,0
15553,0
30128,0
65508,4
585,4
2207,0
6962,4
7292,4
14550,4
15522,3
32727,0
37406,4
42425,4
49756,4
86982,0
46778,4
21350,2
22994,0
66838,2
3883,4
22474,0
23890,4
87480,2
60742,2
28619,0
2086,4
24303,0
69917,4
61742,2
75793,4
6032,4
77808,4
43763,4
17795,4
49468,4
60536,4
87520,2
20728,4
62301,2
74640,2
27482,4
87393,4
13183,4
65647,4
61688,4
66882,4
79207,2
51851,2
71022,2
56577,4
22977,4
49999,4
15289,0
8273,4
64278,4
65418,4
67341,4
70372,4
75595,4
78944,4
71725,2
21530,2
43977,4
55160,0
41118,2
76250,4
80188,2
39615,4
71967,4
36880,4
40153,4
22862,0
85430,2
65753,4
14450,4
73442,0
73981,4
12233,0
72924,4
47554,4
48945,4
76981,4
49268,4
55370,2
50515,4
50610,4
50859,4
78972,5
11742,3
50518,4
14795,2
77562,2
4195,0
32255,3
37225,2
73028,4
73113,4
82368,4
82559,4
56913,4
56986,4
65351,4
21166,0
37431,4
24335,2
55702,4
40455,4
23328,4
39764,2
59362,0
59403,0
41474,4
61697,2
77100,4
50117,5
61802,5
36444,2
21523,4
72112,4
51288,5
56660,4
70262,4
71959,4
79257,5
59009,4
46216,2
37153,4
57891,4
39842,4
66401,1
76317,4
40250,5
67430,5
75404,5
73292,1
70039,1
55827,4
83964,4
73631,1
60982,5
48670,1
67454,5
71806,4
80520,4
13339,4
65438,1
76766,1
88071,5
35212,1
76362,2
84051,1
40101,5
25169,3
6110,3
76428,4
86998,1
72310,1
37333,1
73009,1
66783,1
88617,1
63031,1
44266,5
68454,1
68442,1
71514,1
1109,3
70365,1
60734,1
40345,5
76672,1
52648,1
55789,5
52684,1
78252,1
50943,1
55532,5
12249,3
36862,1
25543,3
61125,1
74752,5
59159,1
82267,1
46859,1
46895,1
77915,1
48489,5
861,3
30374,1
39029,1
69302,1
73716,1
78992,1
3087,2
33548,2
78892,4
41018,4
29699,2
43563,5
87691,4
3623,3
46684,2
34891,4
65884,4
22911,2
10110,4
3181,0
30527,0
40821,4
61799,4
71929,4
41511,4
42027,4
51827,1
57509,4
6583,1
39564,1
38638,5
14768,4
2353,3
14273,3
19757,4
48588,2
30285,2
24515,4
76014,4
76073,4
76138,4
81559,5
9420,4
40710,2
42264,2
75544,5
51290,1
66904,5
20712,3
76150,1
59741,4
30692,3
18735,2
23593,3
31546,3
15156,2
24859,2
15232,3
16394,4
4340,2
24103,3
3206,2
10199,4
37621,4
77679,4
85333,2
52267,1
58088,1
83179,1
79799,5
57343,5
13980,0
26615,3
69830,5
33763,3
5413,2
617,0
38103,1
55497,2
70931,2
39022,4
46392,4
51371,4
56379,4
61109,2
61325,2
64833,2
69793,4
73969,4
75666,4
86705,0
27793,4
200,2
5605,0
13570,0
7235,0
20239,4
18042,4
33415,0
32579,4
28199,0
78384,2
32292,0
11096,2
31861,2
4830,3
3194,4
3781,2
30781,4
1384,0
3815,4
12981,0
20720,3
11366,3
11803,4
1951,3
33898,0
634,0
16565,0
20242,0
14519,0
69792,4
1134,0
13207,0
22943,0
29438,0
29441,0
32968,0
21670,0
1014,2
5878,3
27575,0
4149,3
24154,4
12800,0
18006,4
19927,3
80463,4
65187,4
22404,4
76800,0
22480,0
12316,2
31195,3
79443,2
81902,2
4742,4
22033,0
13507,2
13078,3
8933,4
8547,4
9283,3
24269,3
73570,4
30307,3
32035,0
28213,3
30239,3
19652,0
20108,4
5912,4
32362,0
16759,3
57211,2
18298,0
56417,2
58767,0
29195,0
20251,3
34237,3
28957,2
12080,3
60520,2
1903,0
12835,2
26726,2
13332,3
23435,3
23786,4
15245,3
28579,0
26722,2
22297,0
12441,4
32057,2
34325,2
31165,0
33304,3
9958,0
19292,2
31268,4
25132,2
85562,2
26877,3
14590,4
26417,3
4640,4
23552,3
32339,4
13389,0
9373,0
10511,2
17741,0
2611,2
69321,4
8624,2
13246,4
29432,0
7359,3
54995,2
24241,3
10867,0
55903,4
61937,2
18420,4
9998,2
23317,3
19882,4
66001,2
11794,0
8736,2
86825,2
33339,2
14320,0
46670,2
14152,4
85485,2
8913,2
8639,3
33696,2
18306,2
9121,0
16450,2
40244,2
26238,2
6565,0
24358,4
5302,0
14797,2
6845,3
4110,3
83420,2
524,2
9148,0
8858,0
19099,3
9295,3
9496,0
19100,4
22079,2
26142,2
26358,0
52407,0
18914,0
24340,0
23471,0
66516,2
27838,2
29719,3
5789,0
15668,2
1868,0
6262,3
25337,0
30803,0
22331,2
23170,3
1338,0
10292,4
29629,2
80295,4
1238,0
39713,4
4627,0
858,3
82756,0
7309,0
26849,3
17252,0
16550,0
21977,0
39814,2
666,0
20240,4
19246,2
82142,0
27635,4
3105,0
24754,2
17117,0
76750,0
13148,2
28382,0
26903,2
27387,3
19257,2
3214,2
11309,0
40536,2
39767,2
3039,2
16717,0
29744,4
20150,2
361,2
21988,2
29399,2
14080,0
21442,2
11604,0
33338,2
23998,2
5217,2
5155,0
8404,0
10855,2
2916,0
736,2
1883,0
11786,2
48036,2
53219,2
53991,2
19406,0
31934,0
13531,0
18858,0
73120,0
3100,0
12827,2
87005,2
25776,2
21445,0
21302,0
10328,2
16258,2
28205,2
30282,2
70004,2
86866,2
34248,4
6853,0
9231,0
12287,0
28139,4
86654,4
40456,2
26130,0
21510,2
19890,0
20789,2
7113,0
37052,0
22437,0
37038,4
1606,0
9766,0
22603,4
4509,2
4732,2
6579,2
7168,2
17633,2
28651,2
30507,2
77178,2
2753,0
5243,0
16346,0
19923,0
29553,4
30075,0
31648,0
19374,0
32539,0
25651,4
7766,0
11424,0
17534,0
65590,0
324,0
32208,4
13119,0
10164,3
27675,3
16970,4
8701,0
10356,0
24276,0
30329,4
54426,2
433,4
12957,4
14391,4
19681,0
19689,4
31530,0
47420,4
31308,0
30545,0
30014,0
66527,2
22288,2
23476,0
29901,0
10470,0
30888,2
4152,2
653,4
1860,4
1862,4
7685,4
12568,4
13142,4
14013,4
30530,4
31201,4
42730,4
2639,0
5995,0
8062,0
10487,0
18557,0
21006,0
21129,0
22026,4
25605,4
26500,0
27700,0
29027,4
76958,0
6058,4
46497,4
14675,4
25879,0
5728,3
58492,2
11521,2
24513,3
18479,0
18327,4
19619,4
21855,4
24779,4
78952,4
79352,4
79417,4
69087,4
58532,0
2430,0
2599,0
3185,4
5031,0
7098,0
10326,0
10897,0
13261,0
16055,0
20451,4
28556,0
30596,0
31217,0
31753,0
33202,0
33488,3
36817,4
69239,4
36493,2
54748,2
8020,3
37897,4
53314,4
34119,2
22607,3
11216,3
1244,2
9057,3
26772,3
77242,2
1658,0
12620,2
64836,2
64837,2
80412,2
797,4
25943,0
25596,0
27061,0
50582,0
31705,4
18271,2
23776,0
60817,4
1389,0
22718,0
1253,2
30623,2
6156,2
1686,0
10075,4
82757,0
25090,2
3939,4
72280,4
21415,2
32511,4
11194,3
3474,0
4139,4
6404,4
10525,4
11474,4
23614,0
31295,0
31903,4
32410,4
32411,4
32706,0
39987,4
60980,0
30108,0
42671,2
25447,3
28800,3
30019,3
33550,3
9049,2
11267,2
53603,2
67500,2
23535,2
10065,4
7632,4
14823,3
17508,0
19936,0
27404,3
82243,4
82388,4
20254,0
32287,3
46484,4
47937,4
47972,4
13087,0
13876,0
4936,4
17151,0
32377,0
33570,0
9021,0
428,4
66312,2
31433,4
46658,4
47105,4
9680,0
69590,4
25942,0
19232,3
3861,4
4483,4
8679,4
9938,4
87584,4
10432,0
10653,4
11919,4
12932,0
16070,4
5534,4
83682,0
26313,0
6026,4
2070,2
54695,2
3994,2
65635,2
15963,3
31020,0
67582,4
20535,3
25492,0
26010,4
51468,4
74273,0
9579,0
27412,4
13922,4
33465,0
48595,2
3047,0
53256,0
82769,0
1691,4
27726,4
8055,0
11020,4
20817,2
33390,0
1295,3
27158,0
14553,3
6431,3
19090,2
53942,2
9540,2
12931,0
29788,0
12614,0
13623,4
39554,2
16180,2
19006,2
33912,0
20800,4
40420,4
78616,2
8046,2
17132,2
38357,4
52473,4
3129,4
34298,0
66028,4
34002,0
56784,4
609,3
54531,2
5997,2
28792,2
29856,2
31139,2
15527,0
24883,0
32458,2
12677,0
49621,4
7298,0
32817,0
11646,0
57451,2
33956,0
36925,4
16495,4
34712,4
69151,0
5501,2
13844,2
26990,2
30186,2
31515,2
71200,2
79467,2
18615,2
11856,3
60117,2
67615,2
22375,3
7273,0
61897,2
79051,4
10185,0
13272,0
14787,0
81709,2
77205,2
39785,2
18860,3
16903,2
2837,2
9310,0
9923,2
10773,2
12445,2
12547,0
14004,2
14510,2
15438,2
16930,2
22421,2
23163,2
24737,2
28459,2
32574,2
39408,2
45867,2
53923,2
53924,2
55077,2
61474,2
61541,2
62199,2
64140,2
73832,2
87317,2
2061,0
33510,0
27916,4
5669,0
19639,0
31989,3
41110,4
63204,4
19695,0
75247,2
6606,0
24546,0
22424,4
11179,2
2222,2
3024,2
3960,2
4694,2
5847,2
6660,2
6902,2
7266,2
10137,2
11105,2
11690,2
12997,2
14449,2
14580,2
14673,2
14751,2
14877,2
15149,2
16452,2
16473,2
18178,2
21026,2
24045,2
24952,2
26047,2
34112,2
35146,2
39605,2
39740,2
40437,2
45220,2
59902,2
61119,2
61568,2
61815,2
67235,2
67421,2
68193,2
70915,2
74655,2
75156,2
75349,5
75497,2
75519,2
83521,2
83836,2
87171,2
10632,0
4276,0
7669,4
8069,4
32071,3
11529,4
12555,4
579,4
1701,4
2912,0
15879,0
17380,0
31271,0
46432,4
59124,4
21022,4
15614,2
7072,4
24733,4
296,0
27402,0
40028,2
63209,0
32606,4
86549,2
51959,4
17285,2
33127,0
31091,0
30566,4
34417,0
32696,0
15581,4
9215,4
8414,0
24514,3
5106,2
86166,4
18751,4
33593,0
282,2
577,0
6308,2
25956,0
65092,2
15268,4
25958,4
74,0
5509,0
14494,0
14993,4
15997,0
16920,0
28774,0
33005,0
33236,0
36885,4
38939,0
66223,4
76340,4
87837,4
11486,2
14052,0
5468,4
25075,4
9157,4
79998,4
16057,2
57265,4
57282,4
58758,4
56261,4
2281,2
34338,4
26396,4
83768,4
22189,0
2707,0
25754,0
23789,2
85934,4
12447,2
53380,2
39342,4
23921,0
87224,2
9930,2
28425,2
28961,2
32933,2
34544,2
43874,2
9022,2
18647,4
24174,4
6245,4
31149,3
52497,4
66905,4
83296,4
9467,4
12549,4
13636,4
45854,4
61882,4
64899,4
1556,4
1771,4
2003,4
2106,0
2877,0
3911,4
4016,0
4314,4
6990,0
8926,4
13676,4
14385,4
14961,0
15045,0
15953,4
16365,3
17311,4
18709,4
19255,4
19612,4
20189,3
20929,3
23300,0
23648,0
27092,0
28304,0
28960,0
32831,0
34533,0
34692,0
37888,4
50106,4
53307,0
56197,4
61634,4
62157,4
66091,4
68570,4
72991,4
77946,0
78066,0
78404,0
80906,4
4469,4
84041,4
1830,0
29322,0
31164,4
28416,4
41078,4
21236,4
81684,4
1361,0
24307,0
76714,4
76819,4
9053,4
2058,4
23010,4
32396,0
477,4
4937,4
6914,4
7416,4
8604,4
9751,4
10851,4
11580,4
13881,4
15773,4
18356,4
18433,4
23460,4
24457,4
25292,4
26645,4
29477,4
29602,4
32200,4
37036,4
38895,4
41186,4
41722,4
47425,4
49029,4
49995,4
50161,4
53888,4
55653,4
55730,4
55951,4
56056,4
56644,4
56715,4
57899,4
57925,4
61251,4
61383,4
62050,4
64668,4
65059,4
67016,4
67346,4
67431,4
69045,0
70110,4
70202,4
70493,4
70514,4
70771,4
71598,4
71847,4
72012,4
72062,4
74731,4
75010,4
78743,4
86536,4
87196,4
87963,4
18378,2
24,0
1138,0
1310,0
1598,4
2816,4
4189,0
4545,4
5786,4
6795,0
6927,0
7434,4
10358,4
10479,4
11252,4
11851,0
12384,4
12604,0
14272,4
14758,4
14814,0
14997,0
15598,0
17264,0
18013,4
18603,0
18713,0
20640,0
21012,0
25258,4
28017,4
28088,4
31213,0
33658,4
33775,4
33798,0
38909,0
48665,0
50660,4
52014,4
53094,4
53114,0
58575,0
58637,0
58728,4
58829,4
61282,4
62031,4
63082,0
66162,4
69096,0
69728,4
72599,4
78830,4
81003,4
81025,4
2189,2
2974,3
8451,2
8535,2
17527,2
23949,2
24505,2
24629,2
25769,2
26444,2
27056,2
29636,2
32826,2
34252,2
39541,2
40024,2
40148,2
45716,2
46749,2
55961,2
56283,2
61953,2
65949,2
70811,2
71105,2
75219,2
84471,2
87757,2
67054,2
24967,2
20469,3
19291,0
48008,4
2668,2
31927,0
393,2
53761,2
34524,4
15216,4
21902,4
34630,4
39255,4
39370,4
51437,4
55355,4
70214,4
74921,4
74972,4
79571,4
28426,0
3801,2
45679,2
67595,2
49249,4
732,4
2616,4
29009,4
20530,3
28132,0
13372,3
79495,4
952,0
2445,3
4213,0
4372,2
5076,0
10146,0
16525,0
17199,0
58176,0
70801,2
64472,0
19637,4
20973,4
7420,0
8234,4
12088,4
19784,4
16846,4
8776,4
76671,4
78330,0
78983,4
31637,0
32080,0
35838,4
85456,4
87615,4
31574,0
59984,4
82466,2
30579,3
4089,4
77951,4
15162,4
22071,2
29316,2
80966,4
72637,0
3740,4
15643,2
32305,0
30891,3
34046,0
930,4
75853,4
14874,0
13406,3
17235,4
16011,4
59316,4
64890,4
72302,4
5288,4
10211,4
10318,4
11264,4
18305,4
19834,0
29852,0
33388,4
33646,4
34208,4
40870,4
47429,4
64303,4
79316,4
1817,0
2553,4
2706,0
3069,4
3614,4
3628,0
4134,4
4356,0
4513,0
4717,0
4718,0
5417,4
6223,4
7185,4
7459,0
8245,0
12274,3
12764,0
12860,0
13276,4
13616,0
13663,0
13739,4
13776,4
14075,0
15219,0
15287,0
15826,0
15862,0
17005,0
18359,0
19685,0
19885,0
20122,0
20136,3
21533,4
21997,0
22334,0
23111,0
23248,4
24508,0
24799,0
24815,4
25991,0
26461,3
26492,0
26852,4
27013,0
27507,0
28168,4
28274,0
28309,4
28611,4
28798,4
28837,0
29139,0
30317,0
30548,0
31180,0
31188,0
31456,0
31935,0
32111,4
33789,0
34331,3
34411,4
38570,0
39218,0
41658,0
41903,4
46947,4
51310,4
54840,4
55796,4
57865,4
58520,0
62127,4
63246,0
72832,4
76223,4
76536,4
86390,4
87523,0
1513,4
2274,4
2493,4
2951,0
3026,0
3533,0
3695,4
4294,0
4838,4
5228,4
6315,4
6503,4
7188,4
8275,4
9171,4
9368,4
9771,0
9820,4
10149,4
10829,4
11453,4
13170,0
14428,4
15807,4
16310,4
17034,4
17081,4
18623,4
18637,4
19032,4
19686,3
19898,0
20567,0
24053,4
24849,4
29494,4
29677,0
30274,0
30767,4
35173,4
35387,4
36497,4
37511,4
50847,4
51597,4
53611,4
58980,4
62334,4
62444,4
62554,4
62791,4
64186,4
65445,4
68080,4
70923,4
80225,4
88288,4
88290,4
81262,4
27890,3
15954,2
31109,4
35373,4
25295,3
29718,0
2985,4
39002,0
24285,0
31251,3
19402,2
88505,2
1219,3
32793,0
77104,4
47525,4
1996,4
2656,0
4465,0
4738,0
6105,0
14446,0
23867,4
26063,4
26513,4
26523,0
27383,0
28014,4
28152,4
31038,4
35325,4
36107,4
49840,4
57681,4
31484,2
18288,4
11022,4
15627,2
25198,0
20327,0
28325,0
30536,2
24593,3
25431,4
7195,4
17644,2
80095,4
80477,4
80998,4
23651,0
28310,0
50345,4
25759,3
26637,4
54139,0
67150,4
68139,4
82563,4
43922,2
69414,4
8018,0
47247,4
47538,4
48247,0
18676,0
7457,4
13039,4
13553,4
45799,4
78850,4
82873,4
10017,4
26403,4
77348,4
7833,3
4542,3
20466,4
12385,0
80959,4
79279,4
87297,4
5214,4
18739,0
9346,0
71529,4
87583,2
30023,0
25635,0
27178,2
33695,0
18366,0
18789,0
71311,4
8906,4
13156,0
52096,4
53571,2
54453,0
75331,2
20934,4
68773,4
72555,4
44951,4
60153,4
30007,0
66250,2
10556,4
11319,4
13718,0
13719,0
22533,4
22707,0
41676,0
42329,4
42349,4
33498,3
6751,4
78245,0
84440,0
17059,4
74746,4
75899,4
54563,2
8539,4
7351,4
28372,4
2464,0
57195,4
33490,0
20892,4
11432,3
40696,4
29224,0
51482,0
20561,4
21015,4
82815,4
82110,4
55652,2
25001,4
36206,2
39207,2
18259,0
74392,4
87790,4
42215,4
81363,4
16916,4
76158,4
42960,0
26713,4
67286,4
30174,0
54417,2
62620,0
82561,4
41733,2
25214,0
87008,4
9261,2
71362,2
74004,2
78197,2
30611,3
37787,0
78072,2
65993,4
2588,4
73359,0
76334,4
57521,4
27712,4
12582,2
40066,2
87443,2
71418,2
22197,0
45887,4
88784,4
6080,3
11539,2
13763,2
25254,2
30208,2
38124,2
40495,2
45293,2
80951,2
84308,2
13292,0
37809,0
76374,4
18999,2
20515,4
43533,4
67969,0
15727,0
62244,2
62366,4
62367,4
62642,4
79407,4
31611,4
1918,4
68579,4
73912,4
76213,4
22614,0
29941,0
44819,0
66026,4
23699,3
56523,4
73605,0
15488,3
76937,0
77200,0
11320,0
39758,4
25649,0
9516,2
67505,4
50379,4
50401,4
145,4
47008,4
245,0
382,0
911,0
3978,0
7025,4
33358,0
33833,0
38133,4
44736,0
57902,4
65254,4
72252,4
86064,0
50118,4
54138,4
22220,0
22534,3
3369,4
88670,4
24337,0
32166,0
33206,4
37717,0
41821,4
49870,4
76962,0
87053,4
48983,2
29088,2
10186,2
27035,2
675,3
13258,2
47128,4
26459,4
18688,0
15323,4
12126,3
21766,3
27474,3
28968,4
4062,3
46079,4
7853,2
23239,0
26351,0
12349,4
47475,0
18452,0
6696,4
10206,0
74588,4
30401,4
85597,4
86553,4
88481,4
4681,2
80098,4
4837,2
47023,4
63046,0
17338,0
26292,0
30152,0
44445,0
44924,0
63719,0
68763,0
74381,0
74519,0
33800,4
29209,0
60868,0
46878,2
9635,0
22765,0
21507,2
45951,2
70486,2
57997,0
55940,4
13978,4
49681,2
54064,0
25889,3
30228,4
30969,3
11172,0
39105,4
39184,4
84181,4
6366,4
8010,0
14872,0
68841,4
68986,0
70225,4
87395,4
14491,4
49356,2
27248,0
29260,2
26570,3
19050,3
79165,0
31261,3
77046,0
31643,4
50727,4
29086,0
80623,4
5277,3
83198,0
20657,2
75928,4
85661,5
83599,4
83616,4
47015,4
49065,4
8185,3
1507,2
50337,0
57245,2
55225,4
62396,2
4680,4
28672,3
22842,2
49758,2
38897,2
50344,0
72053,4
16660,0
83910,0
70002,2
71289,2
58832,0
51746,2
77097,4
27590,0
60419,2
10774,2
67048,4
67151,4
7780,4
86749,4
26378,3
67343,4
51060,0
49063,4
50055,4
53683,4
65370,4
71055,4
71056,4
10029,0
16048,0
27262,0
27464,2
55081,2
8066,3
2645,2
72975,4
66847,2
52812,4
52813,4
62844,2
43964,4
42729,2
74357,2
44141,2
6888,3
45118,2
76787,4
79563,4
27093,4
66989,2
26785,2
33540,2
38338,2
41547,2
47669,2
47865,2
50182,2
61655,2
67597,2
75739,2
78951,2
30957,4
57694,4
38193,0
7133,3
14032,2
14093,2
14406,2
16604,2
21362,2
22248,2
38958,2
43825,2
45498,2
45566,2
47841,2
48773,2
49158,2
52638,2
55372,2
56871,2
65230,2
66050,2
66706,2
66804,2
67527,2
74664,2
75699,2
76111,2
78871,2
85490,2
39153,2
47708,4
51340,2
46502,4
46503,4
53787,0
23741,3
8102,0
59389,2
25478,4
42526,0
83361,2
24959,2
56669,4
11308,0
65433,0
46571,2
17970,3
372,0
84389,2
75176,2
53695,0
65482,4
18090,0
50107,4
62730,4
41737,4
44108,4
39945,2
54988,4
71475,2
82413,4
24165,0
56617,4
3240,3
69632,4
69721,4
81557,2
24110,0
35422,4
61224,4
81191,4
35631,0
51253,4
51419,4
51311,4
54607,4
26793,4
42216,2
75799,4
56335,4
31791,4
65502,4
28775,4
56978,4
62273,4
41177,4
57985,4
38609,4
39209,4
46330,4
61334,4
75734,4
1648,0
7281,0
15267,4
22881,4
22933,0
22968,4
31819,4
40099,4
47488,4
48475,0
52586,4
62731,4
63208,4
63266,0
63302,0
67036,4
70368,4
73239,0
82698,4
82992,4
88210,0
88215,4
56571,4
70719,2
61286,4
31610,4
53350,0
48102,2
50914,4
75406,4
60377,2
13278,0
5801,2
67009,4
7335,0
8854,4
11915,4
17265,4
21659,4
23898,4
34637,4
40278,4
41007,4
41227,4
41592,4
46374,4
49195,4
49561,4
50493,4
54208,4
55589,4
56521,4
64309,4
64328,4
65028,4
67410,4
70952,4
72498,4
77756,4
84390,4
85706,4
72375,4
6390,4
15004,0
18082,3
29024,0
35552,4
39857,4
42277,4
42312,4
44057,4
45770,4
47502,4
49097,4
50483,4
50743,4
50991,4
52009,4
54364,4
57149,4
58461,4
58714,4
58886,0
61100,4
63327,0
63390,0
71000,4
72487,4
73279,0
75964,4
79044,0
81286,4
86367,2
75013,2
55667,4
24587,3
54353,4
70370,2
37080,4
67065,4
67066,4
70380,4
17417,2
77676,0
83758,4
84080,4
81991,4
21213,2
29175,2
39552,2
39712,2
45037,2
45241,2
53938,2
61430,2
67110,5
69739,2
71421,2
86531,2
86602,2
85127,4
46313,2
42549,0
31963,4
22359,4
80418,2
65154,4
48700,0
22315,4
56251,4
56263,4
50387,4
39598,4
70134,4
70186,4
22434,4
24230,4
49410,2
71607,4
40290,2
75882,2
4854,4
20245,0
40190,4
46094,4
58043,4
62759,4
65917,4
66193,4
67419,4
68682,4
70048,4
70107,4
82287,4
86859,4
88439,4
88788,4
88789,4
61925,4
24189,0
29238,4
48444,0
53518,0
57031,4
77912,0
45258,2
37069,4
35522,4
83788,0
8326,4
1314,4
50912,4
61428,4
65086,4
83063,4
9492,4
30234,4
34797,4
66429,4
66859,4
82889,4
88175,4
1842,0
9186,0
12688,0
13697,0
13754,0
15070,4
22388,3
29834,0
34777,0
35131,4
39654,4
43367,4
47516,4
53415,0
53435,0
58936,4
63252,0
63549,4
63554,0
65667,4
67968,4
71028,4
71457,4
71617,4
73396,4
73730,4
76582,4
78430,0
78627,0
78703,0
82308,4
85413,0
49040,0
30126,4
25390,4
14062,4
80753,4
87094,4
41218,4
28970,4
28971,4
81824,2
13285,3
34229,3
87766,4
40778,4
61713,0
67953,0
29781,3
16577,3
69529,4
70292,4
79264,4
80103,4
57897,4
83312,4
77138,2
84655,0
84800,2
72416,4
65335,2
87653,4
20832,4
36094,4
36095,4
39952,4
65894,4
65895,4
70074,4
70244,4
6833,3
10705,3
19141,3
14259,4
42880,4
53911,2
47328,4
79157,4
37998,0
51225,4
75886,4
11970,4
46861,4
82068,4
82095,2
49112,4
47080,4
83831,0
20406,3
78295,0
33433,3
54579,4
55627,4
87449,4
76771,4
38197,2
40094,2
72831,4
64654,2
77413,0
15688,4
33452,0
59294,0
26209,4
27206,0
59489,0
17206,3
86738,4
5450,3
51108,4
51132,4
47198,4
83667,4
40753,2
49165,4
41584,0
2798,3
83807,0
42928,4
63169,4
73743,4
85576,2
62289,4
71870,4
72090,4
61439,2
18108,3
60425,5
76012,4
5843,3
41514,0
76889,4
48058,0
76823,0
42155,4
19240,0
50530,4
12703,3
50595,4
41004,5
64812,5
81722,4
61398,4
49413,4
50298,4
77815,0
76826,4
46053,5
1693,4
63096,4
83842,0
31710,4
67267,4
8826,4
41234,2
65935,2
67433,2
72606,2
74713,2
39106,2
38087,4
3592,0
39938,2
21416,2
81814,4
20474,0
62822,5
39865,2
69982,0
62640,0
80351,4
75932,2
50700,4
70814,2
32643,0
22431,0
64339,2
71039,3
52216,4
76650,4
38597,2
72361,2
84798,2
57534,2
69955,2
65600,2
86790,4
54335,2
36538,2
39233,2
39778,2
54749,2
64971,2
70586,2
58047,4
72180,4
72349,4
87379,4
34532,2
35599,2
35639,2
40830,2
41448,5
54310,2
56428,2
61110,5
64888,2
69921,2
71244,2
71368,2
82018,5
41434,0
41859,4
72173,4
62080,0
55615,4
44285,2
73836,4
52038,0
55666,4
39537,2
15975,3
47894,0
52231,0
66158,4
68396,0
84283,0
1578,3
44737,0
45056,0
61760,3
85229,4
34950,0
72275,5
34853,0
1896,2
49740,2
69566,0
63143,4
63441,4
64034,4
66519,4
74265,4
80127,4
88168,4
85854,4
7057,4
22422,0
66183,4
73371,0
42603,0
77213,2
66823,4
67296,4
37152,4
73705,4
82186,4
30387,0
25646,3
76727,4
76789,4
81751,2
47417,2
26525,4
18497,0
24394,0
41625,4
42584,4
45808,0
52745,4
54097,0
66237,4
66675,4
67191,4
67734,4
73428,0
76835,4
79695,0
84775,0
38719,4
47871,0
52002,0
67159,0
75052,4
7945,4
34837,0
37254,4
64657,4
65138,4
68756,4
70183,4
70626,4
77894,4
1979,3
7574,0
11307,0
30453,0
39623,4
40000,4
46614,4
47398,4
49435,0
52657,4
61988,4
62377,4
62528,4
63499,0
66124,4
70616,4
73688,0
77966,4
82313,4
82673,4
85028,0
88252,4
88549,4
35326,4
86968,2
75292,4
49990,4
49991,4
65856,4
65919,4
6219,0
55800,4
67923,0
45132,2
41285,4
42511,4
71629,2
78945,4
41167,4
40901,4
13576,0
16078,2
61482,2
61896,2
86924,2
41460,4
41484,4
72389,2
71403,2
77587,4
77723,4
72558,4
3479,3
39426,2
43424,2
71571,4
15805,0
40898,4
45782,4
45928,4
62641,4
63004,4
63005,4
73815,4
34929,0
44431,0
25648,4
52713,4
59376,4
84213,0
76295,4
31562,3
78082,0
53121,0
53780,4
58265,4
36404,4
48009,4
68844,0
32289,4
82938,2
41480,4
46773,4
86121,4
8895,0
20261,0
37685,4
40685,4
41268,4
42309,0
53788,0
56975,4
58009,4
71240,4
78837,0
79187,0
82055,4
87718,4
52697,4
61289,2
62442,4
40067,2
55304,4
55011,2
829,0
5628,4
45541,2
49613,4
49647,4
19771,4
51890,4
47203,2
31113,4
61324,2
38946,2
71363,2
79152,2
58704,4
41056,4
37696,4
66264,4
17890,3
40185,2
46449,4
68621,4
70307,2
48513,4
48927,2
17179,3
61775,2
47140,2
57033,4
46624,2
60278,0
88266,4
58472,0
80782,4
35210,4
49385,4
57678,4
39777,2
48326,2
88274,2
55357,4
56807,4
41795,4
51246,4
27183,3
56279,4
54040,0
63095,0
33773,3
73622,0
87243,5
38708,4
66926,4
2284,3
21048,3
48035,0
55039,2
77773,0
51710,4
39860,2
41606,5
81345,4
50749,4
39177,5
61413,5
49592,4
76333,4
44502,4
79858,2
78560,2
38828,0
65972,4
34868,5
56350,4
52133,4
56171,4
75123,4
35925,0
32224,4
35266,2
65990,4
60458,2
80641,4
75786,5
49257,4
44938,2
45113,0
45726,2
81475,5
64480,5
37522,0
43170,5
55703,2
58044,5
67241,5
80184,5
80988,4
71086,2
41937,4
46048,4
36980,4
66363,4
84184,0
59319,0
49338,2
63138,4
12490,3
55781,0
55967,5
61673,2
52072,2
84237,0
66500,5
81628,4
44610,0
71075,4
43777,0
26407,3
84192,0
47756,4
51970,0
58999,1
67680,4
67735,4
67787,4
45607,4
58058,4
58256,4
84380,4
37580,4
63652,0
75579,4
59870,4
46020,4
82789,4
58681,4
59143,4
41082,4
44757,0
47392,4
62345,4
73867,0
82198,4
82935,4
82465,4
79494,2
81268,4
68071,4
40423,4
45975,4
49088,4
57488,4
61580,4
62509,4
67677,4
69965,4
70725,4
71016,4
35169,0
35245,0
36306,4
42734,0
43585,4
56906,4
59732,0
63134,4
77286,4
77828,4
79861,0
71347,2
77279,2
52454,2
65956,4
69563,3
69929,4
80611,4
42641,2
58083,0
76413,4
54221,2
31438,3
48230,4
71488,4
76365,4
47953,4
83881,1
61010,4
37693,4
63262,0
65340,4
49340,4
45649,2
55271,5
55374,2
61488,5
62034,5
70043,2
78860,5
66268,4
51908,0
47609,4
52836,0
36772,4
40620,4
41427,4
46550,4
35778,2
71259,5
80785,4
21156,3
42055,4
34677,0
67438,2
54265,1
40302,5
55477,2
75667,4
48438,0
56899,4
69211,4
72838,0
76793,4
1283,3
82056,4
50027,4
50342,4
68697,4
46928,4
41454,4
46019,4
46435,4
46969,4
62053,5
35994,4
42540,4
43046,0
60008,4
63622,0
65160,4
67738,4
70716,0
71375,4
73814,0
75939,4
79644,0
85025,0
49930,4
81250,4
57596,4
44282,2
78037,1
84599,0
35959,4
75715,5
51145,4
62530,2
66638,5
49002,0
61026,0
61773,5
37663,1
54939,4
54941,4
41697,4
69479,0
69535,0
69578,0
88573,2
40837,4
10337,4
43284,1
61484,4
35769,1
41537,1
48023,1
57378,4
66555,1
71453,4
50032,4
85190,4
86951,4
44300,4
80433,4
72429,1
74631,2
55155,4
55183,4
70659,2
74571,2
84462,1
58571,1
54773,1
68753,1
84889,5
61505,1
80590,2
86904,2
64906,2
78907,2
84622,4
79703,1
56624,5
57238,4
55757,2
4708,3
44420,5
54516,2
55852,5
5111,1
63273,1
61141,1
62124,5
75330,4
73184,1
84293,5
56885,4
34388,5
71069,5
71774,2
57697,2
59798,1
46324,5
75881,5
80986,5
78377,1
70578,1
80546,1
40352,5
42875,4
45444,5
51969,1
57926,1
81259,5
65344,4
41320,4
34467,5
86493,5
75596,5
60262,1
68572,3
39373,5
41422,4
38771,5
51635,4
51707,4
54525,4
65274,4
85426,1
73620,1
43011,4
52588,4
37740,1
47310,4
76396,1
82086,1
82394,4
56756,4
78509,4
74909,4
86292,0
72535,4
41712,4
80992,4
37742,4
42017,1
48016,1
77351,3
86071,4
37918,1
38046,1
45296,1
47824,1
68390,1
69763,4
70701,1
76135,4
82382,4
62027,4
41358,1
45795,4
61931,4
70130,4
18172,3
35128,4
36557,4
36833,4
45508,4
45556,1
49124,4
52397,4
54709,1
56064,4
59970,1
60667,1
60844,1
63907,1
64009,1
68735,4
68799,1
73201,4
74116,1
80134,1
85770,1
76185,4
55245,5
45957,5
48423,5
50879,1
68483,4
28555,3
45873,2
8342,3
82219,1
66254,1
71500,1
83811,5
39143,1
70571,2
64988,4
65038,4
42161,1
42176,1
51759,1
72102,4
79462,1
59936,1
55508,5
59799,4
81815,1
38018,4
60227,1
43968,1
17616,3
47959,4
65436,4
72192,4
87614,4
50728,1
63247,1
66857,1
88144,1
56912,1
77282,5
24058,3
13654,3
70154,5
71380,5
75880,5
87378,5
70216,1
75482,4
78637,1
81161,1
75698,5
83912,1
42487,1
43713,1
44196,1
42020,1
81890,2
50456,1
56479,5
65760,2
45492,1
36333,1
83453,1
82937,4
8265,3
39401,5
46526,5
49347,2
79934,5
81386,1
54702,1
71361,5
55131,4
39399,5
41299,4
35607,1
35727,1
42803,1
60146,1
63224,1
68189,1
69890,1
74427,1
85496,1
85931,1
86031,1
83445,5
41241,4
41439,4
60206,1
81573,5
83814,1
55884,5
58840,1
40364,1
3123,3
76042,1
52202,1
52241,1
55307,5
60002,5
11888,5
57119,5
61822,5
69336,1
49201,5
42118,4
77921,2
53784,1
81511,1
78148,1
75600,2
87033,4
59371,5
66453,5
63033,1
60344,1
8951,3
39313,2
71221,5
82925,1
64305,4
58359,1
35970,1
74562,5
73781,1
77546,1
40617,1
43260,1
63449,1
77433,1
78718,1
81409,1
84554,1
84987,1
85165,1
49735,1
68034,5
71660,5
55453,1
59273,1
78798,1
79601,1
54079,1
39877,5
62825,1
68171,1
33387,1
51980,1
85026,1
56541,2
47260,1
54641,2
70382,2
70395,2
74714,5
39609,5
39574,1
47115,1
78278,1
52811,1
59188,1
58550,1
45744,5
86376,1
53434,1
42520,1
59616,1
34556,1
34767,1
35748,1
63524,1
84687,1
65221,5
51571,1
68,3
41725,4
63405,4
46760,5
72434,1
85373,1
82132,1
57627,4
53959,1
74494,1
74641,1
75171,1
50959,1
23419,1
23993,1
38922,5
82084,1
66564,5
18399,3
48053,1
64027,1
66358,1
68641,1
71058,1
45095,5
36288,1
41258,1
41282,1
47935,1
48031,1
49060,1
50848,1
57597,1
59359,1
60341,1
69006,1
72242,1
83470,1
85718,1
79340,5
41823,1
63297,1
64717,1
24452,3
47719,1
71832,1
38582,5
38504,1
42462,1
73868,1
88467,1
35699,5
87173,5
57052,1
67927,1
67928,1
67929,1
87947,1
48876,1
51013,1
56199,5
47889,1
47890,1
47927,1
58688,1
58937,1
61225,1
76347,4
41852,5
8263,3
69761,1
59703,5
43674,5
59011,1
39719,5
50785,5
40855,5
53647,2
74007,1
76074,1
84426,1
39019,5
40463,5
66246,1
64395,1
81916,1
37013,5
38932,1
42558,1
46579,5
79666,5
56220,5
70589,1
56530,4
70474,5
47167,1
68712,1
72286,1
45853,5
39953,1
81070,1
60491,1
56950,1
38653,5
52847,1
8617,3
50104,1
62028,1
66015,5
82106,1
36103,1
37879,1
45046,1
49627,1
54900,1
63934,1
64280,1
65581,1
68843,1
69518,1
70740,1
77775,1
83396,1
84384,1
85977,1
86123,1
55944,5
36677,5
37883,5
49839,5
84977,1
56678,1
59499,1
87227,1
59857,5
13484,3
35240,1
63353,1
70919,5
76161,1
1938,1
61148,5
81708,5
66470,5
86780,4
86931,4
53868,1
41936,1
82909,5
47461,1
65510,5
65324,5
50390,1
69935,5
56506,1
43818,5
50950,1
66997,1
57382,1
45845,5
47002,5
46308,5
77935,1
44455,1
35291,1
36356,1
37160,5
22920,3
64162,5
49569,5
30870,3
36577,1
51823,1
51833,1
37777,1
44557,1
54320,1
74027,1
80229,1
73786,1
35284,5
52353,5
7170,3
36124,1
52300,1
58426,1
60247,1
79003,1
4159,3
41499,5
61785,5
58699,1
54559,5
49021,1
61179,5
76123,1
73177,1
58828,1
72363,1
85288,1
37803,1
41986,1
42002,1
42307,1
57609,1
72931,1
81388,1
81587,1
66242,5
81794,5
51504,1
83792,1
77270,1
80163,1
60880,1
78225,1
58906,1
43808,5
66451,5
81629,5
5416,3
57216,1
64504,1
64548,1
63737,1
35759,1
67452,5
70163,1
87329,5
52359,5
82733,1
48092,5
43481,1
69501,1
81399,1
83736,1
57752,1
77919,1
51733,5
62859,5
77737,5
58007,1
82867,1
88618,1
61042,1
78658,1
87383,1
50801,1
73681,1
66082,5
76414,1
10341,3
88526,1
85056,1
63496,5
51280,1
56612,1
61242,5
61559,5
82473,1
50683,1
68470,1
62023,5
76584,1
51505,1
41476,5
88455,5
78338,1
78322,5
25210,3
27980,3
46375,5
54681,5
38595,1
49094,1
69938,5
55371,5
47874,1
62249,5
796,3
57342,1
67277,5
40917,1
37048,1
87371,1
75304,1
61926,5
88111,5
47930,1
73848,1
54435,1
47661,1
76141,1
42446,1
62384,1
64126,1
83558,1
5314,3
72826,1
87893,5
88141,5
60070,1
53750,1
49542,5
57973,1
43736,1
76552,1
84358,1
38131,1
61244,5
66932,5
38705,1
47567,1
48002,1
71825,5
55233,1
38807,5
66465,5
55368,5
18133,1
52912,1
63051,1
38076,1
58572,1
20181,3
71962,1
51572,1
85035,1
55695,5
71528,5
35538,1
54137,5
53880,1
63918,1
57624,5
44143,1
52069,5
37415,1
62337,1
52883,1
83965,1
50527,5
50528,5
53368,1
53369,1
45714,1
44637,1
38620,1
24884,3
57464,5
55219,5
49170,5
64893,5
64917,5
87208,1
84652,5
87111,1
36897,1
55889,5
34220,3
58371,1
51684,1
62677,1
54651,1
84023,5
11700,3
60431,1
65249,1
60732,1
54003,1
59081,1
73983,1
83281,1
83317,1
83459,1
50159,1
7550,3
74517,5
50679,1
57078,5
38999,5
68783,1
70911,1
80694,1
83254,1
81017,1
26293,1
26724,1
51430,1
48057,5
49307,5
50949,1
86566,1
57017,1
46646,1
82724,1
63377,1
80994,1
39508,5
68284,1
82592,1
77514,5
80357,1
34924,1
54124,1
38670,1
49055,1
77193,1
83010,1
83731,1
83790,1
86015,1
82986,1
37557,1
43885,1
83797,1
59563,5
81430,1
81045,1
48411,1
76240,1
81226,1
60143,1
60328,1
60781,1
72484,1
72580,1
36307,5
47215,1
39935,5
25639,3
76682,1
69181,1
523,1
4594,5
8000,1
8731,1
8747,1
9184,1
10155,1
10732,1
11617,1
16737,5
18424,1
18865,1
19076,3
22691,1
30854,1
32882,3
32994,3
33719,3
34259,1
36073,1
37267,1
38628,5
39021,5
39904,5
44796,1
46070,1
47365,1
48207,5
48705,5
51955,1
55990,1
57558,1
58141,1
60961,1
62622,5
64768,1
66479,1
68723,1
69477,1
72049,1
73326,1
75288,5
75306,5
77064,1
77865,1
78863,5
79094,5
81733,5
82663,1
86197,1
86221,1
86478,1
86925,1
87715,5
52166,5
52168,5
76439,4
20443,4
62424,4
10106,3
1371,3
15487,3
30977,2
227,2
56272,4
71883,4
83015,1
56656,4
73088,4
56748,4
58225,4
45480,5
17295,2
25298,2
21229,0
39839,4
45310,2
51650,1
50300,1
75064,5
45931,4
19013,3
28647,2
77185,4
52866,1
69716,3
52865,1
31204,2
3073,3
3782,3
11199,2
18389,0
2338,2
82622,4
57807,4
31522,0
56889,4
21246,3
61556,5
12662,3
18840,3
14145,2
85738,2
19668,2
12528,4
12185,3
12914,3
15466,3
11819,4
57674,4
14427,4
80287,5
62750,1
11407,4
38472,4
9890,4
18507,3
71945,1
4180,3
9297,2
87315,1
62512,2
86986,2
81114,4
52260,1
87569,1
45830,4
69201,1
4849,2
31386,2
751,3
8183,3
76220,4
60131,0
72402,4
488,3
5866,2
2178,2
71926,2
27963,3
1103,3
6556,4
8331,2
17923,0
17512,4
46106,2
7977,4
49411,0
22711,2
86741,2
88174,2
28191,2
14293,0
33077,2
29257,3
17845,2
8504,3
30851,3
3966,0
22059,2
24256,0
18616,0
29198,0
1254,0
3217,0
25108,0
1457,0
14275,0
25220,4
29243,0
30163,0
26332,2
20416,3
55801,4
33337,0
10194,4
33816,4
33934,4
57866,4
4376,0
38000,0
55932,2
21513,4
3848,4
21562,4
20622,2
65454,2
70795,2
19438,2
8151,2
10144,2
13806,2
25562,2
33016,2
43908,2
79247,2
29428,3
44961,4
14081,2
84064,4
72729,0
8822,4
9140,4
11809,4
13313,4
38591,4
40358,4
66854,4
71651,4
4954,0
23101,0
59106,4
54324,2
39981,4
14959,0
25003,4
16229,4
21917,0
25008,0
28548,4
38881,0
53451,0
53476,0
53517,0
45960,4
20321,4
8455,4
25547,0
8650,0
20252,4
28078,0
32288,0
31586,0
33275,4
67742,4
80046,4
20838,2
35590,4
2675,4
61416,2
3250,4
16075,0
22157,0
9483,4
62680,4
62971,4
7438,4
59059,2
28234,4
39821,4
25996,4
30115,4
42255,2
38355,5
13877,2
9266,2
40088,2
87780,0
19823,4
70650,2
2669,4
56326,4
551,4
64948,4
65128,4
70125,4
78772,0
85179,0
47657,4
47850,4
72759,4
42428,4
31158,0
68188,4
68833,4
69985,4
76470,4
52913,2
56286,2
72993,0
73166,0
87558,4
71707,2
56626,4
21249,3
60931,0
62413,2
48891,5
67255,4
70053,4
56683,4
51520,0
86843,4
11030,2
23023,0
55930,4
69549,4
42399,0
43850,4
45026,2
45981,2
18150,0
22815,0
23774,0
78043,5
57722,4
62932,2
37684,2
67361,2
58564,0
82223,4
42555,4
37537,5
38519,4
47257,4
45170,4
86627,4
60668,3
46182,2
38185,2
50492,2
52869,4
60785,3
57992,4
79115,5
73944,2
78083,0
70049,0
73685,4
73923,4
53764,4
49115,2
76239,4
71637,4
17305,4
41900,1
54884,5
62639,1
43129,4
52891,3
68657,1
77567,1
72007,5
41671,1
50966,4
78664,4
42918,1
43161,1
60570,5
52781,1
56911,1
50538,1
53535,5
88487,5
37629,1
37643,1
68526,1
81500,1
78770,5
49084,1
57703,1
45433,5
78290,1
35807,1
62203,5
43774,1
82528,5
80056,5
55785,5
84313,5
62785,1
43598,1
42968,5
84044,5
78941,1
81310,1
64153,1
42287,1
42313,1
42485,1
78964,5
42969,1
87435,1
86614,5
36668,1
46150,1
61852,5
65921,1
20740,3
72311,1
64370,1
57227,1
54997,1
31696,1
38550,1
45666,5
49275,1
60501,1
49222,5
51385,1
49221,5
48959,5
20306,2
25061,4
14133,2
46679,5
70872,0
10591,3
62491,4
29443,2
2336,2
4593,3
18008,4
55901,5
81158,1
56209,5
82506,1
38618,1
71785,4
23641,3
76664,1
69834,4
7927,4
3162,3
16056,0
78084,4
19755,0
5360,3
17194,4
32090,2
57423,2
57424,5
61692,4
52,2
87728,5
31067,4
29237,0
27397,2
9670,2
25188,3
32812,0
17027,2
76598,4
81905,5
22199,2
61722,2
50044,4
77,4
5914,3
1769,4
13888,2
36678,4
37547,4
39506,4
48452,4
51210,4
53642,4
57400,4
57755,4
62194,4
68124,4
69639,4
69919,0
75286,4
76301,4
77520,4
79096,4
79882,4
80895,4
84961,4
86914,4
13438,0
31277,4
19826,0
11100,0
11702,2
62180,2
26926,3
2144,3
62326,0
11273,2
31051,3
62364,0
81135,4
87060,4
8318,0
1897,2
49183,2
33591,3
33727,2
19163,0
9643,4
5488,4
6905,0
12063,0
3090,2
32714,3
16315,0
11865,0
28557,3
8862,4
18085,4
4487,0
3863,3
32424,0
19279,4
22087,2
17641,3
16943,0
52788,2
26587,2
30633,2
24212,3
20351,3
7169,0
7721,2
7783,2
33902,0
2204,2
24272,3
20533,0
13206,0
10044,4
3765,3
11283,0
3543,4
2394,2
31940,0
33878,3
26320,0
15116,2
31944,0
8320,3
9594,2
2790,2
12731,0
7802,3
19097,4
8609,3
29934,0
48062,4
1378,4
20543,0
18260,3
17939,3
14165,3
5457,2
34326,2
20154,4
12720,2
24225,3
26594,3
22499,2
5278,0
25296,0
50083,4
75783,2
75802,2
9372,4
21762,2
13015,3
7930,0
14774,4
32,0
77323,2
80117,4
21564,3
10555,4
16805,0
16170,0
20227,3
3839,3
5667,3
33699,3
298,3
7551,3
72155,4
75480,4
7424,0
17558,0
12943,4
13720,4
87881,4
10038,0
83052,3
16648,0
9169,2
24131,0
21172,3
73118,4
4753,3
28763,3
7321,2
6903,3
79931,2
24183,3
3174,4
10988,4
7171,0
6716,4
1593,2
8362,2
17906,3
8368,0
11207,4
16009,2
45912,2
7888,2
11861,3
32803,3
30841,3
25177,2
32271,0
8050,0
25101,2
34323,2
31455,4
5197,2
10351,3
19949,2
7908,3
20118,0
61277,4
15979,0
2773,2
19610,4
27889,0
33572,0
24968,3
32089,4
78538,0
11818,2
23229,0
32918,2
24123,3
25582,2
2153,0
10800,0
19720,3
1667,2
61373,4
12598,0
11600,2
8927,4
806,2
18931,2
27569,2
8712,2
29059,4
1524,2
17865,2
12852,2
28495,2
60887,2
15778,2
22752,3
33145,0
2843,2
34209,2
32908,2
3702,0
5695,2
20110,2
27095,2
7715,2
10891,2
16468,3
23551,2
30500,2
77312,2
7083,4
32295,0
9292,3
9991,0
34024,0
33123,0
21398,3
27557,2
11740,4
78337,4
6986,3
11243,4
3504,4
4122,0
57240,2
1218,0
2791,2
11766,0
14726,0
33730,0
41013,2
71007,2
1689,2
3958,0
29450,0
30924,3
80313,2
36773,0
25051,0
14238,0
23893,4
16137,3
11553,0
30666,0
29246,0
29296,3
4626,2
30131,0
14930,2
1527,0
29988,2
10048,2
32553,0
68679,4
956,3
17175,3
54577,4
6495,2
18419,2
22195,2
16857,0
30637,4
16794,2
9173,0
11169,4
23554,3
32897,4
15172,2
25652,2
64271,2
77335,2
87628,2
24268,0
79906,0
73378,0
70484,0
48429,4
20057,2
28563,0
21566,0
4132,2
62885,2
26406,0
4948,2
26080,2
25327,3
32211,0
26822,2
12879,0
13136,0
14209,2
32378,2
34258,2
16782,0
9109,0
28242,0
20114,2
3644,2
20186,3
18562,4
34172,2
37090,2
46139,2
67269,2
24329,0
23213,2
51453,4
15365,2
64525,2
2711,4
9269,0
16371,4
24909,0
25470,0
4385,2
9876,2
15143,2
31932,2
11795,3
52423,2
395,2
2395,2
2551,2
6733,2
7691,2
8482,2
9011,2
16020,2
16505,2
16715,2
17133,2
22861,0
30678,2
32523,2
59816,2
8561,3
3796,2
54510,2
4568,0
20162,0
1343,4
28036,0
33751,0
55243,4
31460,0
12765,3
13349,2
7838,4
30420,0
2994,0
12216,0
23195,2
83104,0
1251,0
1373,0
2119,0
34160,2
69981,0
18244,3
3379,0
3386,0
5985,0
8742,0
16602,4
18733,0
23008,0
20425,2
7280,2
8047,2
10303,2
10734,2
12855,2
15672,2
31488,2
32956,0
44405,2
49279,2
60358,2
87206,2
15878,0
23004,2
3551,0
6789,4
6975,0
12291,4
23715,4
27212,0
28406,0
28776,0
32913,0
37166,0
75686,0
21836,0
24916,4
17626,0
27792,3
8760,3
28889,3
27687,0
5469,0
9904,0
16461,0
21392,0
30368,2
33656,0
15641,2
15822,0
4955,4
83334,0
32225,0
19680,0
17075,0
88611,4
21623,2
386,0
1981,0
3635,3
5579,0
16919,0
29770,2
65751,2
11817,3
257,4
4048,0
6055,0
15104,0
15277,0
25853,0
59469,0
75189,4
82063,4
10055,0
55902,4
76412,4
87336,4
8915,0
5301,0
14379,0
598,2
31954,0
31684,0
34074,0
15519,3
13505,0
4423,0
6521,0
11393,2
34183,2
7499,0
5845,4
6470,4
8816,4
9793,4
11520,4
13335,4
13449,4
16219,4
22995,4
55659,4
55699,4
57542,4
27861,0
709,0
1234,4
1309,0
1768,0
3323,0
5323,4
7051,0
13618,4
16126,3
22708,0
23185,0
24606,0
27053,0
33166,0
33732,0
15472,0
14686,3
24893,0
327,3
13724,0
11000,0
3530,3
47021,2
26053,4
27927,4
44947,4
61386,4
17145,0
82334,4
1090,0
3022,0
3203,0
3872,0
3873,0
3955,0
4349,0
10730,0
10915,0
11092,4
17989,0
19143,0
19283,0
19500,0
21671,4
23829,0
26064,0
27866,0
36414,4
57651,4
75242,4
82860,0
1585,0
26078,0
14994,2
66652,2
26867,3
13110,4
5562,4
8491,0
28432,2
1827,2
11330,4
12432,4
29361,4
9174,0
49742,4
50460,4
28876,4
5859,3
31193,4
7182,2
39320,2
66058,2
29883,4
81074,4
27017,2
17300,0
23582,4
13251,2
20182,2
23027,0
28302,0
22091,2
41964,4
33482,2
32735,3
45388,0
3241,2
33797,2
3297,4
3926,0
11510,4
293,0
2862,4
3507,4
3528,0
4015,0
4595,0
10686,4
15087,4
32917,4
51023,4
67154,4
76120,4
76417,4
12057,4
82890,4
6750,0
25209,2
6193,0
13791,3
6546,4
24915,0
3951,2
32109,2
49314,2
85480,2
7890,2
23475,0
24798,4
20415,0
44221,2
20393,3
24143,2
11490,3
16722,0
87562,4
23969,4
24042,2
47308,2
25939,3
22455,4
22912,0
31868,4
32844,4
9112,0
18570,0
25115,4
41686,0
57969,4
83605,0
21989,0
11220,4
49958,2
72490,4
14688,3
27435,4
5424,4
7954,2
65023,2
11274,2
18287,0
26455,0
26549,4
14848,0
6988,0
9627,4
21801,0
26369,4
28496,0
28759,4
32985,0
33458,3
69319,4
76153,4
59881,2
33731,4
66302,2
14188,4
26462,0
74086,0
74258,0
76134,4
42181,4
32998,0
19845,4
60796,2
2230,0
71416,4
14792,2
544,2
1705,2
21151,4
18556,4
46663,4
46682,4
29256,0
29695,2
5451,2
82444,4
27281,0
57217,2
80427,2
28535,0
24885,3
31211,3
27286,2
22458,2
23507,2
33395,2
43915,2
70336,2
71654,4
80,3
2533,4
25199,4
9862,2
22797,0
2762,0
10702,0
11301,4
14312,4
32230,0
1350,3
3208,2
4219,2
8657,2
22561,2
65162,2
44919,2
27081,4
21705,0
46874,4
39820,4
80330,4
5070,4
7300,4
8730,4
2744,2
15718,2
86147,2
18794,2
18113,2
67291,2
76107,2
85530,2
28118,4
2965,0
19780,4
22320,4
87482,4
49320,2
19508,0
30880,0
5800,2
39124,2
50696,4
705,2
4877,2
5711,2
6381,2
9238,2
12847,2
12910,2
13968,2
18369,2
19615,2
23968,2
27109,2
28306,2
30905,2
56106,2
61638,2
74670,2
75518,2
81248,2
86702,2
31666,0
71359,4
71509,4
8938,0
86636,2
2829,0
15490,2
25408,2
26159,3
10448,4
26854,0
56107,4
66064,4
30481,3
28289,2
37,2
33357,0
31197,0
57203,4
44093,4
640,2
4548,2
7542,2
9585,2
10256,2
10586,2
13016,2
13260,2
13992,2
14568,2
16245,2
27903,2
28369,2
31024,2
32500,2
34263,2
40385,2
43507,2
43983,2
49332,2
51244,2
54424,2
62900,2
66925,2
70009,2
70115,2
72098,2
84022,2
86820,2
14266,0
1337,0
22257,0
14664,4
33218,0
33847,0
87527,4
87591,4
646,0
3627,0
29633,0
33290,0
39170,0
53117,0
78221,0
76128,2
33434,2
13600,0
7684,0
18968,0
48136,0
3566,0
56093,4
82973,2
85245,2
3973,4
3229,0
28018,0
11369,2
29126,2
34689,4
59827,2
3442,0
88447,4
77333,4
65613,4
42512,4
49477,2
7576,0
6408,0
9886,0
21394,3
24949,0
47713,2
23938,0
36973,4
49102,4
53305,0
67566,4
69163,0
78055,0
28881,0
60889,0
36517,2
2329,4
82554,2
23036,4
34222,4
47282,4
30160,0
30805,4
20045,0
26222,2
55102,4
21743,0
20718,4
77829,2
27233,3
14742,0
25399,0
38459,4
38079,4
5642,0
80308,4
81658,4
2045,2
14935,2
66528,2
88729,2
76274,4
17722,4
18222,4
16202,4
40389,4
46461,4
57594,4
64877,4
64955,4
65101,4
84090,0
58204,0
2685,0
3299,0
3856,0
5466,4
6147,0
6714,0
6768,4
7336,0
16678,4
17278,4
17483,0
17707,4
19608,0
20174,4
21388,0
21552,0
27055,4
29319,0
29785,0
30560,0
39635,0
48645,0
51864,4
52059,4
53220,0
53379,0
56882,4
57322,4
66301,4
69097,0
72396,4
79657,4
28543,0
30532,0
31389,0
21339,4
28928,4
29072,4
59594,4
7931,0
13918,4
56601,4
27886,4
54789,4
55179,4
76818,4
51610,4
53716,4
364,4
56009,4
59849,4
8031,2
44385,2
57699,2
34014,2
34407,4
24753,2
51609,4
32761,4
32686,0
78071,0
334,0
429,0
608,4
661,4
713,4
725,4
1719,4
2397,4
4391,4
6251,4
6275,0
6689,4
8233,4
10965,4
10986,4
13453,0
14205,0
15009,4
20037,4
22043,4
27960,4
28134,4
34483,4
34537,4
34876,4
38037,4
38420,4
38690,4
39267,4
39622,4
40115,4
40428,4
40644,4
41174,4
41527,4
41809,4
44111,4
46047,4
46987,4
46988,4
54726,4
55028,4
55517,4
56665,4
61357,4
62017,4
64661,4
65327,4
65863,4
67489,4
69859,4
70014,4
70109,4
74442,4
74482,4
78035,4
78843,4
81750,4
83765,4
87647,4
15191,0
948,0
2255,0
2391,0
3048,0
4604,0
5147,0
5179,0
5264,3
5860,0
6208,0
7580,3
7725,4
8587,0
9736,0
9803,4
10594,4
10666,4
10780,4
11333,0
11839,0
12181,4
13095,0
13690,4
15792,4
15900,0
17440,4
17518,0
20025,0
20513,4
21102,4
21146,4
21636,0
22124,0
22992,0
24611,4
25111,0
26546,0
28750,4
30048,0
30352,0
31436,4
31628,0
31673,0
32009,0
35827,4
38573,4
39611,4
45531,0
53225,0
56939,4
57015,4
58218,4
60959,4
63251,0
63484,0
65425,4
71420,4
80977,4
81960,4
82912,4
43039,4
7661,2
13143,2
88040,2
3549,2
4985,0
8945,2
9649,2
12723,2
19740,2
21674,2
27269,2
27688,2
28248,2
29962,2
30539,2
33532,2
40444,2
46578,2
46627,2
55058,2
59537,2
61040,2
81641,2
81904,5
85039,2
87623,2
76133,2
21226,0
22291,4
28709,0
44052,4
2098,4
2519,4
21903,0
23015,4
30316,4
33168,4
39113,4
39346,4
39607,4
40333,4
54119,4
56940,4
62314,4
55514,2
49761,4
85727,2
53201,4
71349,2
82689,0
17004,3
25397,2
55499,4
10973,0
28363,0
29645,0
87821,4
56518,4
56542,4
7533,0
71452,2
57506,4
73509,0
12596,0
46097,0
31600,0
25018,3
12556,4
9725,0
14219,4
3451,4
4076,0
6432,4
12823,4
14680,4
14750,4
14781,0
19333,0
19602,0
20220,0
55581,4
20374,4
20429,4
32213,0
40471,4
17426,0
30688,4
31472,0
56897,4
14018,3
27510,4
28280,4
12400,0
28609,0
26298,0
76423,4
2864,2
62652,4
65897,4
66984,4
42835,4
81197,4
30246,0
16096,3
7696,0
8456,4
46962,4
50311,2
13081,4
23224,4
55396,4
61035,4
64143,4
77821,4
9304,4
9824,4
9841,4
9922,4
12476,4
15054,4
23297,4
24429,0
29414,4
32067,4
38202,4
47218,4
58012,4
61933,4
67522,4
70087,4
70105,4
86483,4
843,4
2615,0
3607,4
3934,0
4098,4
5438,0
5530,0
5639,0
6615,0
7148,0
7164,4
7172,0
7467,4
7842,0
9905,0
10111,4
10169,4
10949,4
12197,0
12705,4
12715,3
14374,0
15333,0
19606,0
19620,0
19871,0
20111,0
21182,0
21549,0
25878,0
25921,3
26453,0
27098,4
27529,0
28352,0
28561,0
28602,0
29116,4
29143,0
29151,0
29972,0
32845,0
33529,4
35105,4
35321,4
35695,4
38703,0
39051,4
41985,0
43986,4
47325,4
47513,4
50851,4
51744,4
53395,0
54166,0
66319,0
68852,0
72279,4
73149,0
73391,4
73393,4
1082,4
1781,0
1811,0
2212,4
2549,4
2946,0
3485,4
3527,0
3691,4
6668,0
11120,0
11957,4
13107,4
14483,4
16163,0
17162,4
17350,4
17844,4
21536,4
23007,4
26270,4
28453,4
29493,4
30606,0
33965,4
33975,0
35228,4
40568,4
47037,4
50147,4
50191,4
50193,4
51869,4
56131,4
57021,4
65322,4
65394,4
68032,4
68079,4
68335,4
68340,4
69835,4
70849,4
71074,4
72974,4
74479,4
80232,4
80833,4
88289,4
28735,4
21501,3
26151,3
292,2
27851,4
75740,2
75834,2
23413,2
60657,2
8706,0
21057,2
8442,0
10908,0
47199,0
58027,4
22973,4
5988,2
14496,4
28128,4
80728,2
25377,3
27086,0
72323,2
4933,3
71618,4
24447,0
4086,0
71625,4
27684,2
26788,2
52593,0
7779,0
41883,0
48658,4
1732,4
69726,4
72656,4
72833,4
1344,4
1441,4
5064,0
5250,0
9934,0
11246,0
12159,0
12889,4
12890,4
15726,4
24190,4
27825,4
30916,4
33663,4
37512,4
38867,0
49768,4
70296,4
70335,4
17553,0
17586,0
12692,4
13042,4
25241,0
80202,0
28632,0
10522,4
11128,4
12701,4
2625,0
32466,0
11139,0
70924,2
78823,4
85084,2
76341,4
59759,4
76424,4
33856,4
23674,0
61620,4
79072,4
79073,4
79090,4
79127,4
79314,4
79315,4
79348,4
10846,0
8350,0
21011,0
16873,3
17618,0
10983,0
21366,0
1315,4
56223,4
55553,4
65308,2
20270,0
85117,5
20506,0
60940,0
4810,3
21420,0
1097,0
1655,4
2017,0
3720,0
50830,4
3887,4
6033,4
12409,4
41265,4
45874,4
87756,4
703,0
6781,4
65882,4
70272,4
25247,0
26663,3
9355,4
33471,0
81889,4
19642,4
67275,4
87894,4
21076,0
39521,4
19443,4
49506,2
29837,2
27951,4
4273,4
19198,0
75567,4
18333,0
76843,4
58120,4
86842,4
31413,3
18225,4
70504,4
71501,4
51226,4
8725,0
14178,4
87438,4
10909,4
80171,4
63045,0
18514,2
19816,0
32954,0
86298,4
86259,4
10767,3
57825,2
4528,0
80523,2
10429,4
12696,4
12697,4
12760,4
13711,4
13783,4
61770,4
32846,0
19937,3
87303,2
33283,0
19210,4
23737,0
49313,4
51000,4
17011,4
70588,2
20661,3
33551,4
30556,4
27324,4
86744,4
28072,3
5694,0
33666,0
5090,4
5549,4
34184,4
77635,4
78458,4
3315,3
11847,4
78818,4
59490,4
78045,2
31153,4
87651,2
19221,0
86421,4
31815,2
32249,2
86706,2
10327,4
34534,4
21437,3
21296,0
2251,3
17631,3
77254,2
3910,0
27027,4
83805,2
47153,0
17538,0
85920,4
87414,4
25683,2
23156,0
25060,2
49262,4
29921,4
32039,0
32135,0
21683,2
18297,0
76453,4
8697,0
82976,0
59856,0
67458,2
13691,4
8752,0
19889,2
86033,2
80307,2
33103,4
39058,0
62030,4
16961,3
51191,4
29047,0
44345,4
16619,0
74089,2
4013,4
27328,0
3544,4
26308,0
40013,4
70525,4
36743,4
39474,4
26860,0
14912,2
24121,2
45786,2
82525,2
87396,2
14668,4
19000,4
26448,2
33260,3
57244,4
62340,4
14515,4
81393,4
10302,4
20626,4
41224,4
44042,4
76356,4
18194,0
56503,4
7950,3
23550,3
49707,2
13064,0
22377,2
3003,0
13282,0
59415,2
4605,0
4624,0
34053,0
42026,4
45777,4
76583,4
87162,2
70508,4
17473,3
28438,0
26811,0
50270,4
64003,4
64216,4
77005,4
77045,4
13870,0
14468,0
65098,4
66009,4
381,0
1044,0
6486,0
10720,0
33946,0
43913,4
51821,4
63731,0
65296,4
72190,4
87483,2
18612,2
22925,0
22667,3
21027,2
56130,4
88389,0
82424,4
20141,0
20159,2
17594,4
28717,0
30967,4
47789,0
72265,4
74955,4
71422,2
21858,4
27468,4
77247,0
10208,2
17335,3
78649,2
29833,0
39265,2
81528,2
22571,0
26667,2
10690,3
5973,4
48776,4
23578,2
46085,4
17932,0
30161,3
69421,0
58199,2
14262,4
18489,4
87694,4
88280,4
75028,4
10868,3
6541,0
8877,0
9146,0
37180,4
10509,3
54830,0
12253,0
6587,4
22554,4
3448,4
36091,4
76961,4
81914,4
1392,0
2734,0
7204,0
20756,4
62132,4
63940,4
64063,0
68866,0
28050,0
5472,3
76879,0
55661,2
70088,2
6898,2
5655,0
10103,0
10272,0
12455,0
35895,0
80697,0
80741,0
80917,0
24491,4
84553,4
13395,3
71245,4
76465,4
38733,0
40136,4
32522,0
71640,4
46581,4
62329,4
36881,0
5396,0
18179,3
52052,2
56165,4
71894,2
1078,3
7901,4
37455,4
7525,3
62097,2
2575,0
19593,0
51722,4
65521,4
81142,4
14844,0
10964,4
55592,2
41495,2
26219,0
44676,4
83476,0
82291,4
25466,4
6430,4
7005,4
22484,2
17493,4
64989,4
72506,4
75479,4
8847,4
50794,4
50836,4
50837,4
71313,2
27656,3
76754,0
76911,4
76913,4
14809,4
52016,0
76442,0
47290,4
47318,4
515,0
80869,0
19768,3
47880,2
1075,4
2195,4
11826,4
36867,4
36907,4
10404,0
22271,0
25476,3
45802,0
47493,5
52720,4
52754,4
75624,2
36640,2
58929,2
13510,2
28362,2
56829,2
72109,2
75947,2
57864,4
72092,2
83332,2
75266,2
37432,2
46796,2
14586,2
39291,2
42386,2
45919,2
45991,2
47319,2
52957,2
53331,2
57842,2
67424,2
78877,2
79234,2
55433,4
27010,4
20144,4
74758,2
74892,2
82087,4
11321,2
26255,2
41438,2
44122,2
54987,2
55535,2
65132,2
66332,2
71446,2
81699,5
86580,2
87245,2
87331,2
77524,2
83371,0
26827,3
36941,2
62090,2
45609,0
9477,2
10683,4
38541,4
39120,4
50384,4
53832,0
42048,4
50695,4
6524,3
49458,2
21387,0
56787,4
81581,2
30360,4
7660,2
1418,2
12807,4
26850,0
50417,4
57653,4
58454,0
65979,4
78918,0
67252,4
60176,4
61813,4
24693,3
79059,2
82882,0
47164,4
42044,0
76110,4
78928,0
81125,4
34603,0
14692,2
54760,2
21538,4
54555,4
53124,0
75047,4
18876,0
49405,4
37858,4
41715,4
42157,4
46331,4
61363,4
61744,4
88269,4
3272,4
14833,4
18957,3
36894,4
42759,4
47628,4
52414,4
53778,0
72648,4
82661,4
86559,4
72183,4
74768,4
80201,2
77363,4
61928,0
66311,4
12326,2
36048,2
66132,2
71094,2
22500,3
5405,4
18494,4
21667,4
33748,0
34492,4
34531,4
35819,4
36875,4
39672,4
40009,4
40537,4
41798,4
48809,4
55286,4
61061,4
64947,4
64982,4
65017,4
65850,4
67319,4
68065,4
70173,4
70465,4
70645,4
75546,4
78736,4
6630,4
7819,4
19075,0
22497,0
25152,4
34779,4
36757,4
40881,4
41530,4
47078,4
47737,4
48844,4
52111,4
52122,4
55537,4
58706,4
69410,0
69471,4
69502,0
73085,4
74692,4
76162,4
76596,4
76633,4
76992,4
78721,0
82551,4
84621,0
48496,0
17836,0
80407,4
24703,0
19059,2
40593,2
45657,2
12743,4
24663,0
79230,2
34773,4
34780,4
61827,4
48547,0
48954,4
76999,0
75276,4
42814,4
43232,2
53919,4
28693,2
33547,2
48336,2
66744,2
66927,2
67178,2
76113,2
78321,2
81634,2
85058,2
85665,2
19625,4
15907,4
17008,0
17337,0
17821,0
28157,4
71949,4
62016,4
27744,0
12219,0
120,3
1483,4
2059,4
32265,4
12925,0
54603,2
51943,0
53640,0
85596,0
88212,0
60196,4
71995,4
71996,4
11493,4
19036,4
18151,4
38894,4
72953,2
23467,4
30753,0
38471,2
31496,3
39449,2
85216,2
38044,4
39288,4
40798,4
46769,4
57692,4
65916,4
65938,4
66004,4
71821,4
71986,4
81358,4
88253,4
82402,4
86533,2
76098,4
51147,4
72046,4
7955,0
65077,4
87453,0
16692,0
87074,2
83395,0
76263,4
79532,4
79927,2
22907,3
54925,4
79124,4
9046,3
60121,0
85470,2
60816,4
84903,4
84904,4
43916,4
44012,4
66894,4
72298,4
72781,4
79389,4
86465,4
86495,4
3768,0
3775,4
19421,0
19511,4
22072,4
30129,0
41016,4
45277,0
47566,4
48427,0
48443,0
48634,0
48694,0
53985,0
60034,4
61057,4
69311,0
74261,4
83775,4
88353,4
41579,4
51891,0
30912,4
75838,4
77466,4
43244,4
21631,4
62901,0
87855,4
2555,4
65692,4
76426,4
82597,4
66097,2
35934,4
64869,4
66855,4
12033,4
67930,4
56731,2
11340,0
24772,0
37988,0
57583,4
60000,4
44910,4
46775,4
28000,0
4724,2
59454,0
54418,2
69902,4
19837,4
72548,4
29413,0
26499,0
36792,4
46205,4
23675,3
10759,2
46495,4
17167,4
18000,4
37138,4
67549,4
76805,4
86412,2
79156,4
51404,4
57055,4
77423,4
80721,4
83374,0
87324,4
25861,3
55199,2
84216,4
79523,2
55416,0
77822,0
69804,0
8116,3
61339,4
21417,4
73374,4
40826,4
82300,4
87147,2
49536,2
67718,4
33437,4
50733,4
79470,4
62077,4
50745,4
78123,0
47157,4
68944,0
17432,0
20825,0
77644,4
47286,4
85256,0
43992,2
67588,4
67726,4
70286,4
70328,4
70331,4
70376,4
70757,4
82475,0
76188,4
54857,4
27970,4
47209,4
28887,4
15242,3
70831,2
53984,0
7973,0
8754,0
62977,4
63053,4
63097,4
63168,4
63234,4
63656,0
73663,4
55676,4
20643,4
76277,4
60879,0
38608,0
38764,0
68813,0
74592,0
17039,4
40598,0
80381,4
59147,0
78504,2
26965,3
87996,4
37935,5
33384,4
76788,4
66522,2
50894,4
55572,4
50365,4
38084,4
50730,4
76726,4
51129,2
62933,4
62974,4
63048,4
65056,4
57730,4
57731,4
6278,0
9485,4
41347,4
41364,4
41407,4
41529,4
47749,0
40544,2
68420,2
77129,2
84009,2
8978,0
84640,0
31848,4
59866,0
61272,2
61569,2
75285,2
75915,2
78953,2
34276,4
75093,2
73327,4
83829,0
81113,2
8143,3
57185,2
25814,0
72335,2
67078,5
37604,0
62936,0
72150,4
72322,4
20448,4
13612,3
80901,4
21375,0
21297,0
23387,2
20166,0
26708,3
23876,3
37619,4
75846,2
44034,4
50701,4
39250,2
36990,2
57533,2
67365,2
85015,2
85822,2
58800,2
82282,2
72984,4
88419,3
24793,4
3415,4
47371,0
20551,2
65540,2
65573,2
79030,2
72225,4
73851,0
57567,5
79762,4
35521,2
38029,2
45368,2
56372,2
56478,2
59622,2
68537,2
72827,2
74456,2
84895,2
88283,2
88428,2
55748,2
57762,2
55224,4
56798,4
67578,4
62601,4
38060,2
58258,0
55616,4
15477,3
61631,2
85564,2
65155,4
65970,4
83105,4
53774,4
60652,0
59130,0
81521,0
73277,0
70904,4
33429,0
60296,0
60297,0
48266,4
60372,4
47004,4
9158,2
46560,4
2364,3
73629,0
36233,4
36500,4
45202,0
66588,4
86326,4
88562,4
63491,3
49292,4
63553,0
70436,2
10704,4
34468,4
30947,3
77502,2
75240,4
49566,4
83056,4
15880,0
28503,3
69865,4
72665,4
73458,4
82641,2
82318,0
40574,4
49284,4
57311,4
39271,4
45801,4
46000,4
46091,4
56548,4
56606,4
56735,4
65251,4
65303,4
70628,4
70965,4
73613,4
73670,4
78876,4
39494,4
48759,4
51146,4
51192,4
61230,0
62279,4
62319,4
63465,0
65283,4
69607,0
69785,4
75502,4
76686,4
88308,4
24426,4
62706,4
72010,4
13528,0
12887,4
13777,4
47473,2
36427,2
32593,3
38772,2
43086,4
36447,4
36592,4
73352,4
49137,2
11454,2
36604,2
79520,2
79798,0
38762,2
76227,4
52806,0
52542,4
58498,0
74915,4
86091,4
11182,4
87476,5
16348,4
42095,4
46433,4
48316,4
67374,4
72161,4
9582,0
49359,2
59002,2
28100,4
85383,4
85466,4
45825,2
50647,2
72642,4
75569,4
72640,4
76377,4
51878,4
16267,4
51257,2
30823,0
52809,2
85420,4
49780,4
17107,0
60784,4
80325,2
51846,4
13680,4
42497,4
74561,4
74580,4
86633,4
4021,0
14079,4
34994,0
42138,0
48762,0
51835,4
54134,0
56496,4
62927,4
62929,4
76475,4
76534,4
82920,4
84872,0
52707,0
57761,4
25608,3
39902,2
58250,2
66806,0
5195,0
63897,0
38731,2
22453,3
49577,4
45494,0
56922,4
41817,4
31255,4
70369,4
65184,2
39900,2
55495,2
77508,2
11808,4
17838,3
53393,2
51073,4
56257,4
56812,4
58521,4
38663,4
39222,4
39913,4
38410,4
45967,4
47569,4
50184,4
57847,4
84145,2
84595,0
72994,0
48380,2
78255,2
39122,2
45011,4
45165,2
26380,3
73609,0
72930,0
72823,0
53008,0
44972,4
38633,2
42957,0
87311,4
25514,3
42843,0
50867,4
82432,2
47835,2
67011,2
78874,4
23102,0
48110,0
50846,2
83795,0
38631,2
69903,2
53969,2
28101,3
55053,4
68441,4
72272,4
73127,4
78978,0
53375,2
77317,2
83574,0
88808,4
74366,4
41166,4
48929,2
83300,0
19266,3
52762,0
72687,0
38991,4
48018,0
77696,0
71405,5
68401,4
60515,2
87727,5
41250,0
49950,2
1480,3
58908,0
51345,4
51787,4
72850,0
40300,2
63054,4
37783,5
66251,5
40179,2
65048,4
38430,0
45474,2
21803,3
22946,0
84665,0
9104,3
77846,2
45749,0
55768,2
50398,4
64523,4
80922,2
66146,4
42293,0
57319,0
63039,0
68731,0
53197,4
71974,5
36828,5
64992,2
1211,3
74284,1
56958,4
87549,5
75844,2
53939,5
38641,2
56846,4
48973,2
77999,5
87681,5
83158,2
56204,5
59277,5
87472,5
88542,2
14263,3
59743,0
35751,4
67183,5
41963,4
83581,2
822,3
62171,2
34882,4
47805,2
35218,4
35265,1
37323,5
42965,4
88135,4
70554,4
53618,4
61472,4
83024,2
51718,4
71202,4
85472,0
61122,4
73496,1
52946,2
81995,4
72699,0
77711,2
83576,4
57079,4
9044,0
57305,4
63700,0
36610,4
46487,4
55213,4
59746,4
35270,0
42668,0
42695,0
43665,4
47720,4
49127,4
54476,0
59507,0
66808,4
73907,0
82754,4
75439,2
56762,2
72864,4
55323,4
62534,4
34381,4
60379,4
68037,4
70548,4
80766,2
28861,3
36250,4
42502,0
42670,0
43962,4
51160,4
55191,4
65379,4
67209,4
67966,4
70640,0
73595,4
73831,4
76084,4
84329,4
61341,4
51113,4
46822,4
46832,4
58598,1
87485,0
72410,4
46659,4
45918,2
65752,2
63533,1
50369,4
55383,4
80393,5
50166,4
77858,1
40350,2
72557,4
34595,0
34620,0
35163,4
52742,0
71943,4
54382,4
44976,4
13159,3
47338,4
62328,4
74792,5
73439,0
75261,4
38583,2
38729,2
17751,1
85793,2
55907,4
62834,2
78208,2
74107,4
185,3
68455,2
50454,4
50474,4
84495,0
52886,0
76643,4
36920,1
37200,1
46565,4
47673,1
64770,4
81957,1
86382,4
58458,1
67342,4
67752,4
70647,4
42788,0
43936,4
77650,4
35274,0
35939,4
38119,4
38120,4
40825,4
44959,0
53071,0
58048,1
60003,0
62920,1
62921,1
72254,1
73895,0
76539,1
14882,3
51905,4
22286,5
57030,4
51479,5
81080,2
59086,1
59486,1
48478,2
65569,5
7707,2
40432,5
40711,5
53069,1
81555,4
83233,1
48710,1
73321,1
40945,1
57222,4
16770,0
81039,0
67990,4
69122,4
43529,4
70933,2
56218,4
56219,4
8311,3
38735,1
52951,1
84306,1
53240,1
79220,1
152,4
80738,1
75170,1
77329,1
47650,1
39186,4
62935,1
61197,2
63454,2
43646,1
57459,1
76345,1
20214,3
4529,3
73179,1
82557,1
84870,1
65717,2
58377,1
56258,4
82314,4
85375,5
39979,5
70385,2
2433,3
2674,3
49117,4
39300,5
48910,5
74816,5
53467,5
43364,1
69082,1
64968,2
56243,4
56284,4
61929,4
42873,1
68479,1
69228,4
70718,5
72032,4
50833,1
32991,0
67377,5
62896,5
59057,2
75296,5
78433,5
79014,5
61209,5
34575,4
46454,5
66393,5
67080,5
78239,5
85272,5
64950,5
83181,1
5484,3
85415,5
31738,3
49099,4
58680,5
42614,1
48301,1
51924,1
61986,2
74242,1
83602,5
46261,1
62760,1
68653,1
50824,3
41421,4
41459,4
40464,2
64710,5
53257,1
41279,4
80688,1
60913,1
60941,1
69525,1
43285,1
56500,4
61237,4
66125,1
84346,1
75814,1
35986,0
36011,0
51717,0
51736,0
51769,0
72437,4
85909,4
44371,1
62323,1
56237,4
56367,4
76038,4
59938,1
73578,1
80239,5
40065,1
44647,1
47744,1
69374,1
70037,1
73379,1
890,3
58181,1
86196,4
43406,1
57095,4
70572,4
70598,4
77907,4
80651,4
80807,4
35726,1
37275,1
37695,1
37845,1
43369,1
43551,1
45424,1
51803,1
51937,1
59205,1
60258,1
63906,1
69095,1
74079,1
77017,1
83147,1
85423,1
87904,5
82204,5
79128,5
79245,5
37210,4
60066,1
82951,1
57406,1
68750,1
68810,1
77750,5
62876,1
85626,5
65219,4
35332,1
42269,1
47009,1
65730,5
39365,2
78201,5
57882,4
72442,4
88813,4
88814,4
42262,4
37825,4
58019,4
22749,3
85927,2
42360,4
47994,4
47995,4
65754,4
71928,4
75993,4
76051,4
76053,4
76054,4
76136,4
41301,4
48148,1
34477,1
35669,1
48066,1
49129,1
52050,1
57383,1
18312,0
37201,4
41825,5
43194,5
79132,5
85449,5
54587,1
63040,1
66350,1
77929,1
84087,1
76881,1
68315,1
81041,1
35962,4
64684,1
53606,5
77435,1
42263,1
34647,1
66887,1
53010,1
68934,1
63128,5
71217,5
50899,4
52876,4
82807,1
83827,1
75865,5
62507,1
70961,4
50313,1
45708,5
65439,2
77032,1
60017,2
86513,4
88321,1
4748,3
8167,3
40853,5
62343,4
72226,5
46090,5
46107,5
79393,5
79536,5
63937,1
40916,5
87310,1
538,3
44697,1
44766,1
50489,1
52327,1
64113,1
67712,1
68607,1
74146,1
76832,1
82805,1
83191,1
55194,1
40640,1
57482,1
83974,5
61741,4
37874,1
57405,1
42418,1
44262,5
81765,2
62616,2
14334,1
20491,3
56293,5
64646,5
51259,4
58038,4
62845,1
77531,4
81075,4
66482,5
47415,1
48138,4
69229,1
48735,1
40468,1
37631,5
81784,5
51117,1
70847,5
3708,3
17366,0
76954,1
76988,1
77095,1
80923,4
31090,3
37734,5
40281,1
42078,1
57956,1
69442,1
64524,1
59332,2
44033,5
56852,4
79775,5
57468,2
45071,5
80865,1
83685,1
72157,1
76545,1
83701,1
47907,1
62561,1
35432,1
37195,1
38187,4
38189,4
38279,1
51676,1
56732,1
83346,1
46948,2
87851,5
77085,1
65000,5
73963,5
46088,5
38041,1
46514,1
48253,1
65868,1
72948,1
77389,1
56476,1
39595,5
49166,1
83877,1
40897,1
77769,1
57633,1
57669,1
58930,1
69233,1
40504,1
69934,1
65387,5
75678,1
69941,1
63152,1
63213,1
41179,1
83909,1
52236,1
58429,1
79209,1
59688,1
63073,1
64041,1
82480,1
86142,1
50367,1
63127,5
46509,1
48050,1
51045,1
51130,1
52420,1
63980,1
65045,1
66799,1
67010,1
67699,1
70521,1
74658,1
74659,1
74726,1
21376,3
17735,3
40256,5
43703,5
36916,1
55751,5
62914,1
62972,1
36814,1
38789,1
73032,1
83997,1
60407,5
72470,5
17254,3
49289,5
41668,1
43630,1
40839,1
38102,1
59246,1
48800,4
76895,1
34376,1
72574,1
50965,1
87512,5
70531,1
86887,5
38033,1
26188,3
83126,1
78129,1
43311,1
65200,1
73079,1
62501,1
46630,1
71720,5
75023,5
78033,5
40718,5
87057,1
42343,1
43249,1
73677,1
85217,1
80303,5
56832,5
51149,1
34700,1
52821,1
63470,1
70199,5
85953,5
37362,1
56411,5
70737,2
58924,1
908,3
73203,1
59583,1
24359,3
27494,3
59306,1
30484,3
38739,1
37911,1
58935,1
47833,1
53799,1
36435,1
59578,1
79213,1
47219,1
75636,5
54617,5
79605,5
79827,5
86359,5
35008,1
41144,1
43250,1
43289,1
51532,1
63990,1
64098,1
64223,1
71356,1
74891,1
80671,1
83503,1
35721,5
84845,1
85097,1
83741,5
39030,1
61991,5
38006,5
51181,1
53928,1
60631,1
87351,1
86777,4
52017,4
57829,1
61793,1
82994,1
83062,1
86662,4
86781,4
86874,4
87608,1
76668,1
84068,1
53303,1
73035,1
46039,5
61849,5
36545,5
44361,5
52490,5
69783,5
80883,5
83509,5
34493,5
85982,1
75154,5
82564,1
73752,1
39323,5
45337,5
58384,1
76103,5
50389,1
79193,5
88525,1
62624,1
60797,5
86680,1
46798,5
46820,5
65222,5
82780,1
87960,5
39613,5
64315,1
28595,3
43608,1
74918,1
79201,5
54916,1
78955,1
41546,5
57225,1
35661,1
42501,1
42571,1
51093,1
63776,1
64574,1
49311,1
52425,1
70072,1
50479,1
86257,1
54365,1
40457,5
56037,1
48493,1
70221,1
71161,1
49925,5
78537,1
51161,1
34612,1
64858,5
43590,1
43678,1
45525,1
46147,1
46911,1
48281,5
51640,1
51896,1
51899,1
61228,1
75395,5
81008,1
48656,1
85831,1
72101,5
76126,1
42256,1
49302,1
56740,1
40649,5
44145,5
80212,5
48982,5
88347,5
61899,1
84518,1
41800,1
60241,1
63476,1
85403,1
82547,1
82431,1
9120,3
37719,1
38539,1
38781,1
50499,1
51030,1
51053,1
62893,1
83222,5
51608,5
54676,2
39415,1
57913,5
59468,5
75117,1
64887,5
73206,1
39094,1
74790,5
36342,5
49280,5
88442,1
44104,5
47050,5
45283,1
48623,1
83538,1
54670,1
39123,5
62525,1
12978,1
52177,1
36724,5
38127,1
66426,1
58095,1
60468,1
81563,1
80328,1
45897,5
45914,5
62469,1
59083,5
50260,1
72133,5
36548,1
43797,1
51427,1
53604,1
57404,5
50780,1
72065,5
48028,1
82010,1
73721,1
44865,5
66442,5
87797,5
41555,1
82824,1
83564,1
55636,5
46499,5
50120,1
74092,1
60299,1
66898,1
69077,1
67168,1
65845,5
85510,1
87616,1
35084,5
66469,5
61551,5
58423,1
39530,5
47582,1
62799,1
64708,5
77938,5
41242,5
44503,1
60997,5
62052,5
87751,5
72869,1
56625,5
70473,5
80652,1
57750,1
60128,1
36235,1
37120,1
81923,5
79556,1
52228,1
77872,1
84723,1
41306,5
59749,1
47347,1
55330,1
59409,1
87125,5
88046,1
57133,1
52345,1
37288,1
41363,1
50433,1
50447,1
51644,5
63430,1
74052,1
74487,1
46605,5
52512,5
64738,5
46989,5
85199,1
39978,5
66042,5
25922,1
36951,1
43045,1
36043,1
51708,1
73244,1
53782,1
77694,1
58774,1
51966,1
36857,5
35720,1
50964,1
52460,5
73151,1
59015,1
39335,1
51143,1
73998,5
51702,5
54283,1
81893,5
68167,1
37528,1
37529,1
37530,1
78203,5
61155,5
73096,1
72979,1
58082,5
54750,1
57928,5
82346,1
54262,1
73305,1
38207,1
59617,1
43119,1
43334,1
44701,1
82029,1
40235,5
69440,1
76812,1
76905,1
16,3
57038,5
55377,5
80788,1
52877,1
76244,1
47750,1
44771,1
86126,1
50498,1
76890,1
56602,1
59700,5
51174,5
59272,1
80684,1
83085,1
63941,1
21258,1
56011,5
28553,3
77534,5
81770,5
44295,5
67058,5
78501,5
52491,1
50720,1
55977,5
43720,1
71085,1
74412,1
81992,1
88006,5
36697,1
68995,1
37221,5
41902,5
82716,5
82865,5
51690,1
60783,1
37131,1
49149,1
57700,1
50913,1
20148,1
87906,5
49369,5
55312,1
83164,1
53132,5
75813,5
5990,3
60660,1
79169,1
86226,5
36509,1
75104,1
84715,1
61246,5
54634,1
51318,1
81021,1
81069,1
71442,5
80828,1
51325,1
87043,1
85027,1
51954,1
61058,1
38150,1
38580,1
54890,1
78477,1
82619,1
81882,5
34618,1
53725,1
84074,1
51843,1
37354,5
47395,1
71921,5
80776,1
44844,1
56408,5
83676,1
69782,1
78167,1
53021,1
37714,1
46788,5
56770,5
84747,5
87770,1
43989,5
81796,5
59329,1
82723,1
39141,5
81437,1
60583,5
69922,5
47211,5
38164,5
81348,5
83248,1
77837,1
50656,1
65585,1
48642,5
65458,1
39445,5
55564,5
79843,5
65598,5
77283,5
81867,1
73887,1
76928,1
41245,5
36071,1
88796,1
88589,1
8067,3
88023,1
75071,1
75141,1
44643,1
44655,1
45532,1
46082,1
43844,1
34574,1
8264,3
85362,1
82742,1
79311,1
79347,1
51693,1
83358,1
3985,3
51260,1
66019,5
66021,5
39710,5
79979,5
60209,1
7357,3
71650,1
50476,1
21193,1
84441,1
55297,1
59213,1
52339,1
345,1
506,3
1814,1
4705,3
6060,1
6397,1
7877,1
10105,3
10612,1
10693,3
11468,1
12498,1
13139,1
13296,1
14676,1
16360,1
16691,1
20632,1
21247,3
22609,1
24142,1
24332,3
27811,1
29186,1
29271,1
29961,1
30682,1
32250,1
32971,1
33330,1
34694,1
37322,1
38311,1
38395,5
38421,1
39648,1
39693,1
41011,1
41023,1
42868,5
43044,1
43561,1
43827,1
45291,5
49322,1
51128,1
52789,1
52807,1
52824,1
52881,1
53030,5
53661,1
55910,5
56005,5
57327,1
59534,1
59871,1
62051,5
69688,1
72450,1
72481,1
74582,1
74764,5
76089,1
76828,1
76866,1
78555,1
79173,1
79658,5
81278,5
81745,1
82083,5
82145,1
84186,1
86184,1
88065,5
54380,5
80111,1
19911,4
84381,1
85515,1
56278,1
40054,5
7413,3
74998,5
9966,4
33481,0
18759,4
56834,4
39834,2
57105,4
84730,5
74570,1
73476,1
25983,2
47407,5
76813,1
38327,5
22387,2
31333,2
34075,0
59500,1
50301,2
16333,0
28953,0
23335,4
67357,2
66559,4
50007,5
52814,1
35447,5
35454,5
35461,5
35468,5
35475,5
35482,5
35573,5
35580,5
71499,1
1297,2
59665,0
1410,3
50081,4
72059,4
14101,2
28377,2
24902,2
9829,3
77997,5
6181,3
58806,1
10212,2
27717,0
71833,4
82147,4
63145,1
24242,4
18412,0
15286,3
60579,1
59788,1
7513,3
32703,4
58144,2
2276,0
2277,0
3281,0
3343,0
11889,0
37411,2
30396,3
22810,2
31688,4
21605,2
85279,2
15576,0
65050,2
24487,2
84539,2
22628,2
34216,2
9200,0
52073,4
2383,0
15324,2
28261,0
65551,4
46501,2
3813,0
13674,0
16214,0
16274,0
18472,0
40689,2
18807,2
56750,4
33462,2
1117,4
58507,0
924,4
1045,4
66790,4
80504,4
62280,4
5764,0
68317,4
69869,4
54643,4
50748,4
50823,4
21741,0
68316,4
15981,0
82708,4
21914,4
48686,4
79854,2
82176,4
39308,4
2198,3
70246,4
36878,4
66784,2
70670,5
78180,2
53016,2
45021,2
61818,2
86854,2
10325,0
71037,2
37008,2
37418,4
57802,4
50984,4
39612,4
74901,2
32777,4
86812,4
55207,2
21424,0
67723,2
85988,2
87984,2
54605,2
60446,4
47856,0
64357,4
47812,5
56102,2
73587,0
57307,5
41106,2
71319,2
41003,0
52380,2
43890,2
62963,4
47846,4
84499,4
41211,4
40676,2
69956,4
56559,5
66635,5
53712,5
39649,1
57545,4
58145,5
81124,1
37822,1
72276,1
37327,1
87885,5
45061,5
38660,5
39158,5
49523,5
43596,1
59564,5
69883,5
56972,1
74826,5
46451,1
68849,1
38924,5
40747,1
61401,5
75697,5
66121,1
79604,5
39657,5
59598,1
76963,1
59592,2
10932,2
72083,2
33243,2
86965,5
41766,2
40174,5
42233,1
901,3
34270,4
76681,1
172,2
44115,5
39049,4
7485,4
22879,3
17822,0
71769,2
34064,4
76885,1
10005,3
38246,1
65179,4
49011,1
57811,1
78791,5
18221,3
86862,4
87577,5
87776,2
44047,1
38866,1
26445,2
77360,1
53294,5
20003,2
84230,2
46121,4
4330,2
22361,2
3525,4
22594,4
29012,3
12811,4
77163,2
58842,2
24075,4
6227,4
8140,3
2835,2
39992,4
20752,0
26630,0
5069,3
25636,2
15429,3
9818,3
13019,2
14906,4
7764,0
76522,4
4861,0
19705,2
54619,2
4449,0
28054,4
23809,0
15784,0
12182,2
19337,0
31469,0
27308,2
1362,2
33365,2
25025,2
25988,0
28475,0
21494,2
24228,2
30427,4
670,2
28102,0
22506,2
35194,2
15434,0
29957,0
23422,5
9873,2
16810,2
21776,2
24480,4
31510,4
19810,2
7777,2
14790,2
25597,2
14086,2
30654,2
5497,2
13096,2
31250,2
52204,2
52244,2
13018,0
6635,2
28771,0
24864,0
68325,4
37553,0
272,0
12188,4
46428,4
26009,2
32632,4
48185,2
14605,2
4130,4
17195,4
21621,4
34497,4
6351,4
9162,0
7062,3
37624,4
28414,4
43489,4
61411,4
29668,0
31280,0
22559,2
12454,3
3244,4
6343,3
31741,0
17714,0
2202,0
30784,4
24341,0
25850,5
10072,2
15408,4
70354,4
72589,4
16571,2
39931,2
66495,2
12880,4
15069,2
87228,2
22255,2
32331,2
75515,4
19778,0
29942,2
36008,2
68312,2
20538,4
6299,2
17842,2
78251,2
31965,4
71145,2
13032,2
32018,2
51422,2
9037,2
33984,4
40562,2
41154,2
6509,2
11997,2
46410,2
49360,2
49450,2
50157,2
55333,2
78535,2
55759,2
62184,2
7813,4
4504,3
70886,2
5774,2
9353,2
9666,2
12045,2
19488,2
23907,2
55180,2
61414,5
65511,2
83562,2
16105,4
42999,2
148,4
12408,4
72575,4
25700,2
42932,2
9653,0
8398,0
29950,2
20868,0
18208,2
26323,0
83857,4
29475,4
33710,2
12572,2
3294,0
3749,4
4255,4
6536,4
25425,4
3263,4
7700,0
12429,4
41372,4
75800,4
7914,2
30431,2
27314,4
867,4
11132,4
23108,4
25120,4
25203,4
26057,4
26857,4
27422,4
32290,0
39939,4
46511,4
49564,4
53548,4
55912,4
56593,4
61803,4
70022,4
70845,4
74056,4
74495,4
85937,4
87677,4
2526,0
9282,0
10153,4
22035,4
32177,4
30238,4
949,2
1611,2
31212,2
36824,2
62780,2
74719,2
26558,2
7210,4
27785,4
11403,2
13486,4
40656,4
20885,0
14895,4
2898,4
10728,4
16240,4
32323,4
58162,4
61798,4
3070,4
3795,4
4687,0
8618,0
22138,0
22311,0
23330,0
73007,0
84301,0
742,4
1748,0
3692,4
14417,4
15596,4
18871,4
19512,0
30273,4
34523,4
69814,4
69836,4
86515,4
10275,3
88412,2
2148,2
85935,4
51498,4
20377,4
22242,2
53067,4
33189,2
43637,4
32399,3
29771,3
4543,4
373,0
29281,0
13162,4
13396,4
13529,0
87675,2
76390,0
11968,4
16512,0
77626,0
27534,0
5022,0
6983,0
7221,0
16064,0
1626,0
68021,4
9134,4
47063,4
69041,4
83491,2
31864,4
75832,2
23607,4
13573,4
54889,2
61779,4
75222,2
75613,2
19080,0
29301,4
8466,2
24182,2
56712,2
2289,4
38649,2
50021,4
15233,4
40812,4
41826,4
68690,4
71815,4
50669,4
25398,4
25146,3
82075,4
62135,2
67366,4
19566,0
28246,0
7119,4
26170,4
82826,4
42673,4
16297,0
37737,0
76087,0
15506,4
34577,4
18471,2
28258,3
42719,4
28307,2
76063,2
82543,2
49555,4
18025,0
78157,4
17699,2
46289,4
19713,4
73136,4
82572,4
32755,0
8257,5
46934,4
47317,4
67411,4
21338,2
23503,4
20941,4
83932,2
40251,2
40554,2
78265,2
83392,2
49162,2
87531,2
6718,0
7806,4
8045,0
12970,2
40693,2
40823,2
49173,2
55149,2
61548,2
74461,2
77867,2
23349,4
72399,4
11562,2
37253,2
82341,2
56301,2
75575,2
35093,4
37188,4
39041,4
47154,4
57080,4
16139,3
49734,0
51996,4
49689,4
75034,4
76027,4
80139,2
34424,4
50549,4
56321,4
71906,4
81292,4
60386,4
52832,4
54932,4
6146,4
8946,4
11756,4
24081,4
37948,4
40053,4
40076,4
44402,4
55249,4
55633,4
64996,4
66238,4
68025,4
71486,4
74687,4
24697,4
28992,0
35681,4
45774,0
49786,4
76731,4
77063,2
30265,2
84395,0
19420,2
36882,2
64880,2
71269,2
54656,2
54704,2
67602,2
2044,4
32855,4
15989,4
71901,4
86686,4
55103,2
69492,4
40242,2
74828,4
88348,4
70550,2
2138,3
41711,2
24435,2
43952,4
62695,4
66334,4
66480,4
74756,4
75275,4
83230,4
83231,4
85295,4
54938,4
58918,0
73542,0
77608,2
87690,4
88033,4
47778,4
24768,2
66280,4
86494,2
49650,2
85469,2
77554,4
65110,2
74980,2
81371,4
49189,2
81959,2
56184,2
21279,3
8572,3
77532,4
65731,2
47184,4
83205,2
81044,4
79463,4
56680,4
45964,2
59944,2
54250,2
42689,2
88474,2
66820,4
45242,2
58173,2
67270,2
22501,4
53821,2
74812,2
79119,0
14317,3
67373,2
67300,5
37926,0
47699,0
55647,2
66782,2
55650,2
65951,2
46516,4
42591,2
70529,2
74740,2
57684,4
48486,5
80751,2
75607,4
55604,4
65742,4
42984,0
87097,4
87419,4
49291,4
23378,0
75135,4
75501,4
38577,4
20043,3
42409,4
77418,2
9566,2
78611,2
64349,2
66597,2
68205,4
64913,2
66414,4
81675,4
48936,4
81855,4
39420,4
56144,4
28930,4
37730,4
42850,4
46354,4
46771,4
58394,4
34844,0
35435,4
57344,4
61784,4
42199,2
51917,4
87750,4
54105,2
63028,2
58536,4
58968,4
41057,4
75263,2
55182,2
61253,2
81370,4
47920,4
54979,0
41614,2
29838,2
34673,4
77130,2
44265,4
85421,2
56194,2
85771,2
88060,4
86334,4
55205,5
39702,3
65169,2
75360,2
41300,2
75766,0
66747,2
65360,5
78011,4
52091,2
40486,5
44051,2
81265,4
52344,4
70759,2
71861,4
34937,4
45505,4
56659,4
64188,4
79664,4
80419,4
39055,4
44193,4
71181,4
82575,4
75069,5
43836,5
67540,5
37835,2
47214,2
55388,1
74852,4
75197,2
74046,0
43876,5
66699,5
70838,5
75208,5
41701,4
41879,4
78802,0
37552,2
84320,0
81257,1
64956,4
81743,5
43493,4
44144,1
75335,4
63716,1
45544,5
39410,5
61865,4
39212,5
56713,4
75339,5
74418,5
86456,2
38501,5
46422,4
74082,1
47968,5
41172,5
62002,4
64617,5
59573,5
87867,4
72658,4
55529,5
53014,5
60280,5
71252,5
38726,1
55825,5
41376,4
40103,5
65288,1
87660,5
87661,5
43591,4
40715,1
43909,1
50898,1
50923,1
66222,1
60770,1
61635,4
46517,5
66636,5
67571,4
55968,4
70301,1
47818,1
57892,1
80161,1
56793,4
46321,1
50332,1
78486,4
36080,4
53930,5
49481,5
78216,5
67281,2
79730,2
79237,5
43643,1
39869,5
70542,5
36704,5
39077,5
67769,1
66269,5
49440,4
67160,2
66618,5
38077,2
61453,5
36815,4
40257,4
41031,5
53686,1
76711,1
46813,5
77334,1
23095,3
53733,5
55139,5
43178,5
46610,1
54111,5
46761,5
70962,5
82819,1
36660,1
49252,5
87657,1
41814,5
47774,1
40078,1
37063,1
38383,1
74014,1
46115,5
50155,5
43231,5
82999,1
40549,5
43832,5
74825,1
68033,4
39698,5
51148,1
78717,5
40638,5
46538,5
46644,1
38927,5
40294,5
64860,5
70381,5
44283,1
73656,1
40282,1
79910,1
71156,1
40902,5
66014,5
85986,1
50019,1
55322,1
40920,1
41664,1
82924,1
83635,5
83637,5
64692,5
82497,1
48134,5
38966,1
24966,3
51029,1
41601,1
54846,5
84666,5
49848,1
35271,1
80344,1
51002,1
52936,5
68713,1
86201,1
40176,1
74491,5
79423,5
64501,5
65064,5
78368,1
50292,1
62277,1
39550,5
87805,1
38675,1
86003,1
76630,5
46014,1
84519,1
77556,5
41440,5
81674,5
56447,5
67416,5
71920,5
79095,5
71148,5
72288,1
38464,1
51212,1
35393,1
73549,1
54534,5
50430,1
54623,1
83779,1
57749,1
53803,5
50416,1
81698,5
53466,5
87155,5
82134,1
52203,1
36457,5
88559,1
68137,5
74788,1
54180,5
72472,5
81144,5
58406,1
79228,5
52008,1
53146,1
57861,5
79202,5
83388,5
67830,5
45636,5
49817,1
82911,1
45989,5
62665,5
76855,1
5938,1
19948,1
48586,1
53367,1
54983,1
70417,1
9517,0
55024,2
16449,0
85514,4
83450,2
82193,1
44523,1
86868,2
58129,2
61599,1
10573,3
527,4
12911,3
5462,0
8236,3
30458,3
3088,4
21371,3
67744,1
73857,5
82166,1
29123,0
65792,5
65797,5
65802,5
33231,4
72008,4
44856,5
14845,0
51812,5
40557,5
32291,4
3237,3
989,4
38385,1
68614,2
25136,0
22961,0
24412,4
10872,2
24651,4
1501,3
180,2
55591,2
56018,2
65252,4
62229,3
21745,4
34528,2
44953,2
61602,4
46274,4
28222,4
1497,4
3458,4
32274,4
56714,4
33476,3
28189,4
32949,0
20449,3
2477,4
10412,4
10535,4
32405,4
71478,4
71574,4
74674,4
12895,3
22719,4
59266,2
70853,2
54973,4
38344,4
36723,4
4988,4
65440,4
42708,2
38215,2
22317,3
43910,2
67024,2
41382,2
62047,4
71087,4
40224,5
54782,4
79855,5
50944,4
52740,4
70808,5
78012,1
56969,1
75554,5
75654,5
88720,1
88247,5
88249,5
43823,5
47655,5
32465,4
18171,0
8359,3
27340,3
17915,2
205,4
75258,5
19861,2
24937,3
758,3
20119,4
35678,2
57438,4
82759,1
20861,2
81,2
18766,5
57248,4
24295,2
48348,4
18464,4
16800,4
61093,5
38292,1
29862,2
20468,0
86814,4
46445,2
3345,4
3890,4
4412,4
79214,5
6760,3
10376,2
33277,0
25070,4
23591,3
84178,5
24214,2
35122,2
36432,4
36812,4
38238,4
38380,4
39328,4
39802,4
40297,2
43800,4
44302,4
44348,4
46161,2
46489,4
46863,4
47124,4
50315,4
50686,4
50752,4
51333,0
51628,4
52184,4
52434,4
52973,4
54822,4
55105,2
55106,2
55107,4
55704,4
56454,2
56575,4
56673,4
56995,4
57008,4
57164,4
59463,4
60026,4
61255,4
61402,4
61905,4
65173,4
65185,4
65375,4
65778,4
65880,4
66843,4
68586,4
68629,4
69906,4
70127,4
70954,4
71678,4
71679,4
71890,4
72334,2
74584,4
75107,4
77128,4
77320,2
78253,4
79946,2
80493,4
80574,4
80811,4
81282,4
81396,4
82342,4
82463,4
86508,4
86510,4
87029,4
87200,4
87291,4
87848,4
87974,4
88002,4
88530,4
20040,3
31135,0
4500,4
10345,4
17517,0
17608,0
21794,2
24599,2
43040,2
26252,2
5324,0
4364,0
5448,0
22142,0
18233,2
61663,2
29188,2
21487,4
8016,3
7999,3
17378,0
618,2
19148,0
38129,2
7046,2
46785,2
46022,2
32353,2
3053,2
7598,2
19587,3
28593,4
6701,2
54590,2
36969,4
12465,3
75946,2
47000,4
31416,4
31440,0
32367,0
24863,3
32239,3
15263,3
12659,0
16562,2
11535,0
28162,3
11511,3
10554,2
7590,2
26534,0
6953,0
49133,2
15254,0
6289,4
19947,0
11406,4
13738,4
10139,0
19977,3
49541,2
52320,4
24848,2
20940,3
19532,4
25420,2
61752,4
46152,4
29392,0
1230,0
4054,2
10180,3
11710,2
31625,2
6082,3
18016,4
12269,3
7962,4
7994,3
21370,2
48712,2
7315,3
45567,2
11214,3
8911,3
1721,3
30645,3
4461,3
17077,4
17523,3
83360,2
32320,2
7852,0
13873,0
15537,0
14770,3
18083,3
33177,2
10380,2
47829,4
24150,0
13638,2
22304,2
19427,3
5676,3
15573,3
46303,4
21036,4
79926,2
31316,3
21561,0
69645,0
75660,2
28133,0
29716,2
7400,3
13088,4
24608,0
28387,2
10668,4
23950,0
11087,2
88620,4
20980,4
26076,2
19651,3
30652,0
27561,4
74837,2
17037,3
20424,3
73556,0
13482,0
17825,0
88350,4
24001,2
25064,2
14318,2
27152,3
34041,3
18817,0
49683,4
53228,0
81940,4
29384,3
29705,0
1673,2
23517,0
49132,2
4614,3
32440,3
49419,4
7635,3
19288,0
32455,2
29587,3
16801,0
29534,2
25876,3
19794,4
1305,0
23034,0
32754,0
10860,2
4952,2
23696,3
26338,3
5656,0
26838,0
24310,4
14829,0
13721,3
25302,3
53870,2
12386,3
23952,0
9747,3
57890,4
25116,0
25801,2
5113,0
24958,0
31152,3
25318,0
5894,3
1285,3
59714,4
11908,2
24279,3
2520,2
10355,0
2514,3
23926,2
1154,3
51320,4
12218,3
13801,3
20988,0
30613,0
30181,2
30322,0
469,3
11440,3
28216,2
21118,3
61287,0
24887,3
24243,0
5129,0
22003,3
59842,4
31238,0
26174,3
14014,3
7027,0
7463,3
14863,0
26954,0
32419,2
22306,4
1267,2
8346,3
11048,4
31146,0
1843,0
51245,2
2832,3
32524,3
14749,0
30588,0
27049,0
24658,0
43306,0
8643,0
30896,0
26883,0
2032,2
13755,3
24484,3
11782,3
2881,3
4171,3
32393,0
20713,0
21839,4
26923,2
31843,4
16036,0
17038,3
11559,0
13761,2
5077,0
26654,0
5218,0
26058,0
13,0
20160,2
9704,0
951,0
12420,2
26808,2
32534,0
23351,0
19629,2
59678,0
19405,0
38855,2
9773,2
5783,2
17947,2
22479,2
20966,2
10428,3
64811,2
33616,0
27297,0
17792,2
1163,3
2019,0
4491,2
10785,2
10886,2
16344,2
25172,2
6858,0
294,0
24583,3
26673,2
7786,2
6555,3
2465,0
8522,3
1652,3
16460,2
5725,0
14276,3
27589,0
13909,2
9570,2
21967,2
4425,0
19377,3
8767,0
33314,2
22917,3
63888,0
19580,2
1281,2
12652,2
2031,0
5972,3
31026,0
43706,2
15147,2
32130,3
7056,0
13696,4
62847,2
33334,2
17312,3
26798,2
21852,0
15642,3
75658,2
31736,0
57961,0
12099,2
31310,2
8733,2
18898,2
25020,2
22703,3
4041,0
11558,2
14940,3
21288,3
20442,0
9565,0
21273,3
16499,3
15523,0
15524,0
10469,0
17261,2
82726,2
1916,0
25073,2
5443,2
80250,4
12368,2
5242,4
31835,0
3443,3
5572,2
1255,2
32872,2
17298,2
6828,0
2766,2
2113,0
3919,2
60427,2
15066,2
3777,2
5945,2
46211,4
23143,0
3576,3
26098,2
15545,2
39663,4
16237,0
6592,2
8541,2
88094,2
27525,2
33537,0
12892,4
12307,2
2888,2
26714,3
34133,3
20461,0
66425,2
32453,3
67312,2
57231,4
19856,0
11201,0
19647,2
15575,2
3558,3
29431,2
2393,2
27917,0
37033,2
32195,2
18966,0
11695,0
78124,0
9754,2
67090,4
28758,2
16381,2
30247,0
55222,2
65843,2
28756,0
31435,0
7086,2
82247,2
26739,2
30018,2
31505,0
82202,2
4517,4
17818,0
29055,2
11113,0
23122,0
30609,0
28462,3
2598,2
6011,2
7203,2
7308,2
32790,2
8770,2
16714,0
58682,2
5818,2
14682,2
15120,2
7875,3
3922,2
2787,0
7856,0
21434,0
250,2
5072,2
10321,2
12521,2
13171,2
16266,2
18491,2
5532,4
24463,2
25637,2
27674,2
28011,2
55935,2
11447,3
11256,2
40319,4
31263,3
32936,0
9136,2
29356,2
30291,3
15073,3
6664,0
5374,2
18967,0
22012,0
33099,0
17262,0
50185,2
3074,2
8780,2
3319,2
25643,0
32370,0
27263,0
32066,0
19506,0
32859,2
26227,0
24856,0
25489,3
12431,2
19338,2
33246,0
307,0
25021,2
25948,2
3894,0
4165,2
5745,2
6334,2
6896,2
32819,2
32912,2
64373,2
25154,0
23287,2
31798,2
32350,2
9551,2
33589,0
34251,0
14788,2
15151,2
24668,2
26904,2
52436,2
31925,3
32770,0
23307,0
12000,4
15144,0
5407,0
4378,2
57167,4
12155,2
14050,0
27842,0
22385,0
28917,0
30383,0
47966,2
23490,3
25818,0
25027,0
3211,3
22776,4
33864,0
30118,0
29909,4
86677,4
86797,4
32701,0
4355,0
30032,0
30436,0
6182,4
28192,0
1773,2
6439,2
7595,0
10102,0
14488,2
14641,0
15096,0
22435,3
1912,0
3256,0
4652,3
5029,2
5475,2
5516,2
9180,2
9615,0
10691,0
10729,0
25965,2
32922,0
33641,2
38308,2
5099,4
14214,0
18567,2
22456,2
23955,2
25252,0
26830,0
27944,0
31286,0
57481,0
72565,0
78392,0
81993,0
14828,2
28463,0
21976,0
22636,0
23019,0
29808,0
61627,2
16262,4
27032,0
59301,2
11254,3
34151,3
80838,2
62233,2
31299,0
6051,2
2358,0
21569,2
14475,0
65253,4
13555,3
84169,2
87046,2
23827,0
17092,4
17804,0
65397,4
88764,0
31917,0
3078,0
11329,3
22802,2
4756,0
27466,3
8028,0
22774,2
6214,0
29102,0
30337,0
31497,4
210,4
2973,0
4144,0
6704,0
7565,0
8505,0
12791,0
72473,2
24701,2
24050,2
59882,4
32638,4
21915,4
54631,4
49242,4
55031,4
26110,4
25647,0
43274,0
5182,3
36765,4
37609,4
82674,0
5062,0
28850,3
2966,2
3293,0
14972,0
7044,2
59383,4
83572,0
4815,4
32506,0
74172,2
19133,0
8788,0
9951,0
28624,4
24144,2
2483,3
6610,0
4177,2
54866,2
21818,2
33333,2
4360,2
4574,2
22216,2
32594,0
31073,4
14176,2
18979,2
47044,2
8189,0
15802,0
17412,3
3940,0
24286,0
12343,3
32306,0
22953,3
42180,0
26696,2
20475,3
86927,2
85809,2
70148,2
26162,0
26831,2
23726,0
21718,2
24976,0
14775,0
22706,0
50228,2
4622,2
5715,2
13995,2
22576,2
26409,2
60867,2
44247,2
1477,4
30820,0
5376,0
12616,0
33066,2
18544,3
41904,2
82753,0
49994,2
78274,2
73799,2
22350,2
33087,0
21432,2
56552,4
16459,0
4478,2
29451,2
6118,0
31691,4
5871,0
20022,4
26816,0
20590,0
9770,0
8056,3
9060,2
12008,2
14241,2
17460,2
32937,2
58430,2
29023,2
16077,2
16518,2
24748,2
4889,0
33745,4
3033,0
55463,2
2709,0
7512,4
8443,0
14697,0
15067,4
15988,0
28587,0
70097,0
8457,2
52640,0
25705,0
17929,2
13351,2
17543,2
52935,2
78140,2
23289,0
21634,0
61824,2
13133,2
25326,0
33464,2
295,2
2292,2
5524,2
6091,2
6382,0
8348,2
8662,2
14350,2
16102,2
20706,2
21202,2
23448,2
23772,2
23887,2
24114,2
26974,2
28559,2
30522,2
31154,2
31590,2
32435,2
32986,2
49513,2
54942,2
55358,2
75145,2
26429,0
7823,0
6039,3
82983,2
12150,2
1546,4
12092,0
25856,0
21740,0
1321,2
33514,0
24895,0
13154,2
65158,2
47947,0
6871,0
9250,0
14089,0
15136,0
19723,0
55026,0
4510,4
2676,0
3357,4
3885,0
34073,3
10371,0
14402,4
18282,0
18441,3
18550,0
22983,0
23805,0
24667,0
24707,0
27640,0
32775,4
47903,0
56043,4
56095,4
67659,4
82988,0
16150,3
82526,2
1568,2
2861,2
5040,2
5175,0
8909,0
11866,2
16698,0
21874,2
26020,2
30417,2
32731,2
66532,2
77961,2
80365,2
83064,2
5151,0
8255,0
11466,0
12437,0
12570,0
14753,0
15433,4
15820,0
16145,0
21856,4
23081,0
23953,0
24432,0
25089,0
29849,0
30476,0
30770,0
31951,4
32484,0
33633,0
34272,0
72215,4
76765,0
38116,0
83947,2
33782,4
20881,0
16337,4
16351,4
6844,0
27063,0
17928,0
31226,0
49014,4
17374,0
19423,0
23256,0
59056,0
2435,0
2971,0
6016,0
13614,0
13812,0
21241,2
25682,0
27611,0
28909,0
34175,0
38433,0
50977,2
50978,2
11257,0
50216,0
18836,0
7428,0
22135,0
5210,0
10643,4
19975,0
2218,3
24291,4
10677,3
29892,3
11853,4
10725,4
3631,4
1559,0
4807,0
4967,2
7680,0
8654,0
9768,0
9848,2
11822,0
12132,0
14021,0
14746,0
18808,3
18896,2
19983,0
21341,0
29810,0
31223,0
31846,2
56592,2
29859,0
28897,0
43215,2
3584,4
12355,4
2479,0
3160,0
3850,0
6869,0
6936,0
9447,0
9679,0
16723,0
18127,0
25222,0
26104,0
39351,4
62493,0
68926,0
68948,4
78847,4
20405,0
14786,4
8063,3
31047,2
23885,0
11125,3
19231,0
19126,3
30631,2
68996,4
28671,0
24805,0
88198,4
20146,0
5297,4
20437,0
29504,0
20478,0
20100,0
7249,0
13840,0
29726,3
42971,2
6862,0
7625,4
8560,4
9147,4
9189,4
9864,4
12016,4
36050,4
39364,4
55398,4
18765,3
656,0
2641,0
3284,0
3851,0
4462,0
6375,0
7453,4
7830,0
7939,0
8555,0
8849,0
8910,0
10507,0
13987,4
15083,0
15938,0
15948,0
16696,0
20279,0
20946,0
24950,4
25790,3
26791,4
26984,4
29728,0
30277,4
37620,0
43329,4
47692,0
62159,4
30487,0
5037,0
7892,4
13337,2
31079,0
7891,0
17522,2
11869,0
24436,4
2967,0
7654,4
9456,4
12977,4
29011,4
29127,4
43488,4
46898,4
61378,4
66856,4
84588,4
45987,2
881,0
2509,3
2666,0
2833,0
3428,0
3895,0
7247,4
8327,0
9762,0
10187,4
10316,0
11050,4
11755,0
11891,0
13472,4
14942,0
15159,0
15283,4
18748,0
20062,4
20164,4
20549,0
23398,0
23652,0
23822,4
24801,3
25336,0
26360,0
28159,0
28433,4
29083,0
29521,0
30111,0
32911,0
33073,0
33403,0
56269,4
56277,4
56294,4
82872,0
23345,0
1320,4
20073,0
1292,2
7599,2
4009,2
57951,2
15182,2
25826,0
30946,0
4310,0
13480,2
55457,4
1560,2
1118,0
9287,3
34098,3
23377,0
34667,2
86682,2
16537,0
88232,4
11285,0
18911,0
25904,3
6489,0
21078,3
23164,0
34267,2
29242,2
22447,0
48395,2
9729,0
31248,0
2080,0
18421,4
34607,4
34608,4
8659,0
8996,2
10873,4
20565,0
21850,4
14132,3
85359,2
57429,2
28466,3
1587,2
29366,2
1656,0
2882,0
8141,0
14738,3
31115,0
43758,4
44338,4
29722,4
27216,0
59638,0
23033,4
14653,0
1467,2
9750,2
86389,2
31379,3
23962,0
308,0
683,0
1630,0
4022,0
11141,0
13506,4
14076,0
17724,0
19809,0
23540,4
23612,4
57388,4
61182,4
3726,0
3746,0
3804,0
6822,4
7122,0
10415,4
26251,0
27163,0
36775,4
37689,4
77071,0
80138,4
3678,0
3828,0
9952,2
23925,0
40142,2
34274,0
12154,2
5748,2
49142,4
2132,2
11750,2
23942,0
28653,2
19769,2
83885,0
31233,4
32595,3
206,0
15188,2
2727,0
18832,4
2114,0
23714,0
39624,4
17502,0
30233,0
29630,2
53494,2
8172,0
8664,0
32002,0
48045,4
33873,3
19895,4
50312,0
38050,2
15823,3
14544,0
24844,4
81446,2
11485,0
63187,4
24421,4
32717,4
25330,0
17665,2
8365,4
33692,4
12464,4
13471,0
18515,4
21122,0
30721,0
33354,0
40014,4
45605,0
16206,4
5414,0
20552,0
33416,0
75451,2
77584,2
72525,4
17110,0
87618,2
8954,2
15921,2
31292,2
45998,2
262,2
17090,0
1668,0
14392,2
3249,4
78879,4
2104,4
28640,4
2162,0
2917,0
3503,0
3808,0
16236,3
17040,0
23428,0
33520,3
33672,0
77762,4
22264,3
11228,2
16850,0
25109,3
3107,0
27854,4
28874,0
66610,2
67165,2
16431,2
4111,4
72163,4
73693,2
10553,4
40702,4
41354,4
10994,3
20317,0
26516,2
30795,3
25644,4
48917,2
49697,2
71300,2
83787,2
3803,2
8983,2
22185,2
33799,2
4194,0
19917,3
74907,2
1159,0
7743,0
20113,0
74417,2
68694,2
20072,4
8823,2
27442,2
20121,4
27165,0
24106,2
12215,0
20075,0
29005,0
83678,0
41788,2
28540,0
15330,4
49658,2
83721,2
1775,2
5124,0
20262,0
11038,0
56484,4
18322,4
18321,0
27660,2
66561,2
8520,2
40717,2
74881,2
87663,5
4420,4
25321,2
6441,4
6727,4
48312,0
2164,2
8237,0
52922,0
32647,2
27354,0
48918,4
8222,2
16520,2
19164,2
22768,2
23940,2
25874,2
46336,2
79410,2
10905,2
27693,0
15513,2
7430,0
1037,2
13795,2
15890,2
20341,2
32828,2
55288,2
67536,2
71116,2
71253,2
75782,2
4596,2
29848,2
1942,0
38367,0
86452,4
27406,2
29233,2
23210,2
50484,4
19938,4
25794,2
5303,2
69245,2
30626,2
15677,2
30187,0
10197,2
25774,0
34457,2
16910,2
70937,2
13977,4
24851,3
53526,2
1986,2
4329,2
4814,2
8336,2
10959,2
12079,2
12548,2
14962,2
15396,2
15621,2
20560,2
23188,2
23525,2
25895,2
26806,2
27392,2
27649,2
28791,2
29987,2
30714,2
32279,2
33617,2
34319,2
45820,2
46008,2
53410,2
53495,2
60436,2
60632,2
65914,2
67008,2
67027,2
76108,2
79341,2
83111,2
83834,2
87891,2
13238,0
28748,0
37642,0
33436,0
13772,2
17653,0
31788,0
21869,4
27279,0
31196,0
50512,4
60353,0
69012,4
39314,2
9714,2
14337,0
84340,2
60920,2
11070,0
22665,2
39219,0
47359,4
799,2
1340,2
1506,0
2090,2
2701,2
3031,2
11253,2
11501,2
12271,2
12986,2
13619,2
15238,2
16216,2
20669,2
26647,2
28359,2
30070,2
31474,2
33100,2
33194,2
33378,2
33430,2
33831,2
40337,2
40762,2
41371,2
42191,2
45045,2
45634,2
49348,2
49755,2
50180,2
52400,2
54556,2
55947,2
61964,2
62755,2
66274,2
66951,2
71264,2
75583,2
75733,2
77668,2
79333,2
79400,2
79907,2
86062,2
86252,2
86445,2
86714,2
86935,2
3403,0
2322,4
23875,0
66789,0
11379,0
33142,4
72942,0
7480,4
19891,0
22149,0
24393,0
72923,4
79321,4
6992,2
85924,2
2651,0
22840,0
29600,0
30670,0
31305,0
32235,0
33203,0
33830,0
53557,0
57367,2
59398,2
46255,2
32003,4
23977,2
4880,2
4929,2
12135,2
12537,2
50213,2
64939,2
56225,2
12285,0
19176,0
19380,0
21418,0
32708,0
31786,2
10116,4
5548,3
16993,3
30283,2
28208,0
27128,0
22798,2
25076,0
17646,0
11760,0
3682,4
85003,0
223,0
21179,2
26680,0
26803,2
31117,0
32360,2
45781,4
33313,3
40630,4
56138,4
6729,0
10616,4
18588,0
19518,4
26728,0
28380,0
29855,0
48532,0
63253,0
54931,4
18057,2
30943,0
45659,2
42582,4
21141,2
15673,0
35077,2
80518,2
88483,2
87953,4
83837,2
86794,2
81410,2
60562,3
24233,4
86073,2
64674,2
37392,4
29412,4
11944,0
67514,2
24094,0
82521,4
23314,0
26261,0
88741,4
28969,4
3657,3
4960,2
5858,2
6322,2
8310,2
14327,2
22593,2
26502,2
27837,4
27179,0
27638,2
79424,2
86266,4
27239,0
26915,4
15294,2
15601,0
52208,4
8366,4
10928,4
13400,4
66612,4
67018,4
83761,4
53706,4
24071,0
82555,4
874,0
1023,0
1274,0
2846,0
2875,0
3125,4
3489,4
3509,0
3547,0
3731,0
4245,0
4776,0
4848,0
4891,0
5211,4
5646,0
7726,0
9772,4
10228,0
11496,0
12097,0
12388,0
12666,0
12780,0
13184,0
13320,0
13610,0
14044,0
15442,0
16016,4
18145,4
18539,4
19201,3
19243,0
19807,0
20386,0
21023,3
22277,3
22670,0
24474,0
25405,0
25459,0
25565,4
26350,0
26389,0
30503,0
33308,0
33811,3
36876,4
38746,0
38815,0
39162,4
40657,0
43118,4
47183,4
49031,4
49829,4
58165,0
62461,4
65524,4
66930,4
68932,0
68988,0
78272,4
80948,4
81948,4
84199,0
84220,0
84512,0
84609,0
87051,4
22173,2
8349,0
19460,3
1629,0
37583,4
13342,0
38557,2
19217,2
36507,2
23491,2
56646,4
5684,0
18633,4
7304,0
27643,2
13752,0
21909,0
24033,0
62290,2
62054,2
28578,4
56916,0
39639,2
7869,0
22462,3
41073,4
2507,0
18131,2
7482,2
12987,0
69232,2
84245,2
2774,0
28933,0
24316,4
453,0
7274,0
26980,4
158,4
2933,0
5006,4
5012,4
8817,4
9406,4
10238,4
10445,4
10968,4
18856,4
25035,4
26740,4
29923,4
30564,4
34538,4
36068,4
36866,4
37293,4
39266,4
39641,4
39775,4
40264,4
40315,4
40730,4
46839,4
47426,4
47524,4
49565,4
50160,4
53555,0
60729,4
62104,4
65378,4
66031,4
66725,4
67272,4
67295,4
67315,4
67469,4
71409,4
74685,4
75634,4
77364,4
79944,4
81774,4
81795,4
81866,4
19658,3
30582,0
2534,0
344,0
463,0
976,0
1399,0
2546,3
3381,0
3478,0
3605,0
4038,0
5537,0
6267,0
6510,4
7316,4
7323,4
7771,0
7789,4
7812,0
8383,0
8545,0
9584,0
9761,0
10222,0
10552,0
10587,0
11698,0
12245,4
13275,0
13797,4
13899,0
13994,4
15405,4
15932,0
16081,0
16311,0
17052,4
17164,0
17227,0
17270,4
18173,0
18354,0
21094,0
21299,0
22021,0
22141,0
22538,0
24139,0
24215,0
24433,4
24536,0
24684,0
24821,0
25344,3
25552,0
25613,0
25858,0
26324,3
26337,0
26506,4
26804,4
27148,0
27275,0
28768,0
28915,4
30531,0
30621,0
31041,4
31274,0
32020,0
32947,4
33086,0
33870,4
33942,0
34521,4
41801,0
46858,4
47288,4
48965,4
53363,0
58880,4
58902,4
58977,4
59061,4
68367,4
69040,4
69200,0
69207,0
69269,4
71873,4
72822,0
77630,4
83082,0
84370,0
9728,2
19914,0
88660,4
2742,2
6782,2
20742,2
5869,2
13178,2
13787,2
17410,2
18880,2
19559,2
20263,2
21678,0
25721,2
25938,2
27651,2
28464,2
29331,2
30771,2
32474,2
33030,2
40081,2
44058,2
45361,2
47514,2
52765,2
52766,2
58826,2
58827,2
61070,2
70355,2
72622,2
75637,2
77478,2
84585,2
86287,2
38936,2
8540,2
4743,2
18988,2
23623,4
44060,4
29514,0
11601,2
16330,0
21555,0
13584,0
9339,0
20779,2
68457,4
75206,2
80063,2
23127,2
43857,4
10674,4
73569,0
36,0
7975,0
9969,0
14187,2
16934,0
18089,0
18163,0
34104,0
18181,0
19031,0
29318,0
6913,0
32318,0
220,4
1512,4
2512,4
4882,0
5428,4
13161,0
43031,4
71595,4
76085,0
40665,2
85493,4
27351,4
95,0
24933,3
78795,0
34284,0
30044,0
19998,2
77249,2
246,2
552,0
32193,0
34766,0
45518,4
21157,0
74718,4
3972,0
7527,0
27083,3
7449,4
16088,0
28007,0
20047,0
39833,2
53568,0
3350,4
9303,4
9940,4
11426,4
12087,4
15831,4
16809,0
18182,4
19033,4
19115,4
19241,4
25497,4
32501,4
33742,4
44960,4
49760,4
50508,4
52164,4
55551,4
58284,4
64638,4
66231,4
72197,4
72297,4
75437,4
75819,4
11021,0
11237,0
774,0
2574,0
3042,4
3092,4
3155,4
3280,4
3382,0
3410,0
3505,4
3676,0
3689,0
4105,0
4312,0
4367,0
6232,0
6445,4
7149,4
7201,0
7616,0
7828,4
8008,3
10585,3
12058,4
12167,4
12273,0
12672,0
12804,4
12824,0
12961,0
13200,4
13245,0
13328,0
13744,0
13831,0
14380,0
14431,4
14556,0
15732,0
15894,3
17798,4
17813,4
18043,0
18175,4
18731,4
19230,4
19234,4
19751,4
20002,0
20017,0
20323,0
20797,4
21142,0
21912,4
22332,4
23130,0
23323,0
23773,4
25098,0
25503,0
25916,0
27011,4
27255,3
27663,0
27845,0
28919,0
28972,0
29267,0
29419,0
29738,0
31231,4
31256,3
31272,0
31450,0
31477,0
31560,0
31776,0
31814,0
31946,0
32155,0
32705,0
33649,0
36748,4
39804,4
40818,4
41970,0
42527,0
44209,4
49598,4
53166,0
57799,4
58084,0
58905,4
59885,0
65455,4
65669,0
72760,0
72836,4
73566,4
76312,4
78184,0
79728,4
84114,0
84160,0
84537,0
20766,0
259,4
1547,4
5426,4
7217,0
11133,4
19259,0
19441,0
21518,4
24808,4
26855,0
27501,4
42352,4
45228,4
45594,4
45915,4
50916,4
58683,4
65446,4
71681,4
88149,4
53527,2
30384,0
30625,0
21435,0
79016,4
59092,0
48657,0
41506,4
33312,0
36473,2
32774,3
79602,2
80595,2
23200,0
4234,0
13430,4
46257,4
10286,4
54322,4
61578,2
16100,0
22393,4
1071,0
17003,4
4691,2
12815,2
52190,3
32536,0
18959,3
5974,4
36860,2
6151,4
10179,3
31044,4
9522,2
14456,2
15337,2
22639,2
30839,2
81616,2
20826,0
32462,0
17962,0
75877,4
87304,2
8665,0
15521,2
33295,0
52316,2
7448,5
10127,2
53152,0
30586,0
28171,3
3574,4
4541,4
6205,0
20483,4
21433,4
33973,0
43527,4
17433,0
55122,2
33776,2
1706,0
4932,3
82013,0
12403,3
29864,4
88230,2
43294,4
123,3
3215,3
18512,0
40752,2
18291,4
47621,4
28520,0
22868,0
52161,4
23067,0
27381,4
9815,0
61337,2
30058,2
2246,4
18874,3
6993,4
67605,2
87710,5
13858,0
6103,0
8396,0
22696,2
27808,4
28527,4
2244,4
63216,4
26612,0
54425,2
72510,0
49838,2
13799,2
13665,0
55995,2
28356,0
29966,2
3436,4
65290,4
86427,4
21938,2
79372,4
80231,4
28700,3
13641,4
15058,0
47262,4
28802,4
19203,4
14538,0
14936,4
6884,2
50750,4
33176,0
77806,4
5096,0
83110,4
83131,4
71729,4
72585,2
25424,0
19182,0
14647,0
51409,2
20409,0
30429,0
45416,4
22162,4
77948,4
81888,4
10940,0
32699,0
26084,4
78523,0
60917,2
14329,2
22832,2
25675,4
5369,4
29178,4
32214,0
31437,4
8878,3
10871,4
24235,0
19752,0
67279,4
46264,4
10954,2
45972,2
65578,4
9338,0
12064,2
22284,0
85109,4
10034,4
24954,0
87739,4
17449,0
71888,4
10739,3
20528,0
49915,4
27274,4
28720,4
7681,2
61801,2
68787,4
730,2
33085,2
69305,4
22600,2
45135,4
71292,4
71777,4
74544,4
11761,3
67124,2
70613,2
32628,0
79184,5
33324,3
7887,3
493,3
15249,0
2537,0
32802,0
28115,0
18017,4
26690,0
27193,4
32173,0
64687,2
21991,4
31829,2
9911,4
18012,0
22115,0
46170,4
46930,0
68715,4
11229,4
18780,3
17450,3
86319,4
17514,2
52851,4
20907,3
53561,0
24249,0
70541,4
26940,2
34341,2
70401,2
21469,4
17470,0
24392,3
310,2
66514,2
48040,4
33865,2
16856,4
7211,2
33326,3
60983,0
24464,0
26976,0
28398,0
3927,3
23878,3
28936,3
50445,4
61081,0
56864,2
24032,2
7840,0
21843,4
50305,4
7846,3
18300,0
67369,4
46729,4
75481,2
84410,0
53464,2
14313,4
71434,2
23762,2
3084,2
53311,2
70054,2
74160,2
79256,2
88472,2
14869,4
31027,0
83259,4
83331,4
25491,2
32951,0
44281,4
33772,3
29656,0
25679,2
3339,2
71322,2
17772,0
18902,0
59905,2
12467,0
80851,4
77472,0
41518,2
5391,0
75267,2
83594,0
64100,2
49033,4
18502,0
85749,4
78971,4
3136,2
25731,2
18219,0
14432,0
31771,3
33022,4
43866,0
47572,0
51326,4
57380,4
70251,0
70270,0
71030,4
83006,0
24374,0
12576,0
66374,2
33032,0
73354,2
57455,2
6474,3
31083,2
71811,0
9078,0
15395,0
39287,0
39891,0
67907,0
25807,2
8532,0
29434,0
42976,0
5177,3
14438,0
18256,4
16609,3
73410,2
3930,4
4307,0
9260,0
18456,3
21455,3
23069,3
28947,0
34751,4
37707,0
71342,4
71919,0
78519,4
80483,4
82868,0
17387,3
34130,2
4968,2
3753,2
32349,2
32957,0
45466,2
51230,2
52969,2
66767,2
76946,0
62594,0
22976,3
70274,0
9257,4
9892,0
613,2
32062,0
58883,0
8192,4
20693,0
57325,4
12592,4
12631,4
51767,4
12363,4
72051,4
3497,4
9547,0
16608,0
39916,4
37774,0
934,2
56565,4
57494,4
23979,0
46436,4
32626,0
5269,0
10744,2
39297,2
59502,0
12511,0
85207,4
396,0
23144,0
50371,4
59883,0
73948,0
11084,0
11478,0
69300,0
10486,3
50207,2
24732,4
66289,2
82031,4
15991,0
44381,4
56835,0
47361,4
54104,4
65857,4
4218,0
14397,0
17747,0
22709,0
30104,4
61682,4
70956,4
72214,4
73749,0
77892,0
80042,4
80198,4
10498,2
2014,0
3303,0
3876,0
4601,0
10716,4
12930,0
13770,0
33270,0
30699,4
59379,0
10613,4
30519,4
11874,2
31521,3
25468,4
13926,0
4166,2
25567,0
40922,2
26715,2
83482,2
60593,2
1180,0
2496,3
4715,3
6640,0
7665,0
10606,0
12472,0
23123,4
28891,0
38499,0
40166,4
56676,4
62661,0
65435,0
74131,0
74132,0
27372,3
22969,4
3331,0
35256,0
35257,0
58322,0
28441,0
78074,2
69780,2
33070,0
64727,2
46923,4
88206,2
65041,2
17535,0
83675,5
21737,3
20964,2
55381,2
84288,2
82755,4
52437,2
75790,2
16971,0
27634,0
22964,3
31166,2
64713,2
75272,2
83584,0
78481,2
16051,0
25732,0
7570,2
20224,2
70008,2
72283,4
16006,2
20807,0
12205,3
32246,4
38426,2
27197,0
28446,0
80971,2
29225,3
46389,4
69219,4
69276,4
29844,3
4357,3
12682,0
29309,0
88005,4
31040,0
85978,4
24855,3
53738,0
57516,0
58150,2
46739,2
46821,2
29069,4
8805,3
14056,3
44750,2
77140,2
78160,2
55204,2
7461,4
44957,2
34971,0
49227,2
76978,2
23565,0
36884,4
33114,0
21438,0
5092,0
73034,0
73073,0
73373,0
12752,0
26719,0
27984,0
44426,0
63959,4
67748,2
67203,2
68711,0
71532,2
55557,2
53508,2
26361,3
28214,0
2998,0
3655,0
65770,4
41283,0
52391,4
66201,4
66221,4
16664,3
59211,0
55823,4
28044,4
31297,0
16092,3
32293,0
82103,4
82196,4
6163,0
17301,0
28658,0
36767,2
37211,3
37229,2
4116,0
23149,3
19054,2
74292,0
33165,3
21204,3
76772,2
5722,0
32869,0
17013,2
82304,2
7541,3
3082,3
3356,0
4278,3
35313,2
62235,2
48984,2
67081,2
5782,3
56114,2
49358,5
54359,4
2236,2
52249,2
49616,2
29458,2
63109,0
74898,4
77595,0
24529,4
36195,2
38283,5
88062,2
83373,4
50466,4
13906,2
29804,4
44562,4
44564,4
26141,3
34177,2
38352,5
87039,2
36383,2
36384,2
47374,2
60406,4
11706,5
12574,5
18769,2
26012,5
37912,5
44902,5
56999,2
65391,5
75315,5
52239,0
53536,2
8843,5
49819,4
6529,3
77278,2
58160,0
21220,0
55341,5
57537,2
21218,3
22835,4
14045,2
19842,4
13498,0
5140,3
25800,0
332,3
36870,4
18461,0
11357,3
76451,4
27015,2
71173,0
45358,4
14077,0
18753,0
31103,0
718,0
46826,2
2287,2
13842,4
86470,5
7034,2
75704,2
77499,0
8371,3
66631,2
42111,2
66431,2
39363,2
82620,2
4961,2
10229,3
52924,2
43588,4
43659,4
43684,4
40410,2
53471,2
74335,2
44046,2
34439,2
14766,2
62092,5
40208,2
46819,2
61116,2
61721,2
70655,2
87239,2
24385,0
60357,2
20887,4
81752,5
51054,4
53827,2
83219,2
61711,2
20116,2
22782,2
25415,2
39268,2
51730,2
71908,2
78561,2
80012,2
6207,0
53108,2
2051,0
21706,3
87235,2
10349,2
19265,2
29286,2
33192,2
39690,2
39836,2
42662,2
43946,2
46038,2
54013,5
55558,2
56246,2
56398,2
60937,2
61194,2
62315,2
64930,2
66291,2
67025,2
67083,2
70751,2
75835,2
77739,2
79997,2
88382,2
31662,2
52427,3
53454,2
62156,2
77863,2
20578,0
54346,2
79612,2
58952,0
78826,2
79346,2
51885,0
43842,5
37094,2
59010,0
61001,4
22448,3
53769,4
54438,5
48462,0
32114,2
85533,2
46888,4
77738,0
77740,0
73276,0
76761,4
5832,0
9463,2
51967,0
48357,2
49147,4
17197,0
35100,2
47362,2
78723,0
83729,0
29590,0
75241,2
4269,3
52885,0
46740,2
57274,2
75691,2
36052,4
39565,4
40177,4
11590,0
15190,0
38240,4
57183,4
71922,4
40590,2
44020,2
55223,2
45124,4
20078,2
21037,3
68369,5
30253,0
78602,2
67126,4
2786,0
36636,4
46545,0
56334,4
85834,4
86896,4
14043,3
34665,0
87954,2
17463,4
14998,0
15615,4
75018,4
12767,0
18892,2
82540,4
88072,4
15455,3
71599,2
85783,4
45930,0
30295,4
54962,4
61743,0
40528,4
41209,4
34653,4
47722,4
56142,4
56303,4
5721,0
5924,0
17250,0
23183,4
23621,0
30464,0
45724,0
48158,0
49075,4
53352,0
57306,4
58034,4
58848,4
63281,0
65347,4
69365,4
69386,0
69554,4
71987,4
73295,0
79496,4
59476,0
61539,2
58632,0
58593,0
23881,0
26530,3
74581,2
60375,4
1947,3
83661,4
85570,4
14702,2
37660,2
44821,2
80837,2
54961,4
43316,4
86599,2
86657,2
9116,4
11893,4
16640,4
21934,4
24128,4
32566,4
40071,4
40900,4
48315,4
49749,4
55367,4
55546,4
55624,4
56025,4
62247,4
64879,4
64983,4
66101,4
67810,4
87915,4
35650,4
63338,0
70068,0
482,3
1829,3
2657,0
3285,3
6424,3
7923,0
24698,4
24744,4
34681,0
42135,4
45775,4
50366,4
53670,0
53745,0
53746,4
55085,0
57709,4
58722,0
58992,0
71255,0
71831,4
72680,4
73125,4
73212,0
76969,4
78715,0
84862,0
87632,4
11952,3
57258,4
57339,4
84488,2
13467,4
50137,2
75540,2
75845,2
81964,2
85193,2
39807,2
49218,4
28836,0
41469,4
49062,2
31523,0
85508,2
46764,4
42183,4
43339,0
43371,0
43483,0
68009,4
37556,4
32814,2
88329,2
31313,4
50248,2
46886,4
48404,0
63426,0
30601,4
36308,2
872,0
55218,5
83501,0
46363,2
46846,2
3028,2
15532,2
26466,2
36722,2
39887,2
46135,2
47307,2
49764,2
53358,2
54159,2
55668,2
56982,2
64161,2
64614,2
64745,2
67808,2
73345,2
75446,2
79272,2
86808,2
54991,2
29687,0
14357,4
9359,4
49762,4
72588,4
30498,3
15579,2
26580,3
31957,0
41042,0
37233,4
53871,2
14613,0
18353,0
37770,0
43657,0
47626,0
70378,0
76996,0
85357,4
38249,0
64258,0
55982,4
12757,2
28715,0
42141,0
71470,2
84361,2
23022,0
71586,2
76172,2
83391,0
58951,0
77939,2
32368,0
76600,4
12217,2
56122,2
65984,2
77237,2
77599,2
83341,2
84503,5
23065,4
84844,0
71577,4
16343,0
21936,4
42948,4
47697,4
57580,4
57637,4
76856,4
76971,4
81625,4
67528,2
70969,2
58569,4
1260,2
26642,0
86140,4
87586,4
87769,4
18558,3
37702,2
25968,2
78987,2
25171,0
27194,3
75722,2
67285,2
79002,0
24504,3
40905,2
46992,4
47012,4
37042,4
84188,4
35282,4
34702,4
43411,4
50911,4
53348,4
53941,4
64217,4
66826,4
72664,4
74564,4
75608,4
79505,4
84535,4
86624,4
88010,4
88055,4
1612,0
2623,0
3706,4
5528,0
7268,0
9533,0
15237,4
15722,0
16923,4
22056,0
28888,4
30242,4
30792,0
31561,4
31908,0
34642,0
35802,4
42672,0
46730,4
46835,0
47118,4
56667,4
57173,4
57852,4
58439,0
58659,0
61323,4
63320,0
63427,0
65259,4
71297,4
71593,4
71696,4
73325,0
73395,0
77186,0
78644,0
78881,0
79130,4
79358,0
86570,4
72725,0
46175,2
48398,0
48397,0
49981,4
33296,0
52965,2
71871,2
8277,3
70178,4
9571,3
67593,4
77412,0
83280,0
86523,4
81793,2
5054,0
34167,4
87031,4
14217,0
43734,0
76481,4
53151,2
51524,0
49968,4
51828,4
77753,4
75694,4
66281,4
19868,3
34963,4
36550,4
47688,0
67548,4
77456,0
79557,4
49667,2
48072,4
39167,4
24543,0
44240,4
75318,5
66321,2
77721,2
71877,2
71553,4
72662,4
58493,0
9242,3
72590,4
85460,2
71413,4
46131,4
71611,4
74646,4
52712,4
9052,3
66678,2
67690,2
17642,4
66052,4
77833,4
81309,4
54321,4
62427,0
76606,0
7644,2
61420,2
79489,2
86835,2
87244,2
57757,4
31931,0
20460,2
64329,2
48139,4
48187,4
86620,4
21107,4
47254,4
51451,4
23283,4
24229,0
31777,0
32077,0
34178,0
60329,0
83415,0
86106,4
10242,3
29280,4
29279,4
49446,2
55981,2
43991,2
52749,2
15705,3
47716,0
58755,0
66771,2
46695,2
84196,0
66005,4
73753,0
906,0
87107,0
23063,0
57608,4
26895,3
43444,4
50009,4
80112,2
81787,2
26273,4
78360,0
20855,3
79070,4
15137,0
25746,0
71913,2
32256,2
23560,2
65992,4
69252,4
40201,2
70153,2
83266,0
13707,3
41720,4
31428,0
18226,4
56515,4
61147,2
19055,4
19020,3
80937,4
79701,3
58913,0
84371,0
42184,4
73042,0
73419,4
52590,5
73823,0
2926,3
3717,4
22427,0
14661,4
62997,4
56543,2
9683,4
14871,4
75390,2
44055,2
86000,2
76037,4
61264,2
67788,2
74942,4
75582,4
31536,3
57929,0
61106,4
59453,0
70624,2
75580,2
88578,2
44480,2
34952,4
17456,4
8939,3
43163,0
79203,4
38536,0
68877,0
84046,0
77375,2
88434,2
88640,4
10557,3
50360,2
22436,3
59462,4
24407,3
56517,2
51388,4
62497,4
88265,4
43530,2
48194,2
53823,2
42296,2
44210,2
59493,2
88180,2
77385,0
52688,0
55520,5
14555,4
83386,4
77706,2
63527,0
47081,2
52064,2
77133,0
70689,2
41905,4
80647,5
85053,0
56620,2
79964,5
75384,2
80984,0
63827,0
3580,3
5279,0
38651,0
39214,0
83520,4
20850,5
55651,5
33855,3
57663,4
33892,5
59785,0
88563,2
49799,4
70567,2
30137,4
30177,4
7603,4
9798,4
44086,0
57779,4
80003,4
75611,2
75693,2
43230,2
76868,2
62055,2
54655,2
47971,4
45020,2
85206,2
61333,2
48722,2
7630,3
31199,4
47742,0
57324,4
72477,0
74005,0
86813,4
55662,5
61654,2
66149,2
6829,0
77704,4
52880,0
88448,4
62024,4
84195,2
5160,0
48506,2
73454,2
60904,0
46979,2
84055,0
40077,4
29374,3
21511,3
16457,2
16672,4
35338,4
44335,4
59789,0
76938,0
83046,0
80543,4
43058,0
66357,0
78692,0
87409,2
83321,2
74822,0
35099,2
11783,3
55088,2
41505,0
52191,0
53743,2
63090,0
18269,3
60628,0
5184,0
70457,2
56775,4
76306,4
38502,2
40427,2
66670,2
32415,0
85555,2
39788,2
41836,2
42311,2
77287,2
84063,2
83447,0
79125,0
35156,5
8672,3
64741,5
43694,5
26193,5
50737,4
40844,4
13405,3
51701,2
76888,0
82760,0
41318,2
45399,2
66335,2
67626,2
70495,2
84712,5
87801,2
61118,2
56103,4
56320,4
62850,0
28869,0
62333,4
68411,4
68547,4
68564,4
55240,4
34907,2
37087,5
37155,2
41452,2
41468,2
44591,5
46564,2
48878,2
50110,2
51347,2
58812,2
61950,2
62411,2
62817,2
70386,2
81845,2
87949,2
86461,4
61789,4
55489,2
61614,4
88354,2
62867,0
55093,2
46237,2
6766,3
47500,2
64760,0
77464,0
47872,0
59438,2
38143,0
49041,4
66103,4
66868,4
76043,4
59271,0
34951,0
84929,0
44018,2
5051,3
88565,4
4431,0
60289,4
24989,3
65608,2
13033,0
73003,2
85984,4
62168,4
82637,4
65912,4
66234,4
68628,4
87574,4
54885,2
62035,0
78095,0
47869,0
50724,4
68652,4
17816,0
35152,4
41498,4
66002,0
82078,4
34731,2
83724,2
60035,0
76634,4
77086,0
58611,0
54396,2
34834,0
34899,0
47315,4
69026,4
62176,4
56598,4
59323,0
56923,4
49382,4
48013,2
55287,4
77183,4
80291,5
19295,0
53159,1
60745,1
34656,5
39220,1
41588,1
42077,1
70264,1
78137,1
63123,1
39472,5
57102,1
63225,1
84443,1
82472,1
75046,1
63610,1
58073,1
35991,1
34984,2
68331,1
57988,5
87017,5
65428,5
70920,1
53262,5
64122,5
44250,5
66376,5
83502,5
84232,5
86948,5
73398,1
43973,5
36905,1
37174,1
38452,1
64286,1
73294,1
76679,1
48717,1
81224,5
39341,5
50571,1
65724,1
85168,1
49453,5
49814,1
50747,1
52692,1
60187,1
63474,1
63713,1
76342,1
76485,1
86564,1
88047,1
88767,1
78864,1
43168,5
73740,1
87945,1
44586,5
15489,3
39074,5
81662,1
66698,5
27639,3
61965,5
39369,5
40980,5
53141,5
77243,5
56951,1
64156,1
79630,1
58625,1
84133,1
62710,1
62711,1
57409,1
82451,1
84863,1
45016,1
47520,5
54969,5
61107,5
64230,5
64306,5
68560,5
81576,5
58858,1
58671,1
53247,1
36966,1
42119,1
44207,1
62852,5
46660,5
41067,5
80789,5
85746,5
56382,5
70236,5
81689,5
77269,1
86773,5
34438,5
60651,1
81516,1
41791,1
54362,1
74838,5
38341,5
74174,5
77251,5
84794,1
70516,1
57086,1
79460,1
82345,1
55202,1
84918,1
58895,1
51810,1
55411,1
78926,5
59708,1
52568,5
66295,5
63811,1
55749,5
36208,1
43843,1
44598,1
52207,1
53723,1
57137,1
61807,1
64362,1
64454,1
69315,1
71163,1
77350,1
87830,1
65137,1
43393,5
66901,5
84253,5
80945,5
43728,1
67994,1
62737,5
82121,5
70308,1
60618,1
64587,5
70661,5
35170,1
43216,1
43281,1
72804,1
75405,5
55720,1
69818,1
37499,5
81757,5
52253,1
68358,1
84149,1
60398,1
63954,1
68175,1
73941,1
83277,1
39630,1
48682,1
49387,1
58436,1
63356,1
62992,5
65467,5
50170,5
35613,1
50080,5
69240,1
35078,1
38553,5
39057,5
84111,1
87169,5
35717,1
88543,1
62574,1
62600,1
87421,1
84078,1
65969,5
79010,1
79265,1
32248,1
49793,1
41582,5
54186,5
46370,1
47416,5
80639,5
1185,1
86829,1
69129,1
76683,1
76177,1
77974,1
41288,5
48287,5
71323,5
34960,1
64936,4
59374,1
47556,1
65925,1
48141,1
84875,1
45264,1
72468,1
78929,1
79852,5
81861,5
56532,1
72154,5
80748,5
46029,1
46671,1
46689,1
62637,1
62673,1
62726,1
42321,1
59318,1
68164,5
65102,5
44158,1
76208,1
88820,1
83422,5
86740,5
83527,1
38545,1
57714,1
58220,1
60935,5
67561,5
58147,1
58195,1
86384,1
64061,1
54498,1
43886,1
43944,1
53916,1
57526,1
60872,1
62864,1
77206,1
69925,5
39549,5
55382,5
50174,1
29740,3
65348,5
66995,5
85379,1
64705,5
71487,5
50138,1
86070,5
67153,5
67,3
84868,1
79304,5
83940,1
58008,1
87070,5
54871,1
84229,1
83108,5
39067,5
53798,1
78939,5
66087,1
42937,1
52063,5
59494,1
63849,1
73759,1
84635,1
17188,3
35355,1
73381,1
46196,5
70857,5
83142,5
86735,5
76483,1
84699,1
76001,5
64155,1
80841,1
43128,1
51039,1
60511,1
62792,1
45164,1
44165,1
48113,1
76210,1
52577,1
32692,3
53968,1
36440,5
55320,5
66572,5
78086,1
73518,1
76499,1
69165,1
47752,5
25435,3
5357,3
67974,1
75194,5
85271,5
52036,5
43938,5
60882,1
77436,1
83535,5
66769,1
88056,5
49987,1
71521,5
61727,5
87420,1
86103,1
55787,5
34484,5
82965,5
85878,5
78464,1
88628,5
31980,3
77318,1
87298,5
15391,3
83515,1
85696,1
84408,1
55109,5
51711,5
59983,1
69036,5
81182,1
38062,1
66879,5
82420,1
64660,5
82347,1
61902,1
82908,1
36441,5
60795,1
50085,1
72077,5
60874,1
88021,5
88471,5
36504,1
44866,1
45097,1
45403,1
58115,1
58264,1
59392,1
73446,3
73524,1
77395,1
77965,1
81546,1
39995,5
41055,5
56006,5
44489,1
52861,1
60277,1
86104,1
56361,5
46172,5
74356,1
86467,1
40914,5
49487,1
75464,5
48659,1
39729,5
45517,1
76907,1
62338,1
73852,1
82845,1
72036,1
80731,5
79041,5
78254,5
80980,5
73080,1
74384,1
80398,1
40155,5
59762,1
46307,1
81858,5
54557,1
35018,1
69862,1
72829,1
74447,1
50361,5
44001,1
51950,1
77979,1
56925,1
60103,1
75309,5
36646,1
44752,1
54106,1
54318,1
58386,1
59821,1
60125,1
64529,1
67367,5
75108,1
79930,1
59006,1
53428,5
48156,5
51625,1
76973,1
80148,1
59579,1
74900,1
6805,3
56292,5
83307,1
81051,1
59595,1
44650,1
40392,1
40394,1
80985,1
64086,5
83174,1
83234,1
45445,1
56511,1
57874,1
67208,1
67313,5
78619,5
86567,5
45745,5
60620,1
69887,1
55248,5
54025,1
54522,1
78176,1
56260,5
84755,1
88195,5
77293,1
84717,1
69415,5
76562,1
75143,1
67109,1
56203,1
36787,1
65819,5
70829,5
36802,5
87288,5
76020,5
51092,5
60721,1
81381,1
59450,1
54463,1
36076,1
53585,1
58766,1
61903,1
64209,1
70738,1
81096,1
83457,1
85264,1
82565,1
48089,5
58401,1
49624,5
49625,5
73480,1
43077,1
61167,1
64111,1
58747,1
47666,1
67727,1
65955,1
78510,1
27977,3
49810,5
49918,5
83869,1
42507,5
85625,1
50761,1
46242,5
60545,5
61469,5
66883,5
71278,5
45287,5
54836,1
2800,1
59167,1
41481,5
41099,1
44170,1
41881,1
56570,1
78946,5
69950,5
74616,5
39977,5
76917,5
39736,5
34657,5
38378,5
67223,5
82746,5
85302,5
37659,1
49012,1
51331,1
54305,1
54352,1
62990,1
64485,1
70958,1
75472,1
36567,1
64451,1
36024,5
83693,1
83340,5
36922,1
77344,1
17864,1
78193,5
83632,1
37007,5
62075,5
75324,5
38010,5
58701,5
49235,5
38361,1
45383,1
67352,5
78568,5
65399,5
87716,5
65953,1
85766,5
34798,1
85013,1
77674,1
87697,1
60586,1
63819,1
79826,1
73507,1
52007,1
56082,5
62513,1
63093,1
85301,1
45192,5
69933,5
85717,1
36566,1
37243,1
43840,5
60138,1
64342,1
82987,1
83454,1
83897,1
77168,1
74497,1
59467,1
81132,1
51588,1
67141,5
37279,1
64827,1
44175,1
81975,1
54056,1
81955,1
54477,1
40447,5
81466,1
54107,1
53932,5
54174,1
36638,1
88244,1
75137,1
80444,5
50835,5
41749,1
81553,1
88327,1
36938,1
51580,1
52481,1
78875,1
79631,1
60582,1
76741,1
40939,5
55934,5
37743,5
43091,5
63286,1
88058,5
59498,1
59497,1
74196,5
59696,1
37061,1
81767,5
72131,1
83311,5
78949,1
71003,5
67076,5
66864,5
73451,5
85657,1
87555,1
55012,5
73445,5
86001,5
56554,1
86878,5
46353,5
40108,5
59523,1
52319,5
67594,5
88493,1
88783,1
57590,1
88194,1
64546,1
64640,1
60118,1
60746,1
79528,5
86449,1
87654,1
57072,5
82692,5
36362,1
81938,1
37325,5
88307,1
51783,5
80734,5
75940,5
64483,1
69939,1
85093,1
85711,1
60492,1
60761,1
72014,1
74974,1
78508,1
79807,1
88714,1
80385,1
82833,1
83170,1
76297,5
77471,5
83987,1
81950,1
49465,1
38616,5
82278,5
34810,1
75005,1
85417,1
52290,1
71685,5
51136,1
55836,5
60647,5
49857,1
86354,1
60836,1
75173,5
50627,1
74424,1
56733,1
81129,1
58749,1
52506,1
85495,1
37119,1
54407,1
81369,1
49901,1
50204,1
64381,1
88516,1
57853,5
52610,1
61461,5
49873,1
82598,1
58816,1
54037,1
54660,1
86981,5
37748,1
42226,1
74452,1
50869,1
87880,1
54902,1
85612,1
23389,1
60107,1
47097,1
44325,5
35800,1
74065,5
35628,5
53503,5
79039,5
52581,5
81463,1
45523,1
72273,5
23329,1
23391,1
48987,5
30050,3
14904,1
85497,1
81799,5
81802,5
19248,1
56196,5
86551,5
86737,1
87792,5
86439,1
35187,1
69110,1
637,1
641,1
868,1
1067,1
2067,1
2087,5
3938,1
4176,1
4667,1
5615,1
6491,1
6651,1
6866,1
8129,1
8746,1
9076,1
9367,1
9607,1
9981,1
12118,1
12208,1
12210,1
12211,1
12999,3
13132,1
14785,1
14925,1
15029,5
15037,1
15303,1
16131,1
17291,1
18146,1
18215,1
18474,1
21208,3
21221,1
22539,1
22728,1
22950,1
24930,1
26005,1
26276,1
27940,1
29252,3
30259,3
31273,1
31315,1
31877,1
33764,1
34802,5
35335,1
35415,1
35418,5
36433,5
36675,5
36698,1
36774,5
37434,1
37899,5
38237,1
38477,1
39004,5
39145,5
39173,5
39174,5
39592,5
39640,5
40579,5
40956,5
41830,5
41860,1
41967,5
42148,1
42316,1
42427,5
42682,1
43811,1
44239,5
45282,5
45465,5
45482,1
45651,1
45737,1
46145,5
46174,1
46862,5
48360,5
49633,5
49701,5
50006,5
51328,5
51410,1
51443,1
51613,1
52163,1
52404,1
52514,1
52579,1
52794,1
53007,1
53836,1
53945,1
53999,5
54028,1
54046,1
54379,1
54436,5
55774,5
55925,5
56442,1
56674,1
56831,1
57166,5
57214,1
57334,5
57504,5
59021,5
59039,1
59270,1
59328,1
59627,5
59879,1
59941,5
60068,1
60096,5
60671,1
61160,5
61201,1
61943,5
62013,5
62093,5
62342,5
62379,1
62535,1
62549,1
62915,1
63573,1
64729,5
65307,1
65513,5
65554,1
65591,5
65881,5
66347,5
67101,5
67194,1
67599,1
67851,5
67887,1
67925,1
68506,1
68573,1
68632,5
69638,5
69658,1
69717,1
70096,1
70156,1
70985,5
71151,5
71836,5
71892,5
71939,5
72360,1
72723,1
73420,1
73637,1
74187,5
74806,1
75203,5
75784,5
75803,5
75842,1
76011,1
77473,1
78676,1
79646,5
79649,5
80066,1
80155,1
80403,1
81123,1
81418,1
82631,5
82804,1
82837,5
82962,1
83071,1
83710,5
84847,1
84884,1
85020,1
85503,1
85678,1
85845,1
86575,1
86683,1
86865,5
87066,5
87202,1
87412,5
87671,5
87795,1
81785,1
11789,0
88558,4
75818,5
41220,5
38668,5
44204,1
21330,0
9272,4
83093,1
14547,3
392,4
3483,3
47656,4
78214,1
3969,3
87387,5
31500,2
20744,2
27973,4
63159,1
64902,5
87685,5
81241,5
81206,4
44906,5
50358,1
73235,4
52143,2
73199,1
47641,4
55673,5
83400,4
82339,1
11736,4
41492,1
44719,2
4749,4
17273,0
50612,2
81306,4
81544,4
42537,5
47507,5
40477,5
80812,5
47766,2
7294,4
86782,2
46656,5
86635,1
3954,2
18782,2
34747,5
18608,3
163,3
4402,2
23189,4
51696,2
22400,2
28423,0
15031,2
23680,2
32979,4
7800,0
28713,0
71401,2
39993,4
41293,2
313,4
26125,2
67246,4
54503,2
42844,2
43425,2
87804,2
60846,5
59852,1
70619,4
4944,3
56720,5
66529,2
77735,1
63025,1
43358,5
71188,5
64862,1
35337,1
42188,5
54269,5
73846,1
29527,1
43581,5
37349,1
88566,5
41196,1
48631,5
15984,2
41415,5
52311,1
50764,5
35450,2
35457,2
35464,2
35471,2
35478,2
35485,2
35576,2
35583,2
40952,5
28335,1
16416,0
3766,2
41084,1
4561,3
58180,1
57819,5
82034,1
22504,4
8087,3
71562,2
21906,0
24025,3
74861,1
73289,4
60228,5
85462,1
39319,5
14257,0
56909,1
21485,3
34375,5
31088,5
56433,5
2506,2
78060,2
9831,3
24836,0
61313,2
32843,2
25237,2
30540,2
23635,0
56289,2
12177,2
15500,4
15318,2
23692,2
11902,2
57362,4
32580,2
20289,0
25617,2
33369,2
8267,2
21567,4
29648,0
28486,2
14524,2
8607,2
16753,2
20349,2
635,2
27353,0
20446,0
32602,0
9451,2
21349,2
22025,3
23947,0
6123,0
11790,3
10374,0
13308,2
16795,2
4100,0
9455,2
20397,2
11104,4
46286,2
28156,2
11271,2
4912,0
25569,2
26623,2
1212,2
16605,2
81987,2
22642,2
21449,3
83641,2
16688,2
61994,2
5704,2
3700,2
75680,2
26296,2
7165,2
25676,0
24352,4
20822,0
3388,2
4674,2
24788,2
79300,2
32749,0
4789,2
9040,0
72380,2
65713,4
43924,2
19070,0
11298,0
32756,2
67493,2
31680,0
3959,2
66836,4
33670,2
27629,4
29723,4
15818,4
28210,2
49174,2
14504,4
59058,2
24689,4
52125,4
33480,4
13279,4
77748,2
15730,2
78749,2
16685,2
41771,2
5903,2
10929,2
23031,2
44316,2
70051,2
78817,2
79208,2
79751,2
87981,2
52834,4
3135,2
5100,2
7943,2
33974,2
62274,2
64792,2
731,0
39746,4
54172,2
13059,2
34260,0
53582,4
50124,4
20124,0
33353,0
63294,2
42182,4
21596,4
45009,4
5068,2
75488,2
7953,2
40733,4
42145,4
29510,4
3862,2
339,4
4220,4
10927,4
19417,4
28528,4
39446,4
40194,4
61885,4
70413,4
26074,0
16694,4
39919,2
75442,2
81738,2
24413,4
12675,4
11877,0
20898,4
49963,4
66550,4
29943,0
46298,4
63203,0
11425,4
19805,4
15678,0
20048,4
75770,4
18639,3
49744,4
3075,0
26039,0
80016,4
15711,4
28456,4
26707,0
80259,4
29766,3
37124,4
32929,4
61552,2
62102,2
57288,2
12749,0
32577,4
70524,4
70776,4
16969,3
33654,2
31053,3
49328,4
88113,2
14159,4
48163,4
13350,0
3511,0
44182,2
8070,4
57946,4
46325,4
21992,4
2023,4
22206,4
12735,2
44990,0
53443,2
42267,4
75089,2
51265,4
32063,3
3083,0
46100,5
71372,2
83271,2
88478,2
45939,2
42833,2
46110,2
53429,2
77324,2
39776,2
49258,2
57476,2
76002,2
29278,2
32401,4
29806,2
79442,2
4864,3
5900,0
49309,2
35229,4
55353,4
55405,4
49960,4
2601,4
2667,4
70546,4
85164,0
14124,4
39059,4
40713,4
88778,4
25024,3
48963,4
50025,4
50126,4
54927,4
69455,4
47830,4
40218,2
56866,2
49684,2
85169,2
87552,2
23581,2
1837,0
19327,0
49593,2
46362,2
72123,4
37116,4
2129,4
62089,4
86006,4
25450,4
31961,4
35663,4
87924,4
40212,4
40213,4
22701,0
80320,4
41370,2
61011,4
36297,4
81439,4
75916,5
20328,3
59584,2
49544,4
6324,3
80673,5
55321,5
66761,2
86055,2
45664,4
72985,4
57690,2
31189,3
70921,2
39224,2
74554,5
42190,2
82248,4
38814,4
77028,4
54803,4
53994,4
62264,4
40059,4
61172,4
71844,4
9813,0
86029,5
81638,5
66827,5
40326,2
46444,2
86283,4
81527,4
50264,2
40171,2
67574,2
37798,4
40597,4
48029,0
7758,3
69009,2
53633,4
40619,2
76492,4
57944,4
56132,2
84050,5
86955,4
61470,2
78314,2
39235,2
55712,5
66814,5
40646,5
55144,2
85299,5
73030,2
34514,2
48366,2
74935,4
58522,4
62725,4
69873,4
75026,4
88110,5
70637,5
79614,4
42601,2
50657,2
37837,2
37252,2
86845,5
71584,2
57230,4
72647,4
2012,3
79197,2
70610,2
65611,2
61180,5
34541,4
41074,1
80619,2
61395,2
47700,4
44284,4
37903,1
82330,4
38163,5
39298,5
56426,4
88577,1
78554,5
39706,5
68481,5
61567,5
60799,1
48295,1
72382,4
75866,2
52194,1
67104,5
70019,1
47790,1
45875,5
65082,4
82459,5
66890,1
65309,2
42822,1
63841,1
63166,1
64672,5
59835,1
63663,1
49140,5
80888,1
61694,5
80517,5
66506,5
69524,1
57696,5
66067,2
72423,5
72424,5
79537,5
54287,1
80983,4
66541,5
65645,5
39413,5
75752,1
77785,1
64482,5
75348,5
36930,1
46806,1
52466,1
78023,5
70538,5
49574,5
49610,5
62841,1
34401,5
35403,1
37149,1
79466,1
43655,5
40955,1
47490,5
62137,5
41361,5
47565,1
40047,1
81998,1
41599,5
65556,1
57665,1
37622,5
65018,1
81841,5
65634,5
77340,1
63822,1
79673,5
56377,1
51961,1
82982,1
68392,1
88339,1
66875,5
16492,3
67182,5
52095,1
40795,5
49436,1
56702,1
59911,1
70073,1
77059,1
73657,1
86752,5
51915,1
40498,5
25083,3
51291,5
64443,1
75371,5
82443,1
43639,1
44003,5
54334,5
38755,1
70950,1
49371,5
49480,5
49888,5
83224,5
58274,1
83197,1
38900,5
59768,1
85784,5
85786,5
59370,5
63910,1
38431,5
67111,5
58466,1
52753,1
76867,1
86077,5
60285,1
56692,5
88546,1
58390,1
44611,1
55071,1
83991,1
83868,1
56087,1
7355,1
49578,1
49579,1
53408,1
65022,5
37312,5
75354,5
74250,1
49516,1
78716,5
74393,5
88791,1
76749,1
70512,5
35544,1
40001,1
46896,5
58679,5
61263,1
64294,1
77077,1
85876,5
81076,1
76463,4
5970,2
51632,2
42332,4
38205,2
82552,1
82450,1
67884,5
65967,4
3131,2
85405,5
34201,2
3425,2
27247,3
3654,2
66661,1
19003,2
57772,1
84403,1
12844,3
51921,1
59094,1
26538,0
84401,5
57169,4
66282,2
81954,4
36132,5
36139,5
36146,5
36153,5
36160,5
36167,5
36174,5
36181,5
36398,5
83487,1
63885,1
87990,4
2918,0
39734,5
6460,3
83754,1
41375,5
22443,2
42669,1
76206,1
48614,1
82293,1
61922,2
52462,1
6958,0
41906,5
24607,3
6046,0
11224,0
11108,2
15252,2
76092,2
490,2
85042,2
39367,2
60217,4
10401,0
61267,4
39974,2
853,4
18909,4
76667,4
57595,4
45180,2
8675,2
83189,2
77811,4
64495,4
83957,4
75313,2
61366,2
88063,5
87459,4
56418,5
15696,3
77860,2
37605,5
59360,5
76875,1
77117,1
49983,4
78207,2
53681,5
42219,1
62453,1
70456,5
44252,5
78520,5
75535,5
64719,5
41411,5
41412,5
36093,1
37299,1
37360,1
57113,1
3968,1
38648,5
35804,1
51026,1
73415,4
32276,2
2703,2
12738,2
77042,1
67962,1
80253,1
87955,5
59533,2
74307,1
22727,2
43363,2
55709,1
68081,5
16273,2
27969,2
51545,4
64475,2
47585,2
52600,2
75239,1
28292,2
24492,3
27296,2
61210,2
2241,0
61883,5
81778,5
61536,4
58018,1
58940,1
29330,4
85744,5
31748,2
71054,5
44075,5
84147,5
7228,2
69855,1
56853,5
60972,1
46202,1
75950,1
27847,2
56262,5
84705,5
70646,1
45863,1
37501,2
52424,0
55988,4
71460,4
16054,2
72208,2
7262,3
31633,4
55580,2
67362,2
80052,0
30563,3
18253,0
26093,2
9306,3
86689,2
23332,3
20978,4
26536,4
20361,2
33704,3
88386,2
25633,3
10821,3
757,3
5956,4
14502,3
16713,4
19682,4
24553,3
20775,4
15702,4
28554,3
7519,2
25215,2
15118,4
14881,3
1525,3
17677,2
4179,0
22314,3
29156,0
22227,2
71576,2
15212,3
28690,0
5019,2
6252,3
33398,3
9718,2
15292,3
11442,3
14199,3
26200,3
15274,4
55446,2
7932,3
16008,2
23910,2
4501,4
15428,2
25961,2
27301,0
24946,0
33262,0
32298,3
39121,2
2580,2
27087,0
6840,3
11745,2
11897,2
20731,2
24425,2
23030,2
6109,2
30424,2
7593,2
32421,2
87281,4
9160,3
24763,0
12496,2
7658,0
988,2
1571,2
11829,2
24584,0
26420,2
21715,0
5258,2
26876,0
33361,3
24601,2
3418,2
4432,2
22758,2
1346,2
3535,0
54512,2
32294,2
4489,0
16263,2
29385,2
12206,2
17931,2
18809,0
7803,0
23492,0
8444,2
10413,2
12842,2
32029,2
40515,2
3473,0
20587,2
87096,2
33061,2
24146,2
25440,2
29026,2
55533,2
47832,0
14896,2
13740,2
14808,2
20068,2
20348,2
14074,2
6813,2
3587,2
4899,2
14467,2
10848,2
359,0
22681,2
8169,2
6133,0
11744,0
14632,3
39093,2
46101,2
8534,2
9508,0
13374,0
19386,2
23830,0
26544,0
30835,0
32678,0
25667,4
698,2
25702,0
26705,0
26486,0
22761,3
23583,2
18015,3
16286,2
83009,2
55832,4
47299,2
9552,2
14489,0
33375,0
26720,4
33128,0
34057,2
55996,2
29517,2
17637,2
34196,2
13043,3
12976,0
3734,2
28436,2
16037,2
26282,2
21838,0
2223,2
26259,2
22177,2
28434,2
29588,2
18477,2
26134,2
2152,2
22641,0
1474,2
2489,2
34187,0
25233,4
73678,2
27207,0
80054,4
31145,0
2434,2
17158,2
29196,2
37906,2
65316,2
19597,2
26844,0
431,4
15590,4
28039,0
2396,2
10622,2
26156,3
9108,3
9877,3
2497,2
7961,2
8036,2
12868,2
16116,2
49657,2
4464,0
16018,2
31950,3
34275,2
21865,2
14700,2
55911,2
1469,2
14096,2
75496,2
27805,2
3274,3
13597,2
40369,4
13288,2
13845,2
22621,2
30764,0
61377,2
3563,0
3816,0
5872,4
14752,3
31558,0
24398,0
29647,3
12566,0
6342,0
10096,2
10756,0
917,0
30569,2
494,3
8864,4
45546,2
715,3
23132,0
23021,2
37760,2
3799,0
11236,0
11299,4
22222,0
27149,3
30080,0
51085,0
40,2
24999,2
22582,2
15693,0
2807,0
14403,0
28516,0
3139,0
19206,0
12358,4
12736,0
13836,4
20479,4
23971,0
51151,0
14345,4
8367,2
24783,3
19815,2
21563,3
30442,4
1137,4
2959,4
10006,0
11031,0
19426,4
23470,4
25743,0
27544,0
12240,2
29814,3
58843,2
26928,3
82948,2
20371,2
5193,0
41178,2
4326,0
45776,4
30461,2
47587,0
26475,0
62851,0
21293,0
3495,4
17775,0
16695,0
32150,3
32164,4
23835,0
87784,4
6396,4
4775,0
11831,4
73054,0
8499,0
2227,2
31632,2
86045,4
32085,0
28301,0
31420,3
2695,0
11151,0
20955,0
34097,4
74339,0
6120,0
31657,0
75648,4
4557,3
80987,2
17402,0
980,4
25671,4
22498,3
2237,0
71238,2
70136,2
32737,3
455,4
12209,2
51344,2
71915,2
80310,2
82980,4
11762,2
15665,3
18230,3
26702,0
16299,0
6000,2
28546,3
3633,2
61489,2
4947,2
2694,0
17126,4
18275,2
66797,2
71340,2
32417,2
36074,2
15808,2
71702,2
52693,2
61918,2
16865,3
7596,2
67683,2
21074,2
24957,0
44913,2
1277,3
85585,2
56182,2
72110,2
18619,2
21502,4
83112,2
33792,4
73309,2
27581,4
84528,2
6018,2
11843,2
25812,2
30113,2
40200,2
46124,2
46394,2
47019,2
49326,2
61895,2
65363,5
88373,2
33466,2
41920,0
53739,2
2235,2
44377,4
11027,0
65450,4
33067,2
8068,2
19613,2
21050,2
31163,2
44823,2
46146,2
55516,2
60388,2
60700,2
70914,2
49368,2
29981,0
71536,5
33315,3
37471,4
37237,4
82305,4
24454,0
77831,4
45715,4
15685,2
22454,2
26148,0
34056,0
5617,0
73208,4
18671,2
11471,4
65813,2
33150,4
25484,4
4550,2
38001,4
30342,4
32588,4
86162,4
87789,4
550,4
27826,4
62126,4
65629,4
1601,4
3897,3
4716,3
6070,0
10336,4
18659,0
21629,0
28490,0
39213,0
58210,0
30221,4
81660,4
17805,0
5753,0
53801,4
53878,4
10046,2
41037,4
78009,0
24761,0
18541,2
66606,2
2037,4
3747,0
6748,4
7163,4
11512,4
33244,4
50140,4
56023,4
56924,4
61249,4
61394,4
65423,4
81417,4
81817,4
87672,4
21943,2
3371,4
5521,0
10726,0
18091,0
26507,4
28334,0
34080,0
59372,4
66468,4
72989,0
15766,2
16392,2
21104,2
30198,2
55963,2
61083,2
61307,2
72141,2
83753,2
31897,0
16322,3
14414,0
24792,4
31847,0
4666,2
25145,2
26095,0
15492,4
29880,0
22272,4
85859,4
62572,4
4146,4
20821,2
1884,2
44308,2
283,4
77497,4
80847,4
3645,4
10248,4
13534,4
39646,4
66811,4
80130,4
4474,0
9473,0
22900,4
29105,4
34917,4
42306,0
49233,4
78557,4
84142,0
13046,4
13596,4
13670,4
17704,0
18920,4
50211,4
66039,4
87513,4
50134,2
39359,2
24840,0
20099,0
2294,0
1022,2
77305,2
33963,3
5936,2
25841,4
28851,4
36341,4
18503,0
32407,2
23421,3
33573,4
41369,4
18595,0
78539,2
20751,0
34168,0
16630,4
40969,4
41396,4
29927,0
410,0
61731,0
26310,4
13590,4
72193,4
82399,4
13541,4
32752,0
56979,4
28892,3
15763,0
75048,4
3144,0
87401,2
32640,4
32544,4
23253,4
25778,0
47016,0
8065,3
75890,2
15180,2
3603,4
9298,3
57493,4
3290,0
88137,4
12173,2
19899,2
49064,2
75619,2
11821,2
34465,2
1902,3
71846,2
21545,2
41332,2
33187,0
49714,4
39705,2
40266,2
74782,2
659,2
25167,2
76397,4
14097,3
46953,4
47038,4
66016,2
14776,4
24520,0
31567,0
25077,0
56092,2
40683,2
32100,3
43666,2
24168,4
5048,0
14083,4
17987,3
18189,0
50632,2
2956,2
83188,2
50576,4
49724,4
40202,2
1992,0
6288,4
47652,0
77452,0
73095,4
19984,3
80535,4
30776,3
11998,3
32242,4
14505,4
86516,4
6081,3
85617,5
54861,2
32327,0
27238,0
58072,2
11483,4
75685,2
46812,2
61637,2
88222,2
10260,2
83878,0
46642,2
30538,3
59608,4
51322,2
77743,2
38878,2
40708,2
42445,2
16680,0
56766,4
67840,4
50994,4
28293,3
88464,4
14741,3
17917,3
722,0
82136,2
22341,0
42684,3
32324,2
78583,4
8821,3
31855,0
30814,3
87284,4
61318,5
31454,4
15456,0
15406,2
70103,2
23482,2
18094,0
63958,5
71038,5
9757,2
13508,4
61185,5
41650,4
82331,4
45491,2
33634,0
54493,2
38701,2
64377,5
53804,5
87024,2
31559,4
81788,2
38849,2
46547,2
40192,2
71771,2
45536,2
56050,2
78706,2
78812,2
79433,2
87865,2
13403,2
22429,2
39660,2
43757,2
48608,2
55303,2
66475,2
66773,2
71333,2
77677,2
19312,2
17515,3
80014,2
6897,3
73148,2
54598,4
60110,2
54554,2
42923,2
16654,0
71519,4
78536,4
79217,4
78633,4
79465,4
55048,4
85000,4
51418,4
53747,4
19256,4
29754,4
43156,4
58852,0
67480,4
30907,0
40605,2
54511,4
52833,4
15459,4
49903,4
61365,4
64818,4
64878,4
66464,4
79923,4
20886,0
35071,4
58629,0
69444,4
54960,4
16312,0
45304,2
46829,2
21754,0
28063,0
14277,4
7938,2
40494,2
24422,2
35206,2
53996,2
55621,2
65030,2
71035,2
30571,4
48459,0
49157,2
49199,2
15099,2
1723,3
12322,2
75646,2
61570,2
9350,2
62164,2
64625,2
66692,2
16651,0
16950,0
65503,4
72636,4
83904,4
57443,4
40507,2
74874,4
75671,4
51658,4
16271,0
18965,4
59772,4
60123,4
75359,4
84532,0
55637,2
52664,0
20603,4
68400,2
66408,4
20636,0
50961,4
88582,2
61060,2
20546,3
71569,4
61841,2
77705,4
39053,2
35059,2
43745,2
33010,4
62163,2
34487,4
22587,4
51348,2
50821,4
77169,2
64711,4
46026,2
52929,2
23577,3
1850,3
76455,4
67944,0
44087,2
50797,4
71203,2
31471,4
84012,0
46881,4
57877,4
60915,0
56016,2
35300,0
57096,4
75985,4
76229,4
88622,2
84174,4
42988,2
61877,2
51122,0
74728,2
58157,4
7668,3
38291,2
75594,2
66007,4
3396,3
83681,2
47785,2
47987,4
48702,4
62865,2
76270,4
66344,2
47331,4
47921,2
88598,4
40573,2
62216,2
47252,4
46342,4
61911,2
71229,2
58871,2
73532,4
37494,0
7158,3
71918,4
53998,2
40744,2
53300,2
56697,2
27996,2
40307,2
42970,2
56175,2
61945,2
66462,2
74603,5
75626,2
61252,2
62215,2
71404,5
46081,0
51198,4
79765,2
70108,5
61269,2
86858,5
32143,0
60349,4
81678,2
47411,4
60624,2
40161,2
61880,2
71699,4
87526,4
58953,0
71206,2
73864,2
87541,4
87761,4
18815,0
72964,4
82467,4
49378,4
49381,4
74880,2
88587,4
82596,4
36348,4
36479,4
45129,4
46162,4
61102,4
65934,4
71826,5
77636,4
79163,4
82189,2
25654,4
30546,0
40815,4
42187,4
42401,0
42653,4
54517,0
76882,4
81980,4
83152,4
75256,2
62986,0
55610,2
43863,2
58690,2
55044,2
76139,4
85205,5
36626,2
56068,2
70833,2
6658,3
73401,2
75365,5
85273,5
75522,5
50045,4
60354,2
43138,2
56099,2
70347,2
62619,4
62719,4
35703,2
52090,0
74973,2
53452,0
48671,2
84777,4
75307,2
22980,4
41849,4
50323,4
38556,0
42133,4
50473,4
52729,4
70046,4
79546,0
52895,4
43124,4
43125,4
37889,2
84538,0
50496,4
78285,0
80020,4
38121,2
56120,2
58305,0
74252,2
44440,5
41940,0
56302,4
56679,4
41635,2
76173,2
74365,2
60906,2
45034,4
50725,2
937,3
73425,0
4826,4
40091,4
46341,4
41085,4
76610,2
58787,0
55594,0
36740,4
63534,4
40058,2
46065,5
67005,2
45327,5
52495,0
75523,5
63982,5
88822,3
69573,2
88331,2
49883,2
59803,2
76218,4
60475,5
58335,5
54177,2
47898,0
46927,2
36837,4
82790,0
87397,2
68132,4
76960,4
50280,2
79357,5
69259,4
60292,2
60281,2
45587,2
46268,2
86094,4
82811,4
65764,4
54593,2
77643,2
68951,3
72547,4
87292,5
55643,5
82030,2
16783,3
40845,2
66693,5
71503,5
66542,5
66936,5
36354,5
67754,1
37084,4
51289,2
48966,4
87319,5
56849,2
57581,4
63009,0
51681,0
65974,4
71603,2
9047,0
82779,4
58109,4
66112,5
36605,4
64089,5
67707,4
68210,4
70263,4
81655,4
41374,4
44511,4
47234,4
62498,4
70729,1
61223,5
83115,2
20221,4
55392,5
66700,5
61248,5
59458,1
44071,2
74331,2
46797,2
72569,1
40979,2
72200,4
72218,4
72366,4
56884,1
85391,2
71981,1
66841,5
80780,5
46532,4
49361,2
43175,5
70220,5
81650,5
54251,1
58881,5
62941,2
74791,2
80825,4
59491,2
38775,1
73078,1
48216,2
59356,1
59532,1
45861,5
34560,4
38095,1
41729,1
72766,1
82449,1
59540,1
38754,1
83000,1
83923,2
77024,5
67591,4
88450,1
37329,1
49178,5
37262,2
42356,4
52279,4
35211,4
22001,3
77880,1
67510,2
37493,4
67864,1
53162,4
57472,4
78390,1
88273,2
72085,1
57176,1
79880,4
80471,4
84734,4
14107,3
83409,4
45815,5
54210,1
76358,1
48231,1
69310,2
87928,2
72910,1
69308,1
53987,2
40831,2
44249,2
65178,2
76471,1
49644,1
58379,1
53696,5
80801,4
61448,4
72563,2
39545,5
58915,2
70032,5
39750,5
85280,1
39112,2
39442,5
67214,5
34754,5
61372,4
74963,5
84954,5
70555,5
78110,5
38925,5
41138,2
44888,5
77583,5
49119,4
57881,1
81811,5
35074,5
50475,1
87081,2
60004,1
53004,5
61942,5
63845,1
72539,1
80306,1
57896,1
57789,5
61642,4
57484,1
70297,1
49066,1
71778,1
88192,5
54000,5
43084,1
43085,1
72559,1
41772,1
41949,5
45878,4
52756,1
53204,1
66072,1
40930,4
41271,1
54394,4
65532,1
82840,1
83351,1
60204,1
78163,2
60588,1
75597,5
86385,1
52676,1
86848,1
66490,5
77620,2
65237,4
77339,5
71374,2
66574,1
55790,5
62557,1
41465,5
47447,1
66256,1
34973,5
65003,5
70672,5
68771,1
71829,1
87182,5
44998,2
42110,5
67533,2
72270,1
37448,5
84449,5
47210,5
50967,1
65400,5
49794,2
81590,1
82894,1
77146,5
75181,2
74032,1
49259,5
55585,5
74000,1
68456,1
38021,1
44975,1
46207,1
80358,1
86100,1
36625,1
48103,1
45540,5
36197,2
57664,1
57860,1
59948,5
38784,1
403,2
76326,1
75874,5
65605,5
66963,5
52822,5
60322,5
38646,1
36247,2
65359,1
40876,1
46766,4
52727,1
58432,1
37049,2
62596,5
55241,5
40743,5
57845,5
35968,5
65310,2
65396,5
64022,1
65354,5
63406,1
49898,1
65766,1
67771,1
73225,1
54955,4
51568,1
50640,1
66296,1
75593,1
76267,1
43987,5
44094,5
79652,5
79774,5
39738,1
70702,5
55570,5
61344,5
88227,5
44760,1
59874,1
69931,5
79733,1
40137,5
71708,5
46007,1
40275,5
39179,5
73001,1
43079,5
37040,5
37657,5
44848,5
56213,5
85598,5
72504,1
39003,5
83905,1
63314,1
59818,1
39493,1
58719,1
2315,3
78515,5
78517,5
84375,1
84633,1
61604,1
61605,1
57815,1
78646,1
87576,5
63363,4
76858,1
85588,5
40082,2
46102,5
75633,5
83597,1
52828,1
54333,5
25117,1
52309,1
41050,1
45314,1
39941,5
43506,1
56628,5
57981,5
74991,1
82539,1
48501,5
48514,5
56038,5
61545,5
66397,5
88454,5
88437,5
75688,5
76460,1
81695,5
80819,5
80877,5
79578,5
65827,1
80462,1
34629,5
72318,1
86597,1
57209,1
51866,5
56360,1
56564,1
56623,1
43171,1
58923,1
45083,2
60338,5
46417,5
73405,1
43116,1
82974,1
34576,5
67462,5
35796,1
50412,5
66392,1
66446,1
67354,5
47718,1
82396,1
44727,5
71443,5
82216,1
83210,1
53283,1
72488,1
76256,1
49595,1
49614,1
81726,1
42211,1
77901,1
51105,1
39988,5
87433,1
76237,5
43980,1
51203,1
57718,1
76462,1
77188,1
50596,1
50370,1
85631,5
62120,5
81614,5
46108,5
42085,1
41574,1
35793,1
76202,1
66463,1
70802,1
44168,1
47244,5
65607,1
48421,1
65289,5
38575,5
34362,5
40770,5
43695,5
39703,5
65599,5
65712,5
79452,5
86697,5
49940,1
53286,5
73169,1
41135,5
45943,5
45965,5
56058,5
75265,5
64820,1
64844,5
59504,1
45764,2
41302,1
87560,5
54680,5
73062,1
76380,1
86411,5
70841,5
76799,1
58685,1
76077,1
82478,1
83297,1
83316,1
34419,5
34502,5
65891,1
40361,5
64855,5
56060,1
83076,1
55779,5
57501,5
60943,1
37272,1
68072,1
68212,1
81538,1
46559,5
87377,5
36350,1
39781,5
62937,1
64775,5
45516,1
64412,1
73686,1
53600,5
53666,5
53186,1
67499,1
86408,1
79978,5
81266,5
46897,1
84896,1
60235,1
44226,5
70429,5
68732,1
68733,1
52757,1
44469,1
49272,5
55158,5
73784,1
75063,5
36835,5
62170,5
88018,1
53493,5
37363,1
83061,1
55735,1
49285,5
62101,5
77406,5
38027,1
62582,5
38219,5
73632,2
68231,5
84343,5
75713,1
74855,5
41410,5
56755,5
49885,5
88668,1
59661,1
67682,5
74377,5
74397,5
87205,1
36116,1
51204,1
69424,1
88557,5
88713,1
58035,1
57999,5
61969,1
62308,1
81876,1
88368,5
50992,5
54086,1
34368,5
55255,5
55338,5
55339,5
55360,5
55361,5
49881,1
62573,1
66739,5
78122,5
76459,1
37132,5
36847,5
56161,5
52659,1
60366,1
58946,1
78001,1
44847,5
41143,1
79391,1
83643,1
48553,1
71036,5
49937,5
41520,1
66008,1
73791,1
75907,1
86289,1
34494,5
84139,1
51475,1
68822,5
55399,5
46109,5
57426,1
41429,1
37821,1
62647,1
36231,5
55874,1
57140,1
61360,1
84883,1
40721,1
43782,5
35954,1
53867,1
53865,1
74522,1
54345,1
75955,1
59355,1
63108,5
83730,1
85932,1
70025,5
45579,1
57837,5
70918,5
76238,5
50871,1
52364,1
59614,1
88255,5
60135,1
63461,1
72398,5
71582,5
43689,5
61616,5
39675,5
50884,1
51416,1
49887,1
65586,5
62586,1
44870,1
56860,1
55989,1
34894,1
38607,5
56874,1
64291,1
51782,1
47070,1
82180,1
69817,1
71429,5
80664,1
74386,1
64183,1
54756,5
51017,1
54786,1
52604,1
65828,1
62195,5
84825,1
39666,5
65182,5
71559,5
47915,1
50935,1
38108,5
48123,1
36260,1
54121,1
46123,5
81290,1
36811,5
62740,5
76078,1
48729,1
58501,1
72436,1
42765,1
50746,1
84898,1
64980,5
88402,5
35263,5
85450,1
84428,1
53547,5
51400,1
37462,1
61025,1
62649,1
57036,5
75204,1
74677,1
59357,1
59196,1
82785,1
87184,5
36804,1
75663,5
46919,5
88403,5
36077,1
54128,1
83132,5
52089,1
83687,1
54076,5
84763,1
34664,1
88298,1
46971,5
78480,1
72292,5
58697,1
45487,5
64444,1
54244,1
78488,5
79669,1
86769,5
64777,5
49571,5
49439,1
60365,1
49726,1
58169,1
88147,5
78885,5
73845,1
73954,1
52536,1
64400,1
41504,1
52348,1
79221,1
34851,1
62659,1
75232,1
51913,1
45325,1
49180,5
56688,5
83474,1
88356,1
85804,1
50663,1
51300,1
56355,5
88115,5
77515,1
80350,5
57675,1
57620,1
57751,1
81591,1
60343,1
76480,1
85113,1
79144,5
60448,1
2569,5
2670,1
3759,1
9857,1
10578,1
11272,1
11823,1
13274,1
35029,1
35161,1
37931,1
38298,5
38515,1
39854,5
43528,5
44038,1
45660,1
47781,5
50229,1
50267,1
50680,5
52778,1
56664,5
58448,1
60792,5
63498,1
63614,1
64643,5
64873,5
66331,5
67537,1
73129,1
74342,1
75625,5
76752,1
79175,5
81519,1
82080,1
83247,5
83613,5
84947,1
84948,1
84949,1
87354,5
15520,4
3085,2
33947,2
76393,1
24981,2
48846,1
57515,2
44062,4
78342,1
38393,2
2653,4
28504,3
8807,0
76783,1
75670,5
8421,4
31017,4
47259,1
17443,0
49389,4
71351,2
25106,2
87246,4
63061,1
1962,4
38717,5
61240,5
38467,1
71324,5
87332,1
85366,5
43229,1
4665,3
24267,2
58004,4
38766,1
54387,1
58198,1
53773,1
88242,1
47401,5
50240,1
72755,1
57097,5
3317,0
4099,0
38479,4
55672,4
26372,2
18278,0
9681,2
26629,3
40322,2
79206,2
7650,4
22403,0
83041,2
82538,4
43336,4
38032,4
39966,4
24448,4
65542,4
55928,2
55965,5
83221,2
84116,5
76571,4
51465,4
63677,1
72538,5
48208,4
45643,5
45320,5
87498,5
56306,5
82393,1
78063,5
66329,1
41746,1
68574,5
78061,5
52499,2
49973,5
49900,5
57954,1
59999,5
48578,1
4479,1
79356,1
80402,5
71803,5
68186,1
56576,4
41647,5
15760,2
22551,2
76030,2
63173,1
64919,5
78426,5
64813,1
72033,4
45886,2
72945,1
51703,4
31660,4
18077,0
59604,2
53717,2
72672,1
85158,1
58136,1
81924,2
76959,1
65520,1
88404,5
81749,1
51167,1
51778,2
40143,1
77632,1
50327,1
11922,0
67107,5
70981,1
32739,3
4779,2
39617,2
56429,2
61329,4
68281,2
18857,3
4547,3
13237,2
12436,4
33431,0
10147,0
23043,3
9789,3
14084,3
25604,3
29285,4
9661,4
4148,2
9393,4
32671,4
15659,3
10816,0
24362,2
9639,3
31111,3
22931,0
25661,3
8765,3
11277,2
5094,2
47826,2
7934,0
9392,2
32609,2
32716,2
10319,2
31176,2
20722,0
24682,2
57636,4
28945,2
31501,2
10531,3
30379,2
2199,2
61408,2
32713,2
9084,0
6618,0
23071,0
24401,2
24530,0
8401,0
32060,0
2642,2
15464,2
16295,0
42546,4
26375,2
8803,0
49072,4
65621,2
67484,4
27517,3
4515,2
25379,2
66565,2
35,0
26220,2
37516,2
77683,2
21206,2
2612,0
28383,2
73762,2
11966,2
56190,4
8447,0
26618,4
49047,4
6747,2
11404,2
16586,2
26716,2
449,0
12021,0
12301,4
69918,4
81020,4
29818,4
29996,2
18184,0
19260,4
20849,4
25609,3
4492,4
526,0
46724,4
15275,2
15536,3
7657,2
87072,2
57241,4
3843,3
5204,0
56328,4
35309,4
35413,4
521,0
15899,0
22282,4
7039,2
24277,3
8454,2
29253,0
48669,2
53298,2
25223,4
32836,0
30524,2
5935,4
16559,0
8130,2
46703,2
42454,2
12525,2
20866,2
41770,2
75855,2
88502,2
9430,2
11392,2
12149,2
27762,2
34134,2
65566,2
65691,2
74441,2
74906,2
75563,5
85192,2
27432,3
11606,4
15109,2
56305,4
27396,0
28604,4
25665,2
49355,2
3253,4
86323,4
86502,4
1041,0
2607,0
6525,0
13212,4
16074,4
25677,2
56391,4
49,4
2696,4
15270,4
26215,4
45162,4
48168,4
60670,4
80011,4
6597,4
12330,3
22806,0
33288,0
51175,4
31981,2
44159,2
67195,2
26613,0
78484,2
88476,2
6224,2
3593,0
59968,4
29303,4
51816,2
31324,4
29409,4
25260,4
4598,4
10392,4
12499,0
14729,0
31874,4
7103,2
21422,0
22451,0
3301,0
6612,4
11245,4
40724,4
36009,4
12148,3
15290,0
62148,2
88203,2
16841,4
40604,4
5653,4
62036,2
85559,2
27603,2
20297,4
24829,3
50537,4
9778,4
31683,2
79653,2
29625,2
59998,2
40252,2
58477,2
61157,2
18525,3
39799,2
39159,2
41535,4
72295,4
82985,2
23261,2
36634,2
23238,0
7774,2
31361,4
78888,0
18844,0
59575,4
81693,2
37751,5
64961,5
66680,5
40085,2
46816,2
30493,4
13477,2
71656,4
79445,2
21686,3
23865,2
55613,2
51731,2
53740,2
62009,2
50162,2
58022,2
975,4
55056,4
56560,4
51433,4
49248,4
49907,4
61984,4
38700,4
39016,4
39441,4
40093,4
62808,4
66596,4
67359,4
43217,4
73282,0
66571,2
75977,2
83888,2
87816,2
5538,5
79057,2
72290,2
61786,2
88415,4
66370,2
56933,2
69355,0
66337,4
11560,4
71131,4
74953,4
76091,4
16264,0
17974,0
78814,4
41451,4
45933,2
75372,4
36854,4
71432,4
13201,0
61777,2
67408,4
67523,4
55033,2
55034,2
56247,4
50219,4
87241,4
85846,4
57177,4
47948,4
86694,4
64746,5
66650,5
70353,2
53862,5
20211,3
14806,3
86603,4
39782,2
46961,2
55097,5
70993,5
78056,5
53355,2
88453,4
62863,0
72777,0
77231,4
38109,4
38171,4
39189,4
57223,4
2977,4
36730,4
1365,2
61982,5
65708,2
86653,4
73806,4
9562,4
11933,4
64078,2
79227,4
81049,4
38466,4
50393,4
76266,2
51446,2
71677,4
44146,2
40612,4
39531,2
54488,5
34758,4
62105,4
62222,4
86488,2
79586,2
37969,4
38960,4
39206,4
65134,5
74476,5
41708,5
4887,0
75741,2
40236,2
39350,5
57780,5
38998,5
54573,5
62302,4
50521,4
49297,4
87133,4
41190,4
40434,2
79527,5
79040,1
54529,4
59432,1
67188,2
47634,2
75591,2
77437,5
68850,4
52172,4
71814,4
44358,2
50509,2
51518,2
87518,2
75801,4
45139,5
62581,1
58391,2
57368,4
72076,5
66173,2
52758,1
51481,5
44237,4
80091,5
43578,2
66011,2
61892,4
67459,5
88213,5
71129,2
45586,5
71029,5
39284,5
79731,5
86609,5
41646,5
43219,5
57007,5
82895,1
79222,5
72238,5
50636,1
68128,1
82940,1
56597,4
56493,4
65079,4
67703,1
85110,1
62048,4
48843,4
66907,5
37021,4
36463,5
52597,1
83410,5
57126,1
86652,5
88218,1
58239,2
39880,5
50585,5
75861,2
46521,1
35803,4
35993,4
72519,1
50626,5
83497,4
46498,5
70126,1
70895,1
7139,5
42599,5
37478,2
71664,5
50637,1
56839,1
76122,1
79583,5
47946,5
37614,5
55449,5
75114,5
57548,1
60922,5
38904,5
78854,5
88303,5
78041,5
62117,5
85431,1
82765,1
66406,1
34718,5
45750,5
60544,1
42930,1
36010,1
63298,1
76209,5
77092,1
49194,2
81147,5
81170,5
81373,1
85768,5
82235,5
46285,5
61229,1
61330,1
48907,5
35572,5
59310,1
53520,5
50450,2
70557,5
72116,1
39075,1
65651,1
77895,5
51688,1
47573,1
44670,5
77429,5
37213,1
37245,1
37296,1
37490,1
58702,5
56457,5
65103,5
39504,5
36693,1
69864,5
70721,5
82453,1
57538,1
40732,5
35898,1
56248,5
87868,5
48056,5
83534,5
64800,5
44524,5
54572,5
76860,1
64828,1
65171,5
39822,5
44787,1
40877,5
88683,1
74630,1
63650,1
57312,5
82529,1
51462,1
72600,1
60565,1
83802,1
60615,5
51689,5
82704,1
45773,1
35343,1
50247,1
83379,5
78134,1
42475,5
73872,1
54179,5
51792,1
68263,1
34442,5
87092,5
76000,5
78755,1
39282,5
53539,1
71621,1
53175,1
40493,1
68640,1
50541,1
50588,1
73099,1
86133,5
76874,1
84901,1
88413,5
87093,1
76502,1
49835,1
83956,1
46632,5
83734,1
53958,5
37542,5
37755,1
81155,1
58970,5
58972,5
82763,1
83423,1
85089,1
17574,3
52933,5
74842,1
14894,1
52620,1
58339,1
65534,5
67684,5
68215,1
71975,5
72633,5
77078,1
68389,1
61036,5
88490,4
31372,2
66536,2
33915,2
70951,5
50326,1
31133,0
76842,4
62087,2
14154,2
56589,5
81412,1
38492,5
57202,1
7746,3
25046,2
57547,1
88119,5
78487,5
66216,5
82379,4
25082,2
5404,3
3262,2
33215,3
63382,1
56173,1
12907,0
44188,5
39601,5
39382,5
30705,2
13863,4
28726,4
84491,1
31675,4
21651,2
30837,3
14104,0
45700,2
13250,0
30874,2
38678,2
86422,4
24026,0
6194,4
5568,2
3612,2
51728,4
54247,2
39684,2
338,4
38560,2
29866,0
23252,0
70909,5
19024,0
64261,5
81850,4
31859,4
42062,2
77656,4
35067,1
61314,1
39714,4
71136,5
71738,5
40046,5
62269,1
87290,1
66270,5
57701,5
49282,5
44813,5
56717,5
69986,1
49402,1
36893,4
62589,1
943,2
40904,5
28161,0
39090,5
12146,2
23756,2
40489,2
66605,5
24336,2
46710,1
66579,5
42362,1
44510,2
85655,2
28704,3
76705,1
32892,0
70828,4
23057,3
69765,1
27364,2
28782,3
15436,3
80560,2
31557,2
16402,0
10460,0
31061,2
18176,2
1924,0
687,0
3109,2
57939,4
1864,0
15918,3
55299,2
12139,0
13168,3
9000,2
23954,2
14415,4
84822,2
33370,0
12779,2
1852,2
5677,2
15114,3
59648,2
17712,4
15704,0
12663,2
1956,0
10636,2
21274,3
316,0
3620,3
61441,4
21271,3
23536,4
14659,0
81202,4
7568,4
30816,2
30817,0
72185,2
87328,2
83338,2
49111,2
10689,2
28353,2
82691,2
56148,2
62474,2
11115,2
16506,2
18760,2
30707,2
45114,2
70549,2
77734,2
81651,2
87209,2
18024,4
23722,4
23838,4
55744,2
9068,0
83485,4
77103,4
592,4
1415,4
15091,4
54621,4
80244,4
81782,4
9,0
16265,0
21113,0
50278,4
69042,0
14481,2
25014,2
19025,3
67508,2
20648,0
74148,2
14280,4
47633,4
66616,4
66921,4
29185,0
15211,2
83948,2
43454,2
46765,2
56438,4
62214,2
32158,4
52819,4
33740,3
31667,3
65062,2
29792,3
80793,2
19556,2
52396,4
18055,3
75477,2
34179,0
83946,2
52401,2
24383,5
36669,4
3521,0
2156,2
70535,2
17602,2
76751,4
88258,2
88214,2
40141,2
84662,2
18007,2
62987,2
55113,4
5785,4
5023,2
8227,4
25805,4
74696,2
9609,4
39825,4
43670,4
48774,4
86672,4
65084,2
66421,2
66573,2
44276,4
20777,4
44187,5
34262,0
55855,2
12485,3
5576,2
62061,4
40569,2
29952,0
55810,2
1579,2
31947,4
78381,4
47967,2
34966,2
44327,2
71358,2
44326,2
66191,2
56221,4
21219,3
34652,4
39137,4
54198,2
77631,2
66025,4
51062,2
56396,4
60740,2
71214,5
70754,5
39878,5
35217,4
79674,2
58548,0
37051,5
30872,3
86988,2
71257,4
52543,4
88580,4
39135,4
38174,1
87221,4
83628,1
38774,2
56537,2
56490,2
74541,5
43015,1
41331,1
72159,2
56723,2
76330,1
65664,4
80532,5
59441,5
70322,2
44376,5
45982,5
44349,5
37136,5
65765,1
37303,1
58217,5
45974,5
50910,1
49502,1
37097,1
87778,5
61380,5
84197,2
37927,5
59341,1
78230,1
67032,5
6676,5
66226,5
68294,1
46361,5
83040,1
78436,5
87533,5
46041,5
43865,5
78981,5
78545,5
86918,5
40932,5
42894,1
71118,5
81783,5
50540,5
50569,5
37412,1
47919,1
75084,5
40397,5
45130,5
37304,5
42745,5
81719,2
77760,5
49928,1
41516,5
84767,2
46976,1
75499,5
37405,1
76332,1
80691,5
85265,1
36637,1
31724,3
34356,5
11768,3
81639,5
52307,1
37422,1
49639,1
85540,5
85835,1
87519,1
46680,1
50948,1
74937,5
70707,5
51854,5
79390,5
54589,5
51256,5
58340,5
46269,5
67422,5
80415,1
76723,1
59546,5
59662,5
60572,5
50716,1
50560,5
88163,1
72928,1
41773,1
88136,5
34757,5
54384,5
82088,1
87392,1
87609,1
39417,5
54906,1
60708,1
50524,1
74263,5
51840,1
69961,5
48099,1
84048,1
84049,1
59920,5
64137,5
66685,5
56504,1
36978,5
45562,1
74475,1
81560,5
87827,5
2301,4
61661,5
29867,2
31125,3
52141,1
66278,1
57474,5
42012,5
52220,1
87514,4
75338,1
76654,1
73837,1
52998,1
47421,5
35444,5
35451,5
35458,5
35465,5
35472,5
35479,5
35486,5
35577,5
88173,1
7020,3
6392,2
45862,2
74505,5
81999,1
53980,1
56557,1
28586,3
30585,2
17789,2
66411,2
18122,4
29484,4
87119,5
22132,4
66195,1
38340,5
87428,5
66976,2
26802,0
9597,2
18481,2
17895,2
67987,4
51945,0
84937,2
43848,0
38986,5
38987,5
45683,5
77009,1
86921,5
41259,1
87398,5
20922,1
28937,3
3707,2
44330,2
29043,2
77971,5
80547,5
44321,5
66513,5
20024,0
65095,5
88818,1
82997,1
20167,0
31512,2
35449,5
35456,5
35463,5
35470,5
35477,5
35484,5
35575,5
35582,5
88669,4
23724,3
54356,1
18734,0
84815,5
161,4
39614,2
41204,2
59931,5
65873,1
61992,5
63122,1
2986,2
7910,2
21414,2
22919,2
25128,2
25129,2
27658,2
35259,2
38280,5
49203,5
55918,2
55983,4
62394,4
65653,2
68840,4
76520,4
83069,4
86850,4
10671,0
11147,0
4043,3
67977,2
1227,0
13504,0
18227,4
25720,4
2978,2
5678,2
12501,2
53705,2
26198,3
30698,0
66137,4
8669,3
27894,3
9887,3
20593,2
78335,4
6709,4
434,0
2283,2
1011,2
1502,2
29918,2
16289,0
72220,2
13094,3
15081,3
13491,0
54497,0
828,2
54481,0
15786,0
11479,0
6846,3
53148,0
27228,3
31192,0
1231,2
23813,3
20228,3
33746,2
13192,3
33359,3
83128,0
30739,2
31221,3
3965,3
32783,2
22196,4
8966,3
28526,2
32160,3
4658,2
7362,4
14604,0
13923,0
47005,2
15078,3
11375,3
16446,0
30336,2
27810,0
28066,3
33880,3
5925,0
1428,3
21295,2
32151,3
22704,2
30878,2
27955,3
31397,3
5902,3
31988,0
8674,3
9080,3
8432,3
21484,2
20142,0
31426,4
27516,0
8527,3
25784,0
277,3
15273,3
26914,0
25454,0
19604,3
54870,2
7412,0
13896,2
28663,2
20685,0
25289,3
21359,3
12993,3
24901,4
25355,2
24427,0
14913,2
22518,3
4820,3
3667,2
20430,3
29840,3
4586,3
28531,3
13805,3
26679,4
33063,2
27378,3
11880,4
20710,3
2094,3
15039,2
34316,3
4911,2
16606,2
5551,2
25245,3
4271,2
23656,2
65567,2
16860,3
362,3
20537,3
4579,0
51362,0
32131,3
31769,3
52980,2
15154,0
27633,0
9166,3
32967,3
3718,0
4010,3
408,3
26331,2
19939,0
8480,2
28166,3
52752,2
1684,2
3819,3
22433,4
11003,3
1334,2
11184,2
4802,2
22065,0
18084,2
11390,2
33074,3
18168,2
29230,2
29669,3
7042,2
27122,2
31681,3
1074,0
28536,3
10471,0
31803,2
60477,2
5153,2
14130,2
5660,0
15969,0
21923,2
11878,0
32877,3
23243,2
26410,2
26398,0
8684,2
29606,0
28987,3
8815,3
27564,2
57365,2
2085,3
11146,2
30930,4
28081,2
14669,3
3397,0
12508,3
3234,4
16190,2
24561,2
25931,2
4264,2
18509,2
15000,2
32919,0
13643,3
4571,2
17044,2
23429,3
6138,3
5075,0
26617,2
33577,0
23186,0
66677,2
2253,2
4263,2
16291,2
33255,2
31394,3
21792,3
22309,0
75598,2
5207,2
667,2
9791,2
10061,2
12884,2
23592,2
20401,2
21040,2
6921,3
2231,2
6221,2
6239,2
8114,2
8813,2
11753,2
15404,2
21959,2
25763,2
26526,2
34001,2
55167,2
55778,2
32946,2
12972,0
4805,3
24776,2
9472,3
33121,2
24440,3
8729,2
23162,3
48120,2
25429,0
13401,0
1853,4
30216,3
16554,2
29332,2
27864,3
10477,2
31823,2
24489,2
3518,2
19451,2
3038,2
14507,2
22005,2
27137,0
7372,0
33135,0
9606,0
71659,4
26727,0
25418,4
3404,2
30190,2
30144,2
34322,2
30123,2
2936,2
6542,2
20721,2
21730,0
22666,2
27949,0
33871,2
35205,2
56097,4
17912,3
4597,0
18210,2
87807,2
12968,0
86839,2
20994,2
24736,2
26978,2
30062,2
67137,2
1493,0
2811,2
4668,2
7733,0
8054,0
11514,2
16568,2
20028,2
27307,0
28384,2
30667,2
32505,0
33393,0
85580,2
14626,2
15092,2
15177,2
59174,2
77467,2
79794,2
1803,2
23020,2
29079,2
86,0
781,2
28733,3
16709,0
9537,0
216,0
22158,2
19669,2
3877,3
51229,2
18394,0
86568,2
27189,3
18631,2
191,0
1548,2
7507,0
9333,0
17850,2
22399,2
24372,0
24404,0
33225,0
50814,2
68184,2
68093,4
20968,0
1529,2
24414,2
8463,3
2747,0
32118,2
28485,0
30101,0
24261,2
11145,3
87674,4
8005,3
30308,2
28721,0
4295,0
7365,0
3041,2
4959,2
25286,2
23412,2
8804,2
3452,0
31483,0
31311,2
14965,2
3767,2
5857,0
22543,2
22658,0
23637,2
25325,0
35883,2
24270,0
5318,0
13216,0
2860,2
27776,2
21403,0
16987,2
19373,0
15713,0
33582,2
15465,2
117,2
11391,2
19795,0
25584,0
26484,2
15259,2
9299,3
47146,2
46413,2
77585,4
28997,2
30926,2
8462,2
21191,0
26382,0
4011,3
24155,0
5500,0
16670,2
2825,2
9369,2
33345,2
17484,0
25935,2
54113,2
14108,2
19827,2
21124,2
22918,2
29372,2
77152,2
22211,3
23725,2
4456,0
15876,2
10366,3
2025,2
5386,2
10900,2
6724,2
13875,2
21260,2
24181,2
25711,2
32303,2
52544,2
82227,2
31747,0
2801,3
29558,2
32519,2
30836,2
5822,2
16355,2
25981,2
16952,2
628,2
13434,2
24130,2
29034,2
31108,0
32263,2
77216,2
10035,0
25592,0
40772,2
31151,2
32612,2
48520,2
16683,2
21652,2
32799,2
25689,3
30064,2
33536,0
10264,4
26556,2
16745,2
18648,0
10993,0
390,2
2552,2
7028,2
9689,2
11703,2
12019,2
23072,3
49776,2
27224,0
50233,0
12157,2
20702,2
23342,2
24417,2
25875,2
32674,2
32978,2
83967,2
6878,2
15409,2
39986,2
59875,4
74947,4
4800,2
9654,3
21975,2
22542,2
45395,2
55731,2
71345,2
75673,2
78822,2
88335,2
4958,2
10717,0
4812,2
3992,0
1196,2
4739,2
15195,2
2953,0
693,2
22330,4
13082,0
554,0
12321,2
14213,2
30393,0
1429,4
1642,3
32868,3
13830,0
27042,0
50375,4
87194,2
24854,2
9510,2
15750,4
13725,0
12590,0
4197,3
84758,2
33190,2
27523,2
27926,0
27928,0
23754,0
27749,2
10306,2
24475,0
3366,2
7671,0
8202,0
8947,0
10825,0
37089,2
50990,2
75,0
680,2
1872,0
2828,2
4661,0
15276,0
66116,2
66220,2
28237,0
18886,0
15830,2
25767,2
26735,0
27112,0
49254,2
52325,2
81981,2
27596,0
8395,2
37175,2
88017,4
15695,0
26355,2
28250,0
30323,0
33259,0
76612,0
8315,2
3288,0
7619,0
6164,2
26952,0
2174,4
28,3
46480,2
32942,2
73985,2
5157,0
2011,3
25413,0
21587,0
6056,4
28545,0
22882,2
1006,0
25533,2
10505,0
21465,2
85133,4
10489,0
15589,0
23321,0
12268,3
24833,0
78498,0
29560,3
32903,2
1019,0
1885,2
78960,2
28266,4
28980,0
30736,0
20082,3
19942,3
26979,0
17771,2
25690,0
14850,2
2677,2
25806,0
4433,4
9322,4
2632,4
3166,0
7414,0
17465,0
12459,2
16674,2
20218,2
23769,4
30395,0
76290,0
80349,4
9945,4
15935,2
26365,0
2407,0
8977,2
30328,3
14465,0
24659,0
13838,2
18854,0
9833,0
11629,2
47963,4
22362,0
10608,0
12433,0
32386,2
19436,0
2618,2
29689,2
832,0
72289,4
26836,2
2361,0
4185,0
18819,0
31526,2
14977,2
15478,0
24796,2
4399,0
75682,4
17498,3
1738,2
6700,2
8812,2
15700,2
21060,2
54970,2
1336,2
7515,2
22064,4
6929,0
18705,2
58823,2
5249,2
11326,2
14735,0
26957,0
25419,0
26826,0
48126,2
6285,2
2048,2
28348,2
8211,2
10564,2
12320,3
14689,2
25232,0
26286,2
27668,2
31479,2
66535,2
67338,2
69957,2
24379,4
27486,0
12077,2
35006,4
18950,4
18816,0
784,0
17737,3
162,0
1683,4
8481,0
11219,0
11836,0
29456,0
3779,0
2997,2
7012,2
13052,2
20326,2
71143,2
86419,2
18426,4
1291,0
28865,0
1203,0
10818,0
56658,2
19348,4
14973,0
1887,2
5790,2
7623,2
11810,2
12661,2
14006,2
14541,2
16904,2
19684,2
23673,2
26810,2
33784,2
40186,2
46165,2
55390,2
83477,2
84881,2
14447,2
29158,2
5896,4
9411,0
11035,4
8734,2
26790,3
17643,4
54869,0
3472,3
29291,0
22180,4
11290,0
1247,0
19722,2
30580,0
50968,2
50960,2
7703,2
14537,2
25970,0
16933,0
1086,0
1722,0
2168,0
3496,0
4272,0
18249,0
2858,0
4403,0
7248,3
7834,0
16043,0
17464,0
19424,0
19716,0
26458,0
29610,4
30344,0
32016,0
32597,3
47251,0
16395,2
2608,2
8799,2
11227,2
11300,2
15977,2
22589,2
28814,2
29130,2
29489,2
29951,2
32746,2
37294,2
789,4
6770,0
9837,0
10001,0
10411,0
11494,0
11699,0
13633,0
14347,0
14440,0
16174,4
22283,0
22740,4
22947,0
27509,0
28825,0
30192,0
32483,0
65941,4
76663,0
76792,0
22310,0
8073,0
18454,2
28206,0
2954,2
26770,4
26532,0
20060,0
16418,4
297,2
7408,0
8118,0
10172,2
12191,0
12994,2
22923,0
25041,0
26981,0
27271,2
18925,0
19282,0
17064,3
11107,4
87437,2
8974,2
16195,0
9341,0
9214,2
22906,0
16067,2
1077,0
26449,0
30904,3
8533,2
25208,3
85745,4
1753,2
7993,0
21947,2
22438,0
29046,0
31671,2
76930,2
8057,2
12262,0
10203,4
26052,2
5026,0
6256,0
10494,0
12222,4
18144,3
19803,3
20512,4
24124,0
57483,4
28479,0
27038,2
28253,2
18569,0
11158,0
66181,4
27304,0
24500,4
29183,0
19741,0
17548,0
33525,0
31157,0
17436,2
13684,3
50329,3
30145,4
20005,0
30717,3
30783,0
32620,0
26509,4
7329,4
23790,0
83428,2
1661,2
21086,2
30072,0
39337,4
66247,4
24711,0
36402,4
301,4
719,0
5446,0
8652,0
9724,4
12282,0
13160,0
14363,0
14966,0
15968,0
16313,4
17213,4
26274,0
26387,0
26678,4
27298,4
27576,0
31550,0
31942,0
33802,4
64759,4
41923,2
31556,4
22346,4
32883,3
55274,4
1995,4
30923,2
790,0
2009,0
2303,0
2718,4
3258,0
3705,0
4143,0
6152,4
7584,0
9351,4
9519,0
12317,0
12721,0
16111,0
20103,4
21329,0
25013,0
29125,4
29779,0
29815,0
30418,0
31451,0
31721,0
34139,3
51619,4
56338,4
57708,4
65687,4
70323,0
70338,0
33305,0
22921,3
24635,3
2137,2
7718,2
8024,2
13778,2
75537,2
55483,2
17507,2
18372,0
23779,3
17670,3
12220,2
22623,2
1347,3
72138,4
30041,0
57264,2
19569,0
649,2
26767,3
49971,2
2941,2
5112,2
27175,2
49630,2
64312,2
67694,2
67746,2
81758,2
18410,0
21955,4
67292,2
12025,0
10514,0
16314,0
24386,0
24826,2
1112,2
8380,2
22525,2
20212,2
18921,0
4377,2
16231,0
57376,2
23302,2
19156,2
18404,0
3021,0
7111,0
24924,0
32997,0
651,0
1488,4
13126,4
37602,0
65963,4
76975,0
18867,0
5771,4
20697,2
20547,2
25316,2
49816,2
31876,2
44758,0
33407,0
77230,2
2805,2
31461,2
32371,2
22722,0
4136,2
10508,2
30164,2
61315,2
28126,4
58455,2
80628,4
76869,0
56033,4
26216,2
19370,2
22414,3
2071,0
29565,2
31486,3
61695,2
1637,4
5060,0
29404,0
19271,4
29341,0
1826,3
38949,2
406,4
7289,4
38710,4
38804,4
6539,0
9429,4
11086,4
42888,4
3797,3
82023,2
71,0
26046,2
61893,2
33006,3
13692,0
54947,2
87305,2
26733,4
12272,2
25765,2
20556,2
70568,4
22215,2
33693,3
8496,0
11353,3
10305,2
26501,0
40832,2
40254,4
31432,0
30112,2
39969,2
32835,0
3536,0
7095,4
26405,0
33839,0
8633,2
87065,2
2466,0
30834,3
43969,2
45988,2
32952,3
31309,3
25535,5
87229,2
32476,2
21993,2
83086,2
17950,3
11332,2
2691,2
17968,4
85789,2
12402,2
15357,2
66865,2
67123,2
67809,2
78158,2
52527,4
39044,2
24074,3
33107,3
28783,0
10697,2
10526,2
49454,2
66664,2
84673,2
50605,2
27939,4
73087,2
25707,2
19673,2
22391,3
24904,0
77681,2
57442,2
18983,0
47029,4
77161,2
77582,2
24992,2
75323,2
620,2
8453,2
8557,2
22372,2
67914,2
75291,2
1174,0
18437,2
30581,0
7968,2
8860,2
11754,2
15221,2
24293,2
39054,2
74480,2
21588,2
31219,2
22336,4
83612,0
51243,2
29321,0
39133,4
26962,0
21152,2
48258,2
29085,2
1886,2
2181,2
4394,2
5730,2
6333,2
18728,2
20241,2
22085,2
31375,2
39894,2
42521,2
43733,2
49929,2
58850,2
61186,2
61421,2
61456,2
69975,2
70124,2
70669,2
75843,2
82281,2
86269,2
87157,2
25395,2
18299,2
54591,2
7464,0
20380,4
24890,0
52841,4
66157,4
3466,2
6393,2
9431,0
13996,0
1191,3
45471,2
78548,2
17349,2
26504,4
32990,2
84309,2
48869,2
582,2
1032,2
3844,2
4938,2
7754,2
8753,2
8891,2
10802,2
14497,2
15701,2
18476,2
29250,2
30416,2
32413,2
32841,2
37187,2
46685,2
46705,2
46964,2
47998,2
48071,2
49717,2
51434,2
51435,2
53822,2
53838,2
56450,2
56451,2
59719,2
61708,2
62294,2
62985,2
65314,2
81860,2
83349,2
84604,2
84605,2
87191,5
87271,2
87592,2
5691,2
24534,4
47764,2
21600,2
18677,0
6841,3
37332,4
16812,4
18962,0
19568,0
87502,0
85330,4
27389,0
33247,3
12413,3
4114,0
34696,2
51687,2
28769,3
66701,2
72791,2
23662,0
50303,2
2536,0
86098,4
4404,4
72078,2
72079,2
27796,0
20733,3
18736,4
25880,4
28439,0
75234,4
1589,2
8037,2
15155,2
21056,2
22130,0
25442,2
51916,2
63315,2
61449,4
16643,0
9554,0
24852,4
26927,0
34396,4
12726,0
58642,4
16201,3
186,3
20963,3
29811,0
46572,2
4455,0
10063,0
22833,0
70076,4
34202,3
79122,2
79415,2
81687,2
75936,2
60942,0
72469,4
70812,2
5025,3
31605,0
3306,0
82205,4
80150,2
22530,3
23644,0
11802,3
24095,0
24361,0
61033,0
16673,2
62698,2
48413,0
30170,4
32670,4
12506,0
929,0
1015,0
1401,0
2089,0
2724,0
3526,4
4798,0
7198,0
7867,4
10178,3
17580,0
18990,0
20285,0
22076,4
26228,0
26354,0
27709,0
33298,0
53142,0
58822,4
78429,0
78518,0
82680,4
86149,0
87454,4
19697,4
83032,4
84014,4
31464,0
71283,2
23260,2
67486,5
62193,2
8835,0
28580,0
19609,2
2165,0
5441,0
17116,0
27730,0
76942,4
15458,4
12427,0
46936,4
77003,4
15625,2
81835,4
421,4
1209,4
2740,4
4170,4
6604,4
8785,4
20130,4
23316,4
28176,4
29873,4
31952,4
34542,4
37261,4
39934,4
40214,4
40472,4
44197,4
44392,4
46704,4
48167,4
48554,4
50192,4
61301,4
67789,4
70596,4
75152,4
85380,4
601,0
644,0
1056,0
2100,0
2101,0
2242,0
4567,0
4804,0
5437,3
7510,0
8519,0
9544,4
9929,0
10946,0
13673,4
14136,4
20307,0
21367,0
24455,0
25502,0
26186,4
28314,0
38811,0
39571,4
46838,4
47379,4
50578,4
58312,0
58313,0
60567,4
61239,4
69230,4
69248,0
69345,4
75657,4
78378,0
46168,2
31711,0
4211,0
31167,2
87772,2
4621,2
6054,2
8641,2
9810,2
12900,2
17647,2
18130,2
20200,2
25022,2
25211,2
29041,2
30017,2
33999,2
39828,2
39920,2
39921,2
40095,2
47011,2
47035,2
52767,2
55595,2
71122,2
81653,2
86341,2
2573,0
86838,2
49832,4
26797,0
39299,2
12709,3
26812,2
9208,2
24825,2
61062,2
16982,2
87762,2
13847,2
60028,2
10772,2
72480,4
33845,2
18209,0
81420,4
30197,4
32541,0
19473,0
15881,4
19213,4
19214,0
43432,4
78916,4
29486,2
22618,0
53507,2
37034,4
37092,4
35082,2
46267,4
31509,0
57531,4
60522,0
21782,0
77874,0
15176,0
27846,0
83309,2
18098,2
8992,2
23730,2
64615,2
19367,4
87015,2
52816,2
80636,2
30954,0
81864,2
29396,0
44952,2
44965,2
10166,4
33657,4
33820,4
33849,4
34206,4
8225,4
28846,0
2636,0
3322,0
3831,0
4393,0
6170,0
6614,0
7897,0
7946,3
8163,0
10177,0
11356,0
11841,4
12054,0
12354,0
12790,0
13716,4
14297,0
17809,0
18434,0
18435,4
18937,0
19193,0
19599,0
22688,4
23426,0
26572,4
26703,0
29134,0
29584,0
32268,0
33306,0
34063,3
36852,4
38695,0
53158,0
56031,4
59203,0
65422,4
76305,4
76461,4
20757,4
13451,4
15595,4
17513,4
18651,4
19158,4
20168,0
20342,4
22553,0
6412,4
81261,4
8885,2
65353,2
13936,2
74450,2
741,3
45893,4
3514,2
86784,2
45625,2
5563,2
29642,4
70543,2
81578,2
56862,2
63983,2
88779,2
22974,4
4074,0
1929,0
82239,2
75730,4
82303,2
74911,2
75676,2
34877,2
4293,3
9610,0
27458,2
3988,4
11480,4
26373,4
34704,4
35246,4
49841,4
85701,2
86860,2
995,4
25590,2
40109,2
22007,0
55705,5
19305,2
685,2
41896,2
65190,2
66888,2
67176,2
76556,0
29166,0
20185,2
83561,0
39108,2
27135,0
16905,4
27872,4
7455,2
9042,0
11651,2
41951,2
71948,4
1435,3
18796,0
61970,2
80043,2
59927,5
77784,0
7396,4
41559,4
84107,2
67762,4
8828,3
77660,2
27579,0
12684,0
51636,4
55068,4
9852,0
12638,0
14554,0
54910,4
28318,2
30397,2
7322,0
8635,3
23677,2
11028,3
39998,4
65711,4
69288,0
55253,2
18484,0
82406,0
58639,0
26893,0
47495,2
84295,2
84964,2
9675,0
19552,3
71186,2
75941,2
52258,3
46290,2
10609,3
13243,3
67998,0
33319,2
85427,4
25945,2
43748,2
34132,2
44233,2
53492,2
87536,4
29542,4
28473,4
6607,4
6673,4
68342,4
59384,4
53898,2
22092,3
11713,0
27005,2
54613,2
29323,2
32127,2
87922,2
55544,2
7921,3
12002,2
70416,2
78896,2
87307,2
9885,0
25737,0
16475,0
17886,0
12366,2
42518,2
45705,5
67333,2
57963,4
5619,0
19892,0
22653,0
23339,4
16924,0
54833,2
13373,2
22100,2
51411,2
62886,2
77798,2
80109,0
39915,2
23277,0
41404,2
62700,2
79153,2
24941,2
33534,0
14439,3
32854,3
29877,3
51111,4
59726,2
25788,3
34330,2
984,3
19666,0
34912,4
62000,2
40041,2
79862,2
38126,2
4343,2
61082,2
65528,2
87929,2
15509,0
15577,2
88648,2
33828,3
5545,4
25297,3
36512,2
27044,4
378,0
3751,0
17556,4
73380,2
87475,4
36401,2
31878,4
8086,2
51616,2
85949,2
60521,2
1871,0
5170,0
7381,0
49935,4
73706,0
42750,0
21408,2
82836,5
4761,0
65131,2
72070,2
31279,2
17694,2
26326,0
44319,4
24905,4
10354,0
13501,0
14396,0
14967,0
32773,4
81061,4
33237,0
57507,4
88445,0
33023,3
25764,3
82523,0
42740,2
31594,3
15526,3
32707,4
14928,0
17832,0
38048,4
44097,0
50074,4
51240,0
56833,4
62679,0
83240,4
49367,4
86833,4
49739,2
60638,2
73914,2
56147,4
34113,2
28627,0
81979,4
64147,0
56001,4
13693,3
88166,4
11623,2
53688,2
77196,2
33509,0
3866,2
9172,2
78846,0
88007,2
1262,2
36314,2
65049,2
83959,0
31224,3
21062,3
59664,3
51856,2
61297,2
72147,2
4241,4
660,0
28087,0
75029,4
75027,4
49277,2
55036,2
66705,2
9036,3
61891,2
78268,0
9655,4
82439,2
14420,3
44160,2
86407,2
59916,4
336,3
7610,4
31528,4
40005,2
48388,2
24334,4
61537,2
75157,2
43491,2
55974,2
57070,4
62115,2
62217,4
11588,2
69412,4
12280,0
18307,4
13091,3
46466,2
55239,2
27622,3
25085,2
22905,0
62954,0
13324,3
40766,2
57797,2
68901,2
49712,4
19147,2
41251,2
16123,3
29411,4
68797,2
24853,3
27574,3
82508,2
6442,2
55129,5
5714,2
78887,4
56125,2
74946,4
48667,4
40265,2
72767,0
88293,4
52262,0
87165,5
4258,2
34680,5
66169,2
46794,2
61445,2
50644,4
76900,4
10361,3
34234,5
38835,5
45456,2
49672,5
64974,5
67667,2
77326,5
78710,5
14055,0
86893,2
10165,4
62316,4
81813,2
70149,3
2282,4
61317,2
61515,5
26300,3
23866,0
71111,5
69795,4
11988,2
12516,2
13469,2
12522,0
79727,0
54883,2
65380,4
48242,5
10003,4
12235,0
22531,0
27050,0
36438,0
41182,4
41272,4
76370,4
25356,2
21272,2
21277,2
21337,2
23396,2
19869,2
59337,2
79708,2
560,2
9491,2
23499,2
631,0
1388,2
46637,2
3669,0
3868,4
3870,4
78329,0
55879,4
52256,2
68074,2
61220,2
56985,4
27647,2
39468,2
54586,2
54608,2
34309,0
57422,4
62614,4
70314,4
70315,4
78526,2
85758,2
31644,3
38687,2
38876,2
46464,2
2684,2
9574,2
32909,2
41383,2
46415,2
55445,2
70855,2
81827,5
81828,5
81829,5
84418,2
86595,2
77190,0
77272,0
46720,2
17854,5
69125,4
67390,2
4430,2
61407,2
17867,2
34425,2
36823,2
39944,2
40703,2
40704,2
43914,2
44113,2
54806,2
60847,2
60863,2
62067,2
71402,2
79493,2
80784,2
81664,2
83145,2
83202,2
84823,2
86718,2
86810,2
86997,2
87637,2
60861,2
26635,3
53077,2
2545,2
39924,2
81668,2
66730,0
66731,4
24288,0
80693,2
56231,2
81184,2
45163,0
35614,4
40886,4
23939,2
2600,3
50909,2
65727,2
25923,2
75184,2
63350,2
53922,2
57276,5
57279,5
67239,5
32402,3
87844,2
87668,4
45797,4
6141,2
9457,4
20123,0
5584,4
84645,2
6479,2
23841,4
35972,4
76721,4
50491,2
14002,0
20604,0
21085,4
41953,4
48509,0
48550,0
48751,0
57063,4
58738,4
65832,4
73117,4
75471,4
76337,4
76708,4
76847,4
84786,0
86668,4
86939,4
88178,4
62784,2
62980,5
87357,5
58508,0
79833,2
36632,0
79317,2
72084,4
8538,2
46675,2
20412,0
54506,2
46834,2
60428,2
33665,4
9159,0
8335,4
9268,4
9774,4
9784,4
35379,4
38434,4
38861,4
39805,4
42581,4
43988,4
46938,4
55336,4
62311,0
64238,4
67012,4
76733,4
28614,0
40928,4
46369,4
48481,0
50093,4
57049,4
57732,4
57733,4
57806,4
59121,0
78126,0
88177,4
88500,4
55846,2
48052,2
15189,3
38601,2
14527,2
39386,2
40680,2
74055,2
74165,2
75824,2
21275,0
42007,0
53664,2
78013,4
76898,0
40240,2
59207,2
87279,4
52147,4
51355,2
54406,2
20419,0
26937,2
40712,2
46426,2
46543,2
54778,2
55259,2
65331,5
65538,2
66834,5
71795,2
84624,2
67729,2
44235,2
61571,2
61935,2
37266,5
80873,4
65313,4
1832,4
53977,0
71119,2
81580,2
80622,2
46901,2
63032,2
71495,2
37072,4
64958,4
78632,4
76878,0
81145,4
41008,2
18265,3
41017,2
67547,2
50392,2
66832,2
7126,2
38465,0
40259,2
36976,2
48305,2
82423,2
62099,2
80473,2
76198,2
76199,2
5066,4
40811,4
45606,4
62197,5
34288,2
64297,4
26467,0
39471,5
49878,5
88054,2
58796,0
49427,2
75717,2
88267,2
43132,0
11792,4
34578,4
40684,4
75492,4
75602,4
7180,0
9117,4
12072,0
13086,0
22370,0
23982,4
39697,0
41984,0
70027,0
72748,4
73126,0
73274,0
78777,0
82419,4
84540,0
8166,3
40966,5
8619,2
24104,3
72187,4
23425,0
62982,0
18101,0
61065,2
88277,4
4047,3
3599,3
39519,2
52858,2
55309,4
46493,4
46528,4
47681,4
6230,4
58015,4
61002,4
74213,0
37068,5
50351,5
65477,4
56604,2
57629,2
64870,2
67652,2
45273,4
29579,3
61129,2
87293,4
19178,3
48863,5
77257,2
54415,4
39724,2
78626,2
12446,2
20243,3
83129,2
72529,4
61920,2
50356,4
87413,4
74066,2
10538,3
37975,0
88050,4
88797,2
32311,3
47625,0
31127,3
68129,2
45451,2
9498,2
88687,4
36285,2
48861,5
41634,4
43035,4
73691,4
26586,3
61353,2
82169,0
74799,0
84580,0
70033,4
62552,3
44340,2
19929,0
52677,4
67678,4
67709,4
68406,4
12512,2
85850,2
43248,2
55754,2
82878,0
22252,0
40621,2
50924,4
82605,0
81710,2
56369,4
83690,5
58002,4
42035,4
34506,2
76357,2
77347,2
18121,3
15794,3
57906,4
26085,0
48566,2
85541,2
81747,2
4587,3
31092,3
41194,4
62312,2
56774,2
75668,2
85946,2
70999,2
68006,4
86630,4
81694,2
81013,4
58085,4
48862,2
37535,4
41941,4
72566,4
70060,2
57783,4
61045,4
88133,2
73340,2
73866,2
41171,2
75987,4
50852,3
84138,4
62957,5
42887,2
59113,2
67511,2
53645,0
67240,2
67170,5
33671,3
85441,2
75622,2
60455,2
86897,2
88032,5
81276,4
63399,0
48632,2
62005,2
75604,2
82587,2
38277,2
39427,2
48647,4
63006,2
38792,5
64538,2
77849,2
45151,5
57068,4
87466,4
59249,2
61492,2
82372,4
74737,2
1214,3
81840,2
45718,2
43668,0
40965,4
62718,0
65374,0
52135,2
61894,2
70908,5
75665,2
75794,2
77600,2
80041,4
49945,4
14931,3
79021,2
47509,2
57626,4
65336,4
65957,4
55492,2
69644,2
59779,2
13574,3
45221,2
73892,2
56983,4
17228,3
73950,2
55937,2
72667,2
40775,4
48511,4
67068,4
79743,4
48787,0
85991,4
16720,3
58020,2
46569,0
36983,4
82448,0
38346,5
40769,2
66754,2
36705,2
46346,2
62106,2
64448,2
71933,2
47892,0
37156,2
46062,2
77211,5
59574,4
84569,2
13666,2
82367,0
35684,2
49283,5
87630,2
48737,0
37241,4
53419,2
84374,5
77368,2
43864,2
44369,2
44387,2
47580,2
67606,5
67629,2
86701,5
55962,2
86089,5
52197,0
68249,4
62392,4
68395,4
87719,2
57566,2
59985,2
38722,2
40220,5
40473,2
40607,2
53231,2
55481,5
56020,2
57430,2
66877,2
50441,4
53320,2
62118,4
83941,5
41702,4
72093,4
76023,2
77638,2
52694,4
55525,4
64798,4
64834,4
66486,4
66750,4
57934,2
47232,4
52176,4
62949,0
67878,0
69144,4
39286,2
56700,4
86486,2
42799,2
71431,5
41491,2
57291,0
77510,4
39205,4
59793,2
82736,2
81901,2
43310,0
75317,2
40499,2
44871,2
60134,0
6830,3
85078,0
49845,4
57419,4
55824,4
48816,4
28722,3
42400,2
54801,4
53920,4
47342,4
47343,4
47442,4
47487,4
47595,4
47611,4
55100,4
84813,0
49600,4
49664,4
32631,0
49205,4
49206,4
50322,0
45298,4
55691,4
56101,4
62917,0
87771,4
87787,4
37258,4
46200,4
48845,4
49050,4
46141,2
2876,3
35011,0
35899,4
39515,4
42319,4
47542,0
57042,4
57473,4
62609,4
63459,0
65700,4
65723,4
66065,4
69912,4
76791,4
56696,4
21537,2
37521,5
38388,2
68730,4
87172,2
81459,4
58872,2
85641,2
56569,4
43068,2
4137,3
55639,2
70418,2
37625,5
66570,2
87178,2
13532,3
43034,2
73356,2
40654,2
75281,4
75774,4
43709,2
47933,2
56759,3
78375,2
46251,4
38692,2
40729,2
41641,2
70462,2
72761,4
83732,2
49223,5
71002,2
54312,5
55431,2
86195,5
59771,2
49153,2
56886,2
52370,0
52792,0
57555,0
40040,2
45417,2
78503,4
56703,4
53715,2
74996,4
40998,4
77170,5
81654,4
87972,4
84697,5
56143,4
81727,4
9532,0
37231,4
37383,4
42254,0
47366,4
57855,4
69473,0
69681,4
71298,0
73485,0
77025,4
84854,0
34746,2
34862,0
53112,0
45790,2
48641,2
85870,2
52051,4
83163,5
84062,5
59221,4
62823,2
66417,2
75659,2
43065,4
43066,4
61833,4
52399,4
76700,4
37987,0
38248,0
78415,4
47028,4
84303,0
49469,2
75431,2
79092,2
81790,2
80605,2
60838,5
38441,5
75621,5
80933,2
84091,2
87853,5
55234,2
46639,4
51271,4
83627,0
81762,2
54878,2
73397,2
40321,2
61816,2
57734,0
43582,2
78248,2
80137,2
86978,5
37265,4
86072,0
82407,4
49177,2
38299,2
61582,5
67521,2
70483,5
79538,2
61188,5
78821,2
41406,4
41525,4
60724,5
21778,3
39289,2
46601,2
36887,4
80578,5
48889,4
41666,2
87905,2
37108,4
45835,4
56463,4
72533,4
77332,0
77388,0
87706,4
77434,2
83031,2
46365,5
79141,5
43935,0
33035,3
54841,2
4162,3
61848,5
86044,4
88376,4
85401,4
8958,3
78495,0
37780,2
39109,2
86894,4
37015,2
65743,2
67487,2
38419,2
69889,4
37749,5
47430,4
54661,2
57402,5
40446,5
49851,4
5206,2
58127,4
40128,2
55786,5
86574,2
62521,0
79414,2
61170,2
76647,4
85340,2
49230,2
34729,4
37491,4
40993,4
52870,0
65183,4
76382,4
79006,4
48937,4
54216,2
65786,2
46799,2
40773,5
36451,5
71938,5
38218,0
55310,2
82657,4
67632,2
50334,5
56446,5
39083,5
55803,5
79345,5
40879,5
62147,2
14887,4
58619,4
55166,2
72281,2
39264,5
56386,5
57503,5
71886,4
69,3
46259,5
38891,5
49538,2
48100,2
38229,4
38468,4
88499,2
36853,4
38068,1
59539,5
40386,5
46277,2
39272,2
64861,2
88191,3
5118,3
86437,5
72571,1
72264,0
54707,4
54853,0
39306,4
51517,4
82879,1
38414,0
52384,0
52429,0
63019,0
63058,4
66152,4
67937,3
72418,4
74413,0
82871,4
71187,2
47385,5
37199,4
67614,5
50486,2
83508,2
87958,2
79223,2
41570,5
72460,2
58862,1
76487,2
44593,2
75212,1
80466,2
40338,1
49299,2
75131,5
42905,2
19547,3
49753,3
66665,2
87895,2
87177,4
59378,2
39579,5
86928,5
61954,2
59677,2
75090,2
64302,2
73634,2
58927,5
54982,5
37704,2
39349,5
43778,5
44135,5
56061,2
66681,2
71139,5
66498,2
88270,2
84031,2
63139,2
43298,2
71530,2
73734,1
44112,2
72701,2
75450,2
80656,2
1619,2
35852,5
38005,2
38610,5
38615,5
39861,5
40215,5
43069,5
43932,5
50555,5
75238,5
81920,5
88372,4
40335,5
68190,1
52242,1
83028,1
77219,4
68863,1
65861,2
58591,2
71147,5
71078,5
41922,2
15,3
78173,1
82505,1
57737,4
83645,1
73131,2
40483,5
41778,5
62322,2
38259,1
77767,5
54860,5
38038,1
45884,5
67318,2
40797,2
79369,5
88436,1
57792,1
48409,2
70491,2
55086,5
40408,2
67833,1
71590,4
70146,4
59191,1
88817,2
48652,1
49042,1
61533,2
40021,1
65659,1
80491,1
51762,5
51818,5
51875,4
58343,1
54636,5
77543,4
35609,1
45222,1
52179,1
52186,1
62753,1
64762,1
87188,2
87341,2
54317,1
77655,2
80319,1
71260,2
34389,4
39063,4
79552,4
85150,4
35366,1
37527,1
44619,1
53790,1
55464,1
56767,4
59585,4
63577,1
66165,4
73974,1
82847,1
83154,1
84234,4
85517,1
88099,4
88708,1
61462,5
49601,4
52699,1
39279,5
61977,5
64087,5
67339,2
75033,2
76970,1
78790,1
61393,5
70565,5
57950,2
36781,4
80129,5
51037,2
51737,1
58604,1
50224,2
86663,2
31669,3
27171,3
58092,1
63011,1
65152,4
68336,1
74223,1
67309,2
55577,2
46782,2
83035,4
71346,5
75230,2
79771,2
81847,5
65526,2
84700,1
83329,1
54462,2
68039,1
50664,1
59336,1
59100,1
43376,1
76509,1
19634,3
50333,5
22930,3
59997,1
72043,2
68058,1
34397,2
26054,5
37444,5
38903,5
65462,5
66737,2
88519,5
75822,2
75918,2
62254,1
38596,1
57208,1
14946,3
54600,5
86102,2
87116,2
71360,4
65771,5
38734,1
37485,1
39972,2
45904,1
63544,4
73145,1
58435,1
51140,1
59742,1
74430,1
51398,2
48769,1
78904,1
81297,2
55314,2
83560,1
58205,2
62666,2
45152,2
49505,2
41473,1
61218,1
86569,5
51163,1
43102,5
46539,1
54277,1
70170,5
39245,2
45671,5
39923,5
59151,1
82813,1
57115,2
84382,1
65732,5
65839,5
66023,5
60932,1
68227,4
84908,5
58499,1
85394,5
38605,1
57287,1
35589,4
36413,1
44142,4
47001,1
47381,1
63151,1
63378,1
64938,4
47929,4
35492,1
59725,1
35027,1
36975,1
41334,4
44547,1
63500,1
63636,1
81461,4
87878,1
62456,1
72387,2
21576,3
71960,2
47405,2
53690,1
62221,1
39181,4
37386,5
74930,5
79262,2
87026,5
5487,3
71344,5
4064,5
49005,5
49122,5
76409,1
78064,1
60133,5
66917,1
79103,2
84324,1
61426,1
86995,4
87101,5
60510,1
82262,5
88712,4
71887,4
69478,0
55837,4
82435,1
4388,1
69468,5
49426,5
46388,5
36682,2
39897,2
2859,1
38564,1
50328,1
60896,1
67719,1
68990,1
81856,1
83860,1
55547,5
49552,4
77653,5
88380,1
82021,1
86828,2
85270,5
58557,1
84653,5
55045,1
61427,5
38391,1
62638,1
40885,2
74075,1
61326,5
84821,1
49008,4
65865,1
44857,2
56126,2
65097,2
35685,4
56539,4
71606,1
50294,1
75779,1
81333,4
83757,1
75426,1
14695,5
65489,1
82477,1
58175,5
67345,2
64875,5
51682,1
41319,5
64244,2
40764,2
47517,1
50330,1
44942,2
54403,5
83973,1
75629,1
55792,5
61524,5
69841,2
61481,5
39147,5
38312,1
48470,1
75757,1
85153,5
83144,1
39241,5
44822,5
48457,5
49669,2
75379,5
72182,1
78725,1
49602,1
41699,5
39876,5
41589,5
66795,5
87021,5
87814,2
67621,5
39261,2
44772,2
52623,5
71907,1
37947,5
38226,2
70673,5
78886,5
83537,5
46857,4
56059,5
65006,5
80501,4
39396,5
60245,5
61664,2
48135,1
53594,5
87599,5
87600,5
41180,1
57769,1
63016,1
65860,1
68604,1
77535,1
40588,5
77346,5
46985,5
83448,1
49635,5
76482,2
34895,5
38436,5
55700,5
77430,2
81897,1
58434,1
39421,5
61347,2
68295,1
37576,2
43078,5
46105,5
46752,5
65007,5
70480,2
72835,5
85558,5
86314,5
59363,1
45137,1
66708,5
62502,1
40062,2
65642,5
87426,5
87016,5
47026,1
76838,1
88311,2
45206,5
18786,3
57623,5
62538,1
66257,1
83274,2
42806,1
55221,5
70784,2
70785,2
46166,5
57767,1
36001,5
28296,3
45748,1
82079,1
42528,2
82961,2
46006,5
61757,5
77294,5
36971,1
61677,2
84318,5
51171,1
40760,2
44251,5
46326,5
54282,5
62146,5
79336,2
83239,5
86607,5
38551,5
74410,2
79502,2
83139,1
58104,5
72844,1
42691,1
67488,1
68656,1
85553,1
70683,2
53139,4
35443,1
39849,2
37839,1
39424,4
48785,1
50957,1
62231,1
70026,1
78127,1
40643,1
46076,1
59831,1
39447,4
56976,4
75106,5
50059,1
50087,1
49266,2
80068,5
80238,5
34609,1
34997,5
35670,1
40906,1
42117,5
45418,1
48350,1
52530,1
58110,1
66024,1
69142,1
78209,1
84780,1
62285,1
38437,1
38737,1
74399,1
76991,1
86534,2
56393,5
61563,5
62745,1
65818,5
37982,1
46800,4
53891,1
62386,1
72320,1
85890,1
54923,5
82814,1
37317,2
85072,1
74204,1
41533,5
52949,5
58531,1
37939,1
39997,1
58788,1
87887,5
87207,5
82820,1
49161,1
77992,1
44238,1
49390,5
38522,1
85545,2
52955,1
76989,2
86873,5
85291,5
46177,5
39484,1
29016,3
36304,5
50812,2
75709,1
72448,1
72596,1
70989,5
82486,1
82355,1
37503,1
57478,1
87709,1
88744,2
70451,5
66177,1
86169,5
37893,5
46856,1
71456,5
88299,2
59108,1
43431,1
60747,1
41183,1
56650,5
36321,1
61633,5
40761,4
42629,4
52192,1
49636,1
52680,1
53371,1
57045,4
63248,1
66743,1
73049,1
84393,1
77135,2
65973,1
75923,1
70970,5
68665,4
81682,5
75148,5
68869,1
26109,3
64429,5
64430,5
29522,5
36841,2
61284,5
66647,5
67897,5
68091,5
38725,1
41741,1
47855,1
48069,1
48678,1
68896,1
76169,1
87999,1
58353,5
60619,1
64526,2
74754,1
78456,4
71690,5
35788,4
47825,1
59444,1
57415,2
55808,5
56014,5
56813,5
39708,5
66609,5
68499,2
56443,5
36122,1
57704,1
59259,5
62149,5
82337,1
82005,1
42874,1
42877,1
36708,1
62894,1
36912,2
88612,1
50947,1
13642,3
49488,5
51323,1
53834,1
71115,5
68063,1
51639,1
50845,1
79832,5
51873,1
83125,1
38824,1
69958,1
84610,5
36023,5
67558,5
76437,1
63352,1
46688,2
69379,1
39378,5
40025,5
41291,5
53496,5
65236,1
66996,5
84073,1
83691,1
80573,2
85813,1
36987,1
79299,2
42711,1
42773,1
42852,1
67774,1
68871,1
74166,1
74380,1
74551,1
74637,1
85534,1
85981,1
54214,1
61177,1
36939,1
41101,1
59078,1
77529,1
81460,1
83798,1
55432,5
56550,1
63035,1
41946,5
46566,5
46599,1
66955,2
87931,5
61725,5
58091,5
69673,2
48692,2
73112,1
70356,2
79105,1
80262,5
65093,1
82032,1
84379,1
57412,2
45370,5
72328,1
56549,1
51923,5
43739,5
70777,5
41645,5
61868,5
75750,5
71537,5
59524,5
52428,2
73763,1
53293,5
67197,2
55964,5
86990,5
76559,5
66179,1
51576,1
69531,2
50310,1
81731,5
45354,5
44217,5
86145,5
69936,5
83744,5
76908,5
70570,5
45382,5
83350,1
41674,5
39528,5
56084,1
57830,1
58090,1
47877,1
62617,1
35181,1
39301,5
62688,1
62689,1
63366,1
44484,1
37842,5
39069,5
39154,5
41072,5
45709,5
61478,5
81561,5
83429,5
79856,1
55344,5
38850,5
52047,1
34771,1
42884,1
48539,1
56412,2
66313,2
54222,1
22002,3
61750,5
67437,5
86962,5
88185,5
58138,1
36571,1
42743,1
49867,1
63268,1
69574,1
75953,5
87964,5
16650,3
72871,1
75565,5
36770,5
60840,1
37196,2
83706,1
60558,1
78298,2
87113,5
74835,5
87624,5
65705,5
84430,1
38221,5
60938,5
75251,5
75423,5
85836,5
87073,5
42434,5
54294,1
54295,1
57112,1
86764,5
70104,2
60191,5
17826,3
87384,1
54825,1
86438,1
65468,5
70863,5
41059,5
78968,5
85007,1
38886,1
59910,5
86945,5
38728,5
84123,1
55177,5
39050,5
40431,5
45597,5
45653,5
51888,5
65166,5
87282,5
65948,5
87786,1
34496,1
51559,1
36927,1
39039,1
43905,1
57747,1
69034,1
69140,1
84387,1
67688,5
38063,5
30929,3
80078,5
52868,5
67584,5
84561,5
66266,2
47775,5
15833,1
88602,4
71848,1
74043,1
60079,1
72358,1
81798,5
81801,5
44422,5
50820,1
57798,1
58581,1
76214,1
58541,1
87349,5
49202,5
50378,1
42523,1
58063,1
41939,1
42535,1
54084,1
62335,1
74512,1
77297,1
78707,1
80394,1
36782,1
71728,1
84629,1
38443,5
46130,1
81356,1
81566,1
75738,5
46270,1
60989,5
76593,1
55209,5
82016,1
62696,1
48777,1
53001,1
66873,5
74449,5
57656,1
66714,5
61715,1
68431,1
70832,1
74330,1
75975,1
76230,1
85212,1
75355,5
77511,5
39533,5
42592,1
36418,1
36979,1
37989,1
54268,1
76759,1
77669,1
87774,1
56063,1
55601,5
87802,5
36955,1
61989,5
36546,5
46276,5
53023,5
49408,5
41792,1
50672,1
63229,1
55587,5
48919,1
75065,1
42907,1
39770,5
34610,5
2131,1
61871,5
65495,5
65497,5
40503,5
82366,1
45010,5
39837,5
47684,5
54688,5
46408,2
70696,1
84383,5
49131,1
39243,2
45892,5
60960,5
46893,5
70016,5
48867,5
56711,1
72650,1
73947,1
76555,1
36368,5
54030,1
67741,1
34676,1
61747,5
60046,5
73593,1
34584,1
34623,1
88193,5
72455,5
87091,5
60985,5
47216,2
85195,5
78950,5
77506,1
88128,1
46204,5
87524,5
36739,1
55979,5
80440,1
88114,5
72992,1
38604,5
65620,5
50078,5
54376,1
79484,5
70817,5
39463,5
39583,5
42633,5
45096,5
69515,1
76293,5
46252,5
46271,5
78758,1
53497,5
34437,5
34518,5
35081,1
41691,1
42292,1
47861,1
63471,1
66224,1
70349,1
80882,1
82118,1
78729,1
81223,1
52614,1
59144,5
37435,1
47491,1
54130,1
59515,1
62348,1
78249,1
55168,5
55756,5
66825,5
74443,5
43604,5
79440,1
66452,5
71941,1
73033,1
85763,5
70078,1
76918,1
84150,1
72080,1
77680,5
8343,3
45948,1
47624,1
79027,1
63176,1
67428,5
52221,1
76553,1
63348,1
65755,1
78767,1
78768,1
83070,1
39704,5
64794,5
79183,5
22932,3
81985,1
76873,1
65812,1
62918,1
79409,5
79535,5
85595,5
41263,5
84681,1
36719,5
40158,5
41621,1
49546,5
74961,5
71307,5
68293,1
57417,1
82178,5
36012,1
36088,1
39479,1
50981,1
51031,1
61169,1
63880,1
67829,1
71168,1
76488,1
38446,1
80745,1
82627,1
73159,1
48575,5
81877,1
81952,1
69199,1
69932,5
48370,5
57990,1
58056,1
61836,5
34384,5
40147,5
43672,5
58585,1
73187,1
79043,5
47185,5
42721,1
44398,1
52554,1
55010,1
59590,1
62635,1
62797,1
63115,1
63270,1
63611,1
73246,1
76641,1
78833,1
83372,1
58794,1
43765,5
53488,5
52403,1
62258,1
62350,1
66258,1
66947,1
59430,1
59431,1
42057,5
83265,1
87889,1
50036,5
62298,5
86989,5
75362,5
45670,5
60332,1
66531,5
70119,5
75287,5
66867,5
55984,5
67541,1
84447,1
84336,1
50254,1
82316,1
44937,1
83504,5
46448,5
85159,1
55170,5
87788,1
82409,1
41861,1
80872,1
38396,5
41888,5
78880,5
82440,1
44032,5
82734,5
86822,5
58955,1
75228,5
85479,5
83436,1
42849,1
74854,1
62260,1
47382,5
53667,1
43179,5
46084,5
70419,5
83124,1
75193,5
74306,1
79647,5
79650,5
76221,5
79478,5
79668,5
78111,1
88584,1
77768,1
84478,1
82421,1
45602,5
71838,1
81729,5
54325,5
37623,1
43397,1
41593,5
53453,5
56309,1
76575,1
60115,1
52019,5
39333,5
46201,5
50513,5
76036,1
83232,1
84470,1
77905,5
86944,1
71057,1
68692,1
81537,5
88422,1
88518,1
42637,1
85666,5
73689,1
87908,5
50715,1
52919,1
66143,1
44554,1
59365,1
63517,1
69204,1
88552,1
88684,1
61983,5
55487,5
86405,5
46475,5
36343,1
36415,1
57948,1
74952,1
70235,5
47486,1
44574,1
55394,1
62495,1
66114,1
67745,1
73157,1
76519,1
40813,5
49288,1
49370,1
56362,5
56415,5
50501,5
65944,1
67917,1
69583,1
81046,1
81047,1
81111,1
66104,5
57131,1
34953,1
37390,1
59275,1
75233,1
76730,1
87233,1
73141,1
49083,5
58381,5
61390,5
62083,5
67601,5
44439,1
49027,1
59987,1
54629,5
55247,5
74656,1
85814,1
61260,1
62752,1
59182,1
56198,5
47470,5
81667,5
83411,2
88182,5
83078,1
40156,5
45881,1
63205,1
53373,1
83889,1
66378,5
75415,5
78694,5
55364,5
42504,1
70749,1
70498,1
72630,5
72447,1
36771,1
74610,5
83571,1
36989,1
64779,5
49244,5
88296,5
66822,5
66948,5
83003,1
35979,5
82553,1
56993,1
71762,1
73768,1
77654,5
55924,5
83348,5
57253,1
65248,1
69223,1
82990,1
72048,1
35660,1
52226,1
61199,1
70237,1
73660,1
79450,1
79451,1
83540,1
77671,5
79481,5
66305,5
35648,5
50383,1
49788,5
49853,5
58308,1
62861,5
70061,5
70080,5
71436,5
65908,1
47372,1
50015,5
38415,1
66607,5
56390,5
20780,3
36033,1
69781,1
83921,1
78059,1
73015,1
48024,5
78733,1
75100,5
39835,5
57930,5
62441,5
62643,5
62875,5
67617,5
76521,5
86497,5
58556,1
83094,1
58161,1
66796,5
61495,5
58309,1
61579,5
62039,5
79172,5
15604,3
41107,1
73807,1
52024,1
80397,5
52355,5
58729,1
51127,1
74975,1
67596,5
41338,1
71691,1
41261,5
30147,5
51879,1
62020,5
84273,1
62190,5
59530,1
64929,5
86471,5
38348,1
57924,1
67084,1
69740,1
47074,5
64023,5
75965,5
54458,5
63691,1
64901,5
52180,1
54829,1
63565,1
78328,5
56873,5
57328,5
66504,5
84981,5
85963,1
35209,1
42694,1
52132,1
54340,1
62426,1
88726,1
53322,1
88782,1
52882,1
63141,1
57914,1
85424,1
47341,1
55586,5
62245,5
87386,5
67559,5
42170,1
44845,1
63750,1
63751,1
76574,1
53391,1
71857,5
36929,5
64841,5
83252,1
88364,5
82458,1
54674,1
39983,5
59428,5
1636,1
43440,1
49997,1
51503,1
68929,5
56663,1
40057,5
62414,5
66891,5
67710,5
46873,5
63605,1
70887,5
87965,5
36727,1
60352,1
86406,5
70036,5
70379,5
75781,5
54377,5
83516,5
87535,5
44117,5
67957,1
66683,5
63388,1
52551,1
51814,1
52219,1
28575,3
79458,1
57224,5
86826,5
53616,1
48931,5
75999,5
54845,5
62116,5
54856,5
76674,1
51914,5
37504,1
42039,1
79764,5
39334,5
34495,1
81949,5
52785,1
53846,1
40578,5
76062,1
28805,3
64519,1
71458,5
51248,1
55250,1
35503,1
35659,1
37959,1
45752,1
49996,1
74349,1
75995,5
86466,1
57180,1
60434,1
60451,1
60473,1
86307,1
63759,1
87318,5
77847,5
55755,5
61431,5
83027,1
71020,5
38170,1
82675,1
50723,1
74488,5
46418,5
45838,5
55395,5
41081,5
71027,5
72313,5
39520,1
45147,5
74757,1
85454,1
84146,5
58971,5
58973,5
55554,5
78754,1
42278,1
57384,1
83978,1
58347,1
50624,1
55013,5
71991,1
80790,5
82705,1
64406,1
38985,5
61870,5
36007,5
61719,5
78470,5
66548,5
55151,5
84487,5
85451,5
59813,1
54647,1
75806,5
82405,1
62722,1
62924,5
64459,1
73209,1
73982,1
84088,1
60842,5
83295,1
54999,1
38549,1
81946,1
83088,1
70979,1
74886,5
87369,1
56054,5
75350,5
37074,1
77899,5
64012,1
72676,1
88015,5
45877,5
80219,5
61636,5
88758,5
52378,1
59618,1
72675,1
56151,5
61466,5
79899,1
54196,5
56267,5
62134,5
62230,5
85457,5
52562,1
80270,1
79371,1
67554,5
80804,5
87842,5
61540,5
49944,5
53420,5
88271,1
79547,1
60549,1
52450,5
74120,1
53802,5
88051,5
32723,3
79566,1
48342,5
37117,5
61753,1
51097,1
56691,1
58419,1
61999,5
42774,1
43115,1
43494,1
64383,1
69895,1
86881,5
57420,1
83665,1
39098,5
61173,1
65257,5
66115,1
69557,1
79600,1
85954,1
54996,5
46954,5
41080,5
43984,5
56754,5
73557,1
15206,1
64043,5
39602,5
85260,1
47130,5
58295,1
74515,1
56689,1
56952,1
62305,1
75910,5
44070,5
37436,1
74675,1
82222,1
56704,1
39489,5
51376,5
58024,1
38833,1
76572,1
56524,1
57110,1
76529,1
81317,1
59460,1
64969,5
38658,1
56287,1
53485,5
75776,1
62012,5
65564,5
86802,5
88008,1
88024,1
88105,1
56614,1
66424,1
74938,5
38782,1
53179,1
71152,1
68835,1
49210,1
49951,1
71177,1
79263,1
53397,1
50615,1
44555,1
50607,5
55154,5
58030,1
55919,5
84008,1
54296,1
58763,1
79266,1
51220,1
63014,1
51120,1
81756,5
37723,1
60438,1
70390,1
52082,5
60995,1
36489,5
39437,5
41605,5
79948,1
60850,1
857,1
60788,5
87994,1
60517,1
58101,1
60037,1
58328,1
76505,1
83005,1
74887,1
87828,5
65227,5
82897,1
42243,5
68038,5
54959,5
44851,5
60930,1
46025,5
54197,5
34812,5
64470,1
81305,5
50718,1
46793,5
50018,1
54827,5
61235,5
82537,5
77576,1
87150,5
55736,1
51284,1
35686,5
86213,1
36576,1
35515,1
66276,1
37887,5
35151,1
55164,5
55084,1
44495,1
81939,1
55710,1
60471,1
74802,1
86943,1
61678,1
49231,5
88314,1
44863,5
79967,5
43029,1
47763,1
83384,1
43073,1
40860,5
34674,5
69526,1
43421,1
53106,5
50573,1
62756,1
88108,5
54420,5
50519,1
52595,5
39761,5
45205,5
57528,5
46456,1
36369,5
73046,1
85016,1
40458,5
82953,1
39215,1
53635,1
61823,5
79444,1
84970,1
82044,1
50896,5
59680,1
73545,1
60773,1
81933,1
82099,5
55849,5
61396,5
38626,1
73598,1
40138,1
40442,1
50253,1
36742,1
50760,1
60194,1
62228,1
63561,1
69559,1
84140,1
84154,1
83770,1
61135,5
38839,5
52517,1
85990,1
59659,1
60255,1
78671,5
38893,5
39290,1
39955,5
81935,1
52158,1
46248,5
44277,1
72331,5
84278,1
54217,1
54413,1
67053,1
79682,1
65142,5
47068,5
83815,1
83816,1
49688,1
12458,3
51263,1
47632,5
40937,1
64493,1
61024,5
46666,5
60779,1
55555,5
66292,5
48393,1
44767,5
81988,1
84641,5
84721,1
53730,1
78500,5
37790,5
36549,1
43103,1
58540,1
60452,1
74486,1
84594,1
86849,1
84748,5
69757,1
43459,5
45430,1
86778,5
37115,5
44768,5
37865,5
56030,1
70463,5
76260,1
64627,1
56729,5
49263,5
56685,5
63070,5
73801,5
50532,1
70591,5
50103,1
38761,5
53904,5
50604,1
38503,1
51802,1
60716,1
48128,1
59339,1
42780,1
84019,1
86562,1
68997,1
60236,1
78139,5
67939,1
86923,5
56653,5
54718,1
44291,5
73195,1
86444,5
86512,5
52430,1
77424,1
52392,1
86540,5
80599,1
81857,1
60711,1
88659,1
60612,5
49893,5
47202,5
80439,1
71828,1
59420,1
36901,5
59347,1
40357,5
56159,5
79143,5
45167,5
62944,5
77627,5
47141,1
77345,5
86834,5
53233,1
41747,5
80676,5
57399,5
78080,1
37141,5
62213,5
66553,5
45685,5
36865,1
59541,1
44198,1
53643,1
59377,1
74567,1
78100,1
81307,1
80658,1
85960,1
54770,1
82881,1
84795,5
41385,5
88129,1
65224,5
88112,5
78712,1
46024,1
76840,1
52888,1
37585,1
59639,1
39954,5
74142,5
37263,5
73824,1
53665,5
47149,1
49906,1
74830,1
81592,1
83651,1
84533,1
79351,5
36859,5
54127,1
74556,1
84979,1
44585,1
86074,1
35770,1
37264,1
49941,5
49942,5
60777,1
52037,1
51483,1
51484,1
44667,1
66544,1
51321,5
74712,1
39780,5
74553,1
43891,5
75530,5
49448,5
73268,1
86215,1
50678,1
85618,1
52120,1
40246,1
50255,1
87020,5
37979,1
64401,5
77011,1
81522,1
37393,1
81186,1
67211,5
51870,5
50741,1
45313,5
76124,1
85579,1
55214,5
76130,5
81746,5
85619,1
59893,5
61956,5
82944,1
54263,1
57721,1
61588,1
82456,1
38438,5
52139,5
83207,5
69930,5
47854,1
47767,1
55078,5
52538,1
52873,1
85721,1
86571,1
37057,1
50463,1
52656,1
70638,5
64344,5
76151,5
87717,5
82571,1
85090,1
52719,1
86265,5
51227,1
54367,1
57816,1
72752,1
75067,1
85059,1
86625,1
71112,5
49519,1
53699,5
87183,5
82352,1
78097,1
78666,5
51382,1
40564,5
194,5
564,1
2170,5
3798,5
5668,1
6064,1
10784,1
11571,1
14067,1
16361,1
18268,1
18930,5
19244,1
27257,1
29480,1
34800,5
36256,1
36291,1
37216,1
37990,5
38200,1
38869,5
38957,5
39512,5
39516,5
40225,5
40355,5
40669,5
40809,5
40874,5
41219,5
41784,5
42224,1
42334,1
43172,1
44378,1
45548,5
46447,5
47472,5
48676,1
48731,1
50058,1
50071,1
50802,1
51153,5
51903,1
51968,1
52140,5
52675,1
53273,1
53357,5
53448,5
54146,5
54521,1
54659,1
55291,1
56388,1
56855,5
56879,5
58743,5
59128,1
59214,1
59289,1
59522,1
59581,5
60019,1
60435,1
60679,5
60890,1
60926,1
61003,1
61121,5
61288,1
62114,5
62388,5
62891,5
63916,5
65044,5
65457,5
66214,5
66466,1
67056,5
67393,5
67668,5
68054,5
69476,1
70135,1
70204,1
71050,5
72806,1
73024,1
73155,1
73447,1
73918,5
74125,1
74959,5
75490,5
76243,1
76592,1
76637,1
76748,1
76849,1
76897,1
77700,1
78000,5
78166,1
78411,1
78872,1
79491,1
80264,1
82187,1
82474,1
82659,5
83156,1
83414,5
84243,1
84866,1
85893,1
86081,5
86771,5
86869,1
87321,5
88100,1
88221,1
11140,4
88661,1
61187,4
80505,5
67131,4
54136,5
61137,5
56638,5
46233,4
56455,5
82091,1
13248,2
36600,1
35438,2
81643,5
14430,0
38290,1
74354,5
77051,1
42491,4
80926,1
76449,1
22234,2
9891,0
26588,2
68978,1
56473,5
81384,1
81562,5
35446,5
35453,5
35460,5
35467,5
35474,5
35481,5
35488,5
35579,5
76472,5
1424,2
29077,2
57432,4
67757,4
37966,2
75344,2
67243,5
73792,1
65168,1
42479,1
80600,5
77373,1
83017,1
30314,3
13517,2
56947,5
27002,2
59613,1
88391,5
13538,2
35448,5
35455,5
35462,5
35469,5
35476,5
35483,5
35574,5
35581,5
76515,1
1845,2
76149,2
62072,2
16955,2
88484,5
16484,2
87499,5
9809,2
12928,2
65806,1
52701,1
35318,4
55019,4
87734,5
65848,5
42938,5
85680,1
51366,4
10577,4
18855,3
25240,2
19057,3
32330,2
77702,5
33652,3
15440,2
25598,4
18499,0
1060,2
59606,2
8437,2
9888,0
9276,2
23871,2
33644,2
25178,2
32197,3
34321,2
16598,2
24191,2
15350,2
2894,2
1890,3
16928,0
15080,4
40866,4
13910,2
42261,0
15675,3
6857,2
19553,0
3904,2
78,2
4087,2
53017,4
66285,4
7710,2
1643,0
15454,0
32528,4
24327,2
46455,2
20422,2
51,0
7709,2
25238,2
77061,2
40687,4
12609,2
31119,5
8058,2
75316,5
46592,2
23458,3
5086,2
15592,4
66433,4
28278,0
21966,3
38026,4
67273,4
77826,4
5792,0
20435,2
22661,2
75326,2
18429,4
87939,4
3358,0
84089,2
86942,2
75538,2
63064,2
57490,4
32161,2
72224,4
55873,4
87451,4
49779,4
39790,4
56591,4
30184,4
43420,2
11985,0
15872,0
27747,4
24845,2
33301,0
30982,4
7866,2
71980,2
61776,2
53748,2
87529,4
76769,4
78416,2
44590,2
65264,5
54928,5
66709,5
87300,2
78428,2
85385,2
77862,2
75185,2
50169,4
53591,4
64715,4
82126,4
78577,0
80125,4
79754,4
40626,4
56047,2
84352,0
46221,2
88098,2
61486,5
71427,4
71668,4
35404,4
36234,4
49796,2
38930,4
49562,2
14660,4
19317,4
80829,4
80401,4
38647,5
39947,2
40861,2
4833,3
63998,2
40522,2
43817,2
71270,2
50432,2
73919,2
54507,4
62042,2
70396,2
71125,2
62884,4
66054,2
3757,0
70269,4
75024,4
46227,2
77962,2
82115,4
45868,5
67288,5
54642,5
65622,4
65983,4
66959,4
41944,2
65172,2
82854,1
53926,5
72489,4
34749,5
41021,1
48775,4
36726,4
66034,1
36611,4
65846,5
66973,5
41750,5
34365,2
40530,2
60737,1
86253,5
45848,5
78027,5
76443,1
51911,5
39534,5
65233,1
88295,5
57546,5
46446,5
46519,5
36609,1
59989,1
45376,1
84067,1
55354,5
80080,1
57517,1
62578,1
54383,5
81913,5
54089,5
64593,1
34504,5
44095,5
56708,5
42122,1
60399,1
43814,5
50589,1
55281,5
77607,5
59965,1
62237,1
60462,1
61294,5
69788,1
87548,5
88569,1
42494,5
86751,5
50883,1
83895,1
71773,1
83640,5
48531,1
62123,5
65490,1
51972,1
79148,1
51509,1
39225,5
72564,5
67245,5
51457,1
40873,5
79824,5
53041,1
75408,5
71754,1
78882,5
42153,1
84601,1
60459,1
58538,1
82541,1
88634,1
66724,1
83917,5
37840,1
51375,5
53742,1
54854,5
57619,1
68329,1
80935,1
69080,1
38195,1
69954,5
55087,5
59425,1
52321,5
84804,1
51432,5
86824,5
52889,1
57679,1
87946,5
20179,1
15772,1
52201,1
58280,1
67483,5
67552,5
69021,1
71802,5
83951,5
84432,5
88756,1
79900,5
87839,2
58422,4
76629,5
38054,5
6746,3
79734,5
40367,5
7588,2
70414,4
4943,0
52302,4
77941,1
24804,2
2852,2
81892,2
74319,2
66444,5
55888,5
50494,5
82842,5
73341,5
40555,1
86870,5
80070,1
52987,1
40323,5
55441,5
49652,5
49651,2
77804,5
84587,5
2755,0
52126,4
66507,5
14264,2
65677,5
45872,5
82584,1
82585,1
60766,1
38676,5
56642,5
27276,4
88597,1
77362,5
53049,5
81177,1
81484,2
51286,5
5379,2
75352,5
35376,2
13518,3
52565,1
28777,3
21941,3
13390,2
40162,4
4526,2
34192,2
16430,2
24468,0
7884,0
59449,0
8458,4
8884,4
86819,2
57463,4
38403,4
39285,4
55347,4
77924,4
80511,4
12873,0
14767,2
21691,2
36702,2
45077,2
37954,4
47460,5
15047,3
76579,4
45969,4
45984,5
38035,5
85298,5
84617,2
68207,1
45890,2
52045,1
67332,2
70724,2
34795,1
45415,5
87390,1
35137,5
70592,5
41969,5
79160,5
66660,5
82359,5
67576,5
64508,5
47802,5
71049,5
79167,5
68414,1
71925,1
86747,5
35949,1
69990,5
66459,5
80034,1
45008,5
55279,5
52621,1
86915,5
67958,1
40496,5
65576,1
60763,1
19904,1
62828,5
37214,1
19410,0
58456,1
49073,5
71666,1
415,4
77613,1
56840,5
85321,5
74845,1
21238,2
63076,5
47757,1
66696,5
15390,2
38875,5
55017,2
67166,5
60948,5
27041,0
31342,4
71776,4
52160,2
60973,5
2196,3
77913,2
76099,1
72058,5
81483,5
85529,5
7578,4
700,0
17604,2
18877,2
28294,2
35171,2
39192,2
41098,2
46302,2
51396,4
52104,2
57235,4
57615,2
72233,2
72315,2
75054,2
77356,4
82654,2
33872,0
2357,2
16631,2
18640,0
756,2
5274,0
19545,2
33571,2
71222,2
28013,2
22755,2
12667,2
46003,2
48060,4
4305,4
20753,3
28082,2
18851,0
35584,4
25510,3
3565,0
30674,0
16165,2
74489,2
29794,3
16405,0
21180,2
22160,4
15171,2
23888,0
33093,2
30897,3
27315,0
11064,0
2055,0
53610,2
27530,0
36508,2
71822,4
30640,3
31783,4
32604,5
954,3
10801,2
19330,3
29520,2
6089,3
42722,2
29184,0
24350,0
29598,3
32833,3
81377,4
28583,0
20853,4
33594,0
73193,0
73599,0
67417,2
1246,2
17334,4
27941,3
21725,0
19401,3
62006,2
16788,4
12213,2
29832,3
43967,2
17614,3
1204,0
8997,2
28983,0
13362,3
20621,2
1941,3
21498,0
31489,0
8678,0
85138,2
25757,3
32464,2
29984,2
26280,3
30292,0
18561,2
30063,2
17965,3
29297,4
55302,2
28137,2
55049,5
26520,3
226,3
6325,0
1904,3
4311,0
21657,3
15634,2
13242,2
31892,2
305,2
193,2
30008,2
25580,2
4994,0
22042,0
30199,2
1233,3
27449,3
27006,4
30587,2
1114,0
54731,2
4097,2
177,2
31183,0
913,0
21840,2
9878,3
23872,3
34117,0
25315,2
19118,2
24861,2
27066,2
82209,2
11912,2
4374,2
29362,2
5067,3
3653,2
18076,2
15928,2
6385,0
12871,0
19247,2
7611,2
28474,3
70595,2
11991,2
28112,0
19369,3
11191,3
22892,2
31,2
33722,2
49400,2
39356,2
16083,2
17550,2
9826,3
81449,2
6451,0
26454,3
6557,0
8993,2
13928,2
2979,2
5163,2
9658,2
12299,2
25797,2
30502,2
26994,0
1446,2
2143,2
2922,2
4005,2
6887,2
12304,2
12615,2
24481,2
77446,2
87846,2
14681,0
11941,0
5989,2
17563,2
6575,2
19646,2
12894,3
2347,2
26254,0
34054,2
28515,3
18546,2
3264,0
14886,3
1789,2
12367,2
17375,0
18524,3
15761,0
29168,2
4832,3
33311,2
5267,2
18056,2
10333,3
3713,2
17207,2
18047,2
5716,2
7370,2
13426,0
26738,2
33684,2
34292,0
12942,3
80725,2
22725,2
7772,2
15887,0
1215,0
31490,2
825,2
4301,2
17320,3
17802,2
18549,3
19611,0
13960,2
19571,2
24019,2
24718,2
67059,2
22895,2
32015,2
20856,0
17941,3
30751,2
30380,2
50156,2
78263,2
583,2
25017,0
1471,2
10456,0
14358,2
8563,0
13833,2
32162,2
33351,2
87989,4
10786,2
15703,2
5876,2
6111,2
8798,2
30873,2
19492,0
13359,0
4689,0
19089,2
51436,2
1715,2
1010,2
13268,4
26945,2
27547,0
14349,2
2640,2
82156,2
3321,2
66717,2
7974,2
29094,2
1194,0
28682,0
25185,2
29967,0
24232,0
32387,2
13371,2
13959,2
13561,0
7922,2
88124,2
2756,2
26574,0
81804,2
16480,2
33979,2
8897,2
16121,2
23119,2
29191,2
8808,0
27835,2
915,2
73993,2
5425,2
6932,2
8686,2
12410,2
15210,2
16378,2
17271,2
22824,2
14743,2
17880,2
22860,2
61811,2
21693,0
44673,2
19717,0
81917,0
24125,2
72089,2
8948,2
14057,2
27777,2
28025,2
74317,2
64598,4
6076,2
7612,2
81352,0
25500,0
17862,0
28979,0
27680,3
27913,3
11743,2
3490,0
23834,2
53917,2
5334,2
40671,2
65558,2
12864,2
14258,2
25449,0
16775,2
27817,2
49269,2
62205,2
18274,3
43195,2
47103,2
6159,0
57502,2
85163,2
48331,2
3238,0
31838,2
32179,0
33011,0
66081,0
2161,0
4261,2
26068,4
29819,0
20071,2
72462,0
6276,4
12625,2
6347,0
6997,2
6999,0
7376,0
10539,0
10839,0
18392,0
20322,0
7397,0
5854,0
11029,2
67130,2
14670,0
16983,0
19171,0
20691,0
26147,2
30382,0
31502,0
31923,3
509,0
212,3
28813,2
31307,2
30962,0
35035,4
27,0
32178,0
2362,0
33329,0
11198,2
29223,0
13191,0
21493,2
28954,2
28330,0
4007,2
4383,0
44415,4
2731,2
12469,2
7081,0
30644,4
20052,0
28550,0
29037,0
51166,2
32309,2
40577,4
2831,0
6526,0
7759,0
13647,0
12645,3
19428,0
88082,4
29442,0
23118,3
3564,2
16508,0
71415,4
22232,2
77619,2
16552,3
28567,0
14007,2
15926,2
19030,2
44242,2
12074,0
28875,2
59521,2
636,0
28501,3
22483,2
16427,2
21466,2
56073,2
85317,2
8970,2
24193,0
4104,2
31018,2
5110,2
31257,2
24734,2
32165,0
4950,2
8890,0
11039,0
22550,2
11318,0
23622,0
14953,0
83002,2
18346,2
46050,2
61729,2
67360,2
23331,2
34197,2
5975,2
15510,2
26685,2
29841,2
2191,0
27844,0
31976,2
1423,2
12502,0
21645,0
23338,0
22801,0
15414,2
32406,2
2700,2
67983,2
9418,2
15278,2
19449,2
20198,2
25727,2
25768,2
27199,2
33743,2
39548,2
86979,2
13496,2
8723,0
20056,0
54658,2
19352,3
9523,2
7516,0
12505,0
7706,3
34141,0
57205,4
29214,0
10085,0
12119,0
21980,0
2702,0
11058,0
2049,4
2952,0
5375,3
4327,4
8448,0
9085,0
14294,3
15628,0
16949,0
18730,0
20058,0
21516,0
29466,0
54992,4
67398,4
8870,0
4237,2
10485,0
10894,2
20889,2
14654,4
46134,4
47353,0
48698,4
1033,4
3616,0
6974,0
7138,0
8869,0
10400,0
10588,3
10656,0
12127,0
15175,3
16718,0
22188,0
23489,4
26639,0
26908,0
27986,0
28338,0
29976,0
31371,3
47327,0
50144,4
76747,0
67731,4
21722,0
25469,0
748,0
4164,3
17506,0
28615,0
29896,0
65232,2
11090,3
17760,3
7257,3
32832,2
33469,3
2020,0
13297,0
14548,2
22175,2
29701,0
33933,0
16350,2
3732,2
12483,0
14416,4
29948,0
57321,4
28209,0
15148,3
25406,3
66760,2
17491,0
8899,3
1069,3
154,4
28109,3
16115,4
4801,0
17477,2
19850,0
968,0
7600,0
8405,0
19018,0
19290,0
23405,0
29057,0
71809,4
33960,0
24290,3
4836,0
414,4
23193,0
70770,4
1770,0
2659,4
7226,0
10384,0
10601,0
14116,3
14974,4
15418,3
19220,0
19331,0
19630,0
29879,3
30813,0
32322,0
46851,4
76990,0
21233,2
33694,2
12836,2
81649,2
8112,3
21287,2
59484,2
78728,2
80538,2
16517,2
755,2
12098,2
32720,2
31887,0
31634,0
4283,0
41264,2
15743,2
26737,0
23383,3
31566,2
21306,0
9555,0
18338,2
4214,3
17953,0
24296,2
5862,2
86831,2
27243,3
17438,0
643,4
23709,0
25893,2
11938,4
27735,0
20233,2
2895,4
42908,4
8489,4
27714,0
6211,4
33523,0
35058,4
51287,2
83526,2
49145,2
20770,0
87525,4
16429,0
37514,2
71032,4
62878,2
84517,2
20149,0
21577,3
50102,2
18991,0
29646,3
1382,2
20654,2
29369,3
56280,2
10352,0
38260,4
38412,4
15319,0
27612,4
50705,2
75153,2
18405,3
7591,2
81258,2
30150,2
78787,5
31585,2
81912,2
1229,0
81705,2
2256,0
12481,2
55890,2
87729,2
6982,2
17888,4
50077,4
45340,2
1779,2
20760,2
36684,2
21162,0
83819,2
15052,0
74547,2
19509,4
34346,2
84507,0
19285,2
14840,2
5880,4
71331,2
84714,2
84749,2
74157,0
78697,2
79192,2
79539,2
15541,0
57396,2
46329,2
22303,0
80192,2
14870,2
67404,2
26652,4
28252,0
34247,2
75385,2
1911,2
10966,2
16600,2
19294,2
26072,2
38455,2
38496,2
40519,2
55300,2
55469,2
61348,2
75205,2
75254,2
83689,2
88343,5
88344,5
6725,4
27947,2
844,2
7677,2
3124,2
42050,0
21460,3
46662,4
32034,0
6881,2
7916,2
21796,2
30459,2
39191,2
42924,2
51724,2
55319,2
75037,2
83631,2
33181,2
22031,2
23936,2
3624,3
13488,0
18805,0
84582,0
83333,0
47537,2
3688,0
34253,2
12442,0
25574,2
49421,2
52494,0
3441,0
82332,4
38873,2
19067,0
29269,4
87192,4
7841,0
51813,0
26650,2
81536,2
36351,2
22083,3
44949,4
19643,4
7778,0
26117,4
27009,4
78096,0
27929,2
30114,2
3823,0
31896,0
84544,4
84563,4
26763,0
10444,4
23543,0
24011,0
27988,0
53341,0
58638,0
78434,0
23824,0
47466,4
17761,4
26205,0
31904,0
19641,0
59593,4
66537,2
4945,2
14691,0
21232,2
350,2
2810,2
4267,2
61150,2
3864,4
32966,4
36328,4
37259,4
38222,4
39642,4
40611,4
46743,4
47213,4
47250,4
67370,4
70722,4
87001,4
14734,0
3261,0
5432,0
10311,0
10633,0
15927,0
20696,4
21386,0
41870,0
49080,4
62543,4
66076,4
67525,4
68381,4
55018,0
23682,2
25217,2
27994,2
30802,2
45271,2
45631,2
46452,2
49834,2
66293,2
86922,2
21773,3
22367,0
75062,2
53013,2
64588,2
67175,2
83887,2
49274,2
54553,4
66671,2
12295,4
20895,3
47090,4
24642,4
27251,0
2958,0
24255,0
33767,2
38910,2
37181,2
61765,4
14783,4
12938,2
10700,0
11297,2
80293,2
18363,0
29730,2
19313,2
72013,2
57849,4
26542,4
25713,2
77605,2
17889,0
28965,2
47175,2
15611,2
19111,4
2583,0
2602,0
2713,0
3324,4
3391,4
4135,4
4262,0
4620,0
5577,4
7213,0
8865,0
11926,4
12717,0
15167,0
25628,0
28033,0
32081,0
38568,0
51119,4
58042,0
63157,0
68666,4
78090,0
82573,4
255,4
1720,4
32726,4
43433,4
24655,3
15341,2
61221,2
38321,2
50256,4
26712,3
30629,0
76395,2
78171,2
27686,0
55193,2
54001,0
8121,3
71234,2
87742,5
87743,5
15049,3
23269,4
79379,2
30815,2
31398,2
53025,2
85407,2
86396,2
23899,2
57974,2
64190,2
2539,2
27291,2
27295,0
29495,0
5230,0
82042,4
12553,0
39087,4
57768,2
8834,3
85547,2
19361,0
46770,2
80666,2
32182,0
25421,2
4645,2
230,0
2130,2
17938,0
36305,4
16538,0
72756,2
50011,4
80704,2
15335,0
80420,2
7050,2
56403,4
55959,2
30447,0
37366,4
12328,2
23438,0
21344,0
82955,4
1733,4
510,3
49952,2
29870,2
57582,2
86132,2
25687,0
37577,2
64432,2
25133,2
73997,2
83611,0
69618,2
28597,2
34519,4
5275,2
58903,2
760,2
67113,4
20490,2
7790,4
40919,4
44368,4
10156,3
84294,2
35262,4
2312,3
82939,0
74347,0
2252,4
11188,4
1341,3
15687,2
54765,2
17079,0
73351,2
42818,2
77087,2
28864,2
78921,2
87543,2
71732,2
55960,2
11324,3
87104,4
773,3
3052,2
77127,2
34142,2
50114,4
45627,4
82907,2
20177,4
81229,4
39850,2
28182,0
61835,4
6973,2
41087,2
54627,2
84843,2
86916,2
10438,2
27852,2
67457,2
86459,2
53194,4
49924,4
28219,5
51602,2
37519,4
23782,3
46574,4
50661,0
52330,0
62467,4
87213,4
37909,2
12751,2
70539,5
68044,2
76687,2
4495,3
3236,0
7492,3
17584,0
18093,3
21787,0
42952,0
43097,0
68842,4
82829,0
87927,0
45621,2
72156,2
72524,4
51844,0
17121,2
43799,4
36844,2
88819,4
55584,4
2083,0
22396,0
46469,2
8032,3
76904,0
83187,2
66030,4
32032,2
71276,4
29022,0
873,3
25388,3
88507,4
42919,2
71216,4
21813,0
57510,4
67072,4
67249,4
68010,4
79500,4
55534,2
10226,4
10560,4
11342,4
13325,4
13727,4
33921,0
9525,0
55945,5
45434,2
67119,4
62313,2
72228,2
74649,2
30788,3
69214,0
75268,2
28240,3
29313,3
32104,3
31779,4
44013,4
52855,2
15857,0
12870,0
27958,0
36405,4
69484,4
79676,4
83268,0
77354,2
40445,2
64632,2
62882,2
87134,5
49406,5
75821,5
6177,3
45630,2
4288,2
26598,2
52537,2
52605,2
71978,2
46068,2
72088,4
8128,2
78374,2
47714,4
31809,3
64960,5
72785,2
39338,2
77720,4
38125,2
30411,3
47340,2
75513,2
4566,3
44362,2
32753,3
59755,2
66707,2
87912,2
5128,0
49806,4
19092,3
78300,2
30103,0
27188,0
61861,2
20599,0
73075,4
73782,0
19161,3
10536,3
62690,0
16628,3
73666,0
16296,3
52329,2
17146,0
47200,2
1907,0
8744,2
56374,4
87942,2
25381,3
9641,3
43849,2
39303,5
88716,2
88146,5
15929,2
71671,5
41222,0
12414,2
71201,4
49114,5
80450,2
31072,0
87940,2
14302,5
75758,5
60999,5
64622,5
3821,0
81279,5
26474,3
47024,2
47482,2
47905,2
44774,4
43740,2
22047,2
40563,5
46795,5
50212,5
62607,2
72369,2
84819,5
5747,3
87256,5
41126,5
64810,5
49843,2
75957,2
75414,2
20008,4
22830,4
60461,2
944,0
54371,0
15737,4
51578,4
23904,3
65426,2
65660,5
66172,2
88462,2
61825,2
21239,2
79724,2
55526,2
45791,2
48001,2
47740,5
6456,4
4093,3
46500,2
64338,2
40441,2
87264,2
77832,2
40583,2
82607,2
61094,2
70114,5
72685,4
74985,2
80062,0
17545,2
39871,2
40010,2
44363,2
67455,2
70881,2
80449,2
71568,2
81742,4
49514,2
57607,2
63546,2
65831,2
66208,2
71261,2
76535,2
77528,2
85001,2
87417,2
16553,2
67336,2
79962,2
52944,5
54881,5
79047,2
18513,3
27052,0
22323,2
53718,2
12636,5
80918,4
78460,4
39752,4
27682,4
82484,4
16270,0
17388,4
26985,0
57009,4
81665,2
58765,0
49713,4
49271,4
4639,3
74833,2
78156,2
60790,2
4998,4
38085,4
39086,4
39238,4
40151,4
48734,4
53592,4
54388,4
55334,4
56242,4
61131,4
64568,4
64752,4
4885,0
17913,0
34705,0
46406,4
62577,4
73347,0
73418,0
78679,0
88461,2
45955,5
48436,2
67043,2
25236,2
41669,2
83463,2
50620,4
70326,0
30020,0
16776,2
56622,4
81488,4
35138,4
2103,2
26015,2
38555,2
39422,5
39429,2
41387,2
61874,2
85448,2
65469,4
55410,2
71628,2
86491,2
77012,0
46496,4
75366,2
66455,4
66950,4
18439,4
87956,4
38115,2
2842,0
32451,4
57987,4
58137,4
59452,0
86590,2
77809,2
39229,2
47973,2
65019,2
65470,4
58565,2
87595,5
49572,4
27154,3
77791,2
56616,5
80179,5
11779,3
71237,2
7947,3
72619,2
52287,2
12319,5
57440,2
9593,4
57239,4
75410,2
55708,4
85393,4
24995,4
25738,0
28400,0
31493,0
42006,0
42098,0
58558,0
73264,0
87975,4
34820,2
49964,2
14161,4
88317,2
88318,2
72532,2
62263,2
51962,0
76251,4
83813,2
54373,2
77380,2
50606,2
9927,4
69242,4
51826,4
64922,4
86355,2
82666,2
56071,4
69898,4
81498,2
87348,2
40618,2
61962,2
79435,2
74736,2
51859,0
14970,3
71511,4
71903,4
75217,4
61399,2
51838,2
57040,0
2550,4
35542,4
64997,2
86473,2
27121,2
76916,2
62946,0
53619,0
61234,5
9811,4
12134,0
28332,0
35626,4
36514,4
55642,0
63001,0
88682,5
57622,2
63410,2
56946,2
79396,2
79402,2
46299,2
67903,4
77990,0
79752,4
75059,5
67592,2
52708,0
80186,4
84057,2
82140,4
88751,2
62504,4
61758,2
15801,2
49659,4
43415,2
41317,2
56836,2
56212,4
80022,2
79456,2
52195,0
72307,4
37720,2
83986,2
72175,2
70469,2
72075,2
40356,5
83918,2
66333,2
20658,3
16551,3
40227,2
64154,2
33598,5
53775,2
79898,2
53812,0
35833,2
66098,4
72598,4
46747,2
46748,2
47875,2
47704,2
47131,4
17592,3
70809,2
44228,2
50614,4
82069,2
34526,4
62471,0
83051,0
50722,2
86472,2
46002,2
51036,2
55439,4
71792,4
71891,5
55001,5
40581,2
85670,2
78550,2
66846,2
62173,2
79403,2
23908,2
47518,2
87007,2
52152,2
43998,2
74083,2
39498,4
46598,4
47761,0
79329,0
42825,2
83251,0
71964,2
88049,2
77714,2
52830,2
44014,4
82378,4
44382,5
43683,2
39946,2
83953,5
69784,2
32055,2
37416,0
46490,4
62810,0
51863,0
62206,2
67622,4
85354,5
51867,2
69848,2
85690,2
34695,2
54231,5
67098,5
85246,4
39817,2
39875,5
62069,5
66587,2
50708,4
76119,2
46837,4
46875,4
62970,0
74203,0
51338,4
40587,5
48851,2
65009,4
50568,4
55541,2
31883,3
63572,2
61589,2
69860,4
78855,2
79009,2
34932,2
34565,2
5101,0
41161,2
12939,2
54452,2
55162,2
81408,4
66521,4
52864,4
46096,2
65090,2
66819,2
85410,2
61508,4
34933,4
40609,2
48014,4
51720,4
75930,4
83068,4
54102,0
34866,0
40968,0
52413,4
67199,4
79170,0
85038,0
85494,4
79360,4
36624,4
38750,4
45766,4
87045,2
33688,4
47235,4
54157,0
40405,2
62152,5
81878,2
55760,2
58130,2
85872,2
73775,0
70731,5
61530,5
87084,2
76997,4
19336,3
54039,2
86529,2
39032,5
40422,2
71680,2
87295,2
11665,0
45468,2
68975,4
67329,2
38974,2
47521,2
79386,5
86308,5
59609,0
19483,3
84335,2
84310,0
76432,4
88803,2
60408,2
22604,3
65208,2
64678,2
76226,2
88523,5
8177,3
44747,0
59152,0
85172,2
47239,2
5,0
12903,0
45050,0
45473,4
53075,4
54060,0
62380,0
65601,4
11013,2
76796,2
35649,5
79250,2
49247,3
78829,2
88145,2
49827,5
62317,4
56108,5
55938,4
61359,2
86577,2
4055,3
49660,2
63183,2
65210,2
37953,4
39096,0
69448,4
80507,4
48893,2
39372,2
71441,5
72122,4
49617,0
72241,4
59895,2
55165,5
45888,2
34827,4
77491,0
48051,2
53359,5
86930,2
54842,5
46486,2
88555,2
53468,5
37016,4
40050,4
50125,2
87695,5
41125,2
86800,2
80492,4
74625,5
55722,5
76261,0
41102,2
73322,2
86611,2
84077,2
80417,2
67656,4
38933,5
35920,2
72106,4
82626,2
41077,4
47759,0
47762,0
76590,4
77445,0
77861,2
87973,2
82788,2
83625,2
41157,0
57822,0
67530,5
58236,0
41542,2
83718,2
75486,5
80802,5
80916,5
50625,2
38144,5
61409,2
82932,1
88698,2
62978,2
88738,5
62911,2
65878,5
1206,2
44230,2
64843,5
34784,4
86453,4
53921,5
22136,3
18037,0
67912,1
82053,1
38632,1
51038,4
53638,4
83018,4
70245,2
68107,2
43833,2
41938,2
40907,5
47323,5
88777,5
40962,5
22446,5
65714,5
61387,5
64791,5
59305,2
56460,5
42579,5
67070,5
76200,2
60710,2
59060,1
37934,2
54888,2
45615,2
79048,2
81688,5
82377,1
74202,2
85800,4
47550,2
85252,2
72531,4
80299,2
82518,1
62832,2
35978,2
36620,2
58096,5
62691,1
33771,3
65315,2
76364,2
61997,5
65883,2
70656,2
83405,1
56513,2
71984,5
71820,5
40742,4
55104,4
38405,1
48039,1
40401,2
81646,2
38325,5
40111,5
87565,2
46470,2
35308,4
71102,5
80635,5
75218,2
87707,2
66741,2
80100,1
38425,2
50655,5
52899,5
57001,2
37781,2
62178,2
85830,2
39092,2
40197,2
65123,5
67222,5
72541,5
74988,5
81870,5
86469,5
79267,5
50908,1
71675,2
24420,5
45794,5
61274,5
61890,5
68868,2
74960,5
76851,1
47041,1
35024,2
43515,1
55138,1
50650,1
79487,5
61019,2
48080,2
75989,5
62872,1
51343,2
83570,1
38857,2
74409,1
42297,4
69145,3
60625,1
46116,4
47943,1
52232,1
71165,4
76568,2
61212,5
46742,2
84998,2
41544,1
47614,1
62870,1
68425,4
83512,1
1766,1
62452,4
75485,5
66354,1
57670,1
56254,2
59123,2
37159,2
34406,4
40097,4
40595,4
40842,4
44404,4
57844,4
63738,1
66738,1
69108,3
79609,1
88234,4
88522,2
37908,1
50868,1
52714,5
45297,5
57523,2
67348,5
61859,5
39886,2
85238,2
71180,4
52264,2
63094,1
57658,2
40414,2
51156,5
56356,5
34443,2
42151,1
84902,2
45342,2
50931,1
60105,1
39596,1
65890,1
72166,5
46907,3
35779,2
37475,1
38188,1
51925,1
52001,1
54207,1
67039,4
68375,1
75756,1
87189,4
88328,4
84030,1
57878,3
78316,4
55208,5
48209,1
57967,4
72035,2
40816,1
73058,1
76865,1
41112,1
68426,5
67725,2
44039,2
44456,5
55941,5
56183,5
79810,5
87185,5
56180,5
57184,2
69399,1
64148,1
40834,5
86109,5
86582,5
79830,5
48189,2
82279,1
83149,2
77727,1
85654,1
69719,1
67440,5
67204,2
77039,1
39543,5
77978,5
57857,1
68026,2
55292,1
46518,5
61873,2
71437,5
82762,2
40512,5
45793,5
74197,5
75134,2
81447,4
46309,2
49926,5
68894,5
72746,5
85096,2
71760,5
48707,2
86228,5
84764,5
72632,2
56707,5
44741,2
77110,2
52315,2
54355,4
82077,1
82317,1
57971,5
41489,1
47431,1
48677,1
77210,2
85384,2
84072,1
47899,1
57728,1
68897,1
46657,5
47702,1
44140,5
44339,5
44379,5
47122,1
47197,1
39180,4
59695,1
67951,1
68059,1
73929,1
36572,2
71764,2
76336,5
82830,1
87287,5
48680,1
49321,1
53178,2
37764,5
75829,5
47610,1
83777,5
68028,2
52461,5
84879,5
87679,1
72652,1
67496,1
37792,1
74102,1
70929,2
77908,1
85435,5
34516,2
75124,2
69084,5
71889,5
69167,5
67646,1
71426,2
67186,5
70085,2
52373,1
48147,1
60900,1
79937,1
54601,1
55777,5
61191,2
55051,4
86638,5
86725,2
80247,5
53199,5
62772,1
83579,2
46864,2
77526,1
63165,2
40571,5
76737,2
53427,2
83835,5
38217,1
47394,5
54620,5
61200,1
41447,1
65479,1
50465,2
46621,1
68421,1
65004,5
49156,2
47455,1
39296,2
86586,2
88207,5
44208,1
76693,1
71781,2
61583,5
75022,2
41238,1
67919,3
70653,1
71687,1
41235,5
83618,1
82237,5
76438,1
80700,5
75436,1
39462,5
57255,1
85910,5
49781,1
83273,2
7216,3
82883,5
59640,5
51474,2
61519,2
80126,5
75524,5
40449,5
44199,5
65646,5
69966,5
86541,5
83042,1
80713,5
71700,1
81874,1
70694,5
50000,4
81885,2
60869,5
67544,2
44355,2
43594,5
44309,5
61790,2
65854,1
61794,1
49783,2
80516,1
58366,1
42798,1
52849,1
65823,1
74411,1
81274,1
88359,1
38142,2
7849,5
55815,2
53990,1
72773,1
77171,1
56109,1
71558,5
63542,1
38797,5
45725,2
61769,2
65334,5
51627,2
826,1
56781,1
66084,5
64551,2
85567,5
51049,1
39175,5
41246,2
43956,5
55003,5
65010,5
56719,2
76570,1
60279,2
55095,5
36931,1
50250,5
46301,2
37996,2
43555,1
78639,5
83766,2
83709,5
36003,1
35430,5
86425,5
62226,1
62293,5
63121,2
77592,1
80772,5
54793,1
37756,2
41933,2
60203,2
60315,1
70116,3
60814,5
43490,1
44882,1
57103,1
41882,1
81530,1
53563,1
40465,5
64659,5
83620,1
58126,5
41764,1
56977,4
66197,1
54049,1
76533,1
83808,1
59817,1
53039,1
47236,1
61913,2
39321,1
39692,1
58646,1
66824,1
74351,1
77652,1
77731,1
53601,5
45343,1
49825,1
57447,1
59844,1
72168,1
85818,1
34814,5
61523,5
56892,5
56894,5
45832,2
36816,5
40258,5
70552,2
51951,2
74276,1
65614,1
60789,1
51912,5
42238,5
39707,5
64265,2
78943,2
43889,1
76655,1
77530,2
48061,2
86670,5
38829,5
47811,1
72940,1
35732,1
58698,1
65212,5
45788,5
77724,2
38490,1
39352,4
36662,1
85902,5
64749,2
71748,5
86435,5
34452,1
50989,5
53721,1
66090,5
66774,5
78233,1
83848,1
58348,5
75386,5
72329,1
41636,2
73503,2
41493,1
47480,1
60444,2
70804,5
79736,5
72438,5
74428,5
75721,5
48119,1
75164,1
58174,5
66757,5
87862,5
87863,1
52188,1
74105,1
39577,5
73727,1
88254,5
70901,5
39844,5
39855,2
41146,1
35216,1
47786,1
53246,5
36615,5
50651,1
66381,1
43457,5
60984,1
56863,1
40880,5
49784,1
52066,2
78709,2
71705,5
65555,1
57616,5
79555,5
70360,1
66720,5
40817,2
38920,1
71218,5
82298,1
57655,1
45200,5
73335,2
47014,5
74048,1
51729,5
46505,5
67813,1
85360,1
65372,1
37045,2
67481,5
75775,5
84586,5
48721,1
75130,5
65892,5
74916,5
80710,5
38389,5
80182,5
45980,5
38978,1
35995,2
47228,5
53402,1
77505,5
51984,5
72715,1
72813,1
82712,1
38343,1
38871,1
59790,1
66108,1
66639,1
72560,1
76047,5
61612,5
44921,1
63007,1
74322,1
81570,1
61305,5
75190,5
5142,5
50168,5
40926,5
47840,5
78432,5
82507,5
79019,1
57341,5
50237,1
55429,5
81968,5
17233,5
58036,1
73911,1
43047,1
83344,1
65505,5
41260,1
57532,5
87440,2
83157,2
67564,1
47671,1
51579,1
76352,1
49334,2
54439,5
77262,5
47675,2
48325,5
52700,5
57130,1
51548,1
35295,1
45866,1
63086,1
40359,5
47427,1
46219,5
70869,5
35372,2
88079,5
66810,5
88503,5
79086,5
72381,1
53756,5
39628,5
59195,5
63433,1
64366,5
87468,5
88179,5
33538,2
64473,1
51788,1
59264,1
83365,1
46524,5
69350,1
73465,1
61404,1
37650,5
74599,1
77741,2
84131,1
52480,1
37377,1
69434,1
82568,1
76016,1
81958,1
70129,5
9370,1
47073,5
59752,2
71040,5
65031,1
72863,1
76936,5
87121,5
47506,5
67190,5
81680,5
59055,1
54570,5
64933,5
72040,5
81632,5
81820,5
50251,5
42377,5
66897,5
55335,5
44383,5
65282,1
45090,1
39226,1
52004,1
57682,1
61509,5
65592,5
67115,2
84455,5
87149,5
40884,1
54552,1
65811,5
47205,1
39395,5
74654,1
88511,1
53035,1
48204,5
71563,5
45971,5
83988,1
70879,5
67350,5
88143,5
56718,5
38788,1
55973,5
88282,1
62506,1
34626,1
37747,1
47221,1
52524,1
81164,1
81681,5
82162,1
36468,1
65126,1
62191,5
47201,5
85292,1
54223,1
76489,1
49618,1
68646,1
81714,2
79437,1
38724,5
61391,5
87455,5
73841,1
51488,1
41885,1
64732,5
35231,1
82700,1
81450,2
64589,5
57648,5
64942,5
60300,1
41657,1
51880,1
84357,1
43802,1
49404,1
54944,5
55393,5
40992,1
68836,5
35640,1
57940,1
83559,1
88369,1
55459,5
82438,1
66384,1
75430,5
67161,5
86442,5
73252,1
69013,1
47800,5
53272,5
71043,5
76022,5
38983,1
53190,1
54440,1
54868,1
83898,1
49192,5
49374,5
55597,5
72231,5
45684,5
61650,5
65946,5
80400,1
87876,5
43495,1
46416,5
42896,5
36889,1
66396,1
74154,1
39469,5
45996,5
77590,5
49773,5
64232,5
61176,5
76620,1
62409,1
83226,1
80890,1
60780,5
82240,1
83364,1
67518,1
83958,1
44457,1
48830,1
7951,3
72722,5
86884,5
77958,1
80090,5
46562,5
72467,1
82728,1
82616,1
67321,5
67323,5
53500,5
38860,2
72400,1
45224,5
61207,5
42796,5
70393,5
70948,2
75489,5
84756,2
53290,1
55539,5
37384,1
69971,5
56432,5
68282,5
44889,2
68533,1
57263,1
65277,1
44035,5
59766,5
52557,1
51301,1
88723,1
40234,5
60391,1
86895,5
38458,5
50986,5
61447,1
67276,5
84126,1
72751,2
82580,1
39183,5
61027,1
85858,1
54984,5
37902,1
42419,1
36679,5
47436,5
48928,5
56452,5
77268,2
53546,5
64744,1
57267,1
70056,2
59404,1
49270,5
47896,5
85577,5
74779,1
80787,5
79129,1
75128,5
74215,1
82494,1
60713,1
35039,1
82512,1
73349,1
54666,1
36868,1
46249,1
47438,1
50076,1
58744,1
69463,1
79825,1
83118,1
83120,1
83122,1
77142,5
52970,5
81398,1
55015,5
39791,5
62010,5
53059,1
54075,5
62375,1
74650,1
78371,5
38270,5
44157,5
63931,1
38561,1
58562,5
85032,5
49645,1
71976,5
57141,5
62991,5
65791,1
56883,1
56578,2
61573,2
44000,5
71589,5
75120,1
38826,5
39403,5
47564,1
51494,5
78935,5
81524,1
85355,2
72503,1
51373,1
81151,1
71979,2
88034,5
36872,1
42700,1
76142,1
88551,1
48025,1
60936,1
41827,1
56002,1
41620,1
55443,1
70450,5
60346,5
83870,1
87665,5
58553,1
58818,1
88262,5
60996,1
42650,1
63582,1
50995,5
70255,5
57702,1
61364,1
76224,1
85215,5
61830,5
62562,1
65193,1
77379,1
38416,1
65481,5
40745,5
42869,5
41482,1
34658,5
49049,5
55511,1
63293,1
78439,1
82354,5
72261,1
74390,1
40801,1
49067,1
76391,1
60827,1
50043,1
77004,5
58873,5
58511,1
71544,5
57039,5
85656,5
77884,1
57577,5
72586,5
87564,5
70101,1
73388,1
45792,5
64033,5
55780,5
77601,1
81401,1
79056,5
41149,5
57313,5
57314,5
77372,5
50152,5
39416,5
64130,5
65825,5
67557,1
35319,1
34655,5
83820,5
39903,5
73590,1
59946,1
63985,5
81652,1
38640,1
50293,1
60950,5
51124,5
54813,5
58360,1
79719,1
43504,1
43667,1
65434,1
77271,5
84830,1
64706,5
69089,1
75521,5
48847,1
50086,1
47683,5
75651,1
82184,1
63242,1
49745,1
41019,1
82234,1
81314,1
78164,5
60533,1
54449,1
72023,1
72626,1
43053,5
55856,5
64220,5
84193,5
83418,1
36439,1
42453,1
83389,1
35346,1
44578,1
58368,1
68649,1
69685,1
77933,1
57786,1
65478,5
66627,5
87708,5
57856,5
75571,1
63945,5
87325,5
34943,5
34989,1
52213,1
62242,1
73611,1
57168,5
83058,2
70094,5
71968,5
76688,1
61013,5
82709,1
64808,5
76569,2
69926,1
74355,1
42800,1
46920,1
72011,1
73215,1
73654,1
75904,1
56007,5
43746,5
70976,5
77845,5
26917,1
83623,5
82289,5
82679,1
66391,5
40368,5
40248,5
83354,5
88235,1
35571,5
56104,1
55717,5
66557,1
76756,1
50866,5
77310,1
73854,5
45321,1
68961,5
63222,1
67139,5
44280,1
73362,1
39394,5
69677,1
80494,1
83763,1
83832,1
62611,1
55654,5
73466,5
51594,1
82265,1
41071,5
75719,5
40362,5
44528,5
47765,5
80373,5
87142,5
45024,1
58504,1
56738,1
56870,5
46676,5
70259,5
75892,5
55579,5
73487,1
66315,5
56088,1
52183,1
77244,5
48259,1
48562,1
59077,1
62646,1
63510,1
64945,1
65392,1
74997,1
78884,1
84731,1
63463,1
38643,5
74818,5
56244,1
61300,5
55329,1
74266,1
81911,1
64832,5
74671,5
42429,5
64025,1
40542,5
45894,5
60672,1
82800,5
34743,1
50467,5
38759,1
41049,5
73758,5
87103,5
76436,5
83830,1
35690,5
88338,1
41486,2
45400,5
70991,1
65668,5
74903,1
53805,1
36283,5
52516,1
45911,5
45148,5
55008,5
55608,5
66055,1
65633,5
66190,5
66367,5
41329,1
36431,5
74859,5
55345,5
80657,1
80285,1
52343,1
54618,5
70873,5
81803,5
57646,5
74279,5
59549,1
42533,1
52750,1
70318,1
70319,1
35324,1
44153,1
37588,5
36131,5
36138,5
36145,5
36152,5
36159,5
36166,5
36173,5
36180,5
36397,5
60082,5
75712,5
84928,5
54467,1
38190,5
55634,1
76491,1
34890,5
67060,5
67388,5
71541,5
77115,1
82144,1
67546,1
53222,1
66895,1
86583,1
66945,5
78049,1
61667,5
40999,5
67509,5
51922,1
62540,1
66668,5
85281,5
71956,1
75003,5
57058,1
74184,1
85889,1
80528,5
72628,2
68812,5
61450,5
62516,1
45276,5
74707,5
41897,1
56896,1
84215,5
77114,1
82850,5
83703,1
61231,5
64531,5
65238,5
65702,5
66032,5
80529,5
55571,1
71717,5
85518,5
64563,5
51933,1
62144,5
60401,1
87937,1
34956,1
53957,5
60830,1
75298,5
57496,1
39187,5
51853,5
51861,1
51948,1
49559,1
60490,1
84076,5
61196,5
71876,5
49754,5
72019,5
37981,1
46869,5
86644,5
54588,5
51048,5
73460,1
87919,1
85687,5
85689,5
49304,1
83739,5
53031,5
40650,5
87676,5
82035,1
84509,1
51804,1
56227,5
51786,5
47284,1
72236,1
72476,1
61600,5
41682,1
77621,1
80009,5
47788,5
65294,5
52843,1
49330,5
39749,5
40340,5
44069,5
45439,5
61302,5
41485,1
46504,5
80185,1
27139,1
58485,1
83859,5
68615,1
49526,5
64311,5
65729,1
77544,5
83461,1
49846,1
66902,5
52962,1
82381,1
38123,5
67283,5
83320,1
48801,1
72977,1
61587,5
63174,5
63175,5
48178,5
46751,5
79694,1
50066,1
52838,1
73094,1
62994,1
48836,1
58076,1
41377,1
54839,1
38305,1
1052,3
39563,1
77056,1
81541,5
55215,5
37827,1
54199,1
68977,1
65047,5
88302,1
45396,5
47771,1
45780,5
54635,1
38110,1
57937,1
38208,1
40459,1
73828,1
73829,1
88429,1
63321,1
88666,1
39042,5
61598,5
51931,1
43995,1
87230,5
82301,1
38302,1
82361,1
79921,1
38106,1
41847,1
62336,1
78655,1
70623,1
35419,5
84573,1
78522,1
48885,5
88398,5
78039,1
78919,1
85146,1
83039,1
83223,1
70503,1
80045,5
86901,5
60911,1
51596,1
69512,1
74624,1
47067,1
84906,1
82135,1
63764,1
80526,5
50151,1
65452,5
87873,5
79306,1
51407,1
42412,1
57032,1
66202,1
85339,1
49305,5
74604,5
87507,1
77204,5
37820,5
78044,1
66187,5
72683,5
83059,5
51971,1
50431,1
80624,1
61092,1
38336,1
43048,1
43970,1
45582,1
83660,1
34826,1
84024,5
43462,1
47728,1
57336,5
64026,1
67837,1
86113,1
64626,5
66604,5
57873,5
37826,1
25137,3
54110,1
41188,5
81966,1
50084,1
58005,5
87114,5
49317,5
41714,1
80047,5
64652,5
41501,1
74009,1
56525,1
58410,1
78169,1
81251,1
83383,1
43246,1
84657,1
80956,1
41619,5
83209,1
34505,5
51536,5
52134,1
39513,5
78036,1
81102,1
88497,5
82000,1
38617,1
39681,5
84960,5
61198,5
87402,1
73281,1
44898,1
38667,1
87699,1
76561,1
47468,5
59340,1
52119,1
59953,1
36933,1
64571,1
69282,1
58337,1
55853,5
52326,1
72512,1
75867,5
54815,1
37041,5
88704,1
59973,1
40961,1
56640,5
66523,5
73153,1
57046,5
37532,5
56067,5
82412,1
50246,1
52546,1
74645,1
74753,1
83683,1
71026,5
82333,1
55936,5
85406,1
72534,1
57727,1
56734,1
35977,1
83663,1
66151,5
54539,5
39568,5
76944,5
71551,5
56239,5
74129,1
72000,1
38677,5
54646,5
54412,1
57666,5
54357,5
61473,5
74540,1
48711,1
86793,1
52925,5
87968,5
83551,1
85023,1
67764,1
67004,5
77414,1
82324,1
87019,5
72050,1
38495,5
58830,1
37182,1
36204,1
47297,1
59722,1
39114,5
81187,5
43629,1
82629,1
84122,1
76544,5
54437,5
82752,5
87744,1
55002,5
84975,1
85997,5
53269,1
77989,5
76836,1
59730,1
42285,5
59042,1
74962,5
71859,1
82043,1
37735,5
43601,1
63817,1
64206,1
50359,1
43484,5
53473,5
54615,1
55998,5
51459,5
79302,5
58884,1
80947,1
74868,5
51848,1
82151,1
58746,1
87596,5
53835,1
35951,1
60601,5
66540,5
50377,5
79177,5
53458,1
47412,5
76368,1
52217,1
84802,1
74653,1
73432,1
76979,1
83021,1
47489,1
78273,1
76951,1
74192,5
80969,5
81009,5
81228,5
81376,5
82374,1
81154,1
80390,1
40911,1
85777,5
77765,1
45303,5
56737,5
69194,1
76477,1
39620,5
43485,5
37991,1
57713,1
37705,1
57337,1
88458,5
83666,1
84249,1
58059,1
80749,1
77879,1
88680,1
87605,1
59933,1
53129,5
60695,1
79471,1
85464,1
54675,1
59295,1
49392,5
35698,5
79680,1
45432,5
51077,1
74451,5
72787,1
65988,5
87819,1
61190,1
54874,1
49225,5
52175,5
58748,1
60382,1
62445,1
64070,5
76675,1
61149,1
42147,1
37438,5
71367,5
56761,5
52282,1
55909,5
71527,5
74463,1
86527,1
80798,1
57647,5
51756,1
57862,5
86333,1
86499,1
67380,1
49589,5
34520,1
46836,5
72212,5
79420,1
35657,1
53914,1
53937,1
71661,5
46230,5
37257,1
60074,1
57104,5
44229,5
84134,1
52827,1
79991,1
52468,1
42787,1
74520,1
34871,1
46437,5
60704,1
61071,1
65930,5
66043,1
52744,1
84880,1
52503,5
45551,1
58214,5
50621,5
72629,5
88451,1
46754,5
77108,5
79367,1
61375,5
55931,1
58403,1
83081,1
38460,1
73733,5
66369,5
47589,5
78659,1
55574,5
70775,5
55379,5
58421,1
69596,5
87578,5
63355,1
34432,5
86271,1
54022,1
75126,1
86938,5
57918,5
83362,1
77274,5
67127,1
88695,1
38231,5
38233,5
65225,5
54581,1
70158,5
83077,1
41990,1
41981,1
51007,5
75186,1
88553,1
87308,1
43621,1
52015,1
58941,5
61006,1
59442,1
71265,5
54101,1
58479,1
51612,1
62533,5
51974,5
51976,5
46385,5
58334,1
77513,5
83886,1
74560,1
87367,5
60445,5
45768,5
71969,5
85739,1
84769,1
37437,5
17070,1
51306,1
60426,1
82037,1
52954,1
64407,1
45581,1
60050,1
38074,5
83840,1
64724,1
62736,1
39034,5
54393,1
68112,1
85437,1
40954,5
54026,1
59397,1
45729,1
88717,5
88787,5
80839,5
48940,5
50271,5
55417,5
55460,5
55174,5
73891,5
67665,1
67287,5
45995,5
34617,1
44488,1
52993,1
79225,5
45921,1
36751,1
35814,5
56806,1
38339,5
35157,5
81222,1
40167,5
44161,5
57386,5
73636,5
42978,5
43052,1
77824,5
51071,1
52706,1
54624,1
46935,1
75195,5
76275,1
51299,1
52189,1
50736,5
44582,1
71703,5
73198,1
75992,5
60845,1
73641,1
53418,1
87054,5
75810,5
34964,1
83737,1
64765,5
52784,1
77020,5
53063,1
57776,1
76844,1
81163,1
82713,1
84001,1
80826,1
57960,5
75319,5
52920,1
40895,5
51712,1
43352,1
78175,1
86481,1
60720,1
51164,1
44064,5
67608,5
65213,5
55738,5
55740,5
58664,1
81896,1
87983,1
85970,5
37240,1
82017,1
86214,1
23572,3
62928,5
62930,5
80767,1
83479,1
75252,1
86496,1
51497,1
51549,5
72207,5
74128,1
67775,1
37489,1
42103,5
41449,5
52151,1
85862,5
44333,1
59663,5
67094,5
81723,5
51641,1
75055,5
36964,1
81119,1
60210,1
45616,1
52674,1
75035,1
50082,1
65175,5
82392,5
41600,5
54892,1
69772,1
76339,1
54966,5
54968,5
56464,5
56467,5
452,1
1164,1
2398,5
2887,1
8581,1
9867,1
11661,5
13864,1
14772,1
15759,1
34550,5
35022,5
36458,1
36645,5
37255,5
37773,5
37997,1
38137,5
38287,5
38590,1
39680,5
42031,5
42239,5
43089,1
43429,1
43950,1
44269,1
44315,1
44800,1
45810,5
46193,5
46457,1
46692,5
47428,1
47568,5
47590,5
48087,5
48105,5
48394,5
48906,1
50198,1
50551,5
50769,5
50783,5
50804,1
50805,1
51178,1
51179,1
54823,5
54963,5
55046,1
56230,5
56430,5
56954,1
57236,5
59029,1
59934,1
61362,5
61591,5
61597,5
62699,1
63639,1
64550,1
64592,1
66405,1
66487,5
66563,5
67495,5
68279,5
68558,1
69193,5
69513,1
71134,1
71438,5
72316,5
73484,1
73902,1
74457,1
74983,1
75116,1
76872,1
77075,5
77083,1
77246,5
78307,1
78373,1
78761,5
80214,5
80575,5
80815,1
80827,1
81378,1
81486,1
82041,1
82214,1
82231,5
82232,5
82290,5
82462,5
85634,5
85659,5
86713,5
87059,5
87117,5
87554,5
56200,5
42081,5
26435,0
22412,2
87643,5
41759,5
27573,2
29212,2
27644,0
950,2
86999,2
51490,5
39841,5
16761,2
7522,2
11575,2
79049,5
69863,5
49298,5
14652,2
57649,1
54599,5
56139,5
25213,5
27048,3
28390,2
23927,3
30180,4
19830,2
23894,2
19047,3
32545,2
28878,0
19901,0
61440,4
1155,2
11515,2
24709,4
70715,2
61356,4
3793,2
23052,3
25407,0
45506,5
64171,2
77425,2
57715,5
40374,2
55892,2
38823,5
36909,5
50308,5
43004,1
43955,2
45946,2
74763,5
65493,1
57758,1
66956,5
57212,1
72608,5
75376,5
58488,5
73047,1
38128,5
70122,5
61594,5
81777,1
67085,5
40852,5
62981,5
87813,5
62391,1
40105,5
38713,1
66828,5
77687,5
83419,1
58261,5
44347,5
1670,5
39451,5
67460,5
80294,5
9344,4
87347,5
36967,5
48662,2
25378,3
28885,0
81476,5
50357,1
38275,1
38276,1
36200,5
36268,5
36273,5
65824,5
56586,5
32863,3
50001,2
66413,5
56964,1
51820,1
82014,1
53863,5
64262,5
24120,3
6807,2
48088,1
57152,2
62271,1
84831,1
58077,5
62860,1
6629,0
66161,4
34386,5
22423,3
21875,2
47645,5
46280,2
41776,5
2197,2
15909,4
41775,3
351,0
2957,2
11973,2
12593,2
11339,2
23802,2
2920,2
17903,0
85471,2
25538,2
75545,2
17330,2
2217,2
25936,2
16113,2
32277,2
14335,0
25524,2
20431,2
32507,0
43623,2
26023,4
14908,2
76706,2
3150,4
44313,4
3480,4
24096,4
3470,2
23026,2
5685,0
26363,0
55442,4
3055,2
20338,2
47904,4
38589,4
67750,4
70348,4
47094,4
28500,2
86127,5
40344,4
20568,2
11793,2
9520,2
61012,4
38078,2
49703,4
57462,2
64985,2
71014,2
14453,2
45592,2
36034,2
38145,2
83155,2
33700,3
40098,2
40589,4
80871,5
40782,2
86655,2
61829,2
62223,2
53570,2
51281,4
67260,5
44963,4
65276,4
65244,4
34426,2
87335,2
68398,4
21373,5
39102,5
79239,2
39792,5
86641,2
86267,5
61208,5
55783,2
36631,1
77825,5
61917,2
71490,5
55952,2
86645,2
39723,2
72479,1
68344,5
72113,2
42794,5
59349,5
40679,5
8528,3
39231,5
52056,2
41653,1
71353,5
64824,5
88377,5
39254,5
77460,5
72603,1
55950,5
67376,5
74506,1
55545,5
78756,2
47981,1
60415,1
38948,5
58725,5
79475,5
87168,5
40343,5
83673,5
54677,5
75200,5
72705,1
39726,5
57390,1
79791,5
84189,5
83335,1
50452,1
65226,5
67297,5
76059,1
84661,5
50091,5
84021,5
75138,5
72114,5
57294,5
62288,5
40381,5
77498,5
36830,5
24499,1
49216,5
51406,5
77960,5
36729,1
78838,5
49640,5
59139,1
67538,1
54905,5
34392,1
41094,5
47938,1
57035,5
2782,1
42018,5
54114,5
58296,5
88737,5
66967,5
56401,1
61646,5
86704,5
61163,5
23216,2
82370,2
37548,5
41114,5
66863,5
22164,0
82093,2
37277,1
83323,5
10174,2
87673,2
72643,2
5435,3
61108,2
62510,2
65575,4
87515,5
85944,2
79801,2
86158,5
44126,5
36492,5
49154,1
86476,5
78835,5
88645,1
79517,5
87700,5
87501,5
23986,1
75099,2
37841,1
79641,5
85686,5
85688,5
68770,1
78318,4
7314,2
22044,2
26140,3
23045,3
50172,5
22605,0
10879,2
23354,3
2932,2
22726,0
23309,2
14063,2
4336,2
32334,4
8606,2
17451,2
32810,0
52130,4
33064,2
57972,4
31249,0
65192,2
18941,0
5546,2
20334,2
33098,0
29052,3
8060,2
16279,0
3787,4
61850,2
13902,2
26960,2
29345,0
38694,2
46906,4
81471,2
12196,0
7173,0
13150,4
77937,5
11265,2
53831,2
70973,5
44396,2
6104,0
57919,0
79700,2
5226,3
65509,5
87120,5
87309,2
50123,4
33479,2
50574,2
46776,2
60988,2
57450,2
55769,2
39201,2
54390,5
61921,5
49211,2
88614,2
54571,5
75192,2
81134,5
46791,1
79982,5
57187,1
57968,5
40331,5
38160,1
46652,2
46868,2
36663,2
80032,5
61575,5
57075,5
88609,1
64481,5
55573,5
72111,2
66602,2
62627,2
75968,5
38919,1
40556,5
49335,5
62210,5
38282,5
40509,5
39898,5
75225,5
87385,5
20476,2
83135,5
40953,1
82073,5
73698,5
64720,5
62399,1
57196,5
71917,5
50363,5
69800,1
65039,5
67306,1
47249,5
81532,5
44213,1
65376,5
67890,1
56801,5
56057,1
65985,5
79244,5
54532,5
61202,5
61679,5
42476,5
61756,5
53583,5
65355,5
86097,5
64554,5
79028,1
52567,5
68744,5
81098,1
84422,5
50291,1
70138,5
38684,5
50932,1
38796,5
80842,5
56441,1
76809,1
49728,5
77928,1
51329,5
65338,5
76425,5
42051,1
82583,5
55746,5
64227,1
14831,2
80712,5
64825,5
53437,5
28448,2
5033,2
46478,5
66079,1
56795,4
81970,1
55235,5
40439,5
3858,2
85296,5
74800,5
51897,1
32973,2
55715,5
88529,2
47121,2
77633,1
49537,5
51534,1
77018,5
50562,1
39171,2
56112,1
6494,2
9828,3
60712,1
42230,1
20919,2
389,2
18186,2
17401,0
15084,2
52154,2
31653,4
41853,2
47113,4
45834,2
77795,2
57144,4
13511,5
37227,4
37154,0
54792,5
71378,5
75689,5
77876,5
79769,2
45880,1
61503,5
20013,0
55252,5
66594,5
58260,5
80565,5
48046,5
39385,5
80107,5
45849,5
66013,5
87796,5
65346,5
55971,5
56687,1
68407,2
44346,5
67472,5
71688,5
46279,1
40019,5
77275,5
71550,5
39801,5
81724,5
87670,5
88568,1
53287,5
39355,1
62268,5
60962,5
51015,1
77215,5
39079,5
86953,5
57127,5
81242,5
65265,5
50046,5
53135,5
81919,5
74665,5
76952,5
54604,5
70374,5
56585,5
45922,5
31504,2
76736,1
33886,4
80321,5
83434,2
40929,2
66209,2
86731,2
34764,2
2449,4
67441,5
81506,4
63805,1
61934,5
65748,5
65795,5
65800,5
46655,5
87366,5
33325,4
41607,5
53741,5
23965,2
59268,2
64677,2
70744,2
71228,4
72899,2
88743,5
7240,0
38592,4
8218,2
14979,0
82124,5
24896,3
31825,3
11852,4
20079,3
30399,0
4389,2
6564,3
8916,2
20066,2
22575,2
21064,2
21128,2
16331,3
29264,5
14216,2
17797,3
26996,3
8542,2
3359,4
8920,0
15481,3
61795,2
33281,2
24731,2
12748,4
10878,2
22959,3
6134,3
14955,2
32691,2
86178,2
31395,2
87151,4
87226,4
19146,2
1466,2
15179,2
7353,3
13228,3
25614,3
3729,2
18910,0
4953,3
11167,0
4182,0
4252,2
1413,2
4308,3
32061,2
10190,2
25583,2
22420,2
17299,2
31267,2
29791,0
6657,2
4690,2
11863,2
11688,2
2116,2
2729,2
29436,2
22916,0
19712,2
18812,2
16532,2
925,2
31498,2
15610,2
85756,2
49529,2
9915,2
14911,2
1772,2
25050,2
6248,2
56943,2
4442,2
23131,2
29053,2
6519,0
14765,3
12963,2
15411,2
15753,2
25019,2
16929,2
1577,2
4435,2
11715,2
39665,5
49729,2
5665,2
8613,2
20860,2
31773,2
33733,2
20508,0
33302,0
4446,0
8988,2
31869,0
8964,2
29570,2
12009,2
28225,2
1287,2
3548,4
13155,0
31833,2
33196,2
7121,0
10454,0
23211,2
16120,4
17878,2
16413,2
84127,4
24054,0
3058,2
21209,2
13762,2
59,0
2721,2
3449,0
86078,2
4760,2
25871,2
32388,2
18563,2
59434,2
6639,2
67034,4
26539,2
61,2
8549,2
33653,2
43747,2
23946,2
32486,2
77976,2
33174,2
13625,2
57549,2
61919,2
76427,2
28076,0
1980,2
5212,2
2819,2
5276,3
29691,2
58969,2
7483,2
33964,2
4706,2
14366,2
5698,2
30015,2
914,2
1928,2
1545,2
55452,2
30151,2
1594,2
2095,0
14022,2
12923,2
24762,2
26433,2
33854,2
16986,2
28778,2
32342,0
32052,0
26160,2
1142,2
17288,0
18738,0
28136,2
1621,2
14971,2
1120,0
2387,2
33002,2
33780,2
18888,2
20074,2
24482,0
30290,0
32192,0
6101,0
17863,0
28676,2
12100,0
78672,2
17042,2
21981,0
16061,0
2259,2
13077,2
982,4
25314,0
9161,0
11860,0
1465,0
58395,0
87076,5
87077,5
3117,0
46399,4
24676,2
75509,2
75584,2
1812,0
27602,2
33982,3
31768,0
624,2
6030,2
18779,2
29076,3
5164,2
5395,3
6469,0
7091,0
15181,0
17869,0
19028,0
24034,0
12398,2
20426,2
20948,2
26081,2
46253,2
37163,0
26116,2
12170,4
14591,4
21879,0
26550,2
2121,2
23716,0
22552,0
56,0
4488,0
47922,2
2820,2
103,0
1557,0
21412,0
23449,3
2122,2
14551,2
62207,2
7647,4
14649,0
6593,0
13397,0
15199,4
17831,4
19638,0
25505,4
25985,0
88801,4
6688,4
19269,4
23070,3
1296,2
20928,0
70820,5
67821,2
20806,0
11953,2
9458,0
15905,0
25674,0
30201,0
30567,0
34398,4
66107,4
26040,3
34143,2
10750,2
8194,2
51186,2
3205,0
6242,0
87943,0
16824,2
24773,0
61034,2
29373,0
40348,2
75735,2
9225,2
25235,2
27613,2
29843,2
16470,2
23817,2
24850,0
19342,2
17071,2
9224,2
85083,2
33322,3
61458,2
19293,2
21761,4
50003,2
29142,0
30124,0
47571,0
23001,2
77771,2
2955,2
1933,0
10939,0
33230,2
39305,2
30439,2
58814,2
17474,2
55362,2
20350,2
2548,2
55767,2
29704,2
71348,2
13055,2
75299,5
30306,2
28605,2
54684,2
76050,2
76052,2
29900,2
28282,2
1098,2
6891,2
45703,2
57317,2
58149,2
61572,2
87460,2
69910,2
25673,2
19575,4
75411,2
23077,3
24098,0
3961,2
10426,2
10524,2
26649,2
30864,2
84042,2
88160,2
88615,2
11311,2
30894,2
49327,2
4142,2
11927,0
41753,2
53237,0
1530,2
20634,2
54746,2
22647,3
57108,4
44384,2
47,0
300,0
5795,0
7624,4
10887,0
13546,4
72981,0
18727,4
24306,2
23548,0
22382,0
73190,4
1664,2
19432,2
74738,2
56124,5
83090,4
84039,4
84233,4
10869,4
27280,0
29505,0
31668,0
72520,4
25770,2
54761,2
19517,2
29953,2
18665,2
45710,5
57525,2
87831,2
20765,2
10861,2
25105,0
5969,2
9436,4
20359,0
8295,2
15937,3
41395,4
12497,0
45728,4
26691,2
139,2
32570,0
50130,2
29208,2
21866,2
55707,2
75944,2
16276,0
36960,2
7358,2
47173,2
51109,0
70306,2
12255,2
275,0
82094,2
367,3
22885,0
16149,3
24354,2
42597,4
12745,2
30415,3
51028,2
31491,3
70449,2
11892,2
27554,2
43552,2
28622,0
13938,3
20511,3
66751,5
24971,0
62519,0
18021,2
61477,2
30121,2
5780,3
7751,2
181,3
2899,0
74608,2
70363,2
23839,2
64685,2
79834,2
19142,2
41393,5
34958,2
15925,0
19935,0
13083,3
73186,0
50281,0
15208,0
57275,5
57278,5
24479,0
29122,0
46691,4
51252,4
18953,3
18430,0
5848,4
41205,4
44781,4
5797,4
75125,4
40506,2
62130,5
56613,2
38645,5
49910,4
21512,3
40670,2
79933,2
85811,2
72740,2
28952,0
79966,2
52958,2
38056,2
78417,2
87088,2
15297,3
49913,4
86970,2
67449,2
74705,2
9977,0
7820,3
68011,2
49451,4
29992,3
3520,3
52455,2
77245,2
74433,5
1939,2
8741,3
29220,2
45687,2
40768,5
67567,5
55791,2
47648,2
33106,5
8521,5
39873,5
65588,5
61145,4
77922,2
71406,2
71632,2
23113,2
85174,2
61128,2
83469,2
53259,2
21842,3
85502,2
27504,2
53837,2
87845,2
78687,2
3098,2
64702,2
74532,5
88092,2
84842,2
15027,2
29311,4
4745,2
57527,2
78730,0
87872,2
24009,3
30066,0
57066,4
88506,4
34863,0
39119,4
72849,4
88090,5
80472,2
41340,3
79749,4
66919,0
49395,2
67231,2
74684,2
63529,0
35992,4
68486,4
68830,4
55325,2
84876,2
39486,2
64233,5
77749,2
55724,2
71138,2
44350,4
63443,0
53339,0
46376,4
78606,2
36958,2
26809,2
46762,2
70082,5
71683,2
45600,3
77995,4
49246,2
51563,2
44592,4
72137,4
45363,4
66715,2
58070,2
42023,2
62746,0
77292,4
28687,0
66703,2
77692,2
46756,2
59391,4
53292,4
48220,0
11091,3
60589,2
69011,3
81424,2
51685,2
51784,4
75412,2
47356,2
811,3
52906,2
26224,0
57778,4
35222,4
50349,5
79925,2
81603,5
34752,4
82504,2
16171,2
45522,4
37854,5
59958,2
52478,5
72839,0
52146,2
54876,2
77707,2
82039,3
41323,4
23732,2
11666,3
83906,2
40107,2
71321,2
73413,2
80558,2
41284,4
65260,4
82323,4
61856,5
87376,2
50653,2
85154,2
59995,5
31609,2
38242,0
67450,2
37579,4
42242,5
52938,2
45044,5
86661,2
43437,0
37806,0
34367,5
88514,2
76929,4
78803,2
46534,2
82358,4
72172,2
70357,5
54057,2
64776,2
83067,0
50817,4
39800,4
65194,2
65674,4
67210,2
72780,2
87809,5
81826,2
76387,2
18048,2
44155,5
53252,2
70485,2
62181,5
59435,5
45763,2
55332,5
83369,2
55475,4
82533,4
84475,4
37818,0
52572,2
77307,2
44775,2
78696,2
50364,4
34198,0
59065,4
73519,0
56241,2
65036,2
88031,5
87648,5
86509,5
86511,5
41368,4
9863,4
73164,5
70558,2
66057,4
71954,4
49171,5
62903,2
46232,2
67733,2
67542,3
45585,5
70609,2
80474,2
10903,4
74632,0
47484,2
38394,5
45902,2
71485,2
34967,2
60918,1
84171,2
78224,5
40698,2
53943,5
74298,2
69768,1
86788,5
68275,1
56661,4
75144,2
59232,2
50915,4
36744,4
74626,2
84344,5
77402,1
54644,2
37311,1
63218,4
67634,2
58938,4
73123,5
71835,5
55047,2
59231,1
75895,2
53887,5
71109,5
75044,5
38559,2
47304,5
36443,5
37943,5
80464,5
82160,5
88746,5
50436,5
62511,2
40048,2
67173,2
86093,2
88524,2
35983,1
49716,2
41388,1
9216,3
77870,2
83738,2
66300,1
40165,2
53885,5
56049,2
40299,5
61714,5
77641,5
75453,5
19379,3
61542,5
80071,1
47229,5
59104,1
54094,5
44726,5
40168,5
45667,2
36353,5
59311,1
81448,4
44473,2
61250,5
37517,1
76398,1
67095,5
70741,5
84993,5
74910,5
39678,5
70066,1
63482,2
58885,1
35192,1
56154,5
63481,1
44365,5
71772,1
55305,2
38432,2
67494,5
49130,1
45060,5
71517,2
64783,5
49181,5
53465,5
60288,1
87272,5
53524,2
59485,2
79284,2
48174,1
55957,5
67476,1
56075,5
51144,2
65822,5
70843,2
41461,2
22208,3
37083,1
79945,4
42834,2
34633,5
40119,5
69343,2
76144,2
81775,2
52582,1
72229,1
67125,1
37111,1
49445,1
36700,3
71464,2
34596,1
42807,1
67952,4
61561,5
46160,5
41962,5
62873,2
88735,5
53509,1
38450,1
80853,1
41889,5
65156,5
62142,5
60389,1
51390,1
88013,2
5093,0
41458,1
56635,2
81683,2
53015,1
74081,2
85324,5
57668,2
41337,1
57765,1
87572,1
40102,5
56191,2
57936,2
70343,5
75585,2
51513,5
43942,2
64476,5
82835,5
37833,2
66988,5
79816,5
64739,5
54945,5
38278,1
48349,5
52205,5
88375,2
39203,5
50133,1
75403,5
77854,5
56256,2
39142,5
38669,5
80275,5
52764,2
69882,5
80629,5
40606,5
37321,2
43764,2
39928,5
55337,2
39872,5
80642,5
68662,1
52711,2
72201,2
87645,5
58086,1
67196,5
56845,5
62523,1
73452,2
68551,1
57098,1
78218,1
84873,5
69972,1
62049,5
50171,5
75382,5
78077,5
68121,5
72950,1
65141,1
88748,5
40938,5
87201,5
41010,5
64088,5
77415,2
44806,5
59216,5
71339,5
54358,1
77404,5
49512,1
81472,1
76179,1
80279,5
60090,1
39126,1
57885,5
59961,2
80603,2
36791,1
38141,1
47912,5
56627,5
84500,5
53258,5
70712,5
76909,1
83850,1
43999,5
47747,1
70139,1
75202,5
55822,5
43957,5
77923,1
44137,1
65143,1
81686,5
78961,5
70726,5
48796,2
52967,2
55687,2
40580,5
86304,5
67220,1
69027,5
54181,5
86996,5
49490,5
78567,5
72902,5
66687,1
34730,1
35615,1
43895,1
64030,1
86450,1
52278,5
72359,5
77758,1
78648,5
55565,5
67307,5
78677,5
42034,2
44116,5
42443,2
46594,5
76795,1
75982,5
45030,5
40490,2
45365,5
52768,1
44391,5
37853,5
79706,5
45196,2
37169,5
77981,5
88045,5
55458,5
76284,5
57303,1
50461,5
38518,1
66673,2
82429,5
56405,1
58440,5
88251,5
71249,5
35395,1
38159,1
86703,5
72081,1
71882,5
82123,5
75647,5
49804,5
54202,5
88019,5
67314,5
59764,1
62062,5
66113,1
35635,5
78779,5
41097,1
57090,1
52162,5
56843,2
59597,2
61759,5
50993,5
38768,5
68788,5
50517,2
41873,5
41276,5
44103,5
64282,2
43353,2
71722,2
72728,1
51234,1
52911,1
75302,5
54143,5
44424,5
65326,5
39324,5
48191,5
78980,5
72453,1
36040,1
73027,1
83580,1
65122,5
58624,1
58246,5
61972,5
71512,5
87063,1
83449,5
40353,5
45104,5
46430,5
64799,5
80900,1
86830,5
47640,1
87068,1
77991,5
47345,1
80038,5
47162,1
69409,1
70686,5
87504,5
42086,1
70988,5
70665,5
86391,5
39458,5
65553,5
66139,1
70176,1
87484,1
88636,5
88638,5
39926,5
53810,5
67000,5
65666,5
66441,5
70625,5
55519,5
54844,5
64871,2
40800,1
36190,1
49668,1
81540,5
86593,2
27791,3
76407,5
77527,1
88603,1
55685,5
48291,5
87333,5
78624,5
85891,5
75478,5
81072,5
41488,1
61610,5
72963,2
76540,2
73299,1
38382,5
66939,5
71897,5
55401,5
50933,1
70615,5
59109,1
49007,5
80187,5
87286,1
34873,1
41225,1
53720,5
64239,5
56273,2
68353,5
62122,5
75305,5
80369,5
77007,1
86669,5
42056,1
42208,1
45472,1
65726,1
65852,1
80737,5
83242,1
42129,1
68394,1
83783,5
46721,5
63837,1
64134,1
73059,1
80944,5
49654,5
84054,5
62517,1
80377,2
39185,5
57000,5
81836,5
56847,1
58693,1
34910,1
75762,5
80914,1
50469,5
83839,1
53484,5
57773,5
54447,1
65870,1
73091,1
44253,5
81986,1
84917,5
66762,5
86631,1
52103,5
71912,5
58324,1
40948,5
39062,1
64761,5
37801,5
75812,5
39073,5
61525,5
66128,5
38744,5
87257,5
41561,5
56998,5
64264,5
47156,1
39973,1
61624,5
52522,1
62299,1
65541,1
65773,1
34791,5
79029,1
81656,5
51755,1
86154,5
38718,1
58768,1
68357,1
83539,5
41872,1
58231,1
62447,1
66582,5
40378,1
49969,5
76233,1
82158,1
63492,1
67368,1
53192,5
49315,5
52771,1
43691,1
67187,5
71493,5
78764,5
88711,5
64399,1
76013,1
51719,1
81071,1
65395,5
85156,1
58991,5
60175,1
65430,5
87056,1
49239,5
44900,5
51766,5
56371,5
56973,5
44106,5
45956,5
81887,5
53019,5
56304,5
71330,5
55108,5
54537,5
53239,1
73013,1
46921,5
77357,1
38173,5
38585,1
60363,5
55741,5
84463,1
54705,5
75919,1
51372,5
52157,1
65996,5
48111,5
39937,5
44328,5
55870,5
71251,5
71513,5
44675,5
38600,5
55257,5
70787,5
81789,5
71428,5
75361,5
54743,5
78975,5
75627,5
46815,5
86983,5
37972,2
75876,1
65255,5
77158,5
68854,1
47179,5
78186,1
47738,1
39650,1
35794,5
35918,5
56424,5
57720,1
73107,1
87664,5
36856,5
40986,5
72291,5
57158,5
56434,5
35428,5
80055,5
81190,5
88692,1
57414,1
65632,5
82725,2
78856,5
65297,5
64928,5
83769,5
57077,5
49295,5
53501,1
88650,5
65889,1
65371,5
54395,1
87918,5
48951,5
62250,5
88664,1
41819,5
63301,1
37179,1
49549,5
55258,5
41751,1
65443,5
66953,5
84782,5
75649,5
46492,5
78105,1
47734,1
76740,1
66287,5
70723,1
46390,5
79619,5
64771,5
66733,5
41262,5
61336,5
87987,5
71863,1
45007,1
75562,5
60860,5
59036,5
58636,5
80602,1
47136,1
57018,5
49865,5
49866,5
47782,5
88637,1
88639,1
38392,1
80690,1
59503,1
49863,5
49864,5
62723,1
70601,5
82373,1
70161,5
75235,5
69320,1
50420,5
41384,1
58156,1
62727,5
88086,5
51417,5
77465,5
56822,5
57458,1
70733,5
74773,5
40789,5
59200,1
57358,1
62660,1
71393,5
34508,1
83269,1
51577,1
80568,5
46866,5
86013,1
45925,5
65638,5
51131,1
79275,5
71596,5
83742,5
51043,1
34870,5
49533,1
63069,5
47686,1
88309,5
66949,5
71309,5
85387,5
85388,5
41717,5
80958,5
54041,1
72897,1
59321,5
45210,5
43335,1
85368,1
83211,1
62304,5
56250,5
55099,5
52825,1
40092,5
80596,5
65506,5
78570,5
55352,1
58807,1
82859,1
82831,1
88594,1
60027,1
77162,5
81598,5
48334,1
44978,5
87181,5
87353,5
52058,1
37509,1
68169,1
34906,1
79426,1
56365,5
64393,5
78760,5
17002,3
36309,5
75809,5
82362,1
61136,5
71041,5
64786,5
58578,1
49087,5
76247,1
54161,5
50295,1
83098,1
87306,5
78932,1
83492,5
68138,1
56375,5
62165,5
40561,5
50422,1
57640,5
38476,5
24057,3
84453,1
58352,1
84296,5
85444,1
61641,5
84864,1
43822,5
84238,5
85142,1
50895,1
37847,5
72244,5
51486,1
38322,5
50145,1
63050,5
36581,1
52165,5
52167,5
51659,5
84999,1
77383,1
73081,1
55227,5
42160,1
46924,1
48953,5
59800,1
50175,1
40113,1
69416,5
75771,1
46905,5
81579,1
55725,5
55063,5
55065,5
66644,5
88662,5
53131,5
74778,5
76567,5
85623,5
58570,1
87160,5
87545,5
58857,1
36524,1
58213,1
53457,5
82353,1
70934,5
42665,1
47212,5
62063,5
40616,5
85632,1
53989,1
34693,5
54115,5
34786,1
60014,1
83719,5
82104,1
46750,5
83513,1
52519,5
59729,1
69388,1
47913,5
65191,5
60286,1
54834,5
40625,5
84321,1
79268,5
63328,1
60616,5
81548,5
34510,1
49655,5
83654,1
35567,1
35719,1
80209,5
56773,5
85326,5
39742,5
48021,5
85761,1
75369,5
38691,5
78463,1
71538,5
82398,1
67106,5
72932,1
49463,5
86035,5
34902,5
74453,1
58367,1
63417,1
80783,5
84263,1
74001,1
36836,5
71399,5
45860,5
88681,5
84236,1
55296,5
86811,5
41212,5
74175,5
84841,1
57835,1
85600,1
55210,5
48626,1
39084,5
82327,5
38584,5
83822,1
51805,1
57840,5
48957,5
60166,1
88495,1
54307,1
43730,1
86584,5
84106,5
76807,1
75314,5
54638,5
76197,1
49238,1
88697,1
59876,1
70753,1
80806,1
54758,5
60717,5
75996,1
78058,5
64509,1
42396,5
45953,1
50004,1
52210,1
39950,5
37073,1
54484,1
72176,5
82082,1
41229,5
12601,3
3712,5
6459,1
11260,1
12225,1
21427,1
37946,1
38345,5
39783,5
39784,5
39892,5
39964,5
43675,5
43841,5
44778,5
44780,5
47231,5
47770,1
48410,1
49497,5
53182,5
56079,5
56529,1
56804,5
57120,5
57445,5
58910,1
60284,1
60903,1
61222,1
61490,1
62192,5
65471,5
66245,5
67077,5
67163,5
72464,5
73694,5
73695,5
77371,1
79782,1
80597,1
81600,5
81760,5
82751,5
85309,5
85940,1
87251,5
87993,5
88169,5
88736,5
53461,2
60686,2
60685,5
46404,2
61043,5
46338,5
79660,5
16772,0
83390,5
69364,1
71468,5
41053,2
72350,1
23909,2
34096,4
42940,1
43049,1
58100,5
54112,5
12457,4
86558,5
55970,5
58183,2
72186,5
72554,4
56311,1
81898,1
84004,5
52628,5
52630,5
20717,4
32478,3
19971,3
25382,3
4335,3
23995,2
59127,0
70953,5
24984,0
29398,2
33713,4
11502,4
5627,2
8523,3
7202,4
23860,2
77838,2
26953,0
30676,3
82642,2
61518,5
57332,5
85106,2
53009,2
86545,2
87834,2
46697,4
46741,4
46768,4
62492,4
86900,2
76204,2
78206,4
67102,5
79844,5
49025,2
36476,1
39088,5
88292,2
67413,2
81691,5
34513,5
58053,1
88085,1
60841,5
65905,5
65547,5
38211,5
88432,5
62436,1
39570,5
59786,1
83151,5
73935,1
82600,5
71853,5
40387,5
88074,5
69960,5
71277,5
73369,1
43036,5
47895,5
50112,5
46589,5
72762,1
75278,5
47779,1
56135,1
56510,5
84258,5
61739,1
54135,5
40336,5
59543,2
54313,5
14033,5
53478,2
70143,5
37414,2
19062,4
2074,0
14674,2
64859,5
25427,4
35278,5
26585,2
23376,2
13138,4
2291,2
34372,2
46982,5
57020,5
74533,5
88127,5
36129,5
36136,5
36143,5
36150,5
36157,5
36164,5
36171,5
36178,5
36395,5
18105,2
32940,2
80670,5
47111,5
3017,2
10133,2
56582,5
64332,5
87124,5
88414,5
32743,0
68829,1
30310,0
1115,2
12190,2
33211,2
25919,2
43839,2
942,0
22596,2
59292,2
20719,4
30105,0
70344,4
85,2
15744,2
49176,5
76588,0
77397,4
41813,4
57401,2
76501,2
49498,5
85885,2
87639,2
80736,4
67022,2
52313,1
77159,5
61400,5
78047,5
55674,5
55363,5
85073,5
87276,5
56423,5
11846,1
51745,5
65067,5
80404,5
38478,5
57107,2
41036,2
54735,5
74801,5
61716,5
61475,5
44925,1
63575,1
39885,5
64645,5
71024,5
66758,5
46597,5
38155,5
87847,1
88330,5
70605,5
68991,5
43413,1
52371,5
73339,1
37690,1
76984,5
57160,5
77736,5
50119,1
38236,5
55701,5
60646,1
55425,5
55426,5
70283,5
83442,1
54258,5
54260,5
51024,5
70494,5
65453,1
56637,5
51236,1
54543,5
45923,5
66131,1
65749,5
65796,5
65801,5
61845,2
20362,3
56636,5
76283,1
75345,5
64977,1
40159,2
44178,5
24690,2
40610,2
30207,0
4540,3
74093,4
41496,1
65690,5
74875,5
84300,5
71407,5
71423,5
54914,5
36754,5
53301,5
72263,1
66910,5
65220,5
46678,1
68119,1
85434,1
56779,5
51881,1
60744,2
56421,5
87473,5
11772,0
61120,5
17239,3
4467,0
10089,0
4842,0
24037,2
8775,2
11408,0
23518,2
9620,3
75253,2
11174,2
25147,2
11103,2
3602,0
40864,2
15334,2
70579,5
9197,0
31208,4
55423,2
1935,0
73065,0
86720,2
58494,0
68374,2
77484,5
49401,2
51367,4
73043,4
77787,0
44133,2
81512,2
13369,3
83664,2
62169,2
55875,2
85642,2
66641,2
70239,3
76040,5
74819,2
82676,2
72578,2
38462,2
54535,5
53771,5
68274,1
56461,1
77175,5
76081,1
77754,5
51940,5
41947,5
58677,1
60021,5
70317,5
50688,5
75199,5
65987,5
35339,1
40635,1
38523,5
87339,5
83992,1
61243,5
58474,1
57613,5
34363,5
79033,5
61532,5
72772,1
58061,1
81117,1
43711,5
75894,5
74669,5
77295,5
54596,1
79628,5
6052,5
69296,1
79067,5
55415,5
38487,2
75201,5
82853,1
77378,5
77099,2
56583,5
40894,5
22373,0
60552,5
42738,5
47437,2
42260,2
70866,1
70247,5
71310,5
50236,5
73040,5
87849,5
65186,5
72505,1
57124,5
88431,5
88571,5
46744,2
65408,5
65409,5
82066,5
82302,5
80110,5
56588,5
13669,0
87064,5
46567,2
782,3
7547,0
22143,2
33374,3
48270,0
28951,3
39525,5
37112,5
13661,2
50659,5
61511,5
50354,5
79996,5
80633,5
25561,1
85351,5
70276,1
70603,5
41083,5
38517,5
37150,5
54650,5
46450,5
36128,5
36135,5
36142,5
36149,5
36156,5
36163,5
36170,5
36177,5
36394,5
71387,5
20358,2
5290,2
58349,5
55198,5
70510,2
8406,2
55125,5
76770,1
26592,4
76619,4
82181,4
36019,5
80548,5
67603,5
84667,5
4400,2
46654,5
35036,5
9343,2
84027,5
57606,5
66093,2
67799,4
72900,2
76692,4
88633,2
44031,2
23222,2
24918,3
21648,3
22426,2
85532,2
20421,2
10322,0
25194,3
11691,3
3336,0
33477,3
16275,2
10904,0
13318,3
17019,0
67051,2
8379,0
43673,2
66241,2
5787,3
28194,2
26621,2
25869,3
12642,0
27180,3
623,3
17478,0
4323,3
20498,3
6331,0
29780,2
25612,3
29789,2
20987,3
17487,2
18900,3
78898,4
25332,3
13982,2
72696,0
26986,4
10458,3
59461,5
18586,3
28067,2
34348,4
8623,0
25159,2
6948,0
20250,0
10436,2
7739,0
27143,2
71198,2
28868,0
29078,2
21393,3
3762,2
4683,3
16207,3
5150,3
16026,2
15707,0
12902,0
18695,2
33611,0
116,0
10862,0
39888,2
13226,3
8602,0
22070,2
23039,0
28494,0
32093,0
32564,2
9716,3
23994,3
684,0
21952,0
15355,2
15790,2
45350,2
24691,2
1828,2
87952,5
3662,3
9685,2
7627,2
957,0
17143,2
22019,2
29516,2
25186,2
1463,2
25578,2
13615,3
11981,3
34238,0
22081,2
27155,2
15452,2
1959,0
12114,2
24735,0
24078,2
726,3
30970,0
24262,3
10310,2
15192,0
5201,2
3018,2
25428,2
721,3
32809,2
23147,2
14376,2
458,0
5401,0
78593,2
6794,3
25007,2
45183,2
4259,2
6067,2
6265,2
6981,2
8544,2
15255,2
15734,2
16079,2
18197,2
25779,2
26776,2
39576,2
54500,2
10045,0
6477,2
2057,2
5049,2
14061,2
22053,2
22140,2
23672,2
30909,2
55719,2
70472,2
26143,2
9569,0
2587,3
7157,2
28760,2
25902,2
53196,2
13048,2
28974,0
918,2
30641,2
20418,2
21471,2
32858,2
28418,0
8811,2
15313,2
9993,2
29272,2
15544,2
10815,0
2931,2
9445,2
10817,2
23698,2
31851,2
33120,2
8649,2
6544,2
78395,2
23333,3
40653,2
2661,2
3532,0
4583,0
7208,0
9337,2
9717,0
14733,2
16880,0
17395,0
22625,2
24638,0
31900,2
6652,2
30423,2
5205,2
1259,2
1080,2
66585,2
5085,0
24742,0
29038,2
16848,3
8696,2
2784,2
14819,2
18698,2
19422,2
28988,0
64453,2
84257,2
2124,3
2036,2
19581,0
29750,3
29999,0
22938,0
412,2
1964,2
10060,2
1464,2
32864,0
15652,4
29986,0
21361,2
15640,2
19596,0
28491,2
23727,2
28959,2
24790,0
28145,0
4778,2
747,2
20913,4
22606,4
2293,2
10033,4
19108,2
20369,0
6780,3
30364,3
882,2
34261,2
3332,0
7340,0
23483,0
46602,2
46603,2
74121,2
9210,2
11059,2
70547,2
29793,0
61581,2
26132,2
27424,2
75347,2
10948,2
16997,3
39890,2
41613,2
31352,2
16389,0
26094,2
18329,2
1618,0
30325,2
44232,2
72100,2
21276,2
15351,2
12306,0
20813,0
1363,2
3045,2
5522,2
77517,2
2423,2
9427,2
23649,2
33427,2
2068,2
23235,0
8905,2
21700,3
4212,2
12007,2
12787,2
67551,2
86320,2
25855,2
31022,2
13556,2
2796,2
9267,2
9402,2
45441,2
16454,2
23837,2
24384,2
32030,2
50482,2
85086,2
22702,0
25831,2
3736,2
6209,0
357,2
30004,0
30763,0
1325,0
9960,0
24141,0
38508,2
71336,0
57456,2
25059,2
11476,0
48488,2
24936,2
23212,0
32184,2
7131,3
4862,2
20628,2
3342,2
5105,0
10701,2
11336,0
11785,0
12883,2
14027,2
24195,0
28068,2
14118,2
14709,2
15130,2
20161,0
21093,0
57639,2
6323,0
22058,2
51777,2
31487,4
17785,4
31382,0
31913,0
52268,0
3935,2
25441,3
11764,3
11538,2
481,0
633,2
24496,2
27725,0
64908,4
28879,2
76972,0
32470,2
62187,2
6274,0
14179,0
16894,3
31138,0
80677,2
15306,2
23059,3
696,0
27481,0
2000,2
2065,0
20173,2
15569,2
15684,2
8407,2
13775,0
4181,3
28927,0
9006,0
8968,0
30921,2
2190,0
22318,2
10865,0
25710,0
77751,2
42911,2
19902,0
71316,2
13782,2
19867,2
38821,2
77208,2
9286,2
348,0
20890,5
33608,0
14359,0
17853,0
37158,0
29025,2
20473,0
501,2
6128,2
7433,2
31031,2
22482,2
6911,3
19061,0
22753,0
26563,0
15234,2
309,0
840,2
12700,0
23035,2
3901,0
12122,0
12350,0
20867,4
26755,0
51469,4
56299,4
76806,0
8717,2
9156,2
9668,2
12584,2
15914,2
26427,2
82230,5
85633,5
5117,0
6320,0
10926,4
15127,3
18028,0
82683,0
30081,0
73538,0
17555,2
16282,2
32395,3
11150,2
24444,0
562,0
2076,0
76712,4
32269,2
28568,4
7843,4
24548,2
13164,3
14333,2
59535,0
16340,4
22829,2
13708,0
14478,0
15531,2
7347,0
15875,0
16611,4
19012,0
37925,0
49871,4
87926,4
28946,2
15449,0
9957,2
12214,2
18335,0
68444,4
24006,3
4839,2
26898,2
60885,2
4727,3
1263,2
5004,2
7716,2
8492,2
88140,2
87488,2
29926,2
79902,2
1104,2
21372,3
1487,0
31150,0
15471,3
22651,0
3046,2
27278,0
4236,0
10152,0
26873,0
4799,2
5292,2
82578,0
10126,2
1276,0
23818,3
41402,2
5544,2
67556,2
87871,2
11620,0
2157,0
15633,2
54611,2
2313,0
37500,2
20793,0
18510,5
6951,3
61558,2
5380,0
5850,0
14110,0
28848,0
10665,2
31181,2
1737,0
61112,2
23078,2
23613,2
52198,4
14836,0
16226,0
25541,0
49879,2
11840,2
31928,2
66651,2
60752,2
2626,2
14036,0
65100,2
18478,3
13364,2
3980,2
78398,2
58196,2
25864,0
46786,5
39036,2
9614,2
29540,2
47934,2
60174,2
69832,2
18443,2
56989,2
67169,5
2752,3
27843,2
53334,2
26911,5
19761,2
20570,2
35019,2
47479,2
47844,2
86260,2
19302,2
19585,0
370,2
2622,2
10687,2
11455,2
16320,2
25391,2
32748,2
39638,2
40738,2
56799,2
59035,2
20427,2
30782,0
76550,2
24767,0
12990,2
19844,0
49560,4
25467,2
38269,2
27360,0
55123,0
7487,3
22268,0
18087,2
39846,2
42281,0
14409,2
16085,2
17113,4
18343,0
66117,4
79,0
2010,0
2655,0
10170,0
15226,0
17531,0
49914,4
58405,4
58561,0
17682,4
29370,0
77157,2
26575,2
10230,2
21099,3
27033,3
17466,2
31991,2
84397,2
32969,0
33344,3
31715,0
3847,4
6001,4
17740,4
46735,4
50139,4
3715,0
5498,4
7233,4
8944,4
9783,4
11717,0
17905,0
21732,0
23519,0
26780,0
29717,0
30669,4
39043,0
52465,4
66829,4
21177,0
22439,2
6551,2
39111,2
39348,5
70660,5
57261,2
61521,2
17655,4
34360,2
16029,0
27126,3
28908,0
29828,0
25681,2
49649,2
14113,2
19843,2
20841,2
53061,2
69210,2
47226,4
42635,2
1172,2
443,0
30406,2
88326,2
11225,3
86455,4
16039,0
43326,2
10472,2
31368,5
18292,2
2817,0
2948,0
3727,0
9602,4
11622,3
12486,0
15666,4
18835,0
18944,0
20247,4
22523,0
29936,0
31462,0
31476,0
77761,0
87013,0
6656,2
26622,2
72508,2
26138,0
88170,4
15686,2
3531,4
16277,0
26229,2
45979,2
13392,0
1659,2
71653,2
38806,0
76090,2
55619,4
56776,4
728,2
36703,2
34032,2
22522,0
72661,2
85856,2
15229,0
83793,0
61763,2
81240,2
17424,2
3626,3
2647,4
15346,4
32768,2
30090,2
43856,2
25750,2
18831,0
47142,4
7770,4
34218,3
12554,4
21602,0
78493,2
34788,0
20863,0
51677,2
47676,2
64999,2
71231,2
33726,3
55582,2
7253,0
37171,2
20952,0
60573,2
1358,3
72365,4
81112,4
21480,0
7503,2
51357,2
61840,2
81744,2
13544,0
39982,2
40288,2
83979,5
79012,0
11653,4
64649,2
4490,4
50154,4
33564,3
7949,3
6791,3
8204,4
25430,3
75500,2
6061,0
49511,0
72379,4
60087,2
83270,2
13911,2
58580,2
47743,2
1426,0
14724,2
65180,4
10747,3
57062,4
51680,2
73989,2
9524,0
27116,0
66361,4
68500,4
75001,2
75462,4
22871,5
3318,0
34846,4
5043,0
50468,5
9281,3
44181,2
44344,2
61879,5
13076,4
16638,4
1421,0
26936,2
60905,2
71005,2
21200,2
55438,5
4808,3
144,2
33518,2
75503,2
70846,3
87159,2
59297,2
80729,2
84190,2
5393,0
16232,2
75727,2
5553,2
64002,2
66637,5
30288,0
71730,2
55327,2
87269,2
75118,2
7734,2
72378,2
77285,2
84951,2
35162,2
51458,2
41996,2
49584,2
11497,3
12123,3
61853,2
62212,2
71522,5
57171,2
1793,2
86069,4
61728,4
50411,5
54814,5
39848,2
55397,5
14722,3
49207,2
28592,0
68097,4
24018,2
36452,2
8904,5
46855,5
75420,5
82244,5
87532,2
34043,2
68053,2
27514,0
52369,0
49792,2
15194,5
87069,2
62040,5
50709,4
77463,2
54171,2
44342,2
58811,2
82228,0
40602,2
61998,2
62078,2
75559,5
78734,2
79469,2
274,3
8889,2
46294,2
72749,2
83279,2
85210,5
18632,2
37151,2
61666,2
40701,2
55896,2
59073,2
61745,2
65279,2
67577,2
75539,2
26367,2
79611,2
29784,3
98,2
74780,2
21635,0
34840,2
49663,2
77062,2
57247,4
55479,5
51807,2
75864,2
43297,0
36054,0
88440,4
74820,4
39476,2
78040,2
79394,2
14117,4
39101,2
54810,5
54811,5
52440,0
61939,2
73142,2
76127,2
88362,2
76659,4
7075,2
44053,5
47649,0
14336,2
58620,2
75102,2
41163,2
47424,5
77559,2
85232,2
17325,0
48175,2
67497,2
59122,2
75700,5
48448,2
1517,4
56519,2
41201,2
41014,2
44982,2
75165,2
2849,3
88443,4
38482,2
47397,2
59929,2
9474,2
65167,2
57295,2
52943,5
54880,5
19733,5
38319,5
50543,2
54637,2
47505,2
36345,5
6087,2
37817,2
54431,5
17416,2
79519,2
47339,2
67412,2
88205,2
64994,2
75934,2
79545,4
17422,0
40485,0
62177,4
72471,4
34394,2
37877,0
62897,0
52067,2
72775,2
18453,0
46217,4
61726,2
81457,2
57552,2
53018,4
45598,5
57016,0
55943,2
54956,2
39362,5
71268,2
37206,2
64249,2
43094,4
35931,2
83648,4
76604,2
107,3
22857,3
87179,4
83907,2
86153,2
65663,2
27910,0
77657,5
76271,0
66045,4
37796,2
84061,0
49558,2
54616,5
55176,5
64360,5
57513,2
18878,2
61382,2
34759,4
72034,2
16866,2
57269,5
63062,0
18423,0
70371,2
78365,2
50405,0
48628,0
9740,3
86676,2
82703,2
84157,2
44289,2
67017,2
57280,2
75872,2
34790,2
49331,2
71290,2
39958,2
40298,2
78615,5
47448,2
52212,2
41728,2
79685,2
64621,0
47638,2
61104,2
48584,2
36045,2
66481,5
33687,2
3134,3
52011,2
40692,2
45349,2
83984,2
44085,0
70006,2
81320,5
81321,5
74750,4
35714,2
10610,5
65021,2
37703,2
64635,2
71110,5
61086,5
71492,5
62655,0
67913,2
72038,2
74104,2
45742,3
71334,5
88388,2
57753,5
74320,2
88482,2
79117,2
57593,2
62362,2
39572,2
55645,2
71223,5
37782,5
58612,2
76859,2
53411,2
60374,2
37403,4
68069,4
69843,4
74534,5
81755,2
85080,2
73757,2
45747,2
83760,4
84417,4
43712,5
11771,3
71117,2
40856,4
42341,4
51781,4
73696,4
87136,5
41891,4
76801,0
67001,5
86462,2
13111,4
41467,4
42331,4
49911,5
73564,2
42009,2
59586,2
39448,4
62007,2
48327,2
65901,5
79516,5
81231,5
58123,0
85860,5
64634,5
40308,0
67570,4
47926,2
87857,4
77217,5
65789,2
75731,2
57931,2
237,0
19194,2
48161,5
77888,2
39699,2
75220,2
74711,2
49415,2
56027,4
56389,4
75095,2
963,0
74856,2
29524,0
31130,1
55172,2
46779,2
40918,2
61097,5
78162,2
40517,2
40531,2
52354,2
54245,2
84914,2
66630,2
36029,2
67517,5
77337,1
79123,4
51900,2
67749,4
72692,1
55488,5
61948,2
70682,5
66547,4
87467,2
87950,2
57908,1
55472,5
34632,2
67600,5
87655,5
57804,5
74367,2
60339,2
54808,2
54,3
58380,2
83858,2
46244,2
62121,5
42336,2
38148,3
44200,2
75508,2
51107,5
73250,2
47161,2
50502,3
70205,2
68567,4
67795,2
40983,4
78199,5
78339,5
79322,5
35251,4
85698,1
40792,2
77428,2
51173,2
41327,5
79635,5
86762,2
55490,2
75525,5
65977,5
51637,4
36923,4
76170,2
49568,5
64730,5
65643,5
66833,2
40314,2
49294,5
40971,5
61860,5
80331,5
70910,5
55980,1
71819,5
55611,5
39425,2
62091,5
78597,2
35423,2
57026,2
50786,2
83517,5
38752,1
52775,1
67028,2
86373,2
55518,5
75888,5
43870,2
46746,2
38840,2
40070,5
45328,5
54672,5
38485,2
49287,2
42643,2
42688,2
59750,2
35358,1
65465,2
78737,2
77082,2
54753,5
75255,5
69779,1
85704,5
40843,4
40567,5
40736,5
74474,2
73260,4
61144,5
78778,2
70438,5
84738,5
54276,2
60727,2
40673,5
44755,5
38546,2
57051,1
40594,5
41217,1
46136,4
36826,2
74033,1
35386,5
49509,1
38621,1
38622,1
65699,1
74041,2
51449,1
61938,2
82960,1
48439,4
38138,1
61516,1
73764,1
50391,4
76021,5
36608,4
60605,1
71274,5
81886,5
73877,1
75457,5
39927,2
59322,5
70807,2
76837,2
82485,1
56810,1
85250,2
36312,5
66634,2
45289,5
50299,2
83771,1
88066,5
61064,2
36618,1
18026,1
55268,1
63091,1
78996,2
86690,2
88294,2
35548,1
66326,4
35630,2
39176,5
75132,5
87704,5
86643,5
54994,2
53713,2
66069,1
38671,1
55841,2
40946,2
34451,2
68893,2
77482,1
77569,1
78128,2
79806,2
60185,2
78092,5
38371,2
52848,1
87799,5
40788,2
40912,2
42496,2
77392,2
48633,5
88275,5
47277,2
36945,2
54720,5
56115,5
64838,5
74797,2
80208,5
39292,2
45500,2
84885,1
52653,1
65583,2
42607,1
82952,1
76325,1
68203,2
88371,2
83865,2
73288,5
43024,1
47575,1
67384,2
79149,2
75827,5
82758,1
71364,5
86225,5
75196,1
37122,5
71612,5
87330,5
60755,2
69808,5
84630,2
41618,1
66980,2
87085,2
72782,1
77856,1
48355,2
76315,2
39389,2
53066,2
70971,1
43993,1
37741,1
39796,1
74069,1
49496,5
38954,1
86855,1
55067,1
75550,2
44895,2
56407,2
71430,5
46844,2
75014,2
75558,2
86619,2
52240,1
82471,1
51806,1
79211,5
19091,2
61889,1
72351,5
72353,5
77722,5
55771,5
74113,2
81024,1
50557,2
48925,5
79361,2
79720,2
40662,5
44312,5
46843,5
41497,1
66122,5
67908,1
78170,2
49110,5
58563,5
60528,2
67402,5
56584,5
36750,5
44479,5
28867,2
5169,3
54847,1
64793,5
79581,1
61693,2
76094,1
87082,2
35772,1
38310,1
40746,1
41918,1
76246,1
87400,1
61080,2
61555,5
82022,2
84982,5
51423,2
41070,2
84378,1
52777,1
85293,2
46916,1
39765,5
76205,2
71818,1
68415,1
35322,5
77688,5
55797,5
84266,5
46900,1
43603,5
42241,2
55455,2
77545,2
72579,5
67645,5
38535,5
47360,5
77013,1
50545,1
34628,5
88770,5
65739,5
59087,2
73441,1
58577,1
68794,1
65579,1
74387,1
87944,5
80286,1
65782,5
65998,1
48991,5
62709,5
73953,1
87187,2
70685,5
71947,5
50735,2
62267,5
77081,1
23255,5
77715,5
66338,5
47620,1
47588,5
62984,2
62076,5
75294,5
39610,2
40228,5
73994,1
61494,2
61980,5
61730,5
36047,1
50594,5
26025,3
51125,5
68749,1
76180,2
50319,5
77342,1
73453,2
67504,5
37433,2
57398,5
80570,5
75736,5
66126,2
57218,1
45398,5
75358,2
51200,1
64084,1
45997,5
80008,5
72309,2
68307,1
54077,1
38381,5
81612,1
35020,5
70630,2
51800,1
38635,5
43927,5
56024,1
55059,5
52575,1
56477,5
62909,1
62839,1
79712,5
57162,2
39895,5
49895,5
78024,5
34587,5
36825,5
38423,5
42707,2
67138,5
54381,5
76392,1
46595,5
41604,1
67002,1
62658,1
87262,5
64558,5
87040,5
56348,1
60759,5
45214,1
41294,5
76167,5
45929,2
37495,1
62145,5
59050,2
87199,5
72786,2
72426,5
88340,5
37562,2
44435,5
81781,5
54775,5
54772,1
75394,5
48909,2
74966,5
76318,1
46841,5
57093,5
39007,1
62161,5
81816,5
60474,5
46544,2
47309,1
62487,1
62488,1
66786,1
68356,1
37968,1
59330,1
83425,1
70913,5
49653,5
86423,5
80399,5
86846,5
14102,5
67193,5
71150,5
70422,1
35688,5
84806,5
48179,5
72709,5
39956,5
28204,3
54915,5
39330,5
44372,5
5453,3
79891,1
46674,5
80334,1
77918,5
49013,5
38069,5
56214,5
55530,5
57667,5
37316,1
36061,1
38136,1
71189,1
58139,5
66960,5
81128,5
88057,5
47243,1
86976,5
69103,1
68343,5
52275,1
50148,5
46712,1
85792,5
56574,5
52829,1
62591,1
77522,2
56745,5
70545,5
8892,1
48047,5
49187,5
56152,5
69774,1
87810,5
66624,5
44425,5
76055,5
40935,5
40936,5
49517,5
54764,2
37456,5
39280,5
70687,1
34428,5
49583,5
49718,5
56308,5
70431,5
77302,5
36670,1
79212,5
87843,5
74460,5
57056,1
88658,1
47679,5
78799,1
85222,1
56172,5
42011,1
75601,5
82574,2
86108,5
88014,5
56824,5
72251,2
68252,5
75674,5
55804,5
62499,5
75417,5
38132,1
57495,1
61696,5
76069,1
52257,1
55270,5
39645,5
21919,3
83593,1
52552,1
83668,5
48033,5
62373,2
74704,5
62387,5
52251,1
40950,5
41576,2
57121,5
35771,5
39065,5
36745,1
54464,5
54465,5
54466,5
36057,1
70099,1
46959,5
54547,5
46891,2
35749,2
45826,5
49296,5
65656,5
87389,2
56501,2
66695,1
83624,5
43152,1
49943,2
86381,2
63457,1
77675,2
85554,5
69366,1
74402,1
46367,5
62803,1
76744,1
87683,2
58054,5
58055,5
61066,5
64751,5
68118,5
72509,1
46468,5
69066,5
57465,5
87896,5
40292,5
63189,2
71755,5
38962,1
55156,5
80368,5
78889,5
86174,5
36335,1
36768,5
49787,5
49789,5
46054,5
60489,1
72573,5
86766,5
81347,1
82120,5
43926,5
77512,5
71508,5
86436,5
75997,1
41487,1
67676,5
69904,5
53449,5
82208,5
66837,5
39103,5
67042,5
42595,5
36717,5
55043,5
85998,5
61354,5
64740,5
45673,5
71916,5
50495,5
80954,2
75364,5
37775,1
40191,5
38693,5
62811,5
45879,1
71692,5
45949,5
49430,1
59314,1
38324,5
40110,5
40820,5
46540,5
50816,1
82715,1
50406,5
61543,5
50105,1
44179,5
71647,1
72893,1
82803,1
51528,1
57994,1
72356,1
46648,1
75050,1
47409,1
86245,1
37498,5
46103,5
76286,1
73006,5
81932,1
82658,5
83194,1
48522,1
40558,5
60244,5
39278,1
62943,5
64673,5
74694,5
34849,1
63960,5
50413,5
79896,5
37561,1
47741,5
67007,5
79941,5
78087,5
46719,5
79671,5
61710,5
62108,5
64790,5
84545,5
51557,1
68496,1
84702,1
88775,5
65328,5
73280,1
43744,1
38082,5
44234,5
52280,1
85875,5
52356,1
48915,1
57175,5
50891,1
41993,5
39694,5
74770,1
37905,5
37410,1
70930,5
37596,5
71546,1
64656,5
48639,1
72039,5
79965,5
55276,5
86223,5
70618,5
88438,1
63075,5
37999,1
53356,1
77382,1
86659,5
81094,5
50031,5
61996,1
36363,5
72986,1
62086,1
46173,5
50325,1
76728,1
59508,1
76615,5
76617,5
87404,5
87406,5
81806,5
79436,1
54863,5
77926,1
71473,5
61266,5
82026,1
44846,5
48609,5
49197,5
57959,5
62015,5
88804,5
83363,5
41880,1
51907,5
79508,5
65518,5
71985,1
58463,1
43083,1
61876,5
60188,1
52810,1
60417,1
72698,1
87988,5
50408,5
88285,5
52075,1
36000,5
63917,5
38386,1
63756,1
49300,1
37469,5
75943,5
43690,5
57048,1
80077,1
54233,1
35998,1
52570,1
54936,1
60466,1
87909,1
55350,5
49420,5
79956,1
84527,1
55295,5
37815,5
76408,5
56288,1
84514,5
41160,5
43997,5
44180,5
58021,1
51695,5
86688,5
36375,1
56383,5
57550,1
81843,5
68355,1
60767,1
36191,5
65125,1
88000,5
59682,1
56872,5
42891,5
52360,1
63376,1
70706,5
50053,5
87897,5
66233,1
42793,1
60569,5
66672,5
56531,1
48589,5
43007,5
83011,5
60336,5
34651,5
64802,5
51904,5
85895,5
43540,5
76156,1
44666,1
45554,5
62058,5
70714,5
53627,1
61736,1
46831,5
55625,5
66307,1
47057,1
41136,1
38474,1
39488,5
43855,5
49172,5
61640,5
56445,5
81906,5
37401,5
37600,1
37601,1
66244,5
66994,5
36488,5
81863,5
60633,1
34783,1
37599,1
44399,5
84707,5
65012,5
87534,5
39581,5
62670,1
42152,1
85021,1
82967,1
81551,5
80909,1
59551,1
67675,5
64283,5
83800,5
85622,5
38329,1
66330,5
56859,5
58216,1
55607,5
74661,1
76495,5
84334,5
52818,1
71791,5
39459,1
73256,5
86974,5
57879,1
77629,5
87278,5
61213,5
60649,5
78502,5
57677,5
37834,5
54319,1
73217,1
87933,5
52263,1
42229,1
46113,1
79903,5
62701,5
35260,5
41215,5
76774,1
57659,1
88016,5
61381,5
79881,5
40677,5
64150,5
58069,1
71636,5
75342,5
39659,5
54610,5
66449,5
41381,5
74851,5
44625,1
77209,1
21506,3
72324,5
73231,5
49010,5
43025,1
84182,1
77883,5
35041,5
39590,5
60242,5
67146,5
77830,1
83048,1
65385,5
51550,5
35758,1
70212,1
83862,1
79958,5
75532,5
65206,5
67040,5
73679,1
66345,5
37001,5
40854,5
83433,1
59401,1
51102,1
77343,1
81934,5
66263,1
87659,5
64359,5
84075,5
49725,5
47670,5
80429,5
84909,5
37871,5
55496,5
61098,1
81620,5
40466,5
87500,5
44926,1
62019,5
70641,1
76677,1
83382,1
37551,5
61684,5
41400,1
40841,1
83256,1
57135,1
78675,1
45569,1
80354,1
39312,5
36895,5
37274,5
49979,1
41117,5
56208,5
77930,5
38801,1
72830,1
62529,5
62219,5
58013,1
67414,5
47698,1
61593,5
86608,5
87071,5
55921,5
85806,5
64576,1
69693,1
69729,1
67271,5
42253,1
44203,5
66852,5
79817,5
73018,1
49423,5
49424,5
78403,5
43641,5
39851,1
53036,5
49886,5
34885,5
65046,1
47528,1
54402,5
44584,5
38489,1
88705,5
78958,5
76953,1
80216,5
62749,1
71592,5
75589,5
54837,5
71784,5
44261,5
60108,5
50999,5
66133,5
48986,1
59907,1
55328,5
51901,1
45057,1
51272,1
52726,1
73444,1
82369,1
65703,5
80030,5
47950,1
82706,5
75753,5
71001,5
46960,5
88171,5
62056,1
38407,5
56410,5
43222,5
71286,5
87658,5
61096,5
78492,5
71780,5
77325,5
80616,5
56743,5
86809,5
45680,5
64590,5
76846,1
85821,5
64931,5
47467,1
65496,5
65834,5
75815,5
56207,5
80005,5
67436,1
48202,1
58566,5
71337,5
54791,5
69356,1
56792,5
61265,5
53873,5
76968,1
61932,5
76922,1
76923,1
67055,5
58669,1
85677,5
58516,1
71744,1
51314,1
88653,1
73262,5
78947,5
86004,5
87785,5
73367,5
50442,1
58087,1
83914,1
83697,1
85197,1
59889,5
75900,5
77689,5
52603,5
52668,5
49877,5
66595,5
86379,5
58904,1
87883,5
88259,5
39431,1
55413,5
84890,5
38938,5
49472,5
84855,1
82520,1
67148,5
77172,5
61217,1
86085,5
53674,1
52340,1
71719,5
48913,1
52243,1
51674,1
55706,5
62708,5
29581,3
54864,5
37230,1
77336,5
52710,1
67475,5
88077,5
81455,5
49985,1
81477,5
80443,5
88358,5
51387,1
52733,5
36460,5
56888,5
63818,1
65858,5
79174,5
88433,5
79370,5
35921,1
60337,5
84860,5
76371,5
41557,5
83493,5
36827,1
67859,5
84492,5
66073,5
66130,5
70858,5
84016,1
38075,5
52734,5
52736,5
46184,5
85002,5
48703,1
71070,5
66010,5
56728,5
62827,5
82589,1
57395,5
57338,1
79042,5
51748,1
63092,1
87055,1
84006,1
53982,1
52005,5
79835,5
41994,5
84349,5
38968,5
81720,5
40786,5
85709,1
79271,1
65091,5
38025,5
40668,5
56671,5
83585,1
41132,5
37458,1
70700,5
82404,1
76217,1
71542,5
88740,1
34888,1
38002,1
66990,5
66094,5
55342,5
35855,5
86138,1
53460,5
63665,1
79387,5
48706,5
72130,1
76148,1
57774,5
51958,5
43165,5
54859,5
76494,5
49123,5
87236,5
86361,5
44964,5
80701,5
79977,1
69911,5
83119,5
83121,5
83123,5
81844,5
57435,5
40188,1
68782,1
85022,1
56465,5
56594,5
70506,5
70986,5
67932,5
82489,1
78113,1
47878,1
58153,1
65665,5
49826,5
39720,5
64822,5
71557,5
62451,1
86576,5
87627,5
68620,1
58166,1
49824,5
80015,5
37699,5
87195,5
51934,1
61564,1
34548,1
35086,5
81007,1
85139,5
37076,1
61156,5
54429,1
39771,5
53029,1
47255,5
66489,5
41089,5
76901,1
71025,5
85930,5
34361,5
52350,1
87394,5
40586,5
53876,1
68008,1
47449,5
46181,1
39020,5
52826,5
40740,5
82901,5
58080,1
73977,1
42127,5
80434,5
86160,5
43141,1
78025,1
70023,1
72167,5
87144,5
87061,5
51849,1
85912,5
86058,5
38429,5
59240,1
76452,1
81026,5
56648,5
88706,1
36446,5
88030,5
65525,5
83406,5
84926,5
76775,1
38424,5
83536,1
60771,1
64541,1
80874,5
53974,1
83288,1
39140,5
54802,5
50462,5
56318,5
53580,1
57614,5
77173,5
53392,1
71275,5
51982,1
59536,1
60613,1
70556,5
75620,5
55298,5
82510,1
52250,1
53261,1
61030,1
71046,1
79968,5
79970,5
83305,1
68328,1
57998,5
49733,5
70599,5
78181,5
58965,1
53772,1
35328,5
69427,5
86204,5
72199,5
88026,5
60769,1
41806,5
57945,5
81648,5
77606,5
72612,1
85561,5
72921,1
76564,5
75109,1
55062,5
55064,5
58700,1
74979,5
43220,5
84878,5
81174,1
75166,5
84209,5
80166,1
62738,5
70736,5
44074,5
88028,5
36423,1
63535,1
72922,5
57226,5
43455,1
83874,1
79359,1
52564,5
84132,1
79434,5
87961,5
72651,1
76566,5
77813,1
70518,5
75438,5
78868,5
82288,5
50101,1
44794,1
36461,5
59671,1
54807,1
86768,5
85316,1
60326,1
36974,1
83298,1
76331,1
86433,5
59353,1
51540,1
47703,1
44525,5
74860,5
61166,1
57638,5
64422,5
73964,5
85347,5
87355,5
68696,5
65504,5
50548,5
34624,1
52021,1
66394,5
70576,5
61606,5
86748,5
79022,5
71160,1
34974,5
54232,1
86371,1
40393,1
40395,1
76493,1
59826,5
60564,1
44412,5
55622,5
87573,5
39730,5
80362,5
55163,5
54229,1
60902,1
36102,1
80791,5
50554,1
39131,1
50973,1
83083,1
82113,1
88385,5
61686,5
83452,1
73192,5
68729,5
88125,5
83092,1
38356,5
84095,1
51058,5
38566,1
49812,1
60537,1
39717,5
56259,5
67171,5
71965,5
83569,1
50263,5
36046,5
45827,5
42824,5
83287,1
85064,1
62057,5
74917,5
45689,1
61821,1
60898,1
51403,1
58001,1
59501,1
78571,1
45440,1
67590,5
80720,1
56786,5
54924,5
1801,5
1873,5
2704,5
3991,1
4578,5
5741,1
8304,5
14926,1
19098,1
22540,1
27024,1
27809,1
32977,1
34567,5
35047,5
35220,5
35862,5
36110,5
36211,1
36737,1
37351,5
38353,5
39393,5
39677,5
40502,5
40933,5
41052,1
43776,5
43852,5
46333,5
46340,1
46442,1
47082,5
49350,5
49727,5
49916,5
49919,5
50149,5
51183,1
52173,1
52602,5
52667,5
53221,1
53511,5
55246,5
56681,5
56821,5
59288,1
59345,1
61467,5
62198,5
62597,5
62830,5
64707,1
66756,5
67046,5
68737,1
69959,1
71066,1
71614,5
72234,5
75329,1
76241,1
78427,1
78678,5
79288,5
80627,1
81379,1
81791,5
81983,1
82064,1
82363,1
84035,5
86844,1
87783,5
88228,5
88725,5
87680,1
55142,5
56235,1
15560,2
85823,5
66581,5
72527,2
1195,2
47432,2
81318,5
86504,1
88197,1
55733,1
55802,2
9950,2
55599,4
48241,5
87635,5
59702,5
42030,5
49493,5
65014,5
68368,5
53200,5
72134,5
65980,5
52815,5
12813,2
44166,5
18680,2
67819,5
82522,1
47453,5
40827,5
53682,5
36593,5
78093,5
49550,5
41267,1
4757,2
29051,2
31359,2
12059,4
30818,0
85228,2
24216,4
32867,3
6661,2
3802,2
49854,5
56487,2
73473,0
43301,2
54940,5
56854,5
76401,1
55220,5
84482,1
36795,5
77023,5
63539,1
88457,5
83438,5
38297,5
44174,5
63981,5
40267,5
82137,1
87490,5
72255,1
52548,1
67616,5
66554,5
75905,5
36985,1
83583,1
53372,1
36284,5
64785,5
65148,5
37459,1
20738,2
66348,5
47891,1
6515,2
41324,5
81427,1
80846,5
81761,2
59290,1
57739,2
31467,2
977,2
41409,2
21049,4
62874,2
72258,5
81366,2
87936,2
38149,2
72370,4
55373,2
49017,2
40624,5
62202,2
88069,5
55644,5
39843,1
739,3
71635,5
82200,5
62167,5
84065,5
48926,5
74862,1
71354,5
45620,5
36126,5
36133,5
36140,5
36147,5
36154,5
36161,5
36168,5
36175,5
36392,5
49319,5
87747,5
54489,5
44763,1
7858,1
43951,5
43994,5
68631,5
48974,5
70779,5
45584,5
47116,5
78689,5
67721,1
87274,2
40390,5
61088,5
75650,5
58961,5
34660,4
32725,2
35416,4
66777,2
60159,5
45312,2
88116,5
49515,5
45555,5
65550,5
37453,1
44477,5
56070,5
35989,1
83267,5
52606,5
66439,5
22062,3
47570,5
14203,2
87745,5
81853,5
67501,5
40582,5
44010,5
44011,5
81316,5
5409,2
59652,5
19065,2
23967,3
3108,2
3444,2
25733,2
11566,3
967,2
9232,2
22764,0
31784,2
77686,5
8680,2
30800,0
15507,3
12770,2
7952,2
13344,3
32231,2
23759,2
30357,2
4039,0
27075,0
25672,2
12379,2
27888,2
25709,2
24919,2
1316,2
11509,0
1232,2
5897,0
29406,2
6797,2
29255,2
55578,2
66390,0
15828,3
2232,2
4946,2
10617,0
18646,2
10651,0
9363,2
38315,2
23379,0
31340,4
21409,0
9785,2
4392,0
22201,0
13070,3
11063,0
21240,0
1193,0
21557,2
9986,2
16432,4
44533,2
13131,2
11735,4
33235,0
26248,0
88323,2
64555,2
67625,2
20485,0
23849,2
18416,0
13239,2
1116,0
1967,0
22584,4
31254,4
12690,2
52328,2
6488,2
6626,0
2914,2
59765,0
78662,2
78099,2
3152,2
22088,2
24027,2
29503,3
14399,0
15470,2
33024,0
17396,2
75911,2
26919,4
42516,2
23976,0
15388,3
16543,2
8936,2
13825,2
58400,2
5266,2
48606,2
79938,2
3546,0
77742,5
7124,2
65658,0
13381,5
25749,2
38969,2
43828,2
60059,5
3818,0
8928,4
19038,0
17137,0
81474,2
70997,2
20477,4
48749,0
60439,4
22624,2
59717,2
70440,2
2054,0
627,2
46348,2
88802,2
78125,2
77640,5
80824,5
78070,5
80778,2
61134,4
22537,3
3925,0
35950,2
50068,2
8009,0
81807,2
20464,3
55465,2
87755,4
61585,5
40334,2
55881,5
50832,2
79890,2
62430,4
66622,5
41206,2
61206,2
88828,5
86392,2
1021,2
8846,4
24005,0
82129,2
11667,2
68117,0
20676,4
38979,4
4939,0
12828,0
86374,2
50472,2
56632,4
36934,2
36935,2
75407,2
46045,5
47925,4
83424,2
85501,4
83220,2
79413,2
40910,2
54699,2
62225,2
70071,5
70631,5
14631,3
56042,2
71465,2
76131,2
55237,5
43948,2
11157,3
80106,0
56877,5
87285,4
87327,2
76065,2
26640,0
65052,2
65968,5
71394,4
43790,4
49852,4
88760,5
88400,2
52448,2
87991,5
74492,2
83443,2
73697,1
52795,5
42123,5
77988,5
39795,2
77500,2
71243,2
71706,1
56169,2
73844,1
57803,2
71184,2
55745,5
72415,4
37236,2
82630,5
35967,5
77553,5
46787,5
81277,1
47917,2
72332,5
66617,2
83013,2
36430,1
66590,5
71071,1
68613,1
72496,1
56809,2
46305,5
35595,1
59424,1
50470,5
40452,2
35287,5
54649,5
82436,2
40377,1
46918,2
51743,1
72485,2
57996,2
55348,5
57246,2
37347,2
40754,2
57357,2
81118,2
84467,2
40022,5
86864,5
52116,5
85753,5
44263,5
77035,5
50608,5
86687,1
41155,5
77796,5
34636,5
50200,1
53098,5
37523,5
44183,5
61628,2
56536,1
35026,1
37591,5
57083,1
75149,5
88078,5
51942,1
51250,1
72765,1
82387,5
40039,5
61236,5
60532,5
66911,5
87723,1
88320,5
71192,1
46914,5
88547,5
48265,5
67607,5
40552,5
41091,1
86674,5
44177,5
66844,5
76476,2
69182,2
61951,5
81969,5
65263,5
79851,5
44164,5
37587,1
85948,1
55561,5
37204,1
67215,5
68489,2
76165,1
47204,1
76219,5
71878,2
39755,5
67418,2
41783,5
67442,5
44527,2
85710,5
47545,1
64953,5
48181,5
87930,5
70193,5
44194,5
65932,5
41096,5
57729,1
67640,1
82569,1
60630,5
37753,5
57094,1
50283,5
56837,1
51197,1
81618,5
48978,1
41214,5
72104,1
47631,5
61826,5
84367,5
87741,5
61700,5
66712,5
88390,5
73955,1
82097,1
43166,5
81937,1
51957,5
86136,5
62595,5
71823,1
71885,1
57316,5
88260,5
56330,5
70327,1
78053,1
53828,1
56508,5
72741,5
36965,5
75856,5
85408,5
67938,1
54717,5
58981,5
57764,1
56757,1
80746,5
37632,1
70257,5
60563,1
57434,5
48091,5
64854,5
70489,5
41551,1
57770,1
82280,1
56955,1
82397,2
59528,5
40330,5
65762,5
72716,5
40023,5
66763,5
76349,5
55128,5
44635,1
45274,1
64891,5
48048,5
67896,1
34955,1
39465,5
79215,5
86426,5
37715,5
61562,5
55877,5
61510,5
47682,1
60437,5
87232,5
71433,5
61930,1
83495,1
40016,1
48400,5
87252,5
65139,5
88649,5
38094,1
65695,1
79344,5
81342,5
81173,5
88654,5
71670,5
45717,5
65793,5
65798,5
65803,5
70209,1
78168,5
77222,1
64114,1
76420,5
50449,5
62993,1
56910,1
75115,5
36199,5
36267,5
36272,5
45927,5
61842,1
59193,1
82386,5
65325,5
78608,1
84066,5
60208,5
79723,5
52504,5
85589,5
75227,5
71296,5
85332,5
85194,1
67586,5
37745,5
82131,1
41153,5
69707,5
74617,5
65201,5
37758,5
76563,5
37381,1
37482,5
60878,1
74118,1
77060,1
44076,5
44077,5
77801,5
83935,5
57695,5
87212,5
50565,1
50061,5
88367,5
56427,1
50150,5
81349,5
81608,5
48280,5
64847,5
73951,1
46098,5
60465,1
44002,1
37550,5
58207,1
39195,1
39930,1
88142,5
34430,5
67447,5
50129,1
81106,1
68887,5
53819,5
36995,1
49214,5
45446,1
74583,1
65320,5
73839,5
39423,5
85824,5
36879,5
54562,5
52690,1
55684,1
50316,5
59731,1
67014,5
65153,5
39311,5
74689,1
86086,5
41966,1
64408,5
58016,5
39136,5
59004,1
79820,5
66679,5
44375,5
60126,1
80086,1
57425,1
45295,1
38296,5
11673,1
32209,1
39933,5
40012,1
40591,5
45617,1
46009,1
58443,5
59782,5
61709,5
64246,5
80246,5
83563,1
83578,5
85418,1
38372,5
34488,1
88012,1
3421,2
84789,1
86763,5
63117,1
57824,5
76753,5
74006,1
55923,2
12302,2
43929,2
61595,5
62743,5
62113,5
85176,5
40765,5
81822,5
47069,5
50268,1
56926,5
56928,5
86671,5
70402,5
41292,1
78966,5
47653,1
81702,5
44595,5
80821,2
35535,5
51158,1
50289,1
58750,1
40994,5
21946,2
28498,0
3015,0
21646,5
18003,0
77122,5
32308,2
86135,4
86905,2
39178,2
61517,2
35117,2
66721,5
84583,5
55953,5
49250,1
88183,5
40967,5
40814,5
54156,5
45262,5
56065,5
72392,5
80943,5
41665,5
48477,1
77864,5
37700,5
64995,5
64378,5
54838,5
34728,5
88117,5
48932,5
85191,5
70636,2
10649,2
88300,1
86734,5
40293,5
55566,5
25917,2
56826,5
37350,5
65403,5
84298,5
46541,5
86733,5
67326,5
50197,5
70452,5
50570,5
48289,5
68518,5
50843,2
42563,4
36246,1
21769,2
55436,5
62819,5
16875,3
77932,2
22750,3
9151,2
21926,0
16269,2
37301,4
82109,2
80711,2
79748,2
75293,2
46913,5
88508,4
46972,2
68250,5
35136,5
82391,1
85068,5
54561,5
71613,5
72478,1
86992,5
52863,5
88759,5
35929,1
51349,5
52484,1
41968,5
37402,4
57355,5
88220,5
4773,2
50097,0
57444,2
49976,5
22363,2
81931,5
55737,5
55739,5
68047,5
51135,5
76194,5
105,2
16763,0
8285,3
50203,2
19150,0
77573,2
87289,2
71684,1
50146,5
60226,5
83322,2
88425,2
40438,5
65902,5
84690,1
50654,5
52335,5
81609,5
76625,1
61434,5
77359,5
42221,5
78867,5
81507,2
81508,5
80442,1
81298,1
53003,1
65188,5
61425,5
72409,5
50073,1
39881,2
26275,2
26269,3
32512,3
4131,2
19546,3
27746,3
17918,2
70587,2
11769,5
49425,2
55635,2
5826,0
7847,2
54273,2
13249,3
56045,2
16200,3
38167,2
18402,2
21454,2
3778,0
15546,2
14978,3
11127,3
28300,2
26577,3
49432,2
32603,2
87391,2
32715,2
83043,2
31549,0
33242,2
27037,0
4659,0
9832,2
18587,0
5480,3
15793,2
15017,2
79877,0
6912,0
20152,0
8216,2
22987,0
24194,2
30414,2
22837,2
19463,2
30542,2
23958,2
2741,2
23445,2
29980,2
29597,2
1438,2
32551,0
3409,2
15261,2
28634,2
3183,2
26287,0
23084,2
9788,2
17160,2
32881,2
33527,0
49276,2
3784,5
10008,0
15247,2
19190,0
18137,2
14462,2
57654,2
13336,2
34559,2
27827,2
15606,2
26136,2
18929,2
5746,2
26070,2
9277,2
33703,0
17036,0
19191,2
14650,2
9630,0
20679,2
31259,2
4518,2
9398,2
12115,0
12391,0
15256,0
365,2
27952,0
23889,2
57536,0
23346,2
23358,0
8952,2
77241,2
12702,3
1604,0
86346,2
55618,2
15196,0
28811,0
86573,2
27664,2
56015,2
8778,3
65442,2
30724,2
474,2
23074,2
14344,5
82888,0
23140,2
31656,3
1496,2
54858,2
29161,2
12096,2
12774,2
26872,2
19484,0
14404,3
19564,0
12034,3
2870,2
18850,0
15670,0
4473,2
26421,4
12184,0
7801,4
41069,5
26336,0
75380,2
33033,2
20544,0
16183,3
29207,2
30801,2
54981,2
62248,2
25490,5
14323,2
36706,4
2318,2
61436,2
41394,5
44864,5
9825,2
38975,2
29773,2
17290,3
10987,2
50841,2
85017,2
23684,5
46129,2
86722,2
87425,2
14149,2
55992,2
10143,2
29351,0
29620,0
21578,0
22908,2
72691,5
28331,0
41838,0
11163,2
53903,2
53274,0
46087,2
978,0
4684,0
17710,0
28193,0
38885,0
21495,2
31439,2
21132,2
6485,0
4020,0
28401,0
19035,2
355,3
56763,2
51258,2
79065,2
49461,2
41726,2
13127,2
31458,2
55480,2
55598,5
1844,2
35412,2
86956,2
64898,5
45755,2
9972,3
12423,2
57760,2
76457,0
56780,2
27795,0
80249,4
85189,2
87841,2
50670,0
50694,0
73010,0
81779,2
3040,4
56507,4
82645,0
17413,2
82949,2
50111,4
43615,2
83057,2
23820,0
26294,2
53768,2
72257,2
80576,2
58240,2
52402,2
78018,2
9933,5
37870,5
2342,2
48329,5
70507,5
77800,5
19952,3
20472,0
16626,0
22945,2
60953,2
47530,2
57411,2
3501,3
73464,4
86492,4
71167,5
51014,4
87726,2
47515,4
64766,2
58447,5
38097,2
64682,5
78973,5
46471,0
70500,2
41687,2
11797,2
10201,2
37234,2
37235,2
60513,0
69995,5
87759,5
82004,4
18649,2
13966,5
74036,0
82098,4
81341,4
58459,0
73908,2
39566,2
49148,4
53422,2
71520,2
77541,4
78016,4
65402,2
80314,4
76850,0
40429,2
84353,2
57652,2
88027,0
24483,2
7092,3
57529,2
57174,2
74568,5
75401,5
24318,2
44409,5
64941,5
80632,5
80333,5
50619,2
45789,2
45809,5
44460,4
45075,5
17397,3
74777,2
56482,2
53482,2
43542,2
72384,2
65746,2
39975,5
88393,2
83073,2
83074,2
50875,2
83801,5
42402,1
88022,2
34551,5
88301,2
52312,4
518,4
84691,1
88080,4
66655,5
37886,5
9328,0
42831,2
86183,2
38114,1
57922,2
72595,2
71213,2
26173,3
82744,2
80843,4
41164,2
45622,5
51232,4
65051,2
40003,5
76044,1
3064,4
49452,1
36913,2
76690,2
88579,1
35016,1
47601,2
55262,2
45380,5
83942,1
81183,2
49438,2
77927,1
49159,5
70476,5
50296,2
73121,2
87775,5
10084,3
70823,5
50317,4
61193,2
76797,5
87505,5
70666,5
70667,5
77073,1
73233,2
52112,1
76601,1
69807,5
54253,2
60081,1
51363,1
70434,2
73301,1
75931,2
59091,5
60730,2
86791,5
34922,5
56100,5
75777,5
37145,5
75146,5
39307,2
48376,5
35237,2
80879,5
70995,2
62603,2
79593,5
74535,5
74536,5
60976,2
37757,5
45286,2
79253,5
86952,5
76949,2
87047,5
54085,1
36776,1
87265,5
42340,2
55776,5
42741,2
66684,5
35816,2
48977,5
86458,2
33553,3
45577,2
82812,2
40487,5
64823,2
39794,2
69582,5
68177,5
68178,5
42482,5
67155,5
61226,5
75868,5
41637,2
58821,2
59620,1
83980,5
34422,5
47914,1
62789,1
43682,1
59252,1
74593,1
58078,5
63728,1
45601,2
86397,5
67876,1
56187,1
39514,5
56416,5
56458,5
67526,2
49286,5
73544,2
36515,1
82072,5
61310,5
64676,5
78352,5
62907,5
65020,5
79412,5
64694,5
45012,1
82390,1
52782,2
82707,1
80541,5
51886,5
60506,1
77164,5
55375,2
78862,5
75341,5
53770,5
58057,1
59364,1
65758,2
51487,5
52110,5
45619,5
71489,5
55006,5
62475,5
44324,5
80646,5
40216,5
45858,5
45942,5
67073,5
88761,1
49416,2
37081,2
44257,5
43930,5
42366,1
67044,5
60815,2
66728,5
54187,5
83688,1
77716,5
37994,1
37772,5
63351,1
53101,5
54343,1
74096,1
67838,1
73358,1
38153,5
80648,5
47512,1
82517,2
82249,5
55871,1
56502,1
57612,1
50048,5
80061,5
84664,2
82503,2
78490,1
34431,5
56413,2
88264,2
41808,5
88039,5
87263,5
44911,5
68928,5
71343,5
70160,5
54949,1
57201,2
57479,1
40284,5
53900,5
67980,5
56004,5
38749,5
65995,2
34883,1
61397,5
55658,5
38440,5
73625,2
49383,1
85325,5
43192,5
41887,5
53202,1
74477,5
81805,5
52627,5
52629,5
79606,5
44406,1
79939,5
83480,1
65474,5
68360,1
88332,1
57351,1
49483,1
87798,5
86618,1
68148,1
85905,5
37993,1
83662,1
35600,5
65068,5
67244,5
70432,5
39435,5
64814,5
75248,1
39097,5
39584,5
54499,5
63193,1
59602,5
59603,5
83238,5
49226,5
56000,5
51456,1
72216,1
52426,1
36085,5
84740,5
55782,1
50350,5
39560,5
36890,1
64892,5
44989,1
42797,1
12949,2
28772,2
1707,0
28173,2
7544,2
34111,2
31396,2
26924,0
45978,2
4698,2
5955,2
51041,2
7109,0
2345,0
14699,3
17639,2
21905,2
13756,2
83394,2
3101,2
9290,2
46203,2
46552,2
2341,2
32950,2
14103,0
12200,2
38439,2
25843,5
28108,2
32792,2
20602,0
11720,2
16032,2
30664,2
11010,2
66970,2
17475,2
54584,2
17368,2
71827,2
8198,2
3446,2
8373,2
52281,2
67391,2
43381,2
69333,0
1450,0
15930,0
81577,2
79632,2
33300,2
55955,2
32562,2
37357,0
33868,2
77255,2
16996,3
46986,2
88550,2
80102,2
45856,2
20441,0
65971,2
54958,2
87925,2
76817,2
29096,3
29690,2
73732,5
58200,2
51327,2
76095,2
85390,2
88667,2
47217,2
76281,2
56136,2
35513,2
57800,2
32767,5
55552,5
81872,2
39072,5
72,2
34838,2
72660,2
63059,2
83871,2
60725,2
71210,2
57189,2
71454,2
47623,0
56512,5
52704,2
78029,5
88392,2
12507,2
41977,2
88245,2
39688,2
14314,0
41405,2
29118,0
8943,0
56970,2
88604,2
85781,2
43624,2
54930,2
58170,2
35063,0
78722,2
59884,4
79594,2
83772,0
59538,2
57348,2
56649,2
41005,3
31804,3
60699,2
83012,2
49015,2
60561,2
3393,3
44390,5
66567,2
56551,2
52435,5
76883,2
50320,2
88444,2
34738,2
55184,2
79672,5
83596,2
87820,5
44341,2
80425,2
86903,2
72325,5
80395,5
66568,5
34892,2
53960,2
86337,2
87510,5
83176,2
81304,5
29971,2
79912,2
84768,1
50577,1
50099,2
50374,2
26349,3
85395,2
80455,2
54502,5
58584,1
49948,2
77233,2
44364,2
53083,2
55136,2
57867,2
60106,5
59066,2
81288,2
75897,5
43472,2
53401,2
48454,5
60460,1
72556,5
75448,5
35406,2
56783,2
87826,5
87982,5
48952,5
85037,5
68092,2
88246,5
74473,2
75998,5
61843,5
70575,5
46701,5
80235,1
86958,5
60680,2
38877,2
54184,1
70337,2
88430,5
71502,2
87323,5
56437,2
54742,2
35707,2
55523,5
65507,5
39056,5
77764,1
84185,2
88807,2
39990,1
51691,5
57957,2
46383,2
88749,5
62410,1
57082,1
45785,5
65954,1
77029,1
62172,2
51342,2
47974,2
71412,5
83872,1
53973,2
57270,5
38834,5
64642,5
52703,1
63161,2
61368,5
37505,2
82148,1
39567,5
55850,5
46077,5
44268,5
46885,2
70248,5
40987,2
40857,5
47133,5
88537,2
57448,5
56177,5
37009,5
56961,1
74346,1
73850,2
87028,5
52686,1
61901,5
65910,1
83821,5
59138,1
83263,1
60757,1
71498,5
61152,5
87407,2
59950,1
74817,5
62966,2
56778,5
57843,5
41326,5
62919,2
49551,2
56164,5
68674,5
76096,5
55716,5
42677,5
68285,2
53447,5
87320,5
52010,1
58050,1
52835,2
38448,5
50410,5
78006,1
38657,1
38785,5
71615,5
80340,5
88671,5
40516,5
84084,1
73811,1
46626,5
59690,5
56217,1
65501,2
84651,2
80834,5
46803,5
79803,2
67230,5
80423,5
87587,5
52200,1
77812,1
55798,5
64502,5
84113,5
76994,2
52528,1
85776,5
64608,2
61844,2
49743,5
74899,5
34980,5
55765,5
75873,2
77008,1
74458,5
71750,5
82428,5
77132,1
39343,5
39344,5
48716,5
69038,2
65113,5
80702,5
82425,1
76473,1
70155,5
80714,5
35923,2
76360,5
41707,5
74872,5
55550,5
65195,5
70752,2
69124,1
65330,5
46931,5
35828,2
66499,5
56672,5
71481,1
72905,1
78042,2
43806,5
57603,1
63130,1
40169,5
87469,5
66029,5
54491,5
48728,1
38846,5
69730,1
47456,5
75112,5
38808,5
57883,1
82257,1
39874,5
50579,1
55369,5
41583,2
45106,5
65559,5
82015,1
71386,5
77001,1
38318,5
88811,1
49281,5
80525,5
62818,5
79178,5
63615,5
64369,5
68512,1
47982,5
43428,5
81218,5
38818,5
74466,5
44442,5
82634,5
53767,5
88370,1
71560,5
43157,1
49674,1
80659,5
73241,1
68061,5
61105,1
72374,5
86330,5
37457,5
81927,5
83900,1
88044,5
61804,5
53685,5
75295,5
55272,5
51491,1
39748,5
53250,1
84458,5
52261,1
65247,5
54625,5
79642,5
39853,5
60508,1
43775,5
55854,5
87448,5
38629,5
65157,5
84292,5
71879,1
36455,5
79579,5
46842,1
47040,5
45231,1
62565,5
76248,5
84105,1
51473,1
56462,1
40311,5
56861,5
65476,5
80337,5
79969,5
79971,5
42345,5
38845,5
47584,5
72006,1
71972,5
5770,3
47931,1
40777,5
40615,5
70499,5
71540,5
87869,5
55859,5
55861,5
86832,5
84888,5
34371,5
72223,5
40637,1
86075,1
56314,5
45442,1
58867,1
82261,5
41457,5
54975,1
82226,5
67641,5
75587,5
75714,5
67406,1
38494,1
50583,1
50952,5
50954,5
53107,5
65557,5
40026,5
39863,1
45454,5
75857,5
45900,5
71631,5
87758,5
72422,1
61619,5
63504,5
36565,5
55868,5
88629,5
65612,5
46153,5
54964,5
84746,5
84542,1
48939,5
73995,5
48137,5
41228,5
60778,5
75967,1
38360,5
41455,1
61079,5
47313,5
85743,5
83510,5
62352,1
62353,1
83253,1
79332,1
87346,5
47107,5
34787,1
40461,5
59878,1
74015,1
70766,5
49473,5
40175,5
39438,5
76421,1
61888,5
76292,1
59226,5
83723,5
87164,5
36442,5
88109,5
62432,5
71209,5
77267,5
50252,1
52123,1
44374,5
67820,5
74931,5
79983,5
79204,5
42576,5
40767,5
50865,5
36536,1
51016,1
85969,5
87223,5
57635,5
55655,5
42451,5
79093,5
83915,5
67673,5
82020,1
81873,1
61971,5
34464,5
48083,1
64389,5
49805,5
66395,5
60756,1
34403,5
35009,5
66748,5
67311,5
34522,1
83045,1
78592,5
88593,1
67224,5
61418,5
47772,1
62186,5
72892,5
78005,1
82500,5
44414,5
37929,1
42426,5
65546,5
38101,1
52361,1
54538,5
82350,1
82266,1
51963,1
59437,1
74051,1
67158,5
79482,5
87110,5
83236,1
58962,5
44303,5
86042,5
79191,5
87705,5
57019,5
88790,1
69120,1
62183,5
55467,5
82384,1
54332,5
61370,5
52137,5
52138,5
49844,5
49466,5
74867,5
64975,5
65733,5
70203,5
62155,5
82433,1
76137,5
86616,5
86964,5
62681,5
49978,5
54948,5
77615,5
81633,5
54626,5
77703,5
65964,5
75151,5
57740,5
61500,5
71123,5
78353,5
58301,1
48535,1
61101,5
60124,1
84752,1
66248,5
82536,5
53208,5
52020,5
60184,1
49229,5
81201,5
53033,5
81973,5
81974,5
61502,5
67035,5
61538,5
57111,5
81296,1
57748,5
50668,5
50382,5
49803,5
50505,5
83284,5
55922,5
88755,5
44027,5
75573,5
65053,5
34886,5
55080,5
56651,5
39146,5
85808,5
54185,5
43410,5
61068,5
80564,5
57544,5
51059,5
63991,1
62508,1
81302,1
44329,5
84416,1
83786,1
55646,5
82343,5
54794,1
44565,5
59977,1
36839,1
76174,1
60762,1
79290,1
87352,5
73287,5
40700,5
46323,5
53899,5
78785,5
84704,1
88268,5
40425,5
77786,1
46366,5
55648,5
86151,5
59412,5
65639,5
54427,1
81244,1
86129,1
82059,5
48093,5
126,5
2468,5
25982,1
27858,1
34568,5
34792,5
37032,1
37220,5
37848,5
39868,5
41901,5
42467,1
44691,1
46708,1
46807,5
52003,1
64754,1
66109,1
67620,5
71608,5
73116,1
73920,1
78565,1
81672,1
84675,5
84725,5
85088,1
86604,5
87100,5
87129,5
83700,5
61734,5
67029,5
49962,5
57273,5
34461,5
15293,3
43470,5
84032,5
35536,5
55437,5
70128,5
41540,5
42240,5
36551,5
16780,3
2910,2
62292,5
88237,5
65788,5
65321,5
62160,5
86393,1
76041,5
79198,2
87703,5
52211,1
49403,2
41360,5
65419,5
14745,2
83879,5
76699,5
76779,5
66288,2
78848,5
81637,5
86316,5
43328,1
67128,5
76348,5
67216,5
62431,5
61388,5
88548,1
84255,1
40731,5
55462,2
87118,5
79894,5
71328,5
70083,2
84254,5
64796,5
64423,5
41832,5
42372,1
25350,5
22270,2
64795,5
87911,5
81619,5
72954,1
67669,5
64623,5
7659,0
9059,2
27945,3
21883,2
6220,2
4935,2
53689,2
178,2
25173,2
25380,2
6007,0
31513,3
23242,2
67212,2
87568,2
55694,5
49079,2
86727,2
88276,2
38007,5
52379,5
40482,5
50587,2
50566,1
48865,5
59022,5
49957,5
39527,5
64108,5
50630,5
49151,1
51006,1
37800,5
67627,5
66940,5
74159,5
75816,5
74695,5
88181,1
48992,5
88776,5
56222,5
60553,5
61586,5
83302,5
37291,1
65965,5
66885,5
78924,5
45985,5
86971,5
72901,5
70780,5
45285,5
58978,5
59386,5
48006,1
87917,5
72357,1
72115,5
61438,5
54907,5
52950,5
46400,5
49691,5
37898,5
73648,5
57870,1
75990,5
34968,5
45270,1
64438,5
67445,5
78017,1
39922,5
61613,5
58960,1
88690,5
76203,1
39893,5
72352,5
72354,5
61526,5
83393,1
77480,5
72266,5
84284,5
56768,1
56195,5
66608,5
49175,5
36316,5
699,3
79162,2
50012,5
47087,2
46506,2
81690,5
77539,5
84994,5
72304,5
49499,5
77177,5
35501,5
75139,1
28808,0
83486,1
57449,1
65636,5
75863,5
81692,5
57539,5
68584,5
62422,5
88768,5
86851,5
60775,2
50526,5
48090,5
22152,3
56453,5
87423,5
77877,5
26016,0
67325,5
64881,5
88152,1
83864,5
36020,5
78383,1
55161,5
51496,5
42222,2
57302,5
77931,5
82002,1
39048,5
49643,5
80409,5
82245,5
86143,1
30353,2
29799,2
62189,5
35129,2
44067,2
80120,2
80768,2
86067,5
13973,2
29846,0
22713,2
9800,3
8962,2
42746,5
2344,3
16168,2
29201,2
34768,2
4451,3
23366,2
14924,3
30734,2
24626,2
13726,3
21286,2
15697,2
9410,3
61095,2
27678,2
66802,2
14362,2
25937,2
61626,2
77878,2
15338,0
79515,2
27908,2
13409,2
75174,2
14992,3
22982,2
31099,2
87967,2
30938,3
2004,2
16840,2
11262,2
15706,3
6732,2
25088,2
23891,2
6895,2
14761,2
27797,3
18977,2
8737,2
13175,2
30361,3
33026,2
11885,2
87131,5
12424,2
13601,2
674,0
12958,2
24945,2
8203,2
23530,2
32340,2
34079,2
32824,2
35057,2
29767,2
13165,2
30095,2
38736,2
76003,2
17630,2
3699,2
11906,2
6006,2
7288,2
14621,2
39517,2
27833,2
24914,2
15413,2
17371,2
24686,2
32688,2
8174,2
22886,2
11396,0
22781,0
8693,2
15755,2
22153,2
17743,2
19086,2
16135,2
25039,2
8119,0
11075,0
2697,2
27421,2
14434,2
409,0
33669,2
3248,2
47985,2
29601,2
65562,2
16260,2
18593,2
21644,2
4537,2
18899,2
57522,2
16370,2
8585,0
20939,2
1791,0
23576,3
17332,2
14620,2
15386,2
66920,2
1934,2
17240,2
2201,2
4019,2
26106,2
26167,2
26578,2
10134,2
10282,2
23018,2
29368,2
2305,0
33535,0
5354,2
8743,2
8550,2
8670,2
13102,2
30499,2
32668,3
18408,2
26907,2
72516,2
1894,2
6749,2
51872,2
2160,2
2708,2
39967,2
53079,2
28428,2
47148,2
11047,3
77558,2
19582,2
75903,2
22652,2
59644,2
29608,2
18504,2
46968,2
18112,0
11523,2
81961,2
2428,2
10937,2
34039,2
22148,0
27875,2
13044,2
28477,0
34038,2
17954,2
16792,2
81657,2
8715,2
35012,2
26559,2
8278,3
26014,0
1819,2
29895,3
19603,2
27814,2
5495,0
19876,2
16059,2
5208,2
25485,2
28354,0
10307,2
17226,0
12004,2
2319,2
30937,2
8645,2
16500,0
82172,2
22690,2
65246,2
8409,5
58988,2
29117,2
21264,2
8632,2
14469,2
19671,2
26485,0
19616,2
2462,2
3763,0
34304,2
50279,2
79548,2
7926,2
11015,2
46908,2
51824,2
9249,2
22077,0
22672,2
26494,2
28920,0
29350,2
5183,2
49706,2
29119,2
32422,0
38685,2
34065,2
14521,2
47119,2
4032,2
83054,2
22521,0
27555,0
26180,2
7825,2
33435,2
18086,2
32738,2
54711,2
4697,2
79454,2
41025,2
55466,2
35140,2
19323,2
29663,3
22754,0
21701,2
49109,2
3539,0
32796,2
9799,2
25781,2
68288,2
81879,2
56013,2
32487,2
3820,2
41093,2
26333,3
16181,0
7375,3
28921,2
16406,0
5280,0
30737,2
8994,0
88087,2
11551,2
23609,2
71970,2
27431,2
18198,2
33858,2
1697,2
8317,2
32041,5
17729,2
32907,2
22675,0
32078,2
66809,2
16407,2
24610,2
11008,2
74850,5
85241,2
26901,0
6684,5
10619,2
16440,2
40184,5
78701,2
36936,2
14411,2
14721,0
15547,2
53254,2
23271,2
1760,0
3739,0
16541,0
83925,2
1700,0
31983,3
3540,2
22229,2
21198,2
83101,2
19909,3
37812,5
37813,5
31709,0
56341,2
51785,2
60,2
14907,2
31016,2
61652,2
67006,2
10324,2
84206,2
29709,0
9442,2
76464,2
8874,0
64849,5
8431,2
29098,2
11470,2
23237,2
14215,2
55864,5
78205,2
76542,2
1383,0
10449,2
24004,0
34226,2
37082,2
28744,2
6493,2
49470,2
3686,0
28849,3
31075,2
11014,0
13872,3
40513,2
25686,0
44322,2
49456,2
22126,3
75817,2
20730,5
21893,3
70668,2
31822,3
61761,2
49705,2
2594,0
34811,5
84941,2
12975,2
28468,2
40972,5
49771,2
6457,0
21935,2
8495,0
11370,2
24699,2
17343,2
46462,2
72395,2
76577,2
65196,2
65262,2
56385,5
3130,2
18521,2
8178,2
10370,0
16808,2
65151,2
36192,2
8625,0
30703,2
72543,2
85082,2
47390,2
67394,5
78999,2
19912,0
48699,2
49619,2
32048,2
86159,2
24280,5
71396,2
4736,2
10078,2
57271,2
39884,2
79137,2
40840,2
62251,5
50287,2
46870,2
75942,5
82415,2
44388,2
5082,2
71171,2
57569,2
66368,2
50721,2
26765,0
57172,2
83614,2
4651,0
47418,2
51825,2
68905,2
79729,2
5355,5
11616,5
64788,2
1569,2
33627,2
82149,2
83733,2
77940,2
50232,2
73302,2
53726,2
54879,2
66978,2
73210,2
47314,5
21244,2
82008,2
24007,2
36589,2
47303,5
75830,5
80680,2
43233,5
14719,2
63451,2
86629,2
23107,2
61701,5
55913,2
50038,2
1333,3
57028,2
35508,2
66918,2
80159,2
32558,2
88616,2
4251,2
57392,2
78351,5
80145,2
40553,2
65644,5
47999,5
87496,5
65594,2
82611,2
12539,2
23089,2
47794,2
54835,2
7008,0
28455,0
66937,2
9814,2
52982,5
64923,5
79365,2
61464,5
20848,2
88231,2
49489,2
61049,2
85337,2
37750,2
31182,2
63077,2
51789,2
87522,5
50451,2
79999,2
37146,2
57917,2
74747,2
83924,2
79850,2
82832,2
72096,2
86967,5
46530,2
46531,2
49899,2
53944,2
87874,2
81480,2
39634,5
66240,2
88291,2
26638,2
87486,2
84969,5
39832,5
44589,2
33716,3
54397,2
47753,1
82774,2
67470,5
87902,2
61732,2
47813,5
67946,1
88417,2
86011,2
73926,1
46304,2
84853,2
61432,2
44225,2
6174,3
49265,5
49386,2
75684,2
62905,2
83138,2
75962,2
44310,2
74318,2
68204,2
52218,2
83262,2
5159,2
43468,2
63466,2
88190,2
5794,2
6160,2
22512,5
87812,2
41517,5
26242,1
71357,5
53844,2
9031,2
55389,5
12881,3
79136,5
78387,5
48799,2
65888,2
87581,2
60433,2
82884,2
62762,5
77614,5
49500,2
55697,2
53109,2
46488,2
46215,2
42782,2
77303,2
87446,2
65844,5
45635,5
70409,2
52839,2
52840,2
38513,2
71645,2
84568,5
22114,1
61321,2
76776,2
40851,2
74219,5
75526,5
52956,2
70249,5
45599,2
37328,1
59095,2
66404,2
38624,2
50178,2
39208,2
46364,2
46092,5
46093,5
72314,1
50553,2
79993,5
75701,5
68664,1
77557,5
36946,5
55115,2
84571,2
76689,1
62671,2
42529,2
42531,2
75820,2
54457,5
61691,5
44630,2
40007,5
55692,5
87626,1
69284,2
67228,2
42373,2
86929,2
76720,2
36962,2
6335,3
61124,2
77842,1
59447,5
88381,5
53650,5
79875,2
88672,2
44514,2
80176,2
38530,2
79823,2
54974,5
45150,5
42737,5
49666,2
39599,5
50798,1
50428,2
75507,5
35296,2
55727,5
55728,5
44518,2
82255,5
61522,5
87840,5
63398,2
76974,2
52206,5
38328,5
66623,5
54768,1
54769,1
88366,5
38178,2
67262,5
56618,5
63479,2
84083,2
66659,5
50425,5
84373,5
57958,2
81445,2
72191,2
80542,5
54323,2
88513,2
55843,5
42975,2
57551,2
59351,2
38655,2
81436,5
38800,2
57188,2
83203,2
66036,2
37816,5
67425,5
67651,5
74513,1
82321,2
62741,5
65305,5
14899,5
71813,2
60738,1
56994,5
68191,1
41914,5
66654,5
41280,2
56765,2
56820,5
62807,2
49661,5
56938,2
62734,2
73213,2
67798,1
34991,2
50681,2
2420,1
46854,5
64998,5
60852,1
56705,1
85453,5
82357,1
54911,5
37024,2
71455,1
54926,2
82111,2
86434,2
40415,5
55267,1
36467,2
80903,5
81127,5
87538,5
68073,2
71178,1
54257,5
54259,5
49738,5
69457,2
87540,5
56621,2
40051,5
71899,2
56556,5
49134,5
48275,5
84036,2
75279,1
80722,5
80057,5
41598,5
75079,5
77327,5
39161,5
43074,2
86728,5
63110,1
35634,5
36257,5
52178,2
61423,5
65661,5
39160,5
64107,5
40317,5
61501,5
34404,5
50857,2
81481,5
88469,2
47055,1
55905,5
68104,1
77533,5
62793,2
83421,5
58877,5
58878,5
36449,5
52445,2
37928,1
72391,5
41391,5
87641,5
66129,2
68908,2
54167,1
38457,5
72597,2
38982,1
83257,1
80386,5
52617,2
78104,2
81599,5
85311,5
78405,2
72256,5
79561,5
38347,2
82062,1
39322,5
46052,5
76738,1
79453,5
80579,5
57618,1
75216,2
49646,1
69844,5
41556,5
65463,5
70859,5
70860,5
63661,2
65872,5
68736,1
65329,2
39626,5
44475,2
58033,2
62908,2
41829,5
74936,5
80489,5
34801,5
38652,1
37185,2
66722,2
50429,5
66141,2
83588,5
57197,5
52584,1
40575,5
36554,1
76440,1
62032,5
49642,5
58731,2
62846,2
87345,5
75168,5
55038,5
50687,5
41290,1
88410,5
80857,2
37920,1
65859,1
49329,5
69402,2
77493,5
46183,5
67192,5
71149,5
69007,2
71153,2
71154,2
50407,1
57296,5
57298,5
88631,1
74759,5
68339,1
40863,5
44386,2
62303,1
68860,1
38266,5
79725,5
75301,5
82159,5
78144,1
82926,1
55747,5
52800,5
52802,5
49043,1
58730,1
55269,5
47801,5
44903,5
52171,5
80675,5
81192,1
77945,2
36340,5
85874,5
72840,2
67506,5
43606,5
47792,1
35350,5
37239,2
77662,2
70112,1
36908,5
56742,5
16230,5
68134,2
72552,5
79298,1
47745,1
52181,1
88426,1
80430,5
84865,1
39242,5
70102,5
72390,5
61483,5
64967,5
72018,2
76558,5
55238,5
41173,5
50685,2
76212,2
55117,5
65976,5
46482,1
56083,5
65011,5
50062,5
87197,5
48199,1
75455,5
49213,5
65339,1
68482,1
84620,2
50272,5
60205,2
72502,5
53864,5
38791,5
51141,5
52934,5
83567,5
85779,5
78146,1
74080,1
46958,1
78927,1
35711,1
54668,1
39037,5
71620,2
61053,5
85286,5
48049,1
46944,2
46609,5
62354,1
41033,1
66324,5
69973,5
80151,5
57657,1
44227,5
71935,2
60923,5
71643,5
87737,5
54698,1
70229,1
82604,1
80428,5
75617,5
75618,5
36685,5
41330,1
51939,5
80058,5
69686,5
60934,5
46192,5
79981,5
67461,5
24640,3
38552,1
72174,1
76580,1
74785,5
83595,5
73238,1
83789,1
57297,5
57299,5
61746,5
57373,5
62349,5
72397,5
87204,5
67464,5
71905,1
54280,5
87767,1
57735,5
46810,1
75908,5
82251,5
82143,5
74814,5
76636,5
86746,5
54209,5
54520,5
49396,5
56710,5
86358,5
87161,5
62889,5
82531,5
55527,5
50286,5
42500,1
62368,1
46425,5
49597,1
46714,5
37681,5
62347,5
82782,5
61781,5
52735,5
52737,5
64613,5
62630,1
87458,1
57005,5
42019,5
76656,1
77984,1
88800,5
53288,1
59102,1
43532,5
79954,5
48010,1
34393,5
67882,5
72877,5
71936,1
35853,1
55349,1
54812,5
65207,5
84716,5
74710,5
80432,1
38486,5
34988,5
41663,5
46306,5
56615,5
44065,5
81772,5
55993,5
57605,5
75773,5
63409,1
66212,1
70029,5
82309,1
67140,5
72995,1
50818,1
35040,5
78305,1
46792,5
79596,5
47391,5
50094,5
50481,5
70602,5
38317,5
84244,5
59429,1
69572,5
75760,1
41731,1
72097,5
42631,5
52308,1
60639,1
39138,1
87489,5
61340,1
65398,5
47100,5
65587,5
50529,5
75160,5
72099,1
45934,5
50396,5
41948,5
72022,5
79821,5
48276,5
71623,5
56456,5
78562,5
61819,5
38516,5
51592,1
71810,5
56744,1
65013,5
88035,5
35559,5
40585,5
65833,1
41142,5
41617,5
39316,1
46046,5
39384,5
53198,5
42867,5
85861,5
84392,1
63057,1
43498,5
67732,5
60345,5
60463,1
78976,5
36810,5
86959,5
81520,5
81773,5
42205,1
73504,1
87280,5
45208,1
62490,1
66759,5
82089,5
56274,5
60802,5
88151,5
47092,5
58134,1
45751,5
52518,1
87556,5
37004,5
48249,1
73283,1
88630,1
39679,5
50770,5
56927,5
56929,5
70654,5
61810,5
82052,5
79567,5
88319,5
55721,5
58241,5
51096,1
61898,5
36574,5
43502,1
59411,1
62663,1
87180,5
61774,5
39569,5
88001,5
40514,5
63309,1
40949,5
50689,1
47376,1
70081,5
70639,5
35439,5
44423,5
61506,5
41531,5
66615,5
37497,5
59993,5
58712,5
72306,5
73794,1
84698,1
36232,5
74421,5
67061,5
40501,5
70519,5
40947,5
63536,1
64805,5
45179,5
88485,1
37603,5
56706,5
56420,5
84996,1
81387,1
51526,1
67532,1
37147,5
55763,5
40974,1
55351,5
51202,1
36803,1
49059,5
53440,5
53441,5
67037,5
50173,5
34553,1
47654,5
76478,5
85376,5
87528,5
81499,5
71713,5
37866,5
75454,5
86656,5
57446,1
55649,5
75030,5
40268,5
36462,5
77047,5
84521,5
64912,5
50444,5
69998,5
66136,5
37592,5
53669,5
81295,1
69597,5
55860,5
55862,5
58191,5
40728,5
69706,1
83029,1
40957,5
41673,5
49892,5
51507,5
36681,1
38379,5
49586,5
34889,5
56137,5
77551,1
86815,5
61788,5
82822,5
83243,5
51874,1
74095,5
50439,1
47883,1
45580,5
50937,5
55083,1
82957,1
34675,5
39608,5
39733,5
66619,5
81547,5
49495,5
45576,5
41367,1
40172,1
54331,5
68811,1
57976,1
71731,5
63008,1
47691,5
74549,1
86095,5
51564,5
37649,5
38702,1
50539,5
75826,5
56856,5
86190,5
87497,5
54741,5
40195,5
87002,5
88512,5
71280,5
55385,5
56838,5
87447,5
72148,5
61146,5
69943,1
53032,5
68372,1
52456,5
51936,1
54238,1
59747,5
82768,1
38822,5
52099,5
62634,5
85919,5
78974,5
87760,5
66893,5
75847,5
67886,1
36255,5
85507,5
52446,1
80485,5
56535,5
47471,5
87012,5
87399,5
88304,5
44852,5
45419,5
88396,5
36036,1
88477,5
49501,5
61389,1
53698,5
65552,5
49113,5
42069,5
71751,5
60488,5
76183,1
81237,1
57576,5
67122,5
80180,5
54108,1
54109,1
86539,5
55471,5
37686,5
37510,5
57155,5
80870,5
49692,5
57559,5
40183,5
86692,5
86693,5
54912,5
58515,1
49777,5
55473,5
64806,5
68197,5
72368,5
61276,5
87682,5
57041,1
67879,1
67955,1
82470,1
70069,5
76616,5
76618,5
88739,5
56918,1
59020,5
54965,5
54967,5
50855,5
83922,5
51076,5
79468,5
35401,5
35121,5
49366,5
53354,1
81735,5
86224,5
87916,5
46349,5
63124,1
60370,1
66716,1
46983,5
69115,1
52351,1
85040,5
70987,5
80640,5
85350,1
49503,5
38760,5
87238,1
83890,1
79350,5
45814,1
83892,5
61968,5
62307,5
69083,5
34915,5
82112,1
41942,1
77304,5
49409,5
50072,5
57165,5
44862,5
76225,5
52971,5
60970,1
50942,1
57142,5
61546,5
69872,1
71893,5
83159,5
76335,5
54985,5
44063,5
76363,5
48779,1
43766,5
58916,5
58917,5
58726,1
84628,5
54667,1
79735,5
55686,5
52981,5
81685,5
35524,1
74435,1
74742,5
84479,1
62109,5
53205,5
58716,1
34881,5
84649,5
49365,1
79258,5
57602,1
52852,1
86920,5
73560,1
49457,5
57947,5
51836,5
56581,5
84043,5
37093,1
50598,5
68546,1
51975,5
51977,5
50335,1
55559,1
56066,5
87456,1
72371,5
82495,5
79082,1
51780,5
53609,1
54908,5
79534,1
84270,1
52054,5
67298,5
55829,5
58901,1
78496,1
78708,1
62151,5
87422,5
76993,5
36639,5
38453,5
80875,5
82376,1
81589,5
36644,5
86413,5
83566,5
82635,1
82806,1
84451,1
47672,1
53854,1
82242,1
88211,1
50435,5
49476,5
56193,5
54182,5
40373,1
48075,5
87765,5
87275,5
52916,5
36998,5
56788,1
86600,5
86601,5
78738,5
75078,5
87464,5
38602,5
82487,1
87730,5
54315,1
57249,1
86550,5
81730,1
40908,5
55098,5
86972,1
47727,1
52995,5
85888,1
61808,5
54309,1
46222,5
49634,5
88257,5
67765,5
52608,1
88236,5
57500,5
52672,5
61089,5
57178,5
46929,5
49809,5
71250,5
82978,2
55217,5
86246,5
19779,2
55407,5
37353,5
2972,5
79873,2
75421,5
78934,5
68789,5
56271,5
76320,2
7073,2
55949,5
39524,5
57242,5
83606,5
39816,5
61659,5
46186,5
64784,5
49377,5
55343,5
51763,5
51732,5
62071,5
37426,5
49004,5
38454,5
70747,5
86719,5
76523,5
82966,5
37793,5
50514,5
40370,5
86991,5
68064,5
750,2
67585,5
67305,5
79252,5
64853,5
84631,5
87023,5
54843,5
41380,5
80240,5
56603,5
65783,5
21475,2
62074,5
79961,5
82272,5
80168,5
41627,5
86755,5
50128,5
80822,5
64821,5
29470,2
11605,2
12125,2
35188,5
85748,2
51699,5
86038,5
61211,5
67152,5
48942,5
80769,5
37066,5
35130,5
56459,5
88520,5
83355,5
49139,5
82100,5
71767,2
65715,5
37765,5
21189,2
53265,2
20363,2
20902,2
15076,2
18059,2
3812,2
62150,5
49417,5
61762,5
60602,5
61863,5
70210,5
55121,5
45257,5
52594,2
53005,5
50056,2
35427,5
77022,5
65211,5
76983,5
66343,5
76696,5
80355,5
56351,5
71083,5
68927,5
87411,5
50079,5
75224,5
87137,5
71389,5
38554,5
55536,5
42064,5
42065,5
61487,5
44118,5
61512,5
82071,5
61828,5
52487,5
49204,5
62185,5
56876,5
65652,5
64662,5
62029,1
86022,5
49316,5
36069,5
56488,5
67238,5
65900,5
35437,5
62397,5
64957,5
49540,5
55493,5
50402,5
56096,5
81819,5
88286,5
34640,5
48440,5
76125,5
85303,5
80280,5
66964,5
66210,5
49605,5
77194,5
56431,5
68280,5
81871,5
80316,5
84818,5
88769,5
70215,5
39182,5
87656,5
87003,5
56610,5
49530,5
40963,5
86380,5
56181,5
65514,5
62416,5
72067,5
86754,5
80884,5
71012,5
3774,2
11791,3
3145,2
32444,2
29040,2
15664,2
37811,5
83752,5
83657,5
39737,2
66505,2
29087,5
52409,2
79480,2
73505,2
87128,5
55478,5
78771,5
50404,5
44777,5
44779,5
81642,5
83214,2
87403,5
87405,5
41195,5
36518,5
75198,5
24257,5
88731,5
62045,5
67062,5
39700,5
51395,5
46882,5
72747,5
39668,5
57907,2
46159,5
80190,5
62477,1
61227,5
54929,5
50196,5
39732,5
37331,5
48290,5
51841,5
74793,5
66689,5
66690,5
80284,5
64772,5
55181,5
36505,5
46973,1
43851,5
64894,5
70537,5
86856,5
80889,5
61424,5
71549,5
74760,5
75177,5
55726,5
55729,5
55531,5
51336,5
66205,5
61974,5
79645,5
79648,5
41419,5
58860,5
64895,5
88795,5
37768,5
57237,5
48255,2
79747,5
61979,2
86101,2
72413,2
30806,2
73152,2
13241,2
17856,2
3982,2
61944,5
75432,2
24445,2
76429,2
22805,2
23244,0
31845,2
32820,2
31322,2
19922,2
4296,2
29543,2
16540,2
15347,2
27003,2
5294,2
21402,2
61358,2
31636,2
71306,5
80121,2
83310,2
25718,2
31373,2
22119,2
22997,2
82065,2
1554,5
28413,2
53697,5
23564,2
50963,2
32709,2
57808,2
72056,2
71294,2
61780,2
38028,2
15321,2
86034,2
61656,5
71804,2
26659,2
44899,2
55041,5
18572,2
72870,2
34165,2
34213,2
34449,5
54328,2
54917,5
15962,2
65628,5
71450,5
87294,2
86587,2
56544,2
53652,2
28020,5
46319,2
22408,2
81941,5
17564,2
12172,5
50485,2
65961,2
47711,2
84000,2
44923,5
37746,5
82930,2
43567,2
87250,5
40804,5
61669,5
40934,5
75096,5
85242,5
52974,5
51652,5
85132,5
65862,2
81597,5
86837,5
56298,5
85943,2
55474,5
72149,5
34803,5
62816,5
88674,5
87985,5
57027,2
77479,5
78849,5
51274,2
51086,2
53133,2
48121,5
84325,5
73122,5
87146,5
87604,5
86394,2
77330,5
77331,5
77914,5
65272,5
55893,2
85014,5
54299,2
87870,5
52596,5
83902,2
53038,5
55677,2
84214,5
77069,5
65373,2
86084,5
51262,5
54168,5
66539,5
50135,5
50136,5
56580,5
84978,5
43990,5
46099,5
56035,5
51467,5
78527,2
51871,2
55025,5
82514,2
77699,2
87143,5
35286,5
65649,5
75473,5
56444,5
35375,5
45292,5
71273,5
50057,5
59940,5
40565,5
72072,5
77566,5
61278,5
54545,5
83303,2
65034,5
40976,5
44246,5
47978,1
51700,5
80033,5
79510,5
70455,2
38463,5
75860,5
79326,5
52410,5
58633,2
52501,5
79975,5
86879,2
88200,5
87511,5
34869,2
64964,5
49301,5
86237,5
66182,5
66051,5
52996,5
74569,2
81010,5
79904,5
41216,5
79512,5
55030,5
70974,5
81343,5
49101,5
48962,5
80133,5
80023,5
72613,5
56684,5
57354,5
54727,5
66503,5
87138,5
42513,5
69994,5
83285,1
67136,5
65273,5
65517,5
49051,5
70177,5
72232,5
72317,5
67045,5
53047,5
63215,1
56229,5
62128,5
66207,5
49363,5
86658,5
88379,5
74741,5
40178,5
45736,5
57838,5
86863,5
68174,5
65073,5
57486,5
55939,5
55773,5
49520,5
49521,5
49522,5
81771,5
62587,5
39546,5
57004,1
80422,5
54986,5
48067,5
75249,5
87259,5
39247,5
49823,5
76189,5
61797,5
57256,5
82185,5
69510,1
59673,1
67322,5
67324,5
62064,5
61385,5
58535,5
55657,5
55985,5
81435,5
75229,5
46817,5
80451,5
85790,5
67180,5
81254,5
41765,5
40787,5
61271,5
60229,5
67910,5
78913,5
35139,5
80213,5
62836,5
85247,5
87644,5
61335,5
66458,5
39249,5
52960,5
54848,5
74042,1
88009,5
87231,1
42251,5
65515,5
65678,5
61648,5
85282,5
64722,1
87141,5
79815,5
50591,5
87740,5
48975,5
58631,5
61499,5
79726,5
52310,5
41443,5
70021,5
65624,5
86715,5
87215,5
85916,5
70870,5
36798,5
66975,5
86853,5
74748,5
47758,5
49884,5
76257,5
52412,5
56753,5
71937,5
50331,5
52748,5
43741,5
36406,5
72414,5
75759,5
88241,5
61847,5
54671,5
87186,5
38320,5
75746,5
64716,5
61800,5
48947,5
65081,5
49953,5
88574,5
88575,5
61189,5
74115,1
52255,1
57074,5
57363,5
64651,1
56760,5
69192,5
82009,5
71852,5
44905,5
59408,1
62433,5
36950,5
36613,5
56363,5
79261,5
44853,5
60642,5
79636,5
54230,5
85477,5
56343,5
74432,5
54330,5
36591,5
61021,5
75963,5
36558,1
49869,5
85389,5
49016,5
56566,5
80053,5
76448,5
48860,5
34373,5
71874,5
51425,5
87935,5
88104,5
66351,5
52444,5
47322,5
87951,5
83546,5
75592,5
61203,5
45457,5
86416,5
87427,5
57161,5
87612,5
80580,5
34485,5
85328,5
82299,5
50854,5
38892,5
79622,5
81453,5
54169,5
49478,5
76079,5
77102,5
55916,5
72274,5
13440,5
42678,5
44945,5
57771,5
58089,5
60568,5
61205,5
64925,5
74195,5
81400,5
84656,5
49855,5
42433,2
11659,2
87969,5
50376,5
48086,5
38245,5
15528,3
75945,5
49397,5
20482,2
88121,5
20109,2
77261,2
50753,2
75568,2
37973,2
51749,2
86750,5
49989,5
86280,5
41328,5
60127,5
87240,5
88122,5
54679,5
34115,2
56747,5
87135,5
51944,1
78287,5
25753,2
29931,2
80459,2
76329,2
25995,3
28694,2
9592,2
11506,2
16144,2
28635,2
12540,2
51213,2
5320,3
28914,2
51397,2
31699,2
65907,2
56051,2
56469,2
78600,2
40221,2
69801,2
47230,5
71674,5
50005,2
65981,5
52660,2
67435,5
36450,5
73863,5
45025,5
87966,5
71932,5
62287,5
84674,5
52774,5
67612,5
87350,5
52942,2
37752,5
35164,2
78030,5
88732,5
72659,5
61574,5
86066,5
40006,5
40627,5
45223,5
47174,5
71308,5
79483,5
61875,5
76354,5
34650,5
72237,5
75452,5
85829,5
61812,5
66323,5
40018,5
37894,5
64527,5
34569,5
77225,5
75951,5
65491,5
42335,2
87859,5
56245,5
51364,5
51309,5
85737,5
85364,5
49479,5
66946,2
37846,5
60933,5
53506,5
75959,5
65595,5
24994,2
14330,2
75418,2
7690,2
37729,5
44854,5
66938,5
64924,5
35512,5
72259,5
72009,5
58602,5
52930,1
37647,5
49253,5
42000,5
48453,5
50122,2
40868,2
71816,5
37098,5
50690,5
49009,5
35666,5
26067,2
80470,5
40375,5
49507,5
84724,5
79874,2
88297,5
34947,5
87048,5
52983,5
77536,5
86804,5
64965,5
23522,2
15082,2
7670,2
72300,2
60405,2
32028,2
57625,2
17658,2
77144,2
65959,2
58861,2
85289,5
81718,2
71715,5
54575,2
69250,2
76056,2
39603,5
38244,2
85581,2
56709,5
37113,2
47227,2
45005,2
71633,5
59163,5
80726,5
37010,5
72495,2
80204,5
37022,5
86957,5
54519,5
82320,5
75906,5
59267,5
61916,5
76613,1
71474,5
76631,1
40548,5
49312,5
88730,5
65367,5
82101,1
86805,5
77253,1
49880,5
53123,5
87866,5
84348,5
50702,5
85287,5
85773,5
37771,1
82122,5
37721,5
36756,5
38262,5
39769,5
41418,5
51337,5
72497,5
56392,5
51211,5
87000,5
55847,5
74481,5
45420,5
84267,5
81734,5
45028,5
61690,5
42652,5
88088,5
71994,5
50427,5
50347,5
60641,5
80682,5
62815,5
78711,5
40044,5
78752,5
46260,2
64109,5
75460,5
50352,5
55693,5
69976,5
50348,5
49200,5
61463,5
37849,5
77685,5
84726,5
