CODIGO CLIENTE,CODIGO PRESTAMO,prob_fuga,decil_riesgo,segmento_riesgo,valor_cliente,beneficio_esperado,prioridad_campana,recomendar_campana
1,709440,0.030010172939979655,7,Bajo,0.0,-25.0,9972,No
2,837120,0.08191489361702127,6,Bajo,0.0,-25.0,9973,No
3,118010,0.4155701754385965,5,Medio,0.0,-25.0,9974,No
4,150320,0.751269035532995,2,Alto,0.0,-25.0,9975,No
5,165600,0.4490472245236123,4,Medio,0.0,-25.0,9976,No
6,183870,0.23846153846153842,6,Medio,0.0,-25.0,9977,No
7,240600,0.3372395833333333,5,Medio,0.0,-25.0,9978,No
8,345030,0.08709016393442623,6,Bajo,0.0,-25.0,9979,No
9,353830,0.015706806282722516,7,Bajo,0.0,-25.0,9980,No
10,464070,0.015706806282722516,7,Bajo,0.0,-25.0,9981,No
11,702300,0.05795454545454545,7,Bajo,0.0,-25.0,9982,No
12,724510,0.041237113402061855,7,Bajo,0.0,-25.0,9983,No
13,774260,0.041237113402061855,7,Bajo,0.0,-25.0,9984,No
14,790320,0.13483146067415727,6,Bajo,0.0,-25.0,9985,No
15,361270,0.01694915254237288,7,Bajo,4.896,-24.98340338983051,9943,No
16,361340,0.006920415224913495,7,Bajo,4.896,-24.993223529411765,9960,No
17,361410,0.006920415224913495,7,Bajo,4.896,-24.993223529411765,9961,No
18,361480,0.006920415224913495,7,Bajo,4.896,-24.993223529411765,9962,No
19,361550,0.006920415224913495,7,Bajo,4.896,-24.993223529411765,9963,No
20,361620,0.006920415224913495,7,Bajo,4.896,-24.993223529411765,9964,No
21,361690,0.006920415224913495,7,Bajo,4.896,-24.993223529411765,9965,No
22,361760,0.006920415224913495,7,Bajo,4.896,-24.993223529411765,9966,No
23,363930,0.006920415224913495,7,Bajo,4.896,-24.993223529411765,9967,No
24,613760,0.006920415224913495,7,Bajo,21.0,-24.97093425605536,9785,No
25,386300,0.8339060710194731,2,Alto,0.03,-24.994996563573885,9968,No
26,440040,0.035,7,Bajo,4.5,-24.9685,9780,No
27,440050,0.035,7,Bajo,4.5,-24.9685,9781,No
28,558780,0.00395882818685669,8,Bajo,42.0,-24.966745843230402,9778,No
29,641410,0.015706806282722516,7,Bajo,42.0,-24.86806282722513,9126,No
30,837080,0.030010172939979655,7,Bajo,42.0,-24.74791454730417,8760,No
31,705930,0.13483146067415727,6,Bajo,31.868999999999993,-24.140611235955056,7488,No
32,705940,0.13483146067415727,6,Bajo,31.868999999999993,-24.140611235955056,7489,No
33,243890,0.7387958410713422,2,Alto,36.0,-19.680669944286336,6173,No
34,565900,0.002488654662567706,8,Bajo,28.799999999999997,-24.98566534914361,9953,No
35,266460,0.2586476375832887,5,Medio,44.9973,-22.672310931474698,6714,No
36,804380,0.006920415224913495,7,Bajo,105.0,-24.85467128027682,9083,No
37,350960,0.7103092783505155,3,Alto,0.15,-24.978690721649485,9933,No
38,350970,0.817966903073286,2,Alto,0.15,-24.975460992907802,9905,No
39,664280,0.9367088607594937,1,Alto,0.15,-24.971898734177216,9789,No
40,647230,0.01694915254237288,7,Bajo,44.25,-24.85,9074,No
41,293520,0.49535603715170295,4,Medio,95.11380000000001,-15.57696099071207,5830,No
42,423170,0.002488654662567706,8,Bajo,126.0,-24.937285902503294,9529,No
43,505920,0.002488654662567706,8,Bajo,126.0,-24.937285902503294,9530,No
44,506450,0.006920415224913495,7,Bajo,126.0,-24.82560553633218,9000,No
45,552120,0.015706806282722516,7,Bajo,126.0,-24.604188481675394,8453,No
46,613610,0.05795454545454545,7,Bajo,126.0,-23.539545454545454,7021,No
47,628900,0.002488654662567706,8,Bajo,126.0,-24.937285902503294,9531,No
48,648010,0.002488654662567706,8,Bajo,126.0,-24.937285902503294,9532,No
49,689020,0.00395882818685669,8,Bajo,126.0,-24.90023752969121,9236,No
50,784440,0.030010172939979655,7,Bajo,126.0,-24.243743641912513,7598,No
51,808160,0.006920415224913495,7,Bajo,126.0,-24.82560553633218,9001,No
52,825350,0.009259259259259259,7,Bajo,126.0,-24.766666666666666,8798,No
53,826500,0.11088295687885011,6,Bajo,126.0,-22.205749486652977,6593,No
54,837250,0.002488654662567706,8,Bajo,126.0,-24.937285902503294,9533,No
55,855520,0.015706806282722516,7,Bajo,126.0,-24.604188481675394,8454,No
56,597240,0.05795454545454545,7,Bajo,126.0,-23.539545454545454,7022,No
57,1750,0.9643635135789099,1,Alto,77.39999999999999,-10.071652809798476,5463,No
58,369020,0.015706806282722516,7,Bajo,77.39999999999999,-24.756858638743456,8784,No
59,306500,0.008152756521255895,7,Bajo,77.39999999999999,-24.87379532905096,9146,No
60,173520,0.7387958410713422,2,Alto,77.39999999999999,-13.563440380215622,5661,No
61,354450,0.015706806282722516,7,Bajo,43.199999999999996,-24.864293193717277,9097,No
62,354520,0.015706806282722516,7,Bajo,43.199999999999996,-24.864293193717277,9098,No
63,354590,0.015706806282722516,7,Bajo,43.199999999999996,-24.864293193717277,9099,No
64,354660,0.015706806282722516,7,Bajo,43.199999999999996,-24.864293193717277,9100,No
65,354730,0.015706806282722516,7,Bajo,43.199999999999996,-24.864293193717277,9101,No
66,354800,0.015706806282722516,7,Bajo,43.199999999999996,-24.864293193717277,9102,No
67,354870,0.015706806282722516,7,Bajo,43.199999999999996,-24.864293193717277,9103,No
68,355780,0.015706806282722516,7,Bajo,43.199999999999996,-24.864293193717277,9104,No
69,725400,0.11088295687885011,6,Bajo,78.3,-23.263572895277207,6890,No
70,105590,0.9999,1,Alto,0.0,-25.0,9986,No
71,308600,0.7103092783505155,3,Alto,81.408825,-13.43491125257732,5657,No
72,273670,0.7387958410713422,2,Alto,59.995799999999996,-16.135070495650393,5865,No
73,273680,0.7387958410713422,2,Alto,59.995799999999996,-16.135070495650393,5866,No
74,440060,0.041237113402061855,7,Bajo,35.955,-24.703463917525774,8688,No
75,388510,0.030010172939979655,7,Bajo,70.8,-24.575055951169887,8428,No
76,7340,0.05795454545454545,7,Bajo,109.443546,-23.731449807727273,7108,No
77,142300,0.9367088607594937,1,Alto,144.87444,2.1410343291139213,4872,Sí
78,306790,0.9367088607594937,1,Alto,115.682526,-3.3278305721518997,5134,No
79,260370,0.6460905349794238,3,Alto,69.7468176,-15.987448260740742,5852,No
80,293380,0.8616298022399826,1,Alto,71.856,-12.617345786048762,5621,No
81,157990,0.023278722920911196,7,Bajo,166.5,-24.224818526733657,7576,No
82,521360,0.0001,10,Bajo,180.0,-24.9964,9969,No
83,586430,0.4155701754385965,5,Medio,0.03,-24.99750657894737,9970,No
84,586440,0.4155701754385965,5,Medio,0.03,-24.99750657894737,9971,No
85,624030,0.0038314176245210726,8,Bajo,210.0,-24.839080459770116,9038,No
86,662750,0.0002443195699975568,9,Bajo,180.0,-24.991204495480087,9955,No
87,716860,0.0002443195699975568,9,Bajo,180.0,-24.991204495480087,9956,No
88,717470,0.0002443195699975568,9,Bajo,180.0,-24.991204495480087,9957,No
89,859730,0.029005524861878452,7,Bajo,210.0,-23.781767955801104,7133,No
90,859740,0.029005524861878452,7,Bajo,210.0,-23.781767955801104,7134,No
91,859750,0.029005524861878452,7,Bajo,210.0,-23.781767955801104,7135,No
92,859760,0.029005524861878452,7,Bajo,210.0,-23.781767955801104,7136,No
93,206270,0.09523446674658179,6,Bajo,130.79999999999998,-22.50866634990942,6672,No
94,126240,0.11963479492106192,6,Bajo,88.5,-22.882464129897205,6774,No
95,144860,0.5073907658875524,4,Alto,166.5,-8.103887495944505,5356,No
96,121050,0.18428888849113062,6,Bajo,130.79999999999998,-20.179002677072024,6245,No
97,724520,0.577212020033389,3,Alto,88.5,-14.783347245409013,5772,No
98,90880,0.13476962978634788,6,Bajo,130.79999999999998,-21.47442648478914,6467,No
99,218350,0.95578231292517,1,Alto,166.5,6.8275510204081655,4658,Sí
100,338120,0.4830208249299662,4,Medio,166.5,-8.915406529832126,5382,No
101,284710,0.3659767298402987,5,Medio,166.5,-12.812974896318051,5622,No
102,300820,0.9643635135789099,1,Alto,90.0,-7.641456755579622,5337,No
103,341140,0.6337298146673324,3,Alto,166.5,-3.8967971715778305,5155,No
104,88570,0.7387958410713422,2,Alto,166.5,-0.3980984923243014,4966,No
105,154390,0.9643635135789099,1,Alto,90.0,-7.641456755579622,5338,No
106,289770,0.9748713797272744,1,Alto,166.5,7.463216944918244,4632,Sí
107,99440,0.3064157764943565,5,Medio,166.5,-14.79635464273793,5773,No
108,63290,0.8616298022399826,1,Alto,90.0,-9.490663559680312,5425,No
109,286840,0.1105864797301402,6,Bajo,88.5,-23.04261930877652,6817,No
110,165330,0.08862601989521858,6,Bajo,130.79999999999998,-22.68154331954108,6715,No
111,326580,0.48966632776888547,4,Medio,130.79999999999998,-12.190328865565958,5597,No
112,77020,0.6980392156862745,3,Alto,166.5,-1.7552941176470576,5031,No
113,92530,0.5417406749555951,4,Alto,130.79999999999998,-10.828063943161634,5515,No
114,272250,0.13476962978634788,6,Bajo,130.79999999999998,-21.47442648478914,6468,No
115,217240,0.09523446674658179,6,Bajo,130.79999999999998,-22.50866634990942,6673,No
116,133010,0.48966632776888547,4,Medio,136.5,-11.632109251909426,5579,No
117,481930,0.21199143468950749,6,Medio,136.5,-19.212633832976444,6135,No
118,25890,0.48966632776888547,4,Medio,130.79999999999998,-12.190328865565958,5598,No
119,111860,0.2821741113702567,5,Medio,88.5,-20.005518228746457,6210,No
120,132030,0.776685393258427,2,Alto,88.5,-11.25266853932584,5542,No
121,132040,0.6460905349794238,3,Alto,88.5,-13.564197530864199,5662,No
122,149470,0.8339060710194731,2,Alto,88.5,-10.239862542955326,5474,No
123,780940,0.17019027484143764,6,Bajo,88.5,-21.987632135306555,6540,No
124,33650,0.9367088607594937,1,Alto,130.5,-0.5518987341772146,4985,No
125,175900,0.2821741113702567,5,Medio,166.5,-15.603602091370451,5839,No
126,115610,0.13476962978634788,6,Bajo,130.79999999999998,-21.47442648478914,6469,No
127,132350,0.08862601989521858,6,Bajo,130.79999999999998,-22.68154331954108,6716,No
128,227230,0.3992828611200487,5,Medio,130.79999999999998,-14.554760353099526,5764,No
129,237530,0.3992828611200487,5,Medio,130.79999999999998,-14.554760353099526,5765,No
130,251440,0.577212020033389,3,Alto,130.79999999999998,-9.900133555926544,5457,No
131,252780,0.3992828611200487,5,Medio,130.79999999999998,-14.554760353099526,5766,No
132,265410,0.08862601989521858,6,Bajo,130.79999999999998,-22.68154331954108,6717,No
133,282560,0.7387958410713422,2,Alto,130.79999999999998,-5.673100797573689,5196,No
134,289060,0.06164428894391478,6,Bajo,130.79999999999998,-23.38738540122719,6963,No
135,302570,0.9005328596802842,1,Alto,130.79999999999998,-1.4420603907637677,5009,No
136,344790,0.4490472245236123,4,Medio,130.79999999999998,-13.252924606462303,5645,No
137,515700,0.577212020033389,3,Alto,166.5,-5.7788397328881445,5199,No
138,204620,0.5841401012556733,3,Alto,166.5,-5.54813462818608,5187,No
139,174460,0.08862601989521858,6,Bajo,88.5,-23.43131944785463,6976,No
140,166760,0.9354838709677419,1,Alto,166.5,6.151612903225807,4675,Sí
141,314010,0.2069237416186202,6,Medio,130.79999999999998,-19.586874919256896,6153,No
142,74430,0.776685393258427,2,Alto,166.5,0.8636235955056222,4945,Sí
143,130800,0.6337298146673324,3,Alto,166.5,-3.8967971715778305,5156,No
144,133860,0.3659767298402987,5,Medio,166.5,-12.812974896318051,5623,No
145,206110,0.7283950617283951,3,Alto,166.5,-0.7444444444444436,4993,No
146,206560,0.14354065541897237,6,Bajo,166.5,-20.220096174548218,6253,No
147,243700,0.3190760218702019,5,Medio,166.5,-14.374768471722277,5758,No
148,580290,0.25,6,Medio,166.5,-16.674999999999997,5882,No
149,624840,0.577212020033389,3,Alto,166.5,-5.7788397328881445,5200,No
150,786450,0.577212020033389,3,Alto,166.5,-5.7788397328881445,5201,No
151,68830,0.08862601989521858,6,Bajo,130.79999999999998,-22.68154331954108,6718,No
152,98660,0.14354065541897237,6,Bajo,130.79999999999998,-21.244976454239684,6449,No
153,100920,0.2586476375832887,5,Medio,130.79999999999998,-18.23377780082117,6055,No
154,122460,0.3372395833333333,5,Medio,130.79999999999998,-16.1778125,5872,No
155,138690,0.06164428894391478,6,Bajo,130.79999999999998,-23.38738540122719,6964,No
156,195720,0.3372395833333333,5,Medio,130.79999999999998,-16.1778125,5873,No
157,202530,0.06164428894391478,6,Bajo,130.79999999999998,-23.38738540122719,6965,No
158,205910,0.3372395833333333,5,Medio,130.79999999999998,-16.1778125,5874,No
159,208090,0.4490472245236123,4,Medio,130.79999999999998,-13.252924606462303,5646,No
160,218680,0.04889864398629347,7,Bajo,130.79999999999998,-23.720811473318562,7090,No
161,222960,0.817966903073286,2,Alto,130.79999999999998,-3.6019858156028377,5146,No
162,224760,0.18428888849113062,6,Bajo,130.79999999999998,-20.179002677072024,6246,No
163,234170,0.09523446674658179,6,Bajo,130.79999999999998,-22.50866634990942,6674,No
164,242970,0.09523446674658179,6,Bajo,130.79999999999998,-22.50866634990942,6675,No
165,247460,0.2069237416186202,6,Medio,130.79999999999998,-19.586874919256896,6154,No
166,248650,0.13476962978634788,6,Bajo,130.79999999999998,-21.47442648478914,6470,No
167,256570,0.2069237416186202,6,Medio,130.79999999999998,-19.586874919256896,6155,No
168,284430,0.04889864398629347,7,Bajo,130.79999999999998,-23.720811473318562,7091,No
169,304460,0.14354065541897237,6,Bajo,130.79999999999998,-21.244976454239684,6450,No
170,331130,0.0670131338066097,6,Bajo,130.79999999999998,-23.24693641961909,6887,No
171,423630,0.21199143468950749,6,Medio,130.79999999999998,-19.454304068522482,6148,No
172,533280,0.3372395833333333,5,Medio,130.79999999999998,-16.1778125,5875,No
173,784590,0.3372395833333333,5,Medio,130.79999999999998,-16.1778125,5876,No
174,168780,0.9367088607594937,1,Alto,166.5,6.19240506329114,4666,Sí
175,275400,0.4155701754385965,5,Medio,166.5,-11.161513157894735,5528,No
176,328620,0.2069237416186202,6,Medio,130.79999999999998,-19.586874919256896,6156,No
177,274200,0.39416058394160586,5,Medio,166.5,-11.874452554744524,5587,No
178,285170,0.6728723404255319,3,Alto,166.5,-2.593351063829786,5079,No
179,158090,0.577212020033389,3,Alto,166.5,-5.7788397328881445,5202,No
180,299450,0.9367088607594937,1,Alto,130.79999999999998,-0.49569620253164715,4984,No
181,177250,0.3372395833333333,5,Medio,88.5,-19.030859375,6116,No
182,249060,0.577212020033389,3,Alto,130.79999999999998,-9.900133555926544,5458,No
183,543500,0.4155701754385965,5,Medio,166.5,-11.161513157894735,5529,No
184,305530,0.056463505915230174,7,Bajo,130.79999999999998,-23.52291468525758,7014,No
185,155660,0.7103092783505155,3,Alto,166.5,-1.3467010309278358,5007,No
186,44470,0.48966632776888547,4,Medio,166.5,-8.694111285296113,5379,No
187,231420,0.5404537303534122,4,Alto,166.5,-7.002890779231375,5300,No
188,509050,0.3372395833333333,5,Medio,166.5,-13.769921875000001,5672,No
189,509060,0.3372395833333333,5,Medio,166.5,-13.769921875000001,5673,No
190,277880,0.8616298022399826,1,Alto,166.5,3.6922724145914216,4810,Sí
191,38860,0.7387958410713422,2,Alto,166.5,-0.3980984923243014,4967,No
192,66460,0.9643635135789099,1,Alto,166.5,7.113305002177704,4638,Sí
193,98350,0.7387958410713422,2,Alto,166.5,-0.3980984923243014,4968,No
194,99590,0.9806451612903225,1,Alto,166.5,7.655483870967743,4610,Sí
195,106480,0.9806451612903225,1,Alto,166.5,7.655483870967743,4611,Sí
196,111420,0.9806451612903225,1,Alto,166.5,7.655483870967743,4612,Sí
197,320000,0.9367088607594937,1,Alto,166.5,6.19240506329114,4667,Sí
198,564250,0.3551617873651772,5,Medio,166.5,-13.1731124807396,5641,No
199,599220,0.577212020033389,3,Alto,166.5,-5.7788397328881445,5203,No
200,599230,0.577212020033389,3,Alto,166.5,-5.7788397328881445,5204,No
201,593270,0.4155701754385965,5,Medio,166.5,-11.161513157894735,5530,No
202,355460,0.5417406749555951,4,Alto,166.5,-6.960035523978682,5298,No
203,4680,0.5073907658875524,4,Alto,166.5,-8.103887495944505,5357,No
204,11260,0.6337298146673324,3,Alto,166.5,-3.8967971715778305,5157,No
205,21820,0.20909090909090908,6,Medio,166.5,-18.03727272727273,6022,No
206,22260,0.13483146067415727,6,Bajo,166.5,-20.51011235955056,6285,No
207,41450,0.7387958410713422,2,Alto,166.5,-0.3980984923243014,4969,No
208,59480,0.5841401012556733,3,Alto,166.5,-5.54813462818608,5188,No
209,62500,0.48966632776888547,4,Medio,166.5,-8.694111285296113,5380,No
210,95730,0.672451290504297,3,Alto,166.5,-2.60737202620691,5082,No
211,96050,0.805102752829306,2,Alto,166.5,1.809921669215889,4919,Sí
212,101310,0.7387958410713422,2,Alto,166.5,-0.3980984923243014,4970,No
213,102540,0.672451290504297,3,Alto,166.5,-2.60737202620691,5083,No
214,123400,0.9929873772791024,1,Alto,166.5,8.066479663394112,4593,Sí
215,125260,0.056463505915230174,7,Bajo,166.5,-23.119765253022834,6831,No
216,125410,0.672451290504297,3,Alto,166.5,-2.60737202620691,5084,No
217,137640,0.98046875,1,Alto,166.5,7.649609375000004,4614,Sí
218,142390,0.7387958410713422,2,Alto,166.5,-0.3980984923243014,4971,No
219,151250,0.7387958410713422,2,Alto,166.5,-0.3980984923243014,4972,No
220,175720,0.7387958410713422,2,Alto,166.5,-0.3980984923243014,4973,No
221,184900,0.98046875,1,Alto,166.5,7.649609375000004,4615,Sí
222,256590,0.805102752829306,2,Alto,166.5,1.809921669215889,4920,Sí
223,268470,0.805102752829306,2,Alto,166.5,1.809921669215889,4921,Sí
224,277370,0.805102752829306,2,Alto,166.5,1.809921669215889,4922,Sí
225,305510,0.805102752829306,2,Alto,166.5,1.809921669215889,4923,Sí
226,309830,0.805102752829306,2,Alto,166.5,1.809921669215889,4924,Sí
227,316850,0.05795454545454545,7,Bajo,166.5,-23.070113636363637,6821,No
228,327210,0.9806451612903225,1,Alto,166.5,7.655483870967743,4613,Sí
229,339500,0.39416058394160586,5,Medio,166.5,-11.874452554744524,5588,No
230,353310,0.17019027484143764,6,Bajo,166.5,-19.332663847780125,6137,No
231,358260,0.17019027484143764,6,Bajo,166.5,-19.332663847780125,6138,No
232,428130,0.041237113402061855,7,Bajo,166.5,-23.62680412371134,7066,No
233,428620,0.041237113402061855,7,Bajo,166.5,-23.62680412371134,7067,No
234,428830,0.20909090909090908,6,Medio,166.5,-18.03727272727273,6023,No
235,637090,0.05795454545454545,7,Bajo,166.5,-23.070113636363637,6822,No
236,638090,0.13483146067415727,6,Bajo,166.5,-20.51011235955056,6286,No
237,677970,0.21199143468950749,6,Medio,166.5,-17.9406852248394,6002,No
238,742410,0.00395882818685669,8,Bajo,166.5,-24.868171021377673,9127,No
239,131000,0.9063923662873214,1,Alto,166.5,5.182865797367807,4739,Sí
240,636130,0.17019027484143764,6,Bajo,166.5,-19.332663847780125,6139,No
241,638040,0.17485265225933203,6,Bajo,166.5,-19.177406679764243,6118,No
242,854860,0.17019027484143764,6,Bajo,166.5,-19.332663847780125,6140,No
243,858100,0.17019027484143764,6,Bajo,166.5,-19.332663847780125,6141,No
244,210030,0.672451290504297,3,Alto,166.5,-2.60737202620691,5085,No
245,50030,0.5841401012556733,3,Alto,90.0,-14.48547817739788,5761,No
246,335960,0.7387958410713422,2,Alto,166.5,-0.3980984923243014,4974,No
247,318490,0.672451290504297,3,Alto,166.5,-2.60737202620691,5086,No
248,187110,0.577212020033389,3,Alto,130.79999999999998,-9.900133555926544,5459,No
249,111170,0.5417406749555951,4,Alto,166.5,-6.960035523978682,5299,No
250,170410,0.7387958410713422,2,Alto,166.5,-0.3980984923243014,4975,No
251,276250,0.09523446674658179,6,Bajo,130.79999999999998,-22.50866634990942,6676,No
252,205270,0.672451290504297,3,Alto,166.5,-2.60737202620691,5087,No
253,181770,0.672451290504297,3,Alto,166.5,-2.60737202620691,5088,No
254,197760,0.672451290504297,3,Alto,166.5,-2.60737202620691,5089,No
255,122270,0.03771737858070131,7,Bajo,130.79999999999998,-24.013313376328853,7413,No
256,299150,0.13483146067415727,6,Bajo,166.5,-20.51011235955056,6287,No
257,12410,0.672451290504297,3,Alto,166.5,-2.60737202620691,5090,No
258,18990,0.672451290504297,3,Alto,166.5,-2.60737202620691,5091,No
259,26650,0.672451290504297,3,Alto,166.5,-2.60737202620691,5092,No
260,29290,0.672451290504297,3,Alto,166.5,-2.60737202620691,5093,No
261,75810,0.6337298146673324,3,Alto,166.5,-3.8967971715778305,5158,No
262,124880,0.5841401012556733,3,Alto,166.5,-5.54813462818608,5189,No
263,125630,0.5841401012556733,3,Alto,166.5,-5.54813462818608,5190,No
264,128100,0.805102752829306,2,Alto,166.5,1.809921669215889,4925,Sí
265,130410,0.5841401012556733,3,Alto,166.5,-5.54813462818608,5191,No
266,142510,0.5841401012556733,3,Alto,166.5,-5.54813462818608,5192,No
267,145720,0.8616298022399826,1,Alto,166.5,3.6922724145914216,4811,Sí
268,172040,0.7387958410713422,2,Alto,166.5,-0.3980984923243014,4976,No
269,178770,0.9148387096774193,1,Alto,166.5,5.4641290322580645,4696,Sí
270,181060,0.9148387096774193,1,Alto,166.5,5.4641290322580645,4697,Sí
271,194720,0.3551617873651772,5,Medio,166.5,-13.1731124807396,5642,No
272,197440,0.3551617873651772,5,Medio,166.5,-13.1731124807396,5643,No
273,219700,0.13476962978634788,6,Bajo,166.5,-20.512171328114615,6289,No
274,279620,0.40280847746150794,5,Medio,166.5,-11.586477700531786,5573,No
275,279650,0.40280847746150794,5,Medio,166.5,-11.586477700531786,5574,No
276,280840,0.40280847746150794,5,Medio,166.5,-11.586477700531786,5575,No
277,358090,0.11088295687885011,6,Bajo,166.5,-21.307597535934292,6460,No
278,681430,0.4155701754385965,5,Medio,166.5,-11.161513157894735,5531,No
279,682760,0.4155701754385965,5,Medio,166.5,-11.161513157894735,5532,No
280,683190,0.4155701754385965,5,Medio,166.5,-11.161513157894735,5533,No
281,683330,0.4155701754385965,5,Medio,166.5,-11.161513157894735,5534,No
282,684300,0.00395882818685669,8,Bajo,166.5,-24.868171021377673,9128,No
283,55660,0.672451290504297,3,Alto,166.5,-2.60737202620691,5094,No
284,56470,0.4830208249299662,4,Medio,166.5,-8.915406529832126,5383,No
285,61000,0.7387958410713422,2,Alto,166.5,-0.3980984923243014,4977,No
286,67420,0.672451290504297,3,Alto,166.5,-2.60737202620691,5095,No
287,95090,0.98046875,1,Alto,166.5,7.649609375000004,4616,Sí
288,97310,0.4830208249299662,4,Medio,166.5,-8.915406529832126,5384,No
289,137900,0.40280847746150794,5,Medio,166.5,-11.586477700531786,5576,No
290,167430,0.9929873772791024,1,Alto,166.5,8.066479663394112,4594,Sí
291,241490,0.9367088607594937,1,Alto,166.5,6.19240506329114,4668,Sí
292,250280,0.9367088607594937,1,Alto,166.5,6.19240506329114,4669,Sí
293,260290,0.9367088607594937,1,Alto,166.5,6.19240506329114,4670,Sí
294,358180,0.041237113402061855,7,Bajo,166.5,-23.62680412371134,7068,No
295,360580,0.041237113402061855,7,Bajo,166.5,-23.62680412371134,7069,No
296,431830,0.3551617873651772,5,Medio,166.5,-13.1731124807396,5644,No
297,446990,0.6728723404255319,3,Alto,166.5,-2.593351063829786,5080,No
298,740620,0.08709016393442623,6,Bajo,166.5,-22.099897540983605,6558,No
299,740840,0.08709016393442623,6,Bajo,166.5,-22.099897540983605,6559,No
300,326160,0.21199143468950749,6,Medio,166.5,-17.9406852248394,6003,No
301,21410,0.9643635135789099,1,Alto,166.5,7.113305002177704,4639,Sí
302,179690,0.48966632776888547,4,Medio,88.5,-16.332905998490727,5878,No
303,215920,0.4490472245236123,4,Medio,166.5,-10.04672742336371,5462,No
304,681700,0.08191489361702127,6,Bajo,166.5,-22.27223404255319,6598,No
305,183790,0.8339060710194731,2,Alto,166.5,2.769072164948458,4837,Sí
306,197920,0.7103092783505155,3,Alto,166.5,-1.3467010309278358,5008,No
307,199850,0.7792207792207793,2,Alto,166.5,0.9480519480519511,4943,Sí
308,189060,0.2069237416186202,6,Medio,166.5,-18.109439404099945,6037,No
309,245730,0.08709016393442623,6,Bajo,166.5,-22.099897540983605,6560,No
310,642770,0.11088295687885011,6,Bajo,166.5,-21.307597535934292,6461,No
311,812100,0.00395882818685669,8,Bajo,166.5,-24.868171021377673,9129,No
312,813110,0.00395882818685669,8,Bajo,166.5,-24.868171021377673,9130,No
313,132990,0.09523446674658179,6,Bajo,88.5,-23.3143499385855,6903,No
314,294240,0.04889864398629347,7,Bajo,88.5,-24.134494001442604,7487,No
315,680290,0.4155701754385965,5,Medio,130.79999999999998,-14.128684210526316,5684,No
316,847510,0.08191489361702127,6,Bajo,130.79999999999998,-22.857106382978724,6763,No
317,212890,0.7387958410713422,2,Alto,90.0,-11.701674860715839,5583,No
318,304800,0.3992828611200487,5,Medio,88.5,-17.932693358175136,6001,No
319,487700,0.3372395833333333,5,Medio,166.5,-13.769921875000001,5674,No
320,18160,0.17019027484143764,6,Bajo,166.5,-19.332663847780125,6142,No
321,58980,0.2069237416186202,6,Medio,166.5,-18.109439404099945,6038,No
322,70760,0.13476962978634788,6,Bajo,166.5,-20.512171328114615,6290,No
323,95310,0.6700336700336701,3,Alto,166.5,-2.6878787878787875,5097,No
324,388420,0.17019027484143764,6,Bajo,166.5,-19.332663847780125,6143,No
325,401120,0.17019027484143764,6,Bajo,166.5,-19.332663847780125,6144,No
326,596580,0.01694915254237288,7,Bajo,166.5,-24.435593220338983,8098,No
327,244780,0.059888151779936734,7,Bajo,88.5,-23.93997971349512,7241,No
328,263440,0.059888151779936734,7,Bajo,88.5,-23.93997971349512,7242,No
329,265310,0.46200475757751447,4,Medio,88.5,-16.822515790877993,5890,No
330,93270,0.03771737858070131,7,Bajo,130.79999999999998,-24.013313376328853,7414,No
331,239730,0.03892086675698259,7,Bajo,130.79999999999998,-23.981830125637334,7380,No
332,262640,0.04889864398629347,7,Bajo,130.79999999999998,-23.720811473318562,7092,No
333,733840,0.08191489361702127,6,Bajo,130.79999999999998,-22.857106382978724,6764,No
334,789370,0.23846153846153842,6,Medio,130.79999999999998,-18.761846153846157,6108,No
335,277840,0.11963479492106192,6,Bajo,130.79999999999998,-21.87035376486502,6521,No
336,338260,0.49535603715170295,4,Medio,130.79999999999998,-12.041486068111453,5591,No
337,626260,0.4490472245236123,4,Medio,130.79999999999998,-13.252924606462303,5647,No
338,7630,0.2069237416186202,6,Medio,166.5,-18.109439404099945,6039,No
339,47410,0.2069237416186202,6,Medio,166.5,-18.109439404099945,6040,No
340,210730,0.5404537303534122,4,Alto,166.5,-7.002890779231375,5301,No
341,226600,0.5404537303534122,4,Alto,166.5,-7.002890779231375,5302,No
342,441890,0.2731707317073171,5,Medio,166.5,-15.90341463414634,5850,No
343,746980,0.002488654662567706,8,Bajo,166.5,-24.917127799736495,9307,No
344,583700,0.060294117647058824,6,Bajo,130.79999999999998,-23.42270588235294,6973,No
345,232050,0.2527472527472528,6,Medio,166.5,-16.583516483516483,5881,No
346,341240,0.9056043180256583,1,Alto,166.5,5.156623790254425,4742,Sí
347,724400,0.00395882818685669,8,Bajo,166.5,-24.868171021377673,9131,No
348,31990,0.03771737858070131,7,Bajo,130.79999999999998,-24.013313376328853,7415,No
349,740400,0.030010172939979655,7,Bajo,166.5,-24.000661241098676,7406,No
350,182160,0.049057130069620085,7,Bajo,88.5,-24.131688797767723,7480,No
351,275060,0.7387958410713422,2,Alto,166.5,-0.3980984923243014,4978,No
352,289780,0.805102752829306,2,Alto,166.5,1.809921669215889,4926,Sí
353,92270,0.805102752829306,2,Alto,90.0,-10.508150449072492,5499,No
354,738810,0.041237113402061855,7,Bajo,88.5,-24.270103092783504,7606,No
355,765490,0.002098635886673662,9,Bajo,166.5,-24.930115424973767,9388,No
356,856090,0.006920415224913495,7,Bajo,166.5,-24.76955017301038,8801,No
357,60430,0.46200475757751447,4,Medio,166.5,-9.615241572668767,5428,No
358,78110,0.5841401012556733,3,Alto,166.5,-5.54813462818608,5193,No
359,406080,0.00395882818685669,8,Bajo,166.5,-24.868171021377673,9132,No
360,432540,0.00395882818685669,8,Bajo,166.5,-24.868171021377673,9133,No
361,432580,0.05795454545454545,7,Bajo,166.5,-23.070113636363637,6823,No
362,432770,0.00395882818685669,8,Bajo,166.5,-24.868171021377673,9134,No
363,433430,0.11088295687885011,6,Bajo,166.5,-21.307597535934292,6462,No
364,436450,0.00395882818685669,8,Bajo,166.5,-24.868171021377673,9135,No
365,437870,0.00395882818685669,8,Bajo,166.5,-24.868171021377673,9136,No
366,628990,0.3372395833333333,5,Medio,166.5,-13.769921875000001,5675,No
367,640750,0.17019027484143764,6,Bajo,166.5,-19.332663847780125,6145,No
368,641150,0.13483146067415727,6,Bajo,166.5,-20.51011235955056,6288,No
369,641570,0.17019027484143764,6,Bajo,166.5,-19.332663847780125,6146,No
370,643260,0.030010172939979655,7,Bajo,166.5,-24.000661241098676,7407,No
371,745900,0.035,7,Bajo,166.5,-23.8345,7168,No
372,861670,0.00395882818685669,8,Bajo,166.5,-24.868171021377673,9137,No
373,862060,0.00395882818685669,8,Bajo,166.5,-24.868171021377673,9138,No
374,157670,0.9063923662873214,1,Alto,166.5,5.182865797367807,4740,Sí
375,169540,0.008152756521255895,7,Bajo,166.5,-24.72851320784218,8699,No
376,806870,0.0038314176245210726,8,Bajo,166.5,-24.872413793103448,9145,No
377,792690,0.00395882818685669,8,Bajo,166.5,-24.868171021377673,9139,No
378,144580,0.9643635135789099,1,Alto,166.5,7.113305002177704,4640,Sí
379,452130,0.20909090909090908,6,Medio,166.5,-18.03727272727273,6024,No
380,274560,0.9367088607594937,1,Alto,166.5,6.19240506329114,4671,Sí
381,637960,0.08191489361702127,6,Bajo,166.5,-22.27223404255319,6599,No
382,424610,0.01694915254237288,7,Bajo,130.79999999999998,-24.556610169491524,8412,No
383,424720,0.13483146067415727,6,Bajo,130.79999999999998,-21.472808988764047,6466,No
384,449270,0.030010172939979655,7,Bajo,130.79999999999998,-24.214933875890132,7568,No
385,461540,0.030010172939979655,7,Bajo,130.79999999999998,-24.214933875890132,7569,No
386,595870,0.035,7,Bajo,130.79999999999998,-24.0844,7445,No
387,793090,0.030010172939979655,7,Bajo,130.79999999999998,-24.214933875890132,7570,No
388,788510,0.029005524861878452,7,Bajo,166.5,-24.034116022099447,7430,No
389,181070,0.9643635135789099,1,Alto,166.5,7.113305002177704,4641,Sí
390,143730,0.6726065487192594,3,Alto,166.5,-2.6022019276486645,5081,No
391,289130,0.2069237416186202,6,Medio,166.5,-18.109439404099945,6041,No
392,291820,0.2069237416186202,6,Medio,166.5,-18.109439404099945,6042,No
393,313930,0.2069237416186202,6,Medio,166.5,-18.109439404099945,6043,No
394,315770,0.056463505915230174,7,Bajo,166.5,-23.119765253022834,6832,No
395,315870,0.056463505915230174,7,Bajo,166.5,-23.119765253022834,6833,No
396,325460,0.060715387360029995,6,Bajo,166.5,-22.978177600911,6799,No
397,754400,0.17019027484143764,6,Bajo,90.0,-21.936575052854124,6527,No
398,132140,0.08709016393442623,6,Bajo,88.5,-23.458504098360656,6985,No
399,169400,0.17019027484143764,6,Bajo,88.5,-21.987632135306555,6541,No
400,376940,0.0007462686567164179,9,Bajo,130.79999999999998,-24.980477611940298,9936,No
401,255510,0.03771737858070131,7,Bajo,88.5,-24.332402399121587,7695,No
402,305230,0.2069237416186202,6,Medio,88.5,-21.33744977335042,6463,No
403,432040,0.17019027484143764,6,Bajo,88.5,-21.987632135306555,6542,No
404,552420,0.015706806282722516,7,Bajo,88.5,-24.721989528795813,8695,No
405,592240,0.015706806282722516,7,Bajo,130.79999999999998,-24.58910994764398,8444,No
406,593930,0.015706806282722516,7,Bajo,130.79999999999998,-24.58910994764398,8445,No
407,785250,0.002488654662567706,8,Bajo,166.5,-24.917127799736495,9308,No
408,434000,0.006359300476947535,7,Bajo,130.79999999999998,-24.833640699523052,9027,No
409,309930,0.4155701754385965,5,Medio,166.5,-11.161513157894735,5535,No
410,350280,0.015706806282722516,7,Bajo,130.79999999999998,-24.58910994764398,8446,No
411,337530,0.5841401012556733,3,Alto,90.0,-14.48547817739788,5762,No
412,809890,0.030010172939979655,7,Bajo,166.5,-24.000661241098676,7408,No
413,355560,0.002098635886673662,9,Bajo,130.79999999999998,-24.945099685204617,9599,No
414,356650,0.0014742014742014742,9,Bajo,130.79999999999998,-24.96143488943489,9726,No
415,542110,0.006359300476947535,7,Bajo,130.79999999999998,-24.833640699523052,9028,No
416,681420,0.0014742014742014742,9,Bajo,130.79999999999998,-24.96143488943489,9727,No
417,683470,0.002488654662567706,8,Bajo,130.79999999999998,-24.934896794027228,9423,No
418,799050,0.002488654662567706,8,Bajo,130.79999999999998,-24.934896794027228,9424,No
419,806060,0.009259259259259259,7,Bajo,130.79999999999998,-24.75777777777778,8785,No
420,451660,0.006920415224913495,7,Bajo,166.5,-24.76955017301038,8802,No
421,749540,0.002488654662567706,8,Bajo,166.5,-24.917127799736495,9309,No
422,750530,0.009259259259259259,7,Bajo,130.79999999999998,-24.75777777777778,8786,No
423,243570,0.999476961593071,1,Alto,166.5,8.28258282104926,4587,Sí
424,664360,0.002488654662567706,8,Bajo,166.5,-24.917127799736495,9310,No
425,684760,0.002488654662567706,8,Bajo,130.79999999999998,-24.934896794027228,9425,No
426,337200,0.5841401012556733,3,Alto,90.0,-14.48547817739788,5763,No
427,546320,0.0038314176245210726,8,Bajo,130.79999999999998,-24.89977011494253,9235,No
428,646630,0.030010172939979655,7,Bajo,88.5,-24.46881993896236,8230,No
429,306460,0.7387958410713422,2,Alto,90.0,-11.701674860715839,5584,No
430,682350,0.002488654662567706,8,Bajo,166.5,-24.917127799736495,9311,No
431,49140,0.049057130069620085,7,Bajo,166.5,-23.366397568681652,6955,No
432,669710,0.0002443195699975568,9,Bajo,166.5,-24.991864158319082,9959,No
433,480590,0.006920415224913495,7,Bajo,166.5,-24.76955017301038,8803,No
434,746430,0.002488654662567706,8,Bajo,130.79999999999998,-24.934896794027228,9426,No
435,805720,0.08191489361702127,6,Bajo,130.79999999999998,-22.857106382978724,6765,No
436,863620,0.006359300476947535,7,Bajo,166.5,-24.788235294117648,8839,No
437,265840,0.023278722920911196,7,Bajo,88.5,-24.587966604299872,8443,No
438,741810,0.002488654662567706,8,Bajo,88.5,-24.95595081247255,9662,No
439,331490,0.672451290504297,3,Alto,90.0,-12.895876770922653,5632,No
440,516060,0.0014742014742014742,9,Bajo,130.79999999999998,-24.96143488943489,9728,No
441,817530,0.041237113402061855,7,Bajo,130.79999999999998,-23.92123711340206,7225,No
442,802070,0.002488654662567706,8,Bajo,88.5,-24.95595081247255,9663,No
443,644890,0.002488654662567706,8,Bajo,166.5,-24.917127799736495,9312,No
444,645490,0.002488654662567706,8,Bajo,166.5,-24.917127799736495,9313,No
445,647420,0.002488654662567706,8,Bajo,166.5,-24.917127799736495,9314,No
446,355700,0.002488654662567706,8,Bajo,88.5,-24.95595081247255,9664,No
447,509760,0.006359300476947535,7,Bajo,166.5,-24.788235294117648,8840,No
448,510510,0.006359300476947535,7,Bajo,166.5,-24.788235294117648,8841,No
449,520770,0.002488654662567706,8,Bajo,88.5,-24.95595081247255,9665,No
450,853140,0.0014742014742014742,9,Bajo,181.5,-24.946486486486485,9600,No
451,633840,0.002098635886673662,9,Bajo,151.5,-24.93641133263379,9524,No
452,593870,0.0014742014742014742,9,Bajo,166.5,-24.95090909090909,9638,No
453,470220,0.002488654662567706,8,Bajo,88.5,-24.95595081247255,9666,No
454,460570,0.0014742014742014742,9,Bajo,88.5,-24.973906633906633,9896,No
455,853150,0.0007462686567164179,9,Bajo,181.5,-24.972910447761194,9790,No
456,247750,0.7387958410713422,2,Alto,90.0,-11.701674860715839,5585,No
457,649140,0.00395882818685669,8,Bajo,210.0,-24.83372921615202,9029,No
458,649150,0.00395882818685669,8,Bajo,210.0,-24.83372921615202,9030,No
459,51910,0.18428888849113062,6,Bajo,90.0,-21.68280000715965,6499,No
460,59620,0.18428888849113062,6,Bajo,90.0,-21.68280000715965,6500,No
461,15420,0.023278722920911196,7,Bajo,129.0,-24.39940894864049,8077,No
462,226460,0.7387958410713422,2,Alto,129.0,-5.939067300359369,5228,No
463,248990,0.13225621613271665,6,Bajo,130.79999999999998,-21.540177385968132,6488,No
464,254870,0.4325937092181664,4,Medio,90.0,-17.213313234073006,5950,No
465,429390,0.0002443195699975568,9,Bajo,181.5,-24.99113119960909,9954,No
466,467360,0.25,6,Medio,130.79999999999998,-18.46,6061,No
467,608230,0.030010172939979655,7,Bajo,88.5,-24.46881993896236,8231,No
468,763660,0.08191489361702127,6,Bajo,130.5,-22.862021276595744,6766,No
469,65670,0.9702233250620348,1,Alto,0.0,-25.0,9987,No
470,25820,0.9367088607594937,1,Alto,133.10999999999999,-0.06293670886076086,4958,No
471,28630,0.9702233250620348,1,Alto,133.10999999999999,0.8292853598014887,4948,Sí
472,84840,0.9999,1,Alto,0.0,-25.0,9988,No
473,310500,0.95578231292517,1,Alto,164.48232,6.441858448979591,4663,Sí
474,211340,0.9999,1,Alto,0.0,-25.0,9989,No
475,220820,0.9999,1,Alto,0.0,-25.0,9990,No
476,110800,0.98046875,1,Alto,130.593195,0.6085093320312538,4955,Sí
477,610900,0.0002443195699975568,9,Bajo,178.33648499999998,-24.991285781333985,9958,No
478,90900,0.13476962978634788,6,Bajo,96.288,-22.404660377426428,6657,No
479,49310,0.3551617873651772,5,Medio,143.36726399999998,-14.816285253620958,5774,No
480,9990,0.8339060710194731,2,Alto,145.188,-0.7853690721649471,4994,No
481,362020,0.009259259259259259,7,Bajo,80.676,-24.8506,9079,No
482,362700,0.009259259259259259,7,Bajo,80.676,-24.8506,9080,No
483,362750,0.009259259259259259,7,Bajo,80.676,-24.8506,9081,No
484,73390,0.9999,1,Alto,0.0,-25.0,9991,No
485,655000,0.9367088607594937,1,Alto,150.86853299999999,3.2639783341772137,4828,Sí
486,222890,0.9367088607594937,1,Alto,146.407653,2.428269169620254,4858,Sí
487,153070,0.059888151779936734,7,Bajo,156.96,-23.119991139324227,6834,No
488,224770,0.577212020033389,3,Alto,156.96,-6.880160267111851,5294,No
489,249270,0.5073907658875524,4,Alto,199.79999999999998,-4.724664995133409,5176,No
490,385210,0.00395882818685669,8,Bajo,199.79999999999998,-24.841805225653207,9065,No
491,264000,0.5073907658875524,4,Alto,199.79999999999998,-4.724664995133409,5177,No
492,283170,0.5073907658875524,4,Alto,199.79999999999998,-4.724664995133409,5178,No
493,27680,0.9367088607594937,1,Alto,199.79999999999998,12.430886075949367,4345,Sí
494,288470,0.03771737858070131,7,Bajo,156.96,-23.815976051594625,7155,No
495,317850,0.03771737858070131,7,Bajo,156.96,-23.815976051594625,7156,No
496,592360,0.08709016393442623,6,Bajo,199.79999999999998,-21.519877049180327,6486,No
497,108960,0.3190760218702019,5,Medio,199.79999999999998,-12.249722166066732,5600,No
498,294100,0.9063923662873214,1,Alto,199.79999999999998,11.219438956841365,4440,Sí
499,53840,0.3992828611200487,5,Medio,199.79999999999998,-9.044656869642855,5392,No
500,360960,0.08709016393442623,6,Bajo,199.79999999999998,-21.519877049180327,6487,No
501,324880,0.7103092783505155,3,Alto,261.0,12.078144329896908,4374,Sí
502,341880,0.6460905349794238,3,Alto,261.0,8.725925925925921,4573,Sí
503,344590,0.4490472245236123,4,Medio,261.0,-1.5597348798674382,5023,No
504,346150,0.6728723404255319,3,Alto,261.0,10.123936170212772,4495,Sí
505,404190,0.4490472245236123,4,Medio,261.0,-1.5597348798674382,5024,No
506,415660,0.13846153846153847,6,Bajo,261.0,-17.77230769230769,5999,No
507,417670,0.776685393258427,2,Alto,261.0,15.542977528089892,4230,Sí
508,418900,0.4155701754385965,5,Medio,261.0,-3.3072368421052616,5130,No
509,418990,0.4490472245236123,4,Medio,261.0,-1.5597348798674382,5025,No
510,419240,0.577212020033389,3,Alto,261.0,5.130467445742909,4743,Sí
511,468280,0.22448979591836735,6,Medio,261.0,-13.281632653061223,5650,No
512,473000,0.23846153846153842,6,Medio,261.0,-12.552307692307695,5619,No
513,475080,0.6460905349794238,3,Alto,261.0,8.725925925925921,4574,Sí
514,515860,0.7103092783505155,3,Alto,261.0,12.078144329896908,4375,Sí
515,560620,0.577212020033389,3,Alto,261.0,5.130467445742909,4744,Sí
516,561340,0.577212020033389,3,Alto,261.0,5.130467445742909,4745,Sí
517,561600,0.577212020033389,3,Alto,261.0,5.130467445742909,4746,Sí
518,582090,0.4490472245236123,4,Medio,261.0,-1.5597348798674382,5026,No
519,620030,0.577212020033389,3,Alto,261.0,5.130467445742909,4747,Sí
520,632430,0.577212020033389,3,Alto,261.0,5.130467445742909,4748,Sí
521,674000,0.4155701754385965,5,Medio,261.0,-3.3072368421052616,5131,No
522,690640,0.577212020033389,3,Alto,261.0,5.130467445742909,4749,Sí
523,711740,0.7103092783505155,3,Alto,261.0,12.078144329896908,4376,Sí
524,716690,0.577212020033389,3,Alto,261.0,5.130467445742909,4750,Sí
525,783020,0.3551617873651772,5,Medio,261.0,-6.460554699537752,5272,No
526,809640,0.577212020033389,3,Alto,261.0,5.130467445742909,4751,Sí
527,825860,0.7103092783505155,3,Alto,261.0,12.078144329896908,4377,Sí
528,844650,0.4155701754385965,5,Medio,261.0,-3.3072368421052616,5132,No
529,857780,0.17019027484143764,6,Bajo,261.0,-16.116067653276954,5862,No
530,26380,0.5841401012556733,3,Alto,177.0,-4.321440415549166,5166,No
531,62930,0.7792207792207793,2,Alto,177.0,2.584415584415588,4855,Sí
532,76420,0.17485265225933203,6,Bajo,177.0,-18.810216110019645,6110,No
533,84270,0.2586476375832887,5,Medio,177.0,-15.84387362955158,5846,No
534,88960,0.2069237416186202,6,Medio,177.0,-17.674899546700843,5998,No
535,107920,0.08862601989521858,6,Bajo,177.0,-21.862638895709264,6520,No
536,117010,0.21199143468950749,6,Medio,177.0,-17.495503211991434,5979,No
537,89800,0.2586476375832887,5,Medio,261.59999999999997,-11.467555601642337,5553,No
538,194560,0.9063923662873214,1,Alto,180.0,7.630125186343577,4617,Sí
539,1130,0.15796018829117864,6,Bajo,261.59999999999997,-16.735522948605535,5883,No
540,1300,0.48966632776888547,4,Medio,261.59999999999997,0.6193422688680847,4953,Sí
541,3760,0.3190760218702019,5,Medio,261.59999999999997,-8.30594253575104,5358,No
542,5370,0.3551617873651772,5,Medio,261.59999999999997,-6.417935285053932,5252,No
543,9720,0.9929873772791024,1,Alto,261.59999999999997,26.953099579242632,3715,Sí
544,18480,0.2069237416186202,6,Medio,261.59999999999997,-14.17374983851379,5689,No
545,20280,0.5841401012556733,3,Alto,261.59999999999997,5.562210097696823,4691,Sí
546,28040,0.2795750377350656,5,Medio,261.59999999999997,-10.37263402570137,5478,No
547,29000,0.9367088607594937,1,Alto,261.59999999999997,24.008607594936706,3811,Sí
548,37520,0.3190760218702019,5,Medio,261.59999999999997,-8.30594253575104,5359,No
549,42460,0.776685393258427,2,Alto,261.59999999999997,15.636179775280901,4220,Sí
550,44660,0.3190760218702019,5,Medio,261.59999999999997,-8.30594253575104,5360,No
551,46930,0.18428888849113062,6,Bajo,261.59999999999997,-15.358005354144048,5801,No
552,47710,0.7704280155642024,2,Alto,261.59999999999997,15.308793774319064,4247,Sí
553,51270,0.577212020033389,3,Alto,261.59999999999997,5.199732888146912,4708,Sí
554,53150,0.3190760218702019,5,Medio,261.59999999999997,-8.30594253575104,5361,No
555,53660,0.3388523121209245,5,Medio,261.59999999999997,-7.2712470298332335,5308,No
556,55920,0.13225621613271665,6,Bajo,261.59999999999997,-18.080354771936264,6025,No
557,57060,0.776685393258427,2,Alto,261.59999999999997,15.636179775280901,4221,Sí
558,58350,0.2586476375832887,5,Medio,261.59999999999997,-11.467555601642337,5554,No
559,65630,0.13225621613271665,6,Bajo,261.59999999999997,-18.080354771936264,6026,No
560,66940,0.3372395833333333,5,Medio,261.59999999999997,-7.355625000000003,5312,No
561,70220,0.2586476375832887,5,Medio,261.59999999999997,-11.467555601642337,5555,No
562,74790,0.577212020033389,3,Alto,261.59999999999997,5.199732888146912,4709,Sí
563,75110,0.3372395833333333,5,Medio,261.59999999999997,-7.355625000000003,5313,No
564,78990,0.09523446674658179,6,Bajo,261.59999999999997,-20.01733269981884,6211,No
565,80440,0.13225621613271665,6,Bajo,261.59999999999997,-18.080354771936264,6027,No
566,80980,0.3551617873651772,5,Medio,261.59999999999997,-6.417935285053932,5253,No
567,82480,0.3551617873651772,5,Medio,261.59999999999997,-6.417935285053932,5254,No
568,82580,0.3992828611200487,5,Medio,261.59999999999997,-4.109520706199053,5162,No
569,83810,0.577212020033389,3,Alto,261.59999999999997,5.199732888146912,4710,Sí
570,84110,0.3992828611200487,5,Medio,261.59999999999997,-4.109520706199053,5163,No
571,85700,0.09523446674658179,6,Bajo,261.59999999999997,-20.01733269981884,6212,No
572,86770,0.3659767298402987,5,Medio,261.59999999999997,-5.852097494755572,5205,No
573,86890,0.776685393258427,2,Alto,261.59999999999997,15.636179775280901,4222,Sí
574,87080,0.2586476375832887,5,Medio,261.59999999999997,-11.467555601642337,5556,No
575,90050,0.776685393258427,2,Alto,261.59999999999997,15.636179775280901,4223,Sí
576,90070,0.4490472245236123,4,Medio,261.59999999999997,-1.5058492129246055,5010,No
577,93160,0.8802395209580839,1,Alto,261.59999999999997,21.054131736526948,3973,Sí
578,95680,0.7792207792207793,2,Alto,261.59999999999997,15.76883116883117,4216,Sí
579,95860,0.577212020033389,3,Alto,261.59999999999997,5.199732888146912,4711,Sí
580,96730,0.2069237416186202,6,Medio,261.59999999999997,-14.17374983851379,5690,No
581,97300,0.18428888849113062,6,Bajo,261.59999999999997,-15.358005354144048,5802,No
582,97440,0.7792207792207793,2,Alto,261.59999999999997,15.76883116883117,4217,Sí
583,99740,0.18428888849113062,6,Bajo,261.59999999999997,-15.358005354144048,5803,No
584,100210,0.4155701754385965,5,Medio,261.59999999999997,-3.2573684210526324,5116,No
585,100590,0.2069237416186202,6,Medio,261.59999999999997,-14.17374983851379,5691,No
586,104370,0.18428888849113062,6,Bajo,261.59999999999997,-15.358005354144048,5804,No
587,104910,0.13225621613271665,6,Bajo,261.59999999999997,-18.080354771936264,6028,No
588,116830,0.2069237416186202,6,Medio,261.59999999999997,-14.17374983851379,5692,No
589,117050,0.6728723404255319,3,Alto,261.59999999999997,10.204680851063827,4486,Sí
590,120820,0.11963479492106192,6,Bajo,261.59999999999997,-18.74070752973004,6073,No
591,121580,0.6728723404255319,3,Alto,261.59999999999997,10.204680851063827,4487,Sí
592,121940,0.577212020033389,3,Alto,261.59999999999997,5.199732888146912,4712,Sí
593,123590,0.11963479492106192,6,Bajo,261.59999999999997,-18.74070752973004,6074,No
594,125600,0.776685393258427,2,Alto,261.59999999999997,15.636179775280901,4224,Sí
595,126030,0.577212020033389,3,Alto,261.59999999999997,5.199732888146912,4713,Sí
596,126230,0.13225621613271665,6,Bajo,261.59999999999997,-18.080354771936264,6029,No
597,126370,0.18428888849113062,6,Bajo,261.59999999999997,-15.358005354144048,5805,No
598,126480,0.6460905349794238,3,Alto,261.59999999999997,8.803456790123448,4553,Sí
599,126850,0.46200475757751447,4,Medio,261.59999999999997,-0.8279110835444463,4996,No
600,128220,0.7704280155642024,2,Alto,261.59999999999997,15.308793774319064,4248,Sí
601,129850,0.08862601989521858,6,Bajo,261.59999999999997,-20.363086639082162,6260,No
602,130240,0.09523446674658179,6,Bajo,261.59999999999997,-20.01733269981884,6213,No
603,133230,0.8339060710194731,2,Alto,261.59999999999997,18.629965635738827,4075,Sí
604,136020,0.577212020033389,3,Alto,261.59999999999997,5.199732888146912,4714,Sí
605,136460,0.577212020033389,3,Alto,261.59999999999997,5.199732888146912,4715,Sí
606,137000,0.2586476375832887,5,Medio,261.59999999999997,-11.467555601642337,5557,No
607,138080,0.09523446674658179,6,Bajo,261.59999999999997,-20.01733269981884,6214,No
608,138460,0.3388523121209245,5,Medio,261.59999999999997,-7.2712470298332335,5309,No
609,138780,0.2586476375832887,5,Medio,261.59999999999997,-11.467555601642337,5558,No
610,138980,0.11963479492106192,6,Bajo,261.59999999999997,-18.74070752973004,6075,No
611,139540,0.18428888849113062,6,Bajo,261.59999999999997,-15.358005354144048,5806,No
612,141670,0.2586476375832887,5,Medio,261.59999999999997,-11.467555601642337,5559,No
613,144920,0.6728723404255319,3,Alto,261.59999999999997,10.204680851063827,4488,Sí
614,147620,0.751269035532995,2,Alto,261.59999999999997,14.306395939086293,4301,Sí
615,150280,0.776685393258427,2,Alto,261.59999999999997,15.636179775280901,4225,Sí
616,153200,0.3551617873651772,5,Medio,261.59999999999997,-6.417935285053932,5255,No
617,155390,0.18428888849113062,6,Bajo,261.59999999999997,-15.358005354144048,5807,No
618,156760,0.7103092783505155,3,Alto,261.59999999999997,12.163381443298967,4366,Sí
619,158730,0.11963479492106192,6,Bajo,261.59999999999997,-18.74070752973004,6076,No
620,159360,0.2586476375832887,5,Medio,261.59999999999997,-11.467555601642337,5560,No
621,159710,0.14354065541897237,6,Bajo,261.59999999999997,-17.489952908479367,5970,No
622,161920,0.577212020033389,3,Alto,261.59999999999997,5.199732888146912,4716,Sí
623,162510,0.08862601989521858,6,Bajo,261.59999999999997,-20.363086639082162,6261,No
624,165470,0.9748713797272744,1,Alto,261.59999999999997,26.005270587330998,3783,Sí
625,169600,0.776685393258427,2,Alto,261.59999999999997,15.636179775280901,4226,Sí
626,175880,0.18428888849113062,6,Bajo,261.59999999999997,-15.358005354144048,5808,No
627,180730,0.3064157764943565,5,Medio,261.59999999999997,-8.968326573815272,5385,No
628,181530,0.577212020033389,3,Alto,261.59999999999997,5.199732888146912,4717,Sí
629,182730,0.18428888849113062,6,Bajo,261.59999999999997,-15.358005354144048,5809,No
630,187970,0.1105864797301402,6,Bajo,261.59999999999997,-19.214115380519065,6136,No
631,188220,0.6460905349794238,3,Alto,261.59999999999997,8.803456790123448,4554,Sí
632,188620,0.7103092783505155,3,Alto,261.59999999999997,12.163381443298967,4367,Sí
633,188660,0.6460905349794238,3,Alto,261.59999999999997,8.803456790123448,4555,Sí
634,190140,0.11963479492106192,6,Bajo,261.59999999999997,-18.74070752973004,6077,No
635,191200,0.18428888849113062,6,Bajo,261.59999999999997,-15.358005354144048,5810,No
636,195200,0.577212020033389,3,Alto,261.59999999999997,5.199732888146912,4718,Sí
637,195840,0.11963479492106192,6,Bajo,261.59999999999997,-18.74070752973004,6078,No
638,198350,0.3190760218702019,5,Medio,261.59999999999997,-8.30594253575104,5362,No
639,200200,0.18428888849113062,6,Bajo,261.59999999999997,-15.358005354144048,5811,No
640,201310,0.5417406749555951,4,Alto,261.59999999999997,3.3438721136767313,4813,Sí
641,203980,0.577212020033389,3,Alto,261.59999999999997,5.199732888146912,4719,Sí
642,204340,0.11963479492106192,6,Bajo,261.59999999999997,-18.74070752973004,6079,No
643,204560,0.09523446674658179,6,Bajo,261.59999999999997,-20.01733269981884,6215,No
644,204880,0.15796018829117864,6,Bajo,261.59999999999997,-16.735522948605535,5884,No
645,205740,0.577212020033389,3,Alto,261.59999999999997,5.199732888146912,4720,Sí
646,206370,0.3551617873651772,5,Medio,261.59999999999997,-6.417935285053932,5256,No
647,210820,0.3659767298402987,5,Medio,261.59999999999997,-5.852097494755572,5206,No
648,211500,0.5417406749555951,4,Alto,261.59999999999997,3.3438721136767313,4814,Sí
649,216200,0.3551617873651772,5,Medio,261.59999999999997,-6.417935285053932,5257,No
650,216790,0.2821741113702567,5,Medio,261.59999999999997,-10.23665049310817,5467,No
651,217700,0.2069237416186202,6,Medio,261.59999999999997,-14.17374983851379,5693,No
652,218440,0.3190760218702019,5,Medio,261.59999999999997,-8.30594253575104,5363,No
653,219220,0.4325937092181664,4,Medio,261.59999999999997,-2.366697133705536,5073,No
654,219980,0.2069237416186202,6,Medio,261.59999999999997,-14.17374983851379,5694,No
655,220340,0.4155701754385965,5,Medio,261.59999999999997,-3.2573684210526324,5117,No
656,220670,0.5417406749555951,4,Alto,261.59999999999997,3.3438721136767313,4815,Sí
657,222540,0.11963479492106192,6,Bajo,261.59999999999997,-18.74070752973004,6080,No
658,223260,0.6460905349794238,3,Alto,261.59999999999997,8.803456790123448,4556,Sí
659,224250,0.2586476375832887,5,Medio,261.59999999999997,-11.467555601642337,5561,No
660,224660,0.11963479492106192,6,Bajo,261.59999999999997,-18.74070752973004,6081,No
661,225490,0.3064157764943565,5,Medio,261.59999999999997,-8.968326573815272,5386,No
662,226560,0.8616298022399826,1,Alto,261.59999999999997,20.08047125319589,3988,Sí
663,231200,0.3659767298402987,5,Medio,261.59999999999997,-5.852097494755572,5207,No
664,231500,0.359293050820287,5,Medio,261.59999999999997,-6.201787581082584,5240,No
665,234470,0.13476962978634788,6,Bajo,261.59999999999997,-17.94885296957828,6005,No
666,235090,0.776685393258427,2,Alto,261.59999999999997,15.636179775280901,4227,Sí
667,235560,0.7704280155642024,2,Alto,261.59999999999997,15.308793774319064,4249,Sí
668,236050,0.13225621613271665,6,Bajo,261.59999999999997,-18.080354771936264,6030,No
669,237570,0.13476962978634788,6,Bajo,261.59999999999997,-17.94885296957828,6006,No
670,238230,0.2821741113702567,5,Medio,261.59999999999997,-10.23665049310817,5468,No
671,238790,0.2821741113702567,5,Medio,261.59999999999997,-10.23665049310817,5469,No
672,240160,0.46200475757751447,4,Medio,261.59999999999997,-0.8279110835444463,4997,No
673,240470,0.6460905349794238,3,Alto,261.59999999999997,8.803456790123448,4557,Sí
674,241150,0.2069237416186202,6,Medio,261.59999999999997,-14.17374983851379,5695,No
675,241760,0.577212020033389,3,Alto,261.59999999999997,5.199732888146912,4721,Sí
676,243810,0.98046875,1,Alto,261.59999999999997,26.298125,3762,Sí
677,244060,0.46200475757751447,4,Medio,261.59999999999997,-0.8279110835444463,4998,No
678,244280,0.6980392156862745,3,Alto,261.59999999999997,11.521411764705881,4422,Sí
679,244880,0.14354065541897237,6,Bajo,261.59999999999997,-17.489952908479367,5971,No
680,246610,0.8339060710194731,2,Alto,261.59999999999997,18.629965635738827,4076,Sí
681,248770,0.13476962978634788,6,Bajo,261.59999999999997,-17.94885296957828,6007,No
682,253100,0.11963479492106192,6,Bajo,261.59999999999997,-18.74070752973004,6082,No
683,257440,0.8434959349593496,2,Alto,261.59999999999997,19.131707317073165,4027,Sí
684,259490,0.6728723404255319,3,Alto,261.59999999999997,10.204680851063827,4489,Sí
685,261240,0.08862601989521858,6,Bajo,261.59999999999997,-20.363086639082162,6262,No
686,262990,0.3659767298402987,5,Medio,261.59999999999997,-5.852097494755572,5208,No
687,264650,0.13225621613271665,6,Bajo,261.59999999999997,-18.080354771936264,6031,No
688,269690,0.13476962978634788,6,Bajo,261.59999999999997,-17.94885296957828,6008,No
689,269920,0.3190760218702019,5,Medio,261.59999999999997,-8.30594253575104,5364,No
690,270510,0.09523446674658179,6,Bajo,261.59999999999997,-20.01733269981884,6216,No
691,271960,0.6460905349794238,3,Alto,261.59999999999997,8.803456790123448,4558,Sí
692,273630,0.09523446674658179,6,Bajo,261.59999999999997,-20.01733269981884,6217,No
693,274710,0.2795750377350656,5,Medio,261.59999999999997,-10.37263402570137,5479,No
694,274780,0.08862601989521858,6,Bajo,261.59999999999997,-20.363086639082162,6263,No
695,277360,0.13225621613271665,6,Bajo,261.59999999999997,-18.080354771936264,6032,No
696,278220,0.18428888849113062,6,Bajo,261.59999999999997,-15.358005354144048,5812,No
697,278760,0.2586476375832887,5,Medio,261.59999999999997,-11.467555601642337,5562,No
698,279970,0.3190760218702019,5,Medio,261.59999999999997,-8.30594253575104,5365,No
699,280060,0.08862601989521858,6,Bajo,261.59999999999997,-20.363086639082162,6264,No
700,280830,0.2069237416186202,6,Medio,261.59999999999997,-14.17374983851379,5696,No
701,282570,0.09523446674658179,6,Bajo,261.59999999999997,-20.01733269981884,6218,No
702,283270,0.2586476375832887,5,Medio,261.59999999999997,-11.467555601642337,5563,No
703,286610,0.11963479492106192,6,Bajo,261.59999999999997,-18.74070752973004,6083,No
704,286920,0.2069237416186202,6,Medio,261.59999999999997,-14.17374983851379,5697,No
705,287160,0.3190760218702019,5,Medio,261.59999999999997,-8.30594253575104,5366,No
706,288590,0.2586476375832887,5,Medio,261.59999999999997,-11.467555601642337,5564,No
707,292450,0.09523446674658179,6,Bajo,261.59999999999997,-20.01733269981884,6219,No
708,294260,0.18428888849113062,6,Bajo,261.59999999999997,-15.358005354144048,5813,No
709,295720,0.751269035532995,2,Alto,261.59999999999997,14.306395939086293,4302,Sí
710,296670,0.2586476375832887,5,Medio,261.59999999999997,-11.467555601642337,5565,No
711,297860,0.2069237416186202,6,Medio,261.59999999999997,-14.17374983851379,5698,No
712,299900,0.672451290504297,3,Alto,261.59999999999997,10.182651519184816,4494,Sí
713,302400,0.09523446674658179,6,Bajo,261.59999999999997,-20.01733269981884,6220,No
714,304660,0.2586476375832887,5,Medio,261.59999999999997,-11.467555601642337,5566,No
715,305770,0.2558139534883721,5,Medio,261.59999999999997,-11.615813953488372,5577,No
716,307400,0.3190760218702019,5,Medio,261.59999999999997,-8.30594253575104,5367,No
717,307650,0.09523446674658179,6,Bajo,261.59999999999997,-20.01733269981884,6221,No
718,309560,0.13225621613271665,6,Bajo,261.59999999999997,-18.080354771936264,6033,No
719,311370,0.11963479492106192,6,Bajo,261.59999999999997,-18.74070752973004,6084,No
720,311770,0.4155701754385965,5,Medio,261.59999999999997,-3.2573684210526324,5118,No
721,318660,0.2069237416186202,6,Medio,261.59999999999997,-14.17374983851379,5699,No
722,320960,0.15796018829117864,6,Bajo,261.59999999999997,-16.735522948605535,5885,No
723,324490,0.13476962978634788,6,Bajo,261.59999999999997,-17.94885296957828,6009,No
724,325630,0.11963479492106192,6,Bajo,261.59999999999997,-18.74070752973004,6085,No
725,325820,0.2069237416186202,6,Medio,261.59999999999997,-14.17374983851379,5700,No
726,325830,0.2069237416186202,6,Medio,261.59999999999997,-14.17374983851379,5701,No
727,325840,0.2069237416186202,6,Medio,261.59999999999997,-14.17374983851379,5702,No
728,330450,0.2586476375832887,5,Medio,261.59999999999997,-11.467555601642337,5567,No
729,334850,0.2069237416186202,6,Medio,261.59999999999997,-14.17374983851379,5703,No
730,337690,0.359293050820287,5,Medio,261.59999999999997,-6.201787581082584,5241,No
731,339320,0.2069237416186202,6,Medio,261.59999999999997,-14.17374983851379,5704,No
732,389110,0.4155701754385965,5,Medio,261.59999999999997,-3.2573684210526324,5119,No
733,390990,0.015706806282722516,7,Bajo,261.59999999999997,-24.17821989528796,7528,No
734,391650,0.577212020033389,3,Alto,261.59999999999997,5.199732888146912,4722,Sí
735,417600,0.577212020033389,3,Alto,261.59999999999997,5.199732888146912,4723,Sí
736,482730,0.4155701754385965,5,Medio,261.59999999999997,-3.2573684210526324,5120,No
737,482940,0.3551617873651772,5,Medio,261.59999999999997,-6.417935285053932,5258,No
738,483100,0.4155701754385965,5,Medio,261.59999999999997,-3.2573684210526324,5121,No
739,483110,0.4155701754385965,5,Medio,261.59999999999997,-3.2573684210526324,5122,No
740,483630,0.21199143468950749,6,Medio,261.59999999999997,-13.908608137044968,5679,No
741,486640,0.3551617873651772,5,Medio,261.59999999999997,-6.417935285053932,5259,No
742,488420,0.577212020033389,3,Alto,261.59999999999997,5.199732888146912,4724,Sí
743,488710,0.6460905349794238,3,Alto,261.59999999999997,8.803456790123448,4559,Sí
744,491000,0.05795454545454545,7,Bajo,261.59999999999997,-21.96781818181818,6537,No
745,521590,0.7103092783505155,3,Alto,261.59999999999997,12.163381443298967,4368,Sí
746,522270,0.7103092783505155,3,Alto,261.59999999999997,12.163381443298967,4369,Sí
747,531260,0.21199143468950749,6,Medio,261.59999999999997,-13.908608137044968,5680,No
748,533130,0.3372395833333333,5,Medio,261.59999999999997,-7.355625000000003,5314,No
749,533170,0.3551617873651772,5,Medio,261.59999999999997,-6.417935285053932,5260,No
750,533370,0.4155701754385965,5,Medio,261.59999999999997,-3.2573684210526324,5123,No
751,533460,0.3551617873651772,5,Medio,261.59999999999997,-6.417935285053932,5261,No
752,533700,0.002488654662567706,8,Bajo,261.59999999999997,-24.869793588054456,9140,No
753,545850,0.029005524861878452,7,Bajo,261.59999999999997,-23.482430939226518,6993,No
754,546730,0.3551617873651772,5,Medio,261.59999999999997,-6.417935285053932,5262,No
755,581870,0.7704280155642024,2,Alto,261.59999999999997,15.308793774319064,4250,Sí
756,582280,0.577212020033389,3,Alto,261.59999999999997,5.199732888146912,4725,Sí
757,587860,0.44367816091954015,4,Medio,261.59999999999997,-1.7867586206896604,5035,No
758,592830,0.7792207792207793,2,Alto,261.59999999999997,15.76883116883117,4218,Sí
759,603800,0.577212020033389,3,Alto,261.59999999999997,5.199732888146912,4726,Sí
760,618140,0.2558139534883721,5,Medio,261.59999999999997,-11.615813953488372,5578,No
761,618550,0.7283950617283951,3,Alto,261.59999999999997,13.109629629629623,4341,Sí
762,631600,0.6728723404255319,3,Alto,261.59999999999997,10.204680851063827,4490,Sí
763,632210,0.6728723404255319,3,Alto,261.59999999999997,10.204680851063827,4491,Sí
764,632600,0.6980392156862745,3,Alto,261.59999999999997,11.521411764705881,4423,Sí
765,633350,0.577212020033389,4,Alto,261.59999999999997,5.199732888146912,4727,Sí
766,634200,0.577212020033389,4,Alto,261.59999999999997,5.199732888146912,4728,Sí
767,657220,0.577212020033389,4,Alto,261.59999999999997,5.199732888146912,4729,Sí
768,690430,0.3551617873651772,5,Medio,261.59999999999997,-6.417935285053932,5263,No
769,690540,0.21199143468950749,6,Medio,261.59999999999997,-13.908608137044968,5681,No
770,728510,0.751269035532995,2,Alto,261.59999999999997,14.306395939086293,4303,Sí
771,729200,0.6460905349794238,3,Alto,261.59999999999997,8.803456790123448,4560,Sí
772,751360,0.4155701754385965,5,Medio,261.59999999999997,-3.2573684210526324,5124,No
773,753810,0.030010172939979655,7,Bajo,261.59999999999997,-23.429867751780264,6974,No
774,769650,0.776685393258427,2,Alto,261.59999999999997,15.636179775280901,4228,Sí
775,789590,0.5417406749555951,4,Alto,261.59999999999997,3.3438721136767313,4816,Sí
776,802180,0.030010172939979655,7,Bajo,261.59999999999997,-23.429867751780264,6975,No
777,807580,0.7704280155642024,2,Alto,261.59999999999997,15.308793774319064,4251,Sí
778,820960,0.015706806282722516,7,Bajo,261.59999999999997,-24.17821989528796,7529,No
779,843140,0.00395882818685669,8,Bajo,261.59999999999997,-24.792874109263657,8866,No
780,843630,0.6460905349794238,3,Alto,261.59999999999997,8.803456790123448,4561,Sí
781,869750,0.5417406749555951,4,Alto,261.59999999999997,3.3438721136767313,4817,Sí
782,150190,0.14354065541897237,6,Bajo,261.59999999999997,-17.489952908479367,5972,No
783,5810,0.9005328596802842,1,Alto,180.0,7.419182948490231,4633,Sí
784,27850,0.9702233250620348,1,Alto,180.0,9.928039702233256,4497,Sí
785,42250,0.776685393258427,2,Alto,180.0,2.9606741573033766,4830,Sí
786,53210,0.40280847746150794,5,Medio,180.0,-10.498894811385714,5495,No
787,60490,0.9367088607594937,1,Alto,180.0,8.721518987341774,4576,Sí
788,90250,0.5841401012556733,3,Alto,180.0,-3.97095635479576,5161,No
789,171570,0.8434959349593496,2,Alto,180.0,5.365853658536587,4698,Sí
790,185000,0.8802395209580839,1,Alto,180.0,6.688622754491021,4660,Sí
791,190010,0.577212020033389,4,Alto,180.0,-4.220367278797994,5164,No
792,193070,0.8339060710194731,2,Alto,180.0,5.020618556701034,4756,Sí
793,199080,0.9367088607594937,1,Alto,180.0,8.721518987341774,4577,Sí
794,217580,0.39074581687358584,5,Medio,180.0,-10.93315059255091,5526,No
795,236500,0.7857142857142857,2,Alto,180.0,3.2857142857142847,4822,Sí
796,243110,0.49535603715170295,4,Medio,180.0,-7.167182662538693,5303,No
797,243460,0.6460905349794238,3,Alto,180.0,-1.740740740740744,5030,No
798,268880,0.9005328596802842,1,Alto,180.0,7.419182948490231,4634,Sí
799,270600,0.577212020033389,4,Alto,180.0,-4.220367278797994,5165,No
800,273310,0.8339060710194731,2,Alto,180.0,5.020618556701034,4757,Sí
801,287650,0.817966903073286,2,Alto,180.0,4.446808510638299,4774,Sí
802,333100,0.7704280155642024,2,Alto,180.0,2.735408560311285,4841,Sí
803,478970,0.751269035532995,2,Alto,180.0,2.0456852791878184,4915,Sí
804,529070,0.6700336700336701,3,Alto,180.0,-0.8787878787878753,4999,No
805,755610,0.4155701754385965,5,Medio,180.0,-10.039473684210524,5460,No
806,878860,0.7704280155642024,2,Alto,180.0,2.735408560311285,4842,Sí
807,186830,0.11963479492106192,6,Bajo,261.59999999999997,-18.74070752973004,6086,No
808,843050,0.7103092783505155,3,Alto,180.0,0.5711340206185582,4956,Sí
809,13600,0.6460905349794238,3,Alto,261.59999999999997,8.803456790123448,4562,Sí
810,32690,0.2586476375832887,5,Medio,261.59999999999997,-11.467555601642337,5568,No
811,55870,0.577212020033389,4,Alto,261.59999999999997,5.199732888146912,4730,Sí
812,134460,0.056463505915230174,7,Bajo,261.59999999999997,-22.045829370515158,6548,No
813,95590,0.2069237416186202,6,Medio,215.46,-16.08324212617042,5855,No
814,149900,0.672451290504297,3,Alto,333.0,19.78525594758618,4001,Sí
815,727930,0.817966903073286,2,Alto,333.0,29.476595744680857,3554,Sí
816,750510,0.817966903073286,2,Alto,333.0,29.476595744680857,3555,Sí
817,245740,0.7283950617283951,3,Alto,333.0,23.511111111111113,3821,Sí
818,730210,0.6460905349794238,3,Alto,333.0,18.029629629629625,4080,Sí
819,295060,0.3551617873651772,5,Medio,333.0,-1.3462249614792015,5006,No
820,569370,0.4155701754385965,5,Medio,333.0,2.6769736842105303,4844,Sí
821,59010,0.48966632776888547,4,Medio,333.0,7.611777429407773,4618,Sí
822,1000,0.4490472245236123,4,Medio,273.0,-0.48202154101076644,4979,No
823,62120,0.4490472245236123,4,Medio,273.0,-0.48202154101076644,4980,No
824,92450,0.2586476375832887,5,Medio,273.0,-10.877838987952437,5519,No
825,116630,0.7387958410713422,2,Alto,273.0,15.338252922495286,4246,Sí
826,143930,0.776685393258427,2,Alto,273.0,17.407022471910118,4105,Sí
827,249100,0.6980392156862745,3,Alto,273.0,13.112941176470592,4340,Sí
828,393400,0.4490472245236123,4,Medio,273.0,-0.48202154101076644,4981,No
829,400320,0.01694915254237288,7,Bajo,273.0,-24.07457627118644,7443,No
830,404070,0.17019027484143764,6,Bajo,273.0,-15.707610993657504,5841,No
831,438880,0.4490472245236123,4,Medio,273.0,-0.48202154101076644,4982,No
832,531130,0.4490472245236123,4,Medio,273.0,-0.48202154101076644,4983,No
833,676490,0.08709016393442623,6,Bajo,273.0,-20.244877049180328,6255,No
834,692170,0.13483146067415727,6,Bajo,273.0,-17.638202247191014,5997,No
835,701720,0.041237113402061855,7,Bajo,273.0,-22.748453608247424,6734,No
836,277100,0.5404537303534122,4,Alto,333.0,10.99421844153725,4444,Sí
837,389720,0.577212020033389,4,Alto,261.59999999999997,5.199732888146912,4731,Sí
838,304670,0.9929873772791024,1,Alto,333.0,41.132959326788225,3074,Sí
839,535730,0.4490472245236123,4,Medio,333.0,4.906545153272582,4758,Sí
840,299160,0.6728723404255319,3,Alto,333.0,19.813297872340428,3998,Sí
841,309320,0.40280847746150794,5,Medio,333.0,1.8270445989364283,4916,Sí
842,326490,0.6728723404255319,3,Alto,333.0,19.813297872340428,3999,Sí
843,214260,0.4490472245236123,4,Medio,261.59999999999997,-1.5058492129246055,5011,No
844,118790,0.18428888849113062,6,Bajo,261.59999999999997,-15.358005354144048,5814,No
845,173070,0.8602150537634409,2,Alto,180.0,5.967741935483872,4688,Sí
846,200,0.7103092783505155,3,Alto,333.0,22.30659793814433,3903,Sí
847,205290,0.3064157764943565,5,Medio,261.59999999999997,-8.968326573815272,5387,No
848,286890,0.6460905349794238,3,Alto,333.0,18.029629629629625,4081,Sí
849,202250,0.13225621613271665,6,Bajo,261.59999999999997,-18.080354771936264,6034,No
850,287570,0.13476962978634788,6,Bajo,261.59999999999997,-17.94885296957828,6010,No
851,292610,0.5841401012556733,3,Alto,261.59999999999997,5.562210097696823,4692,Sí
852,581820,0.4155701754385965,5,Medio,261.59999999999997,-3.2573684210526324,5125,No
853,857160,0.7792207792207793,2,Alto,333.0,26.896103896103902,3746,Sí
854,283450,0.8339060710194731,2,Alto,261.0,18.529896907216497,4077,Sí
855,187770,0.4490472245236123,4,Medio,333.0,4.906545153272582,4759,Sí
856,248660,0.14354065541897237,6,Bajo,261.59999999999997,-17.489952908479367,5973,No
857,227380,0.577212020033389,4,Alto,261.59999999999997,5.199732888146912,4732,Sí
858,247080,0.14354065541897237,6,Bajo,261.59999999999997,-17.489952908479367,5974,No
859,119140,0.4490472245236123,4,Medio,261.59999999999997,-1.5058492129246055,5012,No
860,134660,0.18428888849113062,6,Bajo,261.59999999999997,-15.358005354144048,5815,No
861,141050,0.18428888849113062,6,Bajo,261.59999999999997,-15.358005354144048,5816,No
862,152620,0.18428888849113062,6,Bajo,261.59999999999997,-15.358005354144048,5817,No
863,160070,0.18428888849113062,6,Bajo,261.59999999999997,-15.358005354144048,5818,No
864,249510,0.577212020033389,4,Alto,261.59999999999997,5.199732888146912,4733,Sí
865,267940,0.3064157764943565,5,Medio,261.59999999999997,-8.968326573815272,5388,No
866,272200,0.8616298022399826,1,Alto,261.59999999999997,20.08047125319589,3989,Sí
867,130690,0.5841401012556733,3,Alto,261.59999999999997,5.562210097696823,4693,Sí
868,308530,0.13476962978634788,6,Bajo,333.0,-16.02434265622923,5854,No
869,232080,0.3659767298402987,5,Medio,261.59999999999997,-5.852097494755572,5209,No
870,812600,0.7103092783505155,3,Alto,261.0,12.078144329896908,4378,Sí
871,813920,0.7103092783505155,3,Alto,261.0,12.078144329896908,4379,Sí
872,255480,0.577212020033389,4,Alto,261.59999999999997,5.199732888146912,4734,Sí
873,24440,0.2069237416186202,6,Medio,215.46,-16.08324212617042,5856,No
874,61210,0.46200475757751447,4,Medio,215.46,-5.091290986469744,5183,No
875,78080,0.48966632776888547,4,Medio,215.46,-3.899298603783187,5159,No
876,80270,0.6980392156862745,3,Alto,215.46,5.079905882352943,4755,Sí
877,93840,0.3190760218702019,5,Medio,215.46,-11.25037606556926,5539,No
878,104090,0.9643635135789099,1,Alto,215.46,16.556352527142387,4210,Sí
879,118050,0.9643635135789099,1,Alto,215.46,16.556352527142387,4211,Sí
880,143000,0.3190760218702019,5,Medio,215.46,-11.25037606556926,5540,No
881,181990,0.7995735607675906,2,Alto,215.46,9.455223880597018,4504,Sí
882,205310,0.3659767298402987,5,Medio,215.46,-9.229330757721845,5403,No
883,211080,0.15796018829117864,6,Bajo,215.46,-18.19317956615653,6053,No
884,277690,0.3659767298402987,5,Medio,215.46,-9.229330757721845,5404,No
885,303590,0.13476962978634788,6,Bajo,215.46,-19.1925071132467,6121,No
886,308610,0.3659767298402987,5,Medio,215.46,-9.229330757721845,5405,No
887,322260,0.3659767298402987,5,Medio,215.46,-9.229330757721845,5406,No
888,207160,0.4672268907563025,4,Medio,333.0,6.11731092436975,4677,Sí
889,726940,0.44367816091954015,4,Medio,333.0,4.548965517241378,4765,Sí
890,195380,0.9643635135789099,1,Alto,180.0,9.717086488840756,4503,Sí
891,281400,0.9999,1,Alto,330.0,40.99340000000001,3076,Sí
892,540830,0.9005328596802842,1,Alto,273.0,24.169094138543514,3810,Sí
893,449560,0.4490472245236123,4,Medio,261.0,-1.5597348798674382,5027,No
894,223290,0.817966903073286,2,Alto,261.59999999999997,17.796028368794325,4093,Sí
895,289890,0.14354065541897237,6,Bajo,261.59999999999997,-17.489952908479367,5975,No
896,305840,0.776685393258427,2,Alto,261.59999999999997,15.636179775280901,4229,Sí
897,209650,0.39074581687358584,5,Medio,261.59999999999997,-4.55617886117399,5172,No
898,113820,0.09523446674658179,6,Bajo,261.59999999999997,-20.01733269981884,6222,No
899,14090,0.4672268907563025,4,Medio,333.0,6.11731092436975,4678,Sí
900,21800,0.2586476375832887,5,Medio,333.0,-7.774067336952971,5345,No
901,29920,0.9748713797272744,1,Alto,333.0,39.92643388983649,3091,Sí
902,86360,0.44367816091954015,4,Medio,333.0,4.548965517241378,4766,Sí
903,122940,0.11963479492106192,6,Bajo,333.0,-17.032322658257275,5896,No
904,154020,0.4120190659818289,5,Medio,333.0,2.4404697943898093,4857,Sí
905,167380,0.9643635135789099,1,Alto,333.0,39.22661000435541,3123,Sí
906,174520,0.48966632776888547,4,Medio,333.0,7.611777429407773,4619,Sí
907,175320,0.48966632776888547,4,Medio,333.0,7.611777429407773,4620,Sí
908,483430,0.44367816091954015,4,Medio,333.0,4.548965517241378,4767,Sí
909,684390,0.002488654662567706,8,Bajo,333.0,-24.83425559947299,9031,No
910,301710,0.04889864398629347,7,Bajo,261.59999999999997,-22.441622946637125,6660,No
911,314850,0.2069237416186202,6,Medio,261.59999999999997,-14.17374983851379,5705,No
912,313800,0.2586476375832887,5,Medio,261.59999999999997,-11.467555601642337,5569,No
913,155780,0.3064157764943565,5,Medio,261.59999999999997,-8.968326573815272,5389,No
914,155910,0.4672268907563025,4,Medio,333.0,6.11731092436975,4679,Sí
915,225600,0.3190760218702019,5,Medio,261.59999999999997,-8.30594253575104,5368,No
916,256160,0.18428888849113062,6,Bajo,261.59999999999997,-15.358005354144048,5819,No
917,137860,0.7704280155642024,2,Alto,261.59999999999997,15.308793774319064,4252,Sí
918,108700,0.6460905349794238,3,Alto,147.0,-6.004938271604939,5229,No
919,309340,0.6980392156862745,3,Alto,333.0,21.489411764705885,3914,Sí
920,192000,0.13225621613271665,6,Bajo,261.59999999999997,-18.080354771936264,6035,No
921,228690,0.6980392156862745,3,Alto,261.59999999999997,11.521411764705881,4424,Sí
922,781300,0.4490472245236123,4,Medio,261.59999999999997,-1.5058492129246055,5013,No
923,213200,0.7103092783505155,3,Alto,333.0,22.30659793814433,3904,Sí
924,76920,0.5073907658875524,4,Alto,333.0,8.79222500811099,4567,Sí
925,194080,0.5841401012556733,3,Alto,261.59999999999997,5.562210097696823,4694,Sí
926,150180,0.577212020033389,4,Alto,261.59999999999997,5.199732888146912,4735,Sí
927,696330,0.23846153846153842,6,Medio,261.59999999999997,-12.523692307692311,5610,No
928,222790,0.09523446674658179,6,Bajo,261.59999999999997,-20.01733269981884,6223,No
929,222800,0.09523446674658179,6,Bajo,261.59999999999997,-20.01733269981884,6224,No
930,566410,0.01694915254237288,7,Bajo,333.0,-23.871186440677967,7207,No
931,116850,0.672451290504297,3,Alto,333.0,19.78525594758618,4002,Sí
932,481450,0.776685393258427,2,Alto,333.0,26.727247191011244,3748,Sí
933,80400,0.2586476375832887,5,Medio,261.59999999999997,-11.467555601642337,5570,No
934,274430,0.3551617873651772,5,Medio,261.59999999999997,-6.417935285053932,5264,No
935,321690,0.11963479492106192,6,Bajo,261.59999999999997,-18.74070752973004,6087,No
936,252290,0.9643635135789099,1,Alto,333.0,39.22661000435541,3124,Sí
937,294490,0.7283950617283951,3,Alto,333.0,23.511111111111113,3822,Sí
938,137790,0.577212020033389,4,Alto,261.59999999999997,5.199732888146912,4736,Sí
939,114570,0.7387958410713422,2,Alto,261.59999999999997,13.653798404852623,4316,Sí
940,71340,0.5841401012556733,3,Alto,333.0,13.90373074362784,4310,Sí
941,92710,0.6980392156862745,3,Alto,333.0,21.489411764705885,3915,Sí
942,197630,0.3190760218702019,5,Medio,215.46,-11.25037606556926,5541,No
943,782270,0.7103092783505155,3,Alto,215.46,5.608647422680416,4690,Sí
944,21260,0.46200475757751447,4,Medio,333.0,5.769516854662466,4689,Sí
945,317460,0.3064157764943565,5,Medio,261.59999999999997,-8.968326573815272,5390,No
946,246870,0.6460905349794238,3,Alto,261.59999999999997,8.803456790123448,4563,Sí
947,42080,0.2795750377350656,5,Medio,261.59999999999997,-10.37263402570137,5480,No
948,149750,0.6337298146673324,3,Alto,333.0,17.20640565684434,4107,Sí
949,145880,0.40280847746150794,5,Medio,333.0,1.8270445989364283,4917,Sí
950,167060,0.40280847746150794,5,Medio,333.0,1.8270445989364283,4918,Sí
951,319300,0.9806451612903225,1,Alto,333.0,40.310967741935485,3081,Sí
952,525070,0.6460905349794238,3,Alto,333.0,18.029629629629625,4082,Sí
953,132520,0.13476962978634788,6,Bajo,261.59999999999997,-17.94885296957828,6011,No
954,403650,0.6460905349794238,3,Alto,261.59999999999997,8.803456790123448,4564,Sí
955,121790,0.06164428894391478,6,Bajo,333.0,-20.894490356335275,6403,No
956,226990,0.11963479492106192,6,Bajo,261.59999999999997,-18.74070752973004,6088,No
957,32100,0.8339060710194731,2,Alto,333.0,30.538144329896916,3533,Sí
958,199050,0.9748713797272744,1,Alto,330.0,39.34151106200012,3121,Sí
959,207090,0.9748713797272744,1,Alto,330.0,39.34151106200012,3122,Sí
960,233800,0.999476961593071,1,Alto,330.0,40.96547946514268,3077,Sí
961,104620,0.13476962978634788,6,Bajo,261.59999999999997,-17.94885296957828,6012,No
962,28400,0.577212020033389,4,Alto,261.59999999999997,5.199732888146912,4737,Sí
963,75690,0.11963479492106192,6,Bajo,261.59999999999997,-18.74070752973004,6089,No
964,80130,0.11963479492106192,6,Bajo,261.59999999999997,-18.74070752973004,6090,No
965,97230,0.3190760218702019,5,Medio,261.59999999999997,-8.30594253575104,5369,No
966,166750,0.817966903073286,2,Alto,261.59999999999997,17.796028368794325,4094,Sí
967,185810,0.09523446674658179,6,Bajo,261.59999999999997,-20.01733269981884,6225,No
968,241120,0.4490472245236123,4,Medio,261.59999999999997,-1.5058492129246055,5014,No
969,340360,0.11963479492106192,6,Bajo,261.59999999999997,-18.74070752973004,6091,No
970,2840,0.817966903073286,2,Alto,261.0,17.697872340425533,4097,Sí
971,28730,0.577212020033389,4,Alto,261.0,5.130467445742909,4752,Sí
972,78090,0.751269035532995,2,Alto,261.0,14.216243654822335,4307,Sí
973,87570,0.577212020033389,4,Alto,261.0,5.130467445742909,4753,Sí
974,96080,0.6980392156862745,3,Alto,261.0,11.43764705882353,4429,Sí
975,96360,0.5417406749555951,4,Alto,261.0,3.2788632326820633,4823,Sí
976,104200,0.44367816091954015,4,Medio,261.0,-1.8400000000000034,5036,No
977,116550,0.49535603715170295,4,Medio,261.0,0.8575851393188927,4946,Sí
978,137230,0.44367816091954015,4,Medio,261.0,-1.8400000000000034,5037,No
979,144080,0.2821741113702567,5,Medio,261.0,-10.270511386472599,5475,No
980,150210,0.3190760218702019,5,Medio,261.0,-8.34423165837546,5375,No
981,153260,0.8339060710194731,2,Alto,261.0,18.529896907216497,4078,Sí
982,156360,0.8339060710194731,2,Alto,261.0,18.529896907216497,4079,Sí
983,157960,0.2795750377350656,5,Medio,261.0,-10.406183030229576,5483,No
984,167930,0.21256038647342995,6,Medio,261.0,-13.904347826086957,5678,No
985,168640,0.5417406749555951,4,Alto,261.0,3.2788632326820633,4824,Sí
986,171590,0.2795750377350656,5,Medio,261.0,-10.406183030229576,5484,No
987,214060,0.3190760218702019,5,Medio,261.59999999999997,-8.30594253575104,5370,No
988,216110,0.4155701754385965,5,Medio,261.0,-3.3072368421052616,5133,No
989,236580,0.13476962978634788,6,Bajo,261.0,-17.96502532515264,6018,No
990,262180,0.577212020033389,4,Alto,261.0,5.130467445742909,4754,Sí
991,266360,0.4672268907563025,4,Medio,261.0,-0.6107563025210077,4987,No
992,284700,0.751269035532995,2,Alto,261.0,14.216243654822335,4308,Sí
993,313810,0.6460905349794238,3,Alto,261.0,8.725925925925921,4575,Sí
994,316400,0.3659767298402987,5,Medio,261.0,-5.896014702336405,5214,No
995,320050,0.44367816091954015,4,Medio,261.0,-1.8400000000000034,5038,No
996,324990,0.7995735607675906,2,Alto,261.0,16.737739872068232,4130,Sí
997,325040,0.3659767298402987,5,Medio,261.0,-5.896014702336405,5215,No
998,410270,0.3372395833333333,5,Medio,261.0,-7.396093750000002,5324,No
999,454550,0.8434959349593496,2,Alto,261.0,19.03048780487805,4052,Sí
1000,505470,0.7995735607675906,2,Alto,261.0,16.737739872068232,4131,Sí
1001,548000,0.817966903073286,2,Alto,261.0,17.697872340425533,4098,Sí
1002,631010,0.5417406749555951,4,Alto,261.0,3.2788632326820633,4825,Sí
1003,631540,0.3551617873651772,5,Medio,261.0,-6.460554699537752,5273,No
1004,647690,0.4490472245236123,4,Medio,261.0,-1.5597348798674382,5028,No
1005,681550,0.4490472245236123,4,Medio,261.0,-1.5597348798674382,5029,No
1006,692560,0.44367816091954015,4,Medio,261.0,-1.8400000000000034,5039,No
1007,697670,0.5417406749555951,4,Alto,261.0,3.2788632326820633,4826,Sí
1008,698020,0.11088295687885011,6,Bajo,261.0,-19.211909650924024,6134,No
1009,708500,0.5417406749555951,4,Alto,261.0,3.2788632326820633,4827,Sí
1010,714770,0.3372395833333333,5,Medio,261.0,-7.396093750000002,5325,No
1011,796890,0.6728723404255319,3,Alto,261.0,10.123936170212772,4496,Sí
1012,805820,0.3551617873651772,5,Medio,261.0,-6.460554699537752,5274,No
1013,844110,0.3551617873651772,5,Medio,261.0,-6.460554699537752,5275,No
1014,70,0.5417406749555951,4,Alto,333.0,11.079928952042636,4441,Sí
1015,80,0.6460905349794238,3,Alto,333.0,18.029629629629625,4083,Sí
1016,6480,0.2821741113702567,5,Medio,333.0,-6.207204182740902,5242,No
1017,6500,0.577212020033389,4,Alto,333.0,13.442320534223711,4321,Sí
1018,10680,0.9056043180256583,1,Alto,333.0,35.31324758050885,3321,Sí
1019,10760,0.3659767298402987,5,Medio,333.0,-0.6259497926361028,4988,No
1020,11620,0.48966632776888547,4,Medio,333.0,7.611777429407773,4621,Sí
1021,14060,0.4672268907563025,4,Medio,333.0,6.11731092436975,4680,Sí
1022,23740,0.9148387096774193,1,Alto,333.0,35.92825806451613,3287,Sí
1023,26980,0.4672268907563025,4,Medio,333.0,6.11731092436975,4681,Sí
1024,27480,0.39416058394160586,5,Medio,333.0,1.2510948905109522,4937,Sí
1025,29910,0.6980392156862745,3,Alto,333.0,21.489411764705885,3916,Sí
1026,30960,0.6980392156862745,3,Alto,333.0,21.489411764705885,3917,Sí
1027,36380,0.48966632776888547,4,Medio,333.0,7.611777429407773,4622,Sí
1028,41840,0.6700336700336701,3,Alto,333.0,19.624242424242425,4004,Sí
1029,42870,0.6460905349794238,3,Alto,333.0,18.029629629629625,4084,Sí
1030,46790,0.9148387096774193,1,Alto,333.0,35.92825806451613,3288,Sí
1031,46820,0.2069237416186202,6,Medio,333.0,-11.218878808199893,5536,No
1032,51320,0.11963479492106192,6,Bajo,333.0,-17.032322658257275,5897,No
1033,60360,0.751269035532995,2,Alto,333.0,25.034517766497466,3787,Sí
1034,60380,0.8339060710194731,2,Alto,333.0,30.538144329896916,3534,Sí
1035,68370,0.577212020033389,4,Alto,333.0,13.442320534223711,4322,Sí
1036,68390,0.2795750377350656,5,Medio,333.0,-6.380302486844631,5251,No
1037,69340,0.4155701754385965,5,Medio,333.0,2.6769736842105303,4845,Sí
1038,69670,0.6700336700336701,3,Alto,333.0,19.624242424242425,4005,Sí
1039,71400,0.7387958410713422,2,Alto,333.0,24.203803015351397,3803,Sí
1040,77110,0.9005328596802842,1,Alto,333.0,34.97548845470693,3325,Sí
1041,79030,0.7283950617283951,3,Alto,333.0,23.511111111111113,3823,Sí
1042,83550,0.8802395209580839,1,Alto,333.0,33.62395209580839,3412,Sí
1043,83750,0.3659767298402987,5,Medio,333.0,-0.6259497926361028,4989,No
1044,84850,0.9005328596802842,1,Alto,333.0,34.97548845470693,3326,Sí
1045,87550,0.48966632776888547,4,Medio,333.0,7.611777429407773,4623,Sí
1046,88310,0.751269035532995,2,Alto,333.0,25.034517766497466,3788,Sí
1047,89320,0.6700336700336701,3,Alto,333.0,19.624242424242425,4006,Sí
1048,94330,0.7387958410713422,2,Alto,333.0,24.203803015351397,3804,Sí
1049,95390,0.9643635135789099,1,Alto,333.0,39.22661000435541,3125,Sí
1050,95810,0.9005328596802842,1,Alto,333.0,34.97548845470693,3327,Sí
1051,98420,0.6980392156862745,3,Alto,333.0,21.489411764705885,3918,Sí
1052,101820,0.7792207792207793,2,Alto,333.0,26.896103896103902,3747,Sí
1053,102200,0.4490472245236123,4,Medio,333.0,4.906545153272582,4760,Sí
1054,104310,0.4490472245236123,4,Medio,333.0,4.906545153272582,4761,Sí
1055,104570,0.3659767298402987,5,Medio,333.0,-0.6259497926361028,4990,No
1056,109630,0.7387958410713422,2,Alto,333.0,24.203803015351397,3805,Sí
1057,110550,0.3064157764943565,5,Medio,333.0,-4.592709285475859,5173,No
1058,115340,0.9643635135789099,1,Alto,333.0,39.22661000435541,3126,Sí
1059,115830,0.9929873772791024,1,Alto,333.0,41.132959326788225,3075,Sí
1060,116320,0.48966632776888547,4,Medio,333.0,7.611777429407773,4624,Sí
1061,123510,0.4325937092181664,4,Medio,333.0,3.810741033929883,4807,Sí
1062,123810,0.7704280155642024,2,Alto,333.0,26.310505836575878,3760,Sí
1063,144820,0.7387958410713422,2,Alto,333.0,24.203803015351397,3806,Sí
1064,145120,0.7103092783505155,3,Alto,333.0,22.30659793814433,3905,Sí
1065,145340,0.2586476375832887,5,Medio,333.0,-7.774067336952971,5346,No
1066,146670,0.7103092783505155,3,Alto,333.0,22.30659793814433,3906,Sí
1067,148340,0.3659767298402987,5,Medio,333.0,-0.6259497926361028,4991,No
1068,150330,0.7387958410713422,2,Alto,333.0,24.203803015351397,3807,Sí
1069,154680,0.4672268907563025,4,Medio,333.0,6.11731092436975,4682,Sí
1070,158030,0.9148387096774193,1,Alto,333.0,35.92825806451613,3289,Sí
1071,159900,0.2069237416186202,6,Medio,333.0,-11.218878808199893,5537,No
1072,164560,0.8616298022399826,1,Alto,333.0,32.38454482918284,3489,Sí
1073,165640,0.39416058394160586,5,Medio,333.0,1.2510948905109522,4938,Sí
1074,167650,0.9367088607594937,1,Alto,333.0,37.38481012658228,3222,Sí
1075,173190,0.48966632776888547,4,Medio,333.0,7.611777429407773,4625,Sí
1076,173930,0.6460905349794238,3,Alto,333.0,18.029629629629625,4085,Sí
1077,175970,0.5073907658875524,4,Alto,333.0,8.79222500811099,4568,Sí
1078,178610,0.9005328596802842,1,Alto,333.0,34.97548845470693,3328,Sí
1079,178820,0.4672268907563025,4,Medio,333.0,6.11731092436975,4683,Sí
1080,183280,0.6337298146673324,3,Alto,333.0,17.20640565684434,4108,Sí
1081,184280,0.8802395209580839,1,Alto,333.0,33.62395209580839,3413,Sí
1082,191510,0.751269035532995,2,Alto,333.0,25.034517766497466,3789,Sí
1083,191700,0.8339060710194731,2,Alto,333.0,30.538144329896916,3535,Sí
1084,194370,0.4325937092181664,4,Medio,333.0,3.810741033929883,4808,Sí
1085,197730,0.577212020033389,4,Alto,333.0,13.442320534223711,4323,Sí
1086,206350,0.577212020033389,4,Alto,333.0,13.442320534223711,4324,Sí
1087,206420,0.3064157764943565,5,Medio,333.0,-4.592709285475859,5174,No
1088,206700,0.8339060710194731,2,Alto,333.0,30.538144329896916,3536,Sí
1089,206770,0.6700336700336701,3,Alto,333.0,19.624242424242425,4007,Sí
1090,206890,0.6337298146673324,3,Alto,333.0,17.20640565684434,4109,Sí
1091,209080,0.577212020033389,4,Alto,333.0,13.442320534223711,4325,Sí
1092,209310,0.7103092783505155,3,Alto,333.0,22.30659793814433,3907,Sí
1093,214480,0.577212020033389,4,Alto,333.0,13.442320534223711,4326,Sí
1094,215400,0.6337298146673324,3,Alto,333.0,17.20640565684434,4110,Sí
1095,215650,0.577212020033389,4,Alto,333.0,13.442320534223711,4327,Sí
1096,217130,0.751269035532995,2,Alto,333.0,25.034517766497466,3790,Sí
1097,217380,0.751269035532995,2,Alto,333.0,25.034517766497466,3791,Sí
1098,217990,0.6728723404255319,3,Alto,333.0,19.813297872340428,4000,Sí
1099,222690,0.5841401012556733,3,Alto,333.0,13.90373074362784,4311,Sí
1100,227310,0.4672268907563025,4,Medio,333.0,6.11731092436975,4684,Sí
1101,228220,0.5841401012556733,3,Alto,333.0,13.90373074362784,4312,Sí
1102,231090,0.2558139534883721,5,Medio,333.0,-7.962790697674418,5347,No
1103,235160,0.2069237416186202,6,Medio,333.0,-11.218878808199893,5538,No
1104,241770,0.7103092783505155,3,Alto,333.0,22.30659793814433,3908,Sí
1105,245240,0.4672268907563025,4,Medio,333.0,6.11731092436975,4685,Sí
1106,246780,0.3064157764943565,5,Medio,333.0,-4.592709285475859,5175,No
1107,252790,0.9005328596802842,1,Alto,333.0,34.97548845470693,3329,Sí
1108,253570,0.577212020033389,4,Alto,333.0,13.442320534223711,4328,Sí
1109,257010,0.48966632776888547,4,Medio,333.0,7.611777429407773,4626,Sí
1110,259140,0.805102752829306,2,Alto,333.0,28.619843338431778,3618,Sí
1111,262110,0.6700336700336701,3,Alto,333.0,19.624242424242425,4008,Sí
1112,272130,0.577212020033389,4,Alto,333.0,13.442320534223711,4329,Sí
1113,272880,0.5841401012556733,3,Alto,333.0,13.90373074362784,4313,Sí
1114,279230,0.8434959349593496,2,Alto,333.0,31.176829268292686,3519,Sí
1115,282430,0.4490472245236123,4,Medio,333.0,4.906545153272582,4762,Sí
1116,283920,0.577212020033389,4,Alto,333.0,13.442320534223711,4330,Sí
1117,319860,0.9367088607594937,1,Alto,333.0,37.38481012658228,3223,Sí
1118,340280,0.577212020033389,4,Alto,333.0,13.442320534223711,4331,Sí
1119,344560,0.6980392156862745,3,Alto,333.0,21.489411764705885,3919,Sí
1120,344740,0.6980392156862745,3,Alto,333.0,21.489411764705885,3920,Sí
1121,345000,0.00395882818685669,8,Bajo,333.0,-24.736342042755343,8738,No
1122,391490,0.5417406749555951,4,Alto,333.0,11.079928952042636,4442,Sí
1123,391720,0.015706806282722516,7,Bajo,333.0,-23.95392670157068,7268,No
1124,392170,0.4490472245236123,4,Medio,333.0,4.906545153272582,4763,Sí
1125,405960,0.030010172939979655,7,Bajo,333.0,-23.001322482197356,6812,No
1126,408060,0.01694915254237288,7,Bajo,333.0,-23.871186440677967,7208,No
1127,417430,0.577212020033389,4,Alto,333.0,13.442320534223711,4332,Sí
1128,417740,0.9005328596802842,1,Alto,333.0,34.97548845470693,3330,Sí
1129,420740,0.4490472245236123,4,Medio,333.0,4.906545153272582,4764,Sí
1130,423830,0.9005328596802842,1,Alto,333.0,34.97548845470693,3331,Sí
1131,424420,0.9005328596802842,1,Alto,333.0,34.97548845470693,3332,Sí
1132,427700,0.44367816091954015,4,Medio,333.0,4.548965517241378,4768,Sí
1133,429720,0.44367816091954015,4,Medio,333.0,4.548965517241378,4769,Sí
1134,438920,0.9005328596802842,1,Alto,333.0,34.97548845470693,3333,Sí
1135,469660,0.6700336700336701,3,Alto,333.0,19.624242424242425,4009,Sí
1136,470390,0.006359300476947535,7,Bajo,333.0,-24.576470588235296,8431,No
1137,475610,0.002488654662567706,8,Bajo,333.0,-24.83425559947299,9032,No
1138,521000,0.7103092783505155,3,Alto,333.0,22.30659793814433,3909,Sí
1139,533760,0.00395882818685669,8,Bajo,333.0,-24.736342042755343,8739,No
1140,583610,0.44367816091954015,4,Medio,333.0,4.548965517241378,4770,Sí
1141,586490,0.2558139534883721,5,Medio,333.0,-7.962790697674418,5348,No
1142,626440,0.6460905349794238,3,Alto,333.0,18.029629629629625,4086,Sí
1143,634220,0.4672268907563025,4,Medio,333.0,6.11731092436975,4686,Sí
1144,682530,0.00395882818685669,8,Bajo,333.0,-24.736342042755343,8740,No
1145,687640,0.009259259259259259,7,Bajo,333.0,-24.383333333333333,8069,No
1146,690440,0.00395882818685669,8,Bajo,333.0,-24.736342042755343,8741,No
1147,691580,0.17485265225933203,6,Bajo,333.0,-13.354813359528487,5652,No
1148,691590,0.17485265225933203,6,Bajo,333.0,-13.354813359528487,5653,No
1149,715390,0.006920415224913495,7,Bajo,333.0,-24.53910034602076,8266,No
1150,729680,0.39416058394160586,5,Medio,333.0,1.2510948905109522,4939,Sí
1151,754830,0.17485265225933203,6,Bajo,333.0,-13.354813359528487,5654,No
1152,763830,0.44367816091954015,4,Medio,333.0,4.548965517241378,4771,Sí
1153,764740,0.00395882818685669,8,Bajo,333.0,-24.736342042755343,8742,No
1154,771600,0.23846153846153842,6,Medio,333.0,-9.11846153846154,5393,No
1155,771760,0.6460905349794238,3,Alto,333.0,18.029629629629625,4087,Sí
1156,782990,0.4672268907563025,4,Medio,333.0,6.11731092436975,4687,Sí
1157,783200,0.21199143468950749,6,Medio,333.0,-10.881370449678801,5520,No
1158,829360,0.4155701754385965,5,Medio,333.0,2.6769736842105303,4846,Sí
1159,829540,0.4155701754385965,5,Medio,333.0,2.6769736842105303,4847,Sí
1160,829930,0.4155701754385965,5,Medio,333.0,2.6769736842105303,4848,Sí
1161,848740,0.7283950617283951,3,Alto,333.0,23.511111111111113,3824,Sí
1162,883460,0.005385996409335727,8,Bajo,333.0,-24.64129263913824,8602,No
1163,1310,0.40280847746150794,5,Medio,261.59999999999997,-3.9250604592139062,5160,No
1164,2650,0.6460905349794238,3,Alto,261.59999999999997,8.803456790123448,4565,Sí
1165,2900,0.7103092783505155,3,Alto,261.59999999999997,12.163381443298967,4370,Sí
1166,3310,0.18428888849113062,6,Bajo,261.59999999999997,-15.358005354144048,5820,No
1167,3770,0.751269035532995,2,Alto,261.59999999999997,14.306395939086293,4304,Sí
1168,4070,0.09523446674658179,6,Bajo,261.59999999999997,-20.01733269981884,6226,No
1169,5080,0.3659767298402987,5,Medio,261.59999999999997,-5.852097494755572,5210,No
1170,5470,0.2069237416186202,6,Medio,261.59999999999997,-14.17374983851379,5706,No
1171,10590,0.2069237416186202,6,Medio,261.59999999999997,-14.17374983851379,5707,No
1172,14680,0.2731707317073171,5,Medio,261.59999999999997,-10.70770731707317,5512,No
1173,16070,0.3551617873651772,5,Medio,261.59999999999997,-6.417935285053932,5265,No
1174,16200,0.6980392156862745,3,Alto,261.59999999999997,11.521411764705881,4425,Sí
1175,17540,0.577212020033389,4,Alto,261.59999999999997,5.199732888146912,4738,Sí
1176,23250,0.2069237416186202,6,Medio,261.59999999999997,-14.17374983851379,5708,No
1177,24040,0.3190760218702019,5,Medio,261.59999999999997,-8.30594253575104,5371,No
1178,28130,0.4490472245236123,4,Medio,261.59999999999997,-1.5058492129246055,5015,No
1179,35770,0.13476962978634788,6,Bajo,261.59999999999997,-17.94885296957828,6013,No
1180,36400,0.2069237416186202,6,Medio,261.59999999999997,-14.17374983851379,5709,No
1181,39480,0.2069237416186202,6,Medio,261.59999999999997,-14.17374983851379,5710,No
1182,39890,0.4490472245236123,4,Medio,261.59999999999997,-1.5058492129246055,5016,No
1183,40170,0.4490472245236123,4,Medio,261.59999999999997,-1.5058492129246055,5017,No
1184,44190,0.09523446674658179,6,Bajo,261.59999999999997,-20.01733269981884,6227,No
1185,45920,0.11963479492106192,6,Bajo,261.59999999999997,-18.74070752973004,6092,No
1186,47900,0.7103092783505155,3,Alto,261.59999999999997,12.163381443298967,4371,Sí
1187,48510,0.751269035532995,2,Alto,261.59999999999997,14.306395939086293,4305,Sí
1188,50170,0.0670131338066097,6,Bajo,261.59999999999997,-21.49387283923818,6471,No
1189,50580,0.09523446674658179,6,Bajo,261.59999999999997,-20.01733269981884,6228,No
1190,50810,0.6728723404255319,3,Alto,261.59999999999997,10.204680851063827,4492,Sí
1191,54440,0.4490472245236123,4,Medio,261.59999999999997,-1.5058492129246055,5018,No
1192,55990,0.056463505915230174,7,Bajo,261.59999999999997,-22.045829370515158,6549,No
1193,56310,0.056463505915230174,7,Bajo,261.59999999999997,-22.045829370515158,6550,No
1194,58860,0.3659767298402987,5,Medio,261.59999999999997,-5.852097494755572,5211,No
1195,59670,0.3551617873651772,5,Medio,261.59999999999997,-6.417935285053932,5266,No
1196,59910,0.2731707317073171,5,Medio,261.59999999999997,-10.70770731707317,5513,No
1197,61130,0.2069237416186202,6,Medio,261.59999999999997,-14.17374983851379,5711,No
1198,61260,0.11088295687885011,6,Bajo,261.59999999999997,-19.198603696098562,6122,No
1199,61780,0.3372395833333333,5,Medio,261.59999999999997,-7.355625000000003,5315,No
1200,62470,0.2069237416186202,6,Medio,261.59999999999997,-14.17374983851379,5712,No
1201,65040,0.11088295687885011,6,Bajo,261.59999999999997,-19.198603696098562,6123,No
1202,65050,0.17019027484143764,6,Bajo,261.59999999999997,-16.09564482029598,5857,No
1203,65220,0.23846153846153842,6,Medio,261.59999999999997,-12.523692307692311,5611,No
1204,65740,0.3190760218702019,5,Medio,261.59999999999997,-8.30594253575104,5372,No
1205,68100,0.7103092783505155,3,Alto,261.59999999999997,12.163381443298967,4372,Sí
1206,68260,0.2821741113702567,5,Medio,261.59999999999997,-10.23665049310817,5470,No
1207,70450,0.11963479492106192,6,Bajo,261.59999999999997,-18.74070752973004,6093,No
1208,72000,0.3551617873651772,5,Medio,261.59999999999997,-6.417935285053932,5267,No
1209,72640,0.2821741113702567,5,Medio,261.59999999999997,-10.23665049310817,5471,No
1210,74310,0.11963479492106192,6,Bajo,261.59999999999997,-18.74070752973004,6094,No
1211,76340,0.6460905349794238,3,Alto,261.59999999999997,8.803456790123448,4566,Sí
1212,77530,0.4155701754385965,5,Medio,261.59999999999997,-3.2573684210526324,5126,No
1213,77560,0.2731707317073171,5,Medio,261.59999999999997,-10.70770731707317,5514,No
1214,78140,0.2069237416186202,6,Medio,261.59999999999997,-14.17374983851379,5713,No
1215,83130,0.2069237416186202,6,Medio,261.59999999999997,-14.17374983851379,5714,No
1216,88200,0.18428888849113062,6,Bajo,261.59999999999997,-15.358005354144048,5821,No
1217,89650,0.23846153846153842,6,Medio,261.59999999999997,-12.523692307692311,5612,No
1218,89990,0.13483146067415727,6,Bajo,261.59999999999997,-17.945617977528094,6004,No
1219,90200,0.2069237416186202,6,Medio,261.59999999999997,-14.17374983851379,5715,No
1220,92190,0.3190760218702019,5,Medio,261.59999999999997,-8.30594253575104,5373,No
1221,94410,0.7704280155642024,2,Alto,261.59999999999997,15.308793774319064,4253,Sí
1222,96470,0.2069237416186202,6,Medio,261.59999999999997,-14.17374983851379,5716,No
1223,96950,0.3551617873651772,5,Medio,261.59999999999997,-6.417935285053932,5268,No
1224,100800,0.14354065541897237,6,Bajo,261.59999999999997,-17.489952908479367,5976,No
1225,102130,0.3659767298402987,5,Medio,261.59999999999997,-5.852097494755572,5212,No
1226,102680,0.18428888849113062,6,Bajo,261.59999999999997,-15.358005354144048,5822,No
1227,104080,0.9643635135789099,1,Alto,261.59999999999997,25.455499030448564,3784,Sí
1228,104430,0.08862601989521858,6,Bajo,261.59999999999997,-20.363086639082162,6265,No
1229,105160,0.9643635135789099,1,Alto,261.59999999999997,25.455499030448564,3785,Sí
1230,105300,0.4490472245236123,4,Medio,261.59999999999997,-1.5058492129246055,5019,No
1231,105830,0.18428888849113062,6,Bajo,261.59999999999997,-15.358005354144048,5823,No
1232,106200,0.805102752829306,2,Alto,261.59999999999997,17.122976028029285,4111,Sí
1233,106750,0.4672268907563025,4,Medio,261.59999999999997,-0.5546890756302538,4986,No
1234,107990,0.2069237416186202,6,Medio,261.59999999999997,-14.17374983851379,5717,No
1235,112180,0.0670131338066097,6,Bajo,261.59999999999997,-21.49387283923818,6472,No
1236,112630,0.09523446674658179,6,Bajo,261.59999999999997,-20.01733269981884,6229,No
1237,113130,0.2069237416186202,6,Medio,261.59999999999997,-14.17374983851379,5718,No
1238,113630,0.4490472245236123,4,Medio,261.59999999999997,-1.5058492129246055,5020,No
1239,113830,0.08862601989521858,6,Bajo,261.59999999999997,-20.363086639082162,6266,No
1240,114020,0.08862601989521858,6,Bajo,261.59999999999997,-20.363086639082162,6267,No
1241,115480,0.08862601989521858,6,Bajo,261.59999999999997,-20.363086639082162,6268,No
1242,116620,0.3551617873651772,5,Medio,261.59999999999997,-6.417935285053932,5269,No
1243,116780,0.13476962978634788,6,Bajo,261.59999999999997,-17.94885296957828,6014,No
1244,116840,0.3551617873651772,5,Medio,261.59999999999997,-6.417935285053932,5270,No
1245,117160,0.08862601989521858,6,Bajo,261.59999999999997,-20.363086639082162,6269,No
1246,117280,0.11088295687885011,6,Bajo,261.59999999999997,-19.198603696098562,6124,No
1247,117670,0.13225621613271665,6,Bajo,261.59999999999997,-18.080354771936264,6036,No
1248,118330,0.22448979591836735,6,Medio,261.59999999999997,-13.254693877551022,5648,No
1249,118590,0.18428888849113062,6,Bajo,261.59999999999997,-15.358005354144048,5824,No
1250,118870,0.09523446674658179,6,Bajo,261.59999999999997,-20.01733269981884,6230,No
1251,120050,0.3372395833333333,5,Medio,261.59999999999997,-7.355625000000003,5316,No
1252,120360,0.11088295687885011,6,Bajo,261.59999999999997,-19.198603696098562,6125,No
1253,121640,0.11088295687885011,6,Bajo,261.59999999999997,-19.198603696098562,6126,No
1254,122290,0.11088295687885011,6,Bajo,261.59999999999997,-19.198603696098562,6127,No
1255,122650,0.08862601989521858,6,Bajo,261.59999999999997,-20.363086639082162,6270,No
1256,122830,0.751269035532995,2,Alto,261.59999999999997,14.306395939086293,4306,Sí
1257,125770,0.4155701754385965,5,Medio,261.59999999999997,-3.2573684210526324,5127,No
1258,128980,0.2586476375832887,5,Medio,261.59999999999997,-11.467555601642337,5571,No
1259,129520,0.11088295687885011,6,Bajo,261.59999999999997,-19.198603696098562,6128,No
1260,129530,0.11088295687885011,6,Bajo,261.59999999999997,-19.198603696098562,6129,No
1261,130200,0.14354065541897237,6,Bajo,261.59999999999997,-17.489952908479367,5977,No
1262,130250,0.11088295687885011,6,Bajo,261.59999999999997,-19.198603696098562,6130,No
1263,130670,0.08862601989521858,6,Bajo,261.59999999999997,-20.363086639082162,6271,No
1264,130850,0.11963479492106192,6,Bajo,261.59999999999997,-18.74070752973004,6095,No
1265,132640,0.0670131338066097,6,Bajo,261.59999999999997,-21.49387283923818,6473,No
1266,133940,0.0670131338066097,6,Bajo,261.59999999999997,-21.49387283923818,6474,No
1267,134210,0.0670131338066097,6,Bajo,261.59999999999997,-21.49387283923818,6475,No
1268,135140,0.18428888849113062,6,Bajo,261.59999999999997,-15.358005354144048,5825,No
1269,135950,0.0670131338066097,6,Bajo,261.59999999999997,-21.49387283923818,6476,No
1270,138680,0.6728723404255319,3,Alto,261.59999999999997,10.204680851063827,4493,Sí
1271,138860,0.11088295687885011,6,Bajo,261.59999999999997,-19.198603696098562,6131,No
1272,138900,0.0670131338066097,6,Bajo,261.59999999999997,-21.49387283923818,6477,No
1273,140000,0.0670131338066097,6,Bajo,261.59999999999997,-21.49387283923818,6478,No
1274,140110,0.2586476375832887,5,Medio,261.59999999999997,-11.467555601642337,5572,No
1275,141960,0.7103092783505155,3,Alto,261.59999999999997,12.163381443298967,4373,Sí
1276,142120,0.08862601989521858,6,Bajo,261.59999999999997,-20.363086639082162,6272,No
1277,143310,0.11963479492106192,6,Bajo,261.59999999999997,-18.74070752973004,6096,No
1278,144480,0.2069237416186202,6,Medio,261.59999999999997,-14.17374983851379,5719,No
1279,145430,0.4155701754385965,5,Medio,261.59999999999997,-3.2573684210526324,5128,No
1280,148520,0.09523446674658179,6,Bajo,261.59999999999997,-20.01733269981884,6231,No
1281,153000,0.2069237416186202,6,Medio,261.59999999999997,-14.17374983851379,5720,No
1282,154190,0.08862601989521858,6,Bajo,261.59999999999997,-20.363086639082162,6273,No
1283,154260,0.11963479492106192,6,Bajo,261.59999999999997,-18.74070752973004,6097,No
1284,154790,0.18428888849113062,6,Bajo,261.59999999999997,-15.358005354144048,5826,No
1285,159780,0.8802395209580839,1,Alto,261.59999999999997,21.054131736526948,3974,Sí
1286,160380,0.11088295687885011,6,Bajo,261.59999999999997,-19.198603696098562,6132,No
1287,167710,0.11963479492106192,6,Bajo,261.59999999999997,-18.74070752973004,6098,No
1288,168170,0.2795750377350656,5,Medio,261.59999999999997,-10.37263402570137,5481,No
1289,168920,0.08862601989521858,6,Bajo,261.59999999999997,-20.363086639082162,6274,No
1290,169950,0.13476962978634788,6,Bajo,261.59999999999997,-17.94885296957828,6015,No
1291,172960,0.4490472245236123,4,Medio,261.59999999999997,-1.5058492129246055,5021,No
1292,173030,0.4490472245236123,4,Medio,261.59999999999997,-1.5058492129246055,5022,No
1293,173150,0.08862601989521858,6,Bajo,261.59999999999997,-20.363086639082162,6275,No
1294,174410,0.15796018829117864,6,Bajo,261.59999999999997,-16.735522948605535,5886,No
1295,175030,0.09523446674658179,6,Bajo,261.59999999999997,-20.01733269981884,6232,No
1296,175830,0.3551617873651772,5,Medio,261.59999999999997,-6.417935285053932,5271,No
1297,175990,0.4155701754385965,5,Medio,261.59999999999997,-3.2573684210526324,5129,No
1298,176680,0.14354065541897237,6,Bajo,261.59999999999997,-17.489952908479367,5978,No
1299,177790,0.2821741113702567,5,Medio,261.59999999999997,-10.23665049310817,5472,No
1300,182030,0.9367088607594937,1,Alto,261.59999999999997,24.008607594936706,3812,Sí
1301,182290,0.25,6,Medio,261.59999999999997,-11.920000000000002,5589,No
1302,184090,0.21199143468950749,6,Medio,261.59999999999997,-13.908608137044968,5682,No
1303,185080,0.13476962978634788,6,Bajo,261.59999999999997,-17.94885296957828,6016,No
1304,186170,0.11963479492106192,6,Bajo,261.59999999999997,-18.74070752973004,6099,No
1305,186350,0.0670131338066097,6,Bajo,261.59999999999997,-21.49387283923818,6479,No
1306,186820,0.056463505915230174,7,Bajo,261.59999999999997,-22.045829370515158,6551,No
1307,192230,0.27941176470588236,5,Medio,261.59999999999997,-10.381176470588237,5482,No
1308,192700,0.11963479492106192,6,Bajo,261.59999999999997,-18.74070752973004,6100,No
1309,195210,0.056463505915230174,7,Bajo,261.59999999999997,-22.045829370515158,6552,No
1310,195400,0.0670131338066097,6,Bajo,261.59999999999997,-21.49387283923818,6480,No
1311,195410,0.056463505915230174,7,Bajo,261.59999999999997,-22.045829370515158,6553,No
1312,196270,0.0670131338066097,6,Bajo,261.59999999999997,-21.49387283923818,6481,No
1313,197500,0.2069237416186202,6,Medio,261.59999999999997,-14.17374983851379,5721,No
1314,198010,0.2821741113702567,5,Medio,261.59999999999997,-10.23665049310817,5473,No
1315,198460,0.17019027484143764,6,Bajo,261.59999999999997,-16.09564482029598,5858,No
1316,199260,0.3064157764943565,5,Medio,261.59999999999997,-8.968326573815272,5391,No
1317,199660,0.08862601989521858,6,Bajo,261.59999999999997,-20.363086639082162,6276,No
1318,199670,0.11088295687885011,6,Bajo,261.59999999999997,-19.198603696098562,6133,No
1319,201260,0.0670131338066097,6,Bajo,261.59999999999997,-21.49387283923818,6482,No
1320,201280,0.0670131338066097,6,Bajo,261.59999999999997,-21.49387283923818,6483,No
1321,202050,0.18428888849113062,6,Bajo,261.59999999999997,-15.358005354144048,5827,No
1322,202380,0.13476962978634788,6,Bajo,261.59999999999997,-17.94885296957828,6017,No
1323,203460,0.8434959349593496,2,Alto,261.59999999999997,19.131707317073165,4028,Sí
1324,205570,0.7792207792207793,2,Alto,261.59999999999997,15.76883116883117,4219,Sí
1325,205980,0.22448979591836735,6,Medio,261.59999999999997,-13.254693877551022,5649,No
1326,206860,0.0670131338066097,6,Bajo,261.59999999999997,-21.49387283923818,6484,No
1327,207580,0.08862601989521858,6,Bajo,261.59999999999997,-20.363086639082162,6277,No
1328,209090,0.08862601989521858,6,Bajo,261.59999999999997,-20.363086639082162,6278,No
1329,212610,0.15796018829117864,6,Bajo,261.59999999999997,-16.735522948605535,5887,No
1330,213740,0.18428888849113062,6,Bajo,261.59999999999997,-15.358005354144048,5828,No
1331,215050,0.11963479492106192,6,Bajo,261.59999999999997,-18.74070752973004,6101,No
1332,215530,0.3190760218702019,5,Medio,261.59999999999997,-8.30594253575104,5374,No
1333,217590,0.08862601989521858,6,Bajo,261.59999999999997,-20.363086639082162,6279,No
1334,217890,0.6980392156862745,3,Alto,261.59999999999997,11.521411764705881,4426,Sí
1335,218220,0.48966632776888547,4,Medio,261.59999999999997,0.6193422688680847,4954,Sí
1336,218610,0.49567533484151827,4,Medio,261.59999999999997,0.9337335189082339,4944,Sí
1337,240690,0.817966903073286,2,Alto,538.6499999999999,63.11957446808509,2228,Sí
1338,2330,0.9643635135789099,1,Alto,0.0,-25.0,9992,No
1339,104880,0.7704280155642024,2,Alto,645.0,74.38521400778211,1827,Sí
1340,221390,0.577212020033389,4,Alto,652.5,50.32616861435727,2788,Sí
1341,245620,0.9148387096774193,1,Alto,654.0,94.66090322580645,1236,Sí
1342,125420,0.7995735607675906,2,Alto,450.0,46.96162046908316,2880,Sí
1343,176320,0.48966632776888547,4,Medio,654.0,39.04835567217022,3127,Sí
1344,710900,0.8301886792452831,2,Alto,450.0,49.716981132075475,2849,Sí
1345,296180,0.7995735607675906,2,Alto,654.0,79.58422174840085,1646,Sí
1346,128610,0.999476961593071,1,Alto,538.6499999999999,82.67365307242152,1547,Sí
1347,242210,0.9748713797272744,1,Alto,646.5,101.0508693987366,1120,Sí
1348,302000,0.9643635135789099,1,Alto,654.0,101.13874757612143,1084,Sí
1349,255930,0.8802395209580839,1,Alto,654.0,90.13532934131737,1364,Sí
1350,104640,0.8434959349593496,2,Alto,450.0,50.91463414634147,2639,Sí
1351,628950,0.7704280155642024,2,Alto,654.0,75.77198443579768,1805,Sí
1352,35130,0.9367088607594937,1,Alto,832.5,130.9620253164557,622,Sí
1353,341440,0.817966903073286,2,Alto,654.0,81.99007092198582,1584,Sí
1354,134940,0.7704280155642024,2,Alto,654.0,75.77198443579768,1806,Sí
1355,215420,0.999476961593071,1,Alto,646.5,104.23237113398409,1028,Sí
1356,329320,0.48966632776888547,4,Medio,538.6499999999999,27.751753490542022,3627,Sí
1357,326390,0.6980392156862745,3,Alto,832.5,91.22352941176472,1341,Sí
1358,227140,0.5073907658875524,4,Alto,538.6499999999999,29.661207209066006,3547,Sí
1359,229240,0.5073907658875524,4,Alto,538.6499999999999,29.661207209066006,3548,Sí
1360,680300,0.7995735607675906,2,Alto,538.6499999999999,61.13805970149252,2365,Sí
1361,680500,0.7995735607675906,2,Alto,538.6499999999999,61.13805970149252,2366,Sí
1362,153420,0.8339060710194731,2,Alto,654.0,84.07491408934709,1487,Sí
1363,50210,0.7995735607675906,2,Alto,654.0,79.58422174840085,1647,Sí
1364,181200,0.7103092783505155,3,Alto,654.0,67.90845360824743,2002,Sí
1365,89730,0.9148387096774193,1,Alto,450.0,57.33548387096775,2539,Sí
1366,353610,0.029005524861878452,7,Bajo,654.0,-21.206077348066298,6437,No
1367,509300,0.577212020033389,4,Alto,654.0,50.49933222036729,2645,Sí
1368,88630,0.4155701754385965,5,Medio,450.0,12.401315789473685,4346,Sí
1369,14600,0.817966903073286,2,Alto,646.5,80.76312056737589,1626,Sí
1370,160010,0.7995735607675906,2,Alto,832.5,108.12899786780383,930,Sí
1371,245020,0.751269035532995,2,Alto,654.0,73.26598984771574,1832,Sí
1372,88760,0.5073907658875524,4,Alto,654.0,41.36671217809186,3040,Sí
1373,12210,0.9148387096774193,1,Alto,832.5,127.32064516129032,674,Sí
1374,32980,0.9148387096774193,1,Alto,832.5,127.32064516129032,675,Sí
1375,33640,0.7995735607675906,2,Alto,832.5,108.12899786780383,931,Sí
1376,68210,0.8802395209580839,1,Alto,832.5,121.55988023952096,759,Sí
1377,83910,0.9643635135789099,1,Alto,832.5,135.5665250108885,562,Sí
1378,86000,0.9643635135789099,1,Alto,832.5,135.5665250108885,563,Sí
1379,178330,0.9005328596802842,1,Alto,832.5,124.93872113676733,731,Sí
1380,207250,0.9005328596802842,1,Alto,832.5,124.93872113676733,732,Sí
1381,208740,0.9005328596802842,1,Alto,832.5,124.93872113676733,733,Sí
1382,216300,0.9005328596802842,1,Alto,832.5,124.93872113676733,734,Sí
1383,219990,0.7387958410713422,2,Alto,832.5,98.0095075383785,1150,Sí
1384,245630,0.6728723404255319,3,Alto,832.5,87.03324468085107,1429,Sí
1385,255110,0.8339060710194731,2,Alto,832.5,113.84536082474227,840,Sí
1386,359710,0.577212020033389,4,Alto,832.5,71.10580133555928,1937,Sí
1387,366190,0.041237113402061855,7,Bajo,832.5,-18.1340206185567,6046,No
1388,366300,0.041237113402061855,7,Bajo,832.5,-18.1340206185567,6047,No
1389,699880,0.4672268907563025,4,Medio,832.5,52.79327731092438,2584,Sí
1390,801420,0.006359300476947535,7,Bajo,832.5,-23.941176470588236,7243,No
1391,817070,0.4490472245236123,4,Medio,832.5,49.76636288318146,2838,Sí
1392,129890,0.9005328596802842,1,Alto,652.5,92.51953818827708,1335,Sí
1393,8660,0.9702233250620348,1,Alto,832.5,136.54218362282882,542,Sí
1394,10650,0.98046875,1,Alto,832.5,138.248046875,516,Sí
1395,17180,0.9929873772791024,1,Alto,832.5,140.33239831697057,469,Sí
1396,43900,0.9643635135789099,1,Alto,832.5,135.5665250108885,564,Sí
1397,68230,0.9367088607594937,1,Alto,832.5,130.9620253164557,623,Sí
1398,71080,0.751269035532995,2,Alto,832.5,100.08629441624366,1123,Sí
1399,103380,0.6728723404255319,3,Alto,832.5,87.03324468085107,1430,Sí
1400,106030,0.6460905349794238,3,Alto,832.5,82.57407407407406,1548,Sí
1401,112000,0.8602150537634409,2,Alto,832.5,118.22580645161293,812,Sí
1402,173040,0.6460905349794238,3,Alto,832.5,82.57407407407406,1549,Sí
1403,180690,0.8339060710194731,2,Alto,832.5,113.84536082474227,841,Sí
1404,209330,0.6460905349794238,3,Alto,832.5,82.57407407407406,1550,Sí
1405,249560,0.577212020033389,4,Alto,832.5,71.10580133555928,1938,Sí
1406,315830,0.9950980392156863,1,Alto,832.5,140.68382352941177,463,Sí
1407,336670,0.7103092783505155,3,Alto,832.5,93.26649484536082,1272,Sí
1408,396000,0.00395882818685669,8,Bajo,832.5,-24.340855106888363,7697,No
1409,492560,0.01694915254237288,7,Bajo,832.5,-22.177966101694913,6587,No
1410,512730,0.041237113402061855,7,Bajo,832.5,-18.1340206185567,6048,No
1411,657870,0.751269035532995,2,Alto,832.5,100.08629441624366,1124,Sí
1412,660590,0.5417406749555951,4,Alto,832.5,65.19982238010658,2178,Sí
1413,660600,0.5417406749555951,4,Alto,832.5,65.19982238010658,2179,Sí
1414,698090,0.0014742014742014742,9,Bajo,832.5,-24.754545454545454,8781,No
1415,704240,0.0002443195699975568,9,Bajo,832.5,-24.959320791595406,9715,No
1416,771200,0.817966903073286,2,Alto,832.5,111.19148936170214,870,Sí
1417,139400,0.6460905349794238,3,Alto,654.0,59.508641975308635,2376,Sí
1418,158240,0.577212020033389,4,Alto,654.0,50.49933222036729,2646,Sí
1419,295910,0.672451290504297,3,Alto,654.0,62.956628797962054,2288,Sí
1420,304340,0.5073907658875524,4,Alto,654.0,41.36671217809186,3041,Sí
1421,316350,0.8301886792452831,2,Alto,654.0,83.58867924528303,1538,Sí
1422,1320,0.805102752829306,2,Alto,654.0,80.30744007007323,1632,Sí
1423,59370,0.8339060710194731,2,Alto,538.6499999999999,64.83670103092783,2196,Sí
1424,327950,0.8602150537634409,2,Alto,450.0,52.41935483870968,2594,Sí
1425,252900,0.776685393258427,2,Alto,654.0,76.59044943820226,1724,Sí
1426,326720,0.3388523121209245,5,Medio,654.0,19.321882425416923,4016,Sí
1427,61910,0.7103092783505155,3,Alto,450.0,38.927835051546396,3167,Sí
1428,234630,0.40280847746150794,5,Medio,654.0,27.68734885196524,3636,Sí
1429,342790,0.6460905349794238,3,Alto,832.5,82.57407407407406,1551,Sí
1430,219490,0.805102752829306,2,Alto,654.0,80.30744007007323,1633,Sí
1431,8450,0.4830208249299662,4,Medio,654.0,38.17912390083958,3190,Sí
1432,262410,0.776685393258427,2,Alto,654.0,76.59044943820226,1725,Sí
1433,551270,0.6460905349794238,3,Alto,450.0,33.148148148148145,3449,Sí
1434,21230,0.9148387096774193,1,Alto,832.5,127.32064516129032,676,Sí
1435,232010,0.999476961593071,1,Alto,832.5,141.41291410524633,455,Sí
1436,13970,0.999476961593071,1,Alto,450.0,64.95292654337639,2187,Sí
1437,15410,0.999476961593071,1,Alto,450.0,64.95292654337639,2188,Sí
1438,89210,0.999476961593071,1,Alto,450.0,64.95292654337639,2189,Sí
1439,163050,0.9748713797272744,1,Alto,450.0,62.73842417545471,2323,Sí
1440,185260,0.999476961593071,1,Alto,450.0,64.95292654337639,2190,Sí
1441,185270,0.9748713797272744,1,Alto,450.0,62.73842417545471,2324,Sí
1442,124010,0.7103092783505155,3,Alto,654.0,67.90845360824743,2003,Sí
1443,503210,0.2731707317073171,5,Medio,654.0,10.730731707317076,4449,Sí
1444,55420,0.9056043180256583,1,Alto,450.0,56.504388622309264,2551,Sí
1445,580,0.8339060710194731,2,Alto,450.0,50.05154639175258,2828,Sí
1446,98820,0.9148387096774193,1,Alto,450.0,57.33548387096775,2540,Sí
1447,437590,0.6980392156862745,3,Alto,450.0,37.82352941176471,3208,Sí
1448,759490,0.17019027484143764,6,Bajo,450.0,-9.68287526427061,5429,No
1449,833180,0.776685393258427,2,Alto,654.0,76.59044943820226,1726,Sí
1450,835000,0.776685393258427,2,Alto,654.0,76.59044943820226,1727,Sí
1451,86010,0.4325937092181664,4,Medio,654.0,31.58325716573617,3495,Sí
1452,95580,0.9063923662873214,1,Alto,832.5,125.91432898683902,709,Sí
1453,171820,0.751269035532995,2,Alto,654.0,73.26598984771574,1833,Sí
1454,311260,0.8434959349593496,2,Alto,832.5,115.4420731707317,823,Sí
1455,59660,0.7704280155642024,2,Alto,654.0,75.77198443579768,1807,Sí
1456,92590,0.9005328596802842,1,Alto,654.0,92.78969804618117,1320,Sí
1457,14400,0.9643635135789099,1,Alto,654.0,101.13874757612143,1085,Sí
1458,253690,0.999476961593071,1,Alto,654.0,105.73158657637367,955,Sí
1459,360630,0.7995735607675906,2,Alto,654.0,79.58422174840085,1648,Sí
1460,49230,0.999476961593071,1,Alto,450.0,64.95292654337639,2191,Sí
1461,466130,0.7103092783505155,3,Alto,654.0,67.90845360824743,2004,Sí
1462,152800,0.9950980392156863,1,Alto,825.0,139.19117647058826,509,Sí
1463,34670,0.776685393258427,2,Alto,654.0,76.59044943820226,1728,Sí
1464,38840,0.48966632776888547,4,Medio,654.0,39.04835567217022,3128,Sí
1465,273230,0.8434959349593496,2,Alto,538.6499999999999,65.86981707317071,2168,Sí
1466,249650,0.7387958410713422,2,Alto,654.0,71.63449601213158,1911,Sí
1467,195370,0.9929873772791024,1,Alto,442.5,62.87938288920057,2306,Sí
1468,392760,0.006359300476947535,7,Bajo,654.0,-24.168203497615263,7504,No
1469,793390,0.9148387096774193,1,Alto,832.5,127.32064516129032,677,Sí
1470,238100,0.8339060710194731,2,Alto,654.0,84.07491408934709,1488,Sí
1471,110520,0.48966632776888547,4,Medio,654.0,39.04835567217022,3129,Sí
1472,120690,0.48966632776888547,4,Medio,654.0,39.04835567217022,3130,Sí
1473,133980,0.46200475757751447,4,Medio,654.0,35.4302222911389,3303,Sí
1474,221230,0.7103092783505155,3,Alto,654.0,67.90845360824743,2005,Sí
1475,248710,0.776685393258427,2,Alto,654.0,76.59044943820226,1729,Sí
1476,320880,0.577212020033389,4,Alto,654.0,50.49933222036729,2647,Sí
1477,554180,0.002488654662567706,8,Bajo,654.0,-24.674483970136144,8624,No
1478,802520,0.751269035532995,2,Alto,654.0,73.26598984771574,1834,Sí
1479,389210,0.7283950617283951,3,Alto,654.0,70.27407407407408,1981,Sí
1480,136400,0.7387958410713422,2,Alto,654.0,71.63449601213158,1912,Sí
1481,235270,0.8339060710194731,2,Alto,654.0,84.07491408934709,1489,Sí
1482,5530,0.7387958410713422,2,Alto,270.0,14.894975417852486,4288,Sí
1483,29500,0.8616298022399826,1,Alto,654.0,87.70117813298972,1397,Sí
1484,482050,0.9148387096774193,1,Alto,654.0,94.66090322580645,1237,Sí
1485,52980,0.4325937092181664,4,Medio,654.0,31.58325716573617,3496,Sí
1486,211730,0.4490472245236123,4,Medio,652.5,33.600662800331406,3414,Sí
1487,229520,0.5417406749555951,4,Alto,652.5,45.697158081705155,2918,Sí
1488,233400,0.4490472245236123,4,Medio,652.5,33.600662800331406,3415,Sí
1489,719980,0.5417406749555951,4,Alto,652.5,45.697158081705155,2919,Sí
1490,2150,0.9643635135789099,1,Alto,654.0,101.13874757612143,1086,Sí
1491,24360,0.7995735607675906,2,Alto,654.0,79.58422174840085,1649,Sí
1492,521990,0.577212020033389,4,Alto,654.0,50.49933222036729,2648,Sí
1493,789940,0.6460905349794238,3,Alto,654.0,59.508641975308635,2377,Sí
1494,13640,0.8339060710194731,2,Alto,654.0,84.07491408934709,1490,Sí
1495,705130,0.49535603715170295,4,Medio,450.0,19.582043343653268,4010,Sí
1496,483440,0.4490472245236123,4,Medio,652.5,33.600662800331406,3416,Sí
1497,326520,0.805102752829306,2,Alto,654.0,80.30744007007323,1634,Sí
1498,114350,0.48966632776888547,4,Medio,538.6499999999999,27.751753490542022,3628,Sí
1499,13950,0.9148387096774193,1,Alto,538.6499999999999,73.55557419354837,1828,Sí
1500,243040,0.5073907658875524,4,Alto,538.6499999999999,29.661207209066006,3549,Sí
1501,23210,0.9643635135789099,1,Alto,654.0,101.13874757612143,1087,Sí
1502,287890,0.5841401012556733,3,Alto,538.6499999999999,37.92941310827367,3197,Sí
1503,341570,0.9748713797272744,1,Alto,832.5,137.3160847245912,536,Sí
1504,868170,0.041237113402061855,7,Bajo,538.6499999999999,-20.557525773195877,6298,No
1505,784210,0.8339060710194731,2,Alto,405.0,42.54639175257732,3028,Sí
1506,336100,0.751269035532995,2,Alto,652.5,73.04060913705584,1885,Sí
1507,336500,0.8339060710194731,2,Alto,652.5,83.82474226804125,1526,Sí
1508,12640,0.9929873772791024,1,Alto,832.5,140.33239831697057,470,Sí
1509,464720,0.17019027484143764,6,Bajo,450.0,-9.68287526427061,5430,No
1510,194190,0.9056043180256583,1,Alto,832.5,125.78311895127214,718,Sí
1511,806540,0.01694915254237288,7,Bajo,832.5,-22.177966101694913,6588,No
1512,807750,0.01694915254237288,7,Bajo,832.5,-22.177966101694913,6589,No
1513,132660,0.5841401012556733,3,Alto,654.0,51.40552524424207,2605,Sí
1514,4450,0.805102752829306,2,Alto,652.5,80.06590924422443,1645,Sí
1515,58820,0.6980392156862745,3,Alto,652.5,66.09411764705882,2154,Sí
1516,152600,0.7387958410713422,2,Alto,652.5,71.41285725981017,1934,Sí
1517,223940,0.776685393258427,2,Alto,652.5,76.35744382022473,1789,Sí
1518,242380,0.8339060710194731,2,Alto,652.5,83.82474226804125,1527,Sí
1519,330710,0.44367816091954015,4,Medio,652.5,32.89999999999999,3479,Sí
1520,492090,0.6980392156862745,3,Alto,652.5,66.09411764705882,2155,Sí
1521,654720,0.5417406749555951,4,Alto,652.5,45.697158081705155,2920,Sí
1522,861750,0.17019027484143764,6,Bajo,652.5,-2.7901691331923857,5108,No
1523,869320,0.4672268907563025,4,Medio,652.5,35.973109243697486,3270,Sí
1524,30070,0.4325937092181664,4,Medio,654.0,31.58325716573617,3497,Sí
1525,833280,0.6980392156862745,3,Alto,654.0,66.30352941176471,2100,Sí
1526,11980,0.9702233250620348,1,Alto,654.0,101.90521091811416,1073,Sí
1527,26720,0.8616298022399826,1,Alto,654.0,87.70117813298972,1398,Sí
1528,129120,0.8434959349593496,2,Alto,654.0,85.32926829268293,1462,Sí
1529,138000,0.776685393258427,2,Alto,654.0,76.59044943820226,1730,Sí
1530,141720,0.7387958410713422,2,Alto,654.0,71.63449601213158,1913,Sí
1531,153730,0.776685393258427,2,Alto,654.0,76.59044943820226,1731,Sí
1532,156120,0.577212020033389,4,Alto,654.0,50.49933222036729,2649,Sí
1533,173510,0.5841401012556733,3,Alto,654.0,51.40552524424207,2606,Sí
1534,175460,0.8802395209580839,1,Alto,654.0,90.13532934131737,1365,Sí
1535,185790,0.6700336700336701,3,Alto,654.0,62.64040404040405,2335,Sí
1536,216580,0.817966903073286,2,Alto,654.0,81.99007092198582,1585,Sí
1537,229930,0.5841401012556733,3,Alto,654.0,51.40552524424207,2607,Sí
1538,283280,0.6460905349794238,3,Alto,654.0,59.508641975308635,2378,Sí
1539,283670,0.40280847746150794,5,Medio,654.0,27.68734885196524,3637,Sí
1540,287010,0.6460905349794238,3,Alto,654.0,59.508641975308635,2379,Sí
1541,233620,0.48966632776888547,4,Medio,367.5,10.990475091013082,4445,Sí
1542,262300,0.48966632776888547,4,Medio,367.5,10.990475091013082,4446,Sí
1543,218190,0.672451290504297,3,Alto,654.0,62.956628797962054,2289,Sí
1544,167240,0.751269035532995,2,Alto,654.0,73.26598984771574,1835,Sí
1545,239180,0.9748713797272744,1,Alto,654.0,102.51317646832752,1062,Sí
1546,182340,0.4490472245236123,4,Medio,654.0,33.735376967688495,3358,Sí
1547,208720,0.49535603715170295,4,Medio,450.0,19.582043343653268,4011,Sí
1548,40590,0.776685393258427,2,Alto,450.0,44.90168539325843,2957,Sí
1549,100410,0.9929873772791024,1,Alto,654.0,104.88274894810661,977,Sí
1550,219290,0.4325937092181664,4,Medio,654.0,31.58325716573617,3498,Sí
1551,87030,0.7704280155642024,2,Alto,654.0,75.77198443579768,1808,Sí
1552,81580,0.7792207792207793,2,Alto,538.6499999999999,58.94545454545454,2500,Sí
1553,873700,0.015706806282722516,7,Bajo,538.6499999999999,-23.307905759162303,6901,No
1554,334390,0.49535603715170295,4,Medio,654.0,39.79256965944275,3095,Sí
1555,18250,0.7103092783505155,3,Alto,832.5,93.26649484536082,1273,Sí
1556,166680,0.8339060710194731,2,Alto,652.5,83.82474226804125,1528,Sí
1557,279850,0.9643635135789099,1,Alto,654.0,101.13874757612143,1088,Sí
1558,749450,0.015706806282722516,7,Bajo,450.0,-23.58638743455497,7041,No
1559,27640,0.577212020033389,4,Alto,654.0,50.49933222036729,2650,Sí
1560,441950,0.030010172939979655,7,Bajo,450.0,-22.29908443540183,6608,No
1561,336190,0.3064157764943565,5,Medio,654.0,15.079183565461825,4258,Sí
1562,78150,0.6700336700336701,3,Alto,450.0,35.30303030303031,3322,Sí
1563,265650,0.5841401012556733,3,Alto,654.0,51.40552524424207,2608,Sí
1564,245370,0.8802395209580839,1,Alto,450.0,54.221556886227546,2569,Sí
1565,746110,0.05795454545454545,7,Bajo,654.0,-17.419545454545457,5963,No
1566,111870,0.7704280155642024,2,Alto,654.0,75.77198443579768,1809,Sí
1567,74760,0.7995735607675906,2,Alto,450.0,46.96162046908316,2881,Sí
1568,31380,0.776685393258427,2,Alto,654.0,76.59044943820226,1732,Sí
1569,725830,0.6980392156862745,3,Alto,654.0,66.30352941176471,2101,Sí
1570,120390,0.9005328596802842,1,Alto,652.5,92.51953818827708,1336,Sí
1571,293150,0.7387958410713422,2,Alto,654.0,71.63449601213158,1914,Sí
1572,31160,0.6728723404255319,3,Alto,654.0,63.01170212765959,2232,Sí
1573,365200,0.577212020033389,4,Alto,654.0,50.49933222036729,2651,Sí
1574,241960,0.3659767298402987,5,Medio,654.0,22.86975626311108,3837,Sí
1575,103390,0.8339060710194731,2,Alto,652.5,83.82474226804125,1529,Sí
1576,104160,0.776685393258427,2,Alto,652.5,76.35744382022473,1790,Sí
1577,338070,0.776685393258427,2,Alto,832.5,104.31811797752812,1002,Sí
1578,256800,0.751269035532995,2,Alto,654.0,73.26598984771574,1836,Sí
1579,339710,0.6728723404255319,3,Alto,654.0,63.01170212765959,2233,Sí
1580,42500,0.7995735607675906,2,Alto,654.0,79.58422174840085,1650,Sí
1581,288900,0.7387958410713422,2,Alto,654.0,71.63449601213158,1915,Sí
1582,32200,0.577212020033389,4,Alto,654.0,50.49933222036729,2652,Sí
1583,17880,0.8339060710194731,2,Alto,652.5,83.82474226804125,1530,Sí
1584,277790,0.7387958410713422,2,Alto,654.0,71.63449601213158,1916,Sí
1585,35380,0.9367088607594937,1,Alto,652.5,97.24050632911393,1219,Sí
1586,83760,0.8602150537634409,2,Alto,652.5,87.25806451612904,1428,Sí
1587,101350,0.8434959349593496,2,Alto,652.5,85.07621951219512,1478,Sí
1588,181090,0.98046875,1,Alto,652.5,102.95117187500001,1057,Sí
1589,311070,0.6460905349794238,3,Alto,652.5,59.31481481481481,2458,Sí
1590,676280,0.5417406749555951,4,Alto,652.5,45.697158081705155,2921,Sí
1591,704460,0.5417406749555951,4,Alto,652.5,45.697158081705155,2922,Sí
1592,18340,0.751269035532995,2,Alto,654.0,73.26598984771574,1837,Sí
1593,19200,0.751269035532995,2,Alto,654.0,73.26598984771574,1838,Sí
1594,541580,0.006359300476947535,7,Bajo,654.0,-24.168203497615263,7505,No
1595,211450,0.8339060710194731,2,Alto,832.5,113.84536082474227,842,Sí
1596,20730,0.7387958410713422,2,Alto,654.0,71.63449601213158,1917,Sí
1597,25930,0.9806451612903225,1,Alto,654.0,103.2683870967742,1048,Sí
1598,34340,0.5404537303534122,4,Alto,654.0,45.691347930226314,2935,Sí
1599,41090,0.5404537303534122,4,Alto,654.0,45.691347930226314,2936,Sí
1600,44280,0.6728723404255319,3,Alto,654.0,63.01170212765959,2234,Sí
1601,64140,0.4325937092181664,4,Medio,654.0,31.58325716573617,3499,Sí
1602,64610,0.6460905349794238,3,Alto,654.0,59.508641975308635,2380,Sí
1603,69690,0.7387958410713422,2,Alto,654.0,71.63449601213158,1918,Sí
1604,117390,0.7995735607675906,2,Alto,654.0,79.58422174840085,1651,Sí
1605,118140,0.8339060710194731,2,Alto,654.0,84.07491408934709,1491,Sí
1606,136370,0.3190760218702019,5,Medio,654.0,16.735143660622413,4132,Sí
1607,139120,0.7283950617283951,3,Alto,654.0,70.27407407407408,1982,Sí
1608,150130,0.672451290504297,3,Alto,654.0,62.956628797962054,2290,Sí
1609,155860,0.5404537303534122,4,Alto,654.0,45.691347930226314,2937,Sí
1610,157870,0.3659767298402987,5,Medio,654.0,22.86975626311108,3838,Sí
1611,162250,0.7387958410713422,2,Alto,654.0,71.63449601213158,1919,Sí
1612,192450,0.3659767298402987,5,Medio,654.0,22.86975626311108,3839,Sí
1613,205480,0.7995735607675906,2,Alto,654.0,79.58422174840085,1652,Sí
1614,206250,0.9005328596802842,1,Alto,654.0,92.78969804618117,1321,Sí
1615,216840,0.9950980392156863,1,Alto,654.0,105.15882352941176,969,Sí
1616,230730,0.8339060710194731,2,Alto,654.0,84.07491408934709,1492,Sí
1617,245960,0.9643635135789099,1,Alto,654.0,101.13874757612143,1089,Sí
1618,250720,0.5404537303534122,4,Alto,654.0,45.691347930226314,2938,Sí
1619,277220,0.8434959349593496,2,Alto,654.0,85.32926829268293,1463,Sí
1620,290820,0.46200475757751447,4,Medio,654.0,35.4302222911389,3304,Sí
1621,292760,0.672451290504297,3,Alto,654.0,62.956628797962054,2291,Sí
1622,383060,0.7103092783505155,3,Alto,654.0,67.90845360824743,2006,Sí
1623,386270,0.7103092783505155,3,Alto,654.0,67.90845360824743,2007,Sí
1624,503730,0.8434959349593496,2,Alto,654.0,85.32926829268293,1464,Sí
1625,511230,0.8602150537634409,2,Alto,654.0,87.51612903225808,1410,Sí
1626,646310,0.08191489361702127,6,Bajo,654.0,-14.285531914893616,5746,No
1627,76490,0.8802395209580839,1,Alto,270.0,22.532934131736532,3900,Sí
1628,47880,0.9702233250620348,1,Alto,654.0,101.90521091811416,1074,Sí
1629,17970,0.7704280155642024,2,Alto,450.0,44.33852140077822,2988,Sí
1630,81150,0.9748713797272744,1,Alto,450.0,62.73842417545471,2325,Sí
1631,479930,0.23846153846153842,6,Medio,450.0,-3.53846153846154,5136,No
1632,45220,0.7283950617283951,3,Alto,654.0,70.27407407407408,1983,Sí
1633,64920,0.999476961593071,1,Alto,450.0,64.95292654337639,2192,Sí
1634,121610,0.5841401012556733,3,Alto,538.6499999999999,37.92941310827367,3198,Sí
1635,292350,0.2795750377350656,5,Medio,654.0,11.568414935746581,4412,Sí
1636,197900,0.46200475757751447,4,Medio,654.0,35.4302222911389,3305,Sí
1637,255910,0.4325937092181664,4,Medio,654.0,31.58325716573617,3500,Sí
1638,272500,0.5841401012556733,3,Alto,270.0,6.543565467806356,4661,Sí
1639,153590,0.577212020033389,4,Alto,832.5,71.10580133555928,1939,Sí
1640,178810,0.672451290504297,3,Alto,538.6499999999999,47.443177526027895,2873,Sí
1641,343450,0.7103092783505155,3,Alto,538.6499999999999,51.521618556701014,2601,Sí
1642,85830,0.48966632776888547,4,Medio,538.6499999999999,27.751753490542022,3629,Sí
1643,65850,0.672451290504297,3,Alto,654.0,62.956628797962054,2292,Sí
1644,146380,0.817966903073286,2,Alto,654.0,81.99007092198582,1586,Sí
1645,253070,0.6337298146673324,3,Alto,654.0,57.89185975848709,2512,Sí
1646,690790,0.6460905349794238,3,Alto,654.0,59.508641975308635,2381,Sí
1647,821500,0.7995735607675906,2,Alto,832.5,108.12899786780383,932,Sí
1648,116970,0.8339060710194731,2,Alto,270.0,20.03092783505155,3990,Sí
1649,368580,0.4155701754385965,5,Medio,270.0,-2.5592105263157876,5078,No
1650,644280,0.6980392156862745,3,Alto,367.5,26.305882352941182,3761,Sí
1651,686550,0.751269035532995,2,Alto,654.0,73.26598984771574,1839,Sí
1652,213420,0.4490472245236123,4,Medio,652.5,33.600662800331406,3417,Sí
1653,829180,0.8434959349593496,2,Alto,832.5,115.4420731707317,824,Sí
1654,334570,0.672451290504297,3,Alto,654.0,62.956628797962054,2293,Sí
1655,401630,0.776685393258427,2,Alto,450.0,44.90168539325843,2958,Sí
1656,135800,0.5073907658875524,4,Alto,654.0,41.36671217809186,3042,Sí
1657,34860,0.9005328596802842,1,Alto,654.0,92.78969804618117,1322,Sí
1658,494220,0.17485265225933203,6,Bajo,450.0,-9.263261296660117,5410,No
1659,235110,0.9148387096774193,1,Alto,450.0,57.33548387096775,2541,Sí
1660,102960,0.6564868368758717,3,Alto,654.0,60.86847826336404,2369,Sí
1661,2420,0.3190760218702019,5,Medio,270.0,-7.769894819009096,5343,No
1662,16150,0.7387958410713422,2,Alto,270.0,14.894975417852486,4289,Sí
1663,44530,0.48966632776888547,4,Medio,270.0,1.4419816995198182,4936,Sí
1664,275500,0.3190760218702019,5,Medio,270.0,-7.769894819009096,5344,No
1665,54210,0.95578231292517,1,Alto,832.5,134.1377551020408,594,Sí
1666,271910,0.3659767298402987,5,Medio,654.0,22.86975626311108,3840,Sí
1667,7380,0.6700336700336701,3,Alto,652.5,62.43939393939395,2352,Sí
1668,225860,0.577212020033389,4,Alto,652.5,50.32616861435727,2789,Sí
1669,160400,0.9056043180256583,1,Alto,832.5,125.78311895127214,719,Sí
1670,326810,0.9929873772791024,1,Alto,654.0,104.88274894810661,978,Sí
1671,173100,0.672451290504297,3,Alto,654.0,62.956628797962054,2294,Sí
1672,726350,0.6728723404255319,3,Alto,654.0,63.01170212765959,2235,Sí
1673,220060,0.9148387096774193,1,Alto,367.5,42.24064516129032,3031,Sí
1674,97580,0.5841401012556733,3,Alto,538.6499999999999,37.92941310827367,3199,Sí
1675,113950,0.8802395209580839,1,Alto,538.6499999999999,69.82820359281436,1994,Sí
1676,213470,0.4325937092181664,4,Medio,654.0,31.58325716573617,3501,Sí
1677,16600,0.5841401012556733,3,Alto,654.0,51.40552524424207,2609,Sí
1678,68190,0.46200475757751447,4,Medio,654.0,35.4302222911389,3306,Sí
1679,9970,0.751269035532995,2,Alto,654.0,73.26598984771574,1840,Sí
1680,276260,0.672451290504297,3,Alto,538.6499999999999,47.443177526027895,2874,Sí
1681,217880,0.2821741113702567,5,Medio,654.0,11.908373767229584,4380,Sí
1682,144840,0.4325937092181664,4,Medio,654.0,31.58325716573617,3502,Sí
1683,132130,0.805102752829306,2,Alto,654.0,80.30744007007323,1635,Sí
1684,202710,0.9950980392156863,1,Alto,654.0,105.15882352941176,970,Sí
1685,298630,0.9748713797272744,1,Alto,654.0,102.51317646832752,1063,Sí
1686,291400,0.7995735607675906,2,Alto,652.5,79.34434968017058,1692,Sí
1687,60130,0.6460905349794238,3,Alto,450.0,33.148148148148145,3450,Sí
1688,62170,0.751269035532995,2,Alto,450.0,42.61421319796955,3019,Sí
1689,155700,0.6460905349794238,3,Alto,450.0,33.148148148148145,3451,Sí
1690,708390,0.6980392156862745,3,Alto,450.0,37.82352941176471,3209,Sí
1691,708960,0.6980392156862745,3,Alto,450.0,37.82352941176471,3210,Sí
1692,52330,0.44367816091954015,4,Medio,654.0,33.03310344827585,3462,Sí
1693,102270,0.9148936170212766,1,Alto,654.0,94.66808510638299,1234,Sí
1694,113100,0.8339060710194731,2,Alto,654.0,84.07491408934709,1493,Sí
1695,229340,0.8802395209580839,1,Alto,654.0,90.13532934131737,1366,Sí
1696,340100,0.6980392156862745,3,Alto,654.0,66.30352941176471,2102,Sí
1697,131350,0.3659767298402987,5,Medio,538.6499999999999,14.426673105695379,4297,Sí
1698,476360,0.7995735607675906,2,Alto,832.5,108.12899786780383,933,Sí
1699,700180,0.7103092783505155,3,Alto,367.5,27.207731958762892,3710,Sí
1700,16080,0.9367088607594937,1,Alto,832.5,130.9620253164557,624,Sí
1701,866910,0.9005328596802842,1,Alto,832.5,124.93872113676733,735,Sí
1702,868900,0.7792207792207793,2,Alto,832.5,104.74025974025977,993,Sí
1703,26190,0.8802395209580839,1,Alto,538.6499999999999,69.82820359281436,1995,Sí
1704,141850,0.48966632776888547,4,Medio,538.6499999999999,27.751753490542022,3630,Sí
1705,94660,0.9929873772791024,1,Alto,367.5,47.984572230014024,2866,Sí
1706,376270,0.015706806282722516,7,Bajo,832.5,-22.3848167539267,6632,No
1707,296530,0.48966632776888547,4,Medio,538.6499999999999,27.751753490542022,3631,Sí
1708,259780,0.46200475757751447,4,Medio,654.0,35.4302222911389,3307,Sí
1709,240550,0.9063923662873214,1,Alto,654.0,93.55612151038164,1245,Sí
1710,322540,0.6460905349794238,3,Alto,654.0,59.508641975308635,2382,Sí
1711,298250,0.6460905349794238,3,Alto,538.6499999999999,44.60333333333331,2978,Sí
1712,197530,0.7103092783505155,3,Alto,654.0,67.90845360824743,2008,Sí
1713,89810,0.9999,1,Alto,832.5,141.48335,446,Sí
1714,116770,0.9148387096774193,1,Alto,832.5,127.32064516129032,678,Sí
1715,575120,0.7103092783505155,3,Alto,832.5,93.26649484536082,1274,Sí
1716,335680,0.8434959349593496,2,Alto,654.0,85.32926829268293,1465,Sí
1717,64220,0.999476961593071,1,Alto,832.5,141.41291410524633,456,Sí
1718,297470,0.4155701754385965,5,Medio,652.5,29.23190789473685,3594,Sí
1719,167500,0.7387958410713422,2,Alto,654.0,71.63449601213158,1920,Sí
1720,419650,0.029005524861878452,7,Bajo,654.0,-21.206077348066298,6438,No
1721,165130,0.577212020033389,4,Alto,450.0,26.949081803005015,3716,Sí
1722,776950,0.08709016393442623,6,Bajo,654.0,-13.608606557377048,5663,No
1723,681160,0.8802395209580839,1,Alto,654.0,90.13532934131737,1367,Sí
1724,273990,0.7103092783505155,3,Alto,654.0,67.90845360824743,2009,Sí
1725,281480,0.7103092783505155,3,Alto,654.0,67.90845360824743,2010,Sí
1726,311040,0.9999,1,Alto,654.0,105.78692000000001,950,Sí
1727,524420,0.7103092783505155,3,Alto,654.0,67.90845360824743,2011,Sí
1728,18570,0.8339060710194731,2,Alto,654.0,84.07491408934709,1494,Sí
1729,55940,0.7387958410713422,2,Alto,367.5,29.301494318743657,3592,Sí
1730,109060,0.7995735607675906,2,Alto,367.5,33.768656716417915,3357,Sí
1731,133120,0.751269035532995,2,Alto,367.5,30.21827411167513,3542,Sí
1732,193510,0.817966903073286,2,Alto,367.5,35.12056737588653,3324,Sí
1733,215700,0.672451290504297,3,Alto,367.5,24.425169852065828,3800,Sí
1734,406220,0.577212020033389,4,Alto,367.5,17.425083472454098,4103,Sí
1735,775810,0.015706806282722516,7,Bajo,367.5,-23.845549738219894,7171,No
1736,286550,0.3372395833333333,5,Medio,654.0,19.1109375,4029,Sí
1737,55470,0.817966903073286,2,Alto,654.0,81.99007092198582,1587,Sí
1738,391690,0.7103092783505155,3,Alto,654.0,67.90845360824743,2012,Sí
1739,701960,0.577212020033389,4,Alto,450.0,26.949081803005015,3717,Sí
1740,279790,0.672451290504297,3,Alto,538.6499999999999,47.443177526027895,2875,Sí
1741,19300,0.95578231292517,1,Alto,654.0,100.01632653061225,1145,Sí
1742,235610,0.9950980392156863,1,Alto,832.5,140.68382352941177,464,Sí
1743,523030,0.5417406749555951,4,Alto,654.0,45.85968028419184,2889,Sí
1744,774000,0.7103092783505155,3,Alto,450.0,38.927835051546396,3168,Sí
1745,43200,0.7387958410713422,2,Alto,654.0,71.63449601213158,1921,Sí
1746,321280,0.672451290504297,3,Alto,646.5,61.9479518622056,2359,Sí
1747,338050,0.9411764705882353,1,Alto,832.5,131.7058823529412,618,Sí
1748,341350,0.9643635135789099,1,Alto,832.5,135.5665250108885,565,Sí
1749,60530,0.9643635135789099,1,Alto,832.5,135.5665250108885,566,Sí
1750,474510,0.015706806282722516,7,Bajo,832.5,-22.3848167539267,6633,No
1751,193840,0.7387958410713422,2,Alto,538.6499999999999,54.590475958615684,2564,Sí
1752,29080,0.7995735607675906,2,Alto,538.6499999999999,61.13805970149252,2367,Sí
1753,178930,0.6728723404255319,3,Alto,538.6499999999999,47.48853723404254,2868,Sí
1754,76360,0.5841401012556733,3,Alto,654.0,51.40552524424207,2610,Sí
1755,71810,0.4490472245236123,4,Medio,654.0,33.735376967688495,3359,Sí
1756,80780,0.40280847746150794,5,Medio,654.0,27.68734885196524,3638,Sí
1757,91350,0.3992828611200487,5,Medio,654.0,27.22619823450237,3657,Sí
1758,184510,0.49535603715170295,4,Medio,654.0,39.79256965944275,3096,Sí
1759,195860,0.2586476375832887,5,Medio,654.0,8.831110995894164,4523,Sí
1760,302940,0.7995735607675906,2,Alto,654.0,79.58422174840085,1653,Sí
1761,309600,0.48966632776888547,4,Medio,654.0,39.04835567217022,3131,Sí
1762,344760,0.7725145124443549,2,Alto,654.0,76.04489822772163,1800,Sí
1763,15490,0.776685393258427,2,Alto,367.5,32.08637640449439,3491,Sí
1764,67450,0.6460905349794238,3,Alto,367.5,22.48765432098765,3901,Sí
1765,71520,0.6460905349794238,3,Alto,367.5,22.48765432098765,3902,Sí
1766,103890,0.4672268907563025,4,Medio,367.5,9.341176470588238,4511,Sí
1767,235730,0.7387958410713422,2,Alto,367.5,29.301494318743657,3593,Sí
1768,392600,0.776685393258427,2,Alto,367.5,32.08637640449439,3492,Sí
1769,399140,0.2558139534883721,5,Medio,367.5,-6.197674418604649,5239,No
1770,683630,0.9148387096774193,1,Alto,367.5,42.24064516129032,3032,Sí
1771,704410,0.005385996409335727,8,Bajo,367.5,-24.604129263913823,8452,No
1772,730220,0.030010172939979655,7,Bajo,367.5,-22.794252288911494,6743,No
1773,776030,0.002488654662567706,8,Bajo,367.5,-24.817083882301272,8950,No
1774,585490,0.01694915254237288,7,Bajo,442.5,-23.5,7007,No
1775,585730,0.01694915254237288,7,Bajo,442.5,-23.5,7008,No
1776,1380,0.8802395209580839,1,Alto,367.5,39.69760479041916,3114,Sí
1777,170320,0.6460905349794238,3,Alto,405.0,27.33333333333333,3654,Sí
1778,217530,0.3190760218702019,5,Medio,405.0,0.8451577714863561,4947,Sí
1779,42020,0.9367088607594937,1,Alto,538.6499999999999,75.91164556962023,1801,Sí
1780,168340,0.6980392156862745,3,Alto,450.0,37.82352941176471,3211,Sí
1781,95880,0.7704280155642024,2,Alto,450.0,44.33852140077822,2989,Sí
1782,219040,0.9148387096774193,1,Alto,450.0,57.33548387096775,2542,Sí
1783,267790,0.4155701754385965,5,Medio,450.0,12.401315789473685,4347,Sí
1784,325180,0.23846153846153842,6,Medio,450.0,-3.53846153846154,5137,No
1785,426790,0.6460905349794238,3,Alto,450.0,33.148148148148145,3452,Sí
1786,510100,0.4155701754385965,5,Medio,450.0,12.401315789473685,4348,Sí
1787,655960,0.8339060710194731,2,Alto,450.0,50.05154639175258,2829,Sí
1788,662270,0.4155701754385965,5,Medio,450.0,12.401315789473685,4349,Sí
1789,663650,0.4155701754385965,5,Medio,450.0,12.401315789473685,4350,Sí
1790,669410,0.8339060710194731,2,Alto,450.0,50.05154639175258,2830,Sí
1791,706620,0.11088295687885011,6,Bajo,450.0,-15.020533880903491,5783,No
1792,713850,0.4490472245236123,4,Medio,450.0,15.414250207125107,4231,Sí
1793,748570,0.11088295687885011,6,Bajo,450.0,-15.020533880903491,5784,No
1794,803110,0.3372395833333333,5,Medio,450.0,5.3515625,4699,Sí
1795,711300,0.7995735607675906,2,Alto,654.0,79.58422174840085,1654,Sí
1796,272340,0.6337298146673324,3,Alto,405.0,26.33211498805393,3759,Sí
1797,114600,0.9063923662873214,1,Alto,654.0,93.55612151038164,1246,Sí
1798,16820,0.5073907658875524,4,Alto,654.0,41.36671217809186,3043,Sí
1799,280900,0.44367816091954015,4,Medio,652.5,32.89999999999999,3480,Sí
1800,289990,0.7995735607675906,2,Alto,652.5,79.34434968017058,1693,Sí
1801,186090,0.817966903073286,2,Alto,654.0,81.99007092198582,1588,Sí
1802,652420,0.7103092783505155,3,Alto,654.0,67.90845360824743,2013,Sí
1803,19890,0.9367088607594937,1,Alto,832.5,130.9620253164557,625,Sí
1804,713920,0.041237113402061855,7,Bajo,832.5,-18.1340206185567,6049,No
1805,875030,0.006359300476947535,7,Bajo,832.5,-23.941176470588236,7244,No
1806,865180,0.3551617873651772,5,Medio,652.5,21.34861325115562,3953,Sí
1807,125430,0.6460905349794238,3,Alto,450.0,33.148148148148145,3453,Sí
1808,723360,0.817966903073286,2,Alto,450.0,48.61702127659575,2859,Sí
1809,853650,0.4672268907563025,4,Medio,652.5,35.973109243697486,3271,Sí
1810,853920,0.4672268907563025,4,Medio,652.5,35.973109243697486,3272,Sí
1811,11440,0.577212020033389,4,Alto,832.5,71.10580133555928,1940,Sí
1812,253640,0.751269035532995,2,Alto,652.5,73.04060913705584,1886,Sí
1813,255460,0.6728723404255319,3,Alto,652.5,62.80984042553193,2307,Sí
1814,272410,0.6728723404255319,3,Alto,652.5,62.80984042553193,2308,Sí
1815,275820,0.6728723404255319,3,Alto,652.5,62.80984042553193,2309,Sí
1816,277430,0.4155701754385965,5,Medio,652.5,29.23190789473685,3595,Sí
1817,548550,0.029005524861878452,7,Bajo,652.5,-21.21477900552486,6445,No
1818,788970,0.4672268907563025,4,Medio,652.5,35.973109243697486,3273,Sí
1819,51560,0.8339060710194731,2,Alto,654.0,84.07491408934709,1495,Sí
1820,55740,0.3992828611200487,5,Medio,654.0,27.22619823450237,3658,Sí
1821,296340,0.8434959349593496,2,Alto,654.0,85.32926829268293,1466,Sí
1822,189040,0.6980392156862745,3,Alto,654.0,66.30352941176471,2103,Sí
1823,71100,0.817966903073286,2,Alto,654.0,81.99007092198582,1589,Sí
1824,227170,0.3190760218702019,5,Medio,654.0,16.735143660622413,4133,Sí
1825,398400,0.015706806282722516,7,Bajo,654.0,-22.945549738219896,6780,No
1826,314650,0.776685393258427,2,Alto,654.0,76.59044943820226,1733,Sí
1827,284580,0.7387958410713422,2,Alto,450.0,41.49162569642081,3037,Sí
1828,332580,0.3190760218702019,5,Medio,654.0,16.735143660622413,4134,Sí
1829,53330,0.6700336700336701,3,Alto,652.5,62.43939393939395,2353,Sí
1830,78700,0.6337298146673324,3,Alto,450.0,32.03568332005992,3493,Sí
1831,135500,0.7704280155642024,2,Alto,538.6499999999999,57.9982101167315,2508,Sí
1832,184960,0.5417406749555951,4,Alto,405.0,18.8809946714032,4070,Sí
1833,69000,0.6980392156862745,3,Alto,654.0,66.30352941176471,2104,Sí
1834,8950,0.98046875,1,Alto,442.5,61.771484375,2364,Sí
1835,26140,0.9643635135789099,1,Alto,442.5,60.34617095173353,2371,Sí
1836,321750,0.577212020033389,4,Alto,442.5,26.08326377295493,3779,Sí
1837,324090,0.3659767298402987,5,Medio,442.5,7.38894059086644,4637,Sí
1838,59580,0.9748713797272744,1,Alto,450.0,62.73842417545471,2326,Sí
1839,137010,0.9367088607594937,1,Alto,654.0,97.52151898734178,1208,Sí
1840,335880,0.98046875,1,Alto,654.0,103.24531250000001,1053,Sí
1841,278320,0.776685393258427,2,Alto,450.0,44.90168539325843,2959,Sí
1842,159470,0.9702233250620348,1,Alto,450.0,62.32009925558313,2356,Sí
1843,11110,0.6460905349794238,3,Alto,450.0,33.148148148148145,3454,Sí
1844,22780,0.776685393258427,2,Alto,450.0,44.90168539325843,2960,Sí
1845,54150,0.8434959349593496,2,Alto,450.0,50.91463414634147,2640,Sí
1846,67440,0.4155701754385965,5,Medio,450.0,12.401315789473685,4351,Sí
1847,135230,0.776685393258427,2,Alto,450.0,44.90168539325843,2961,Sí
1848,142610,0.776685393258427,2,Alto,450.0,44.90168539325843,2962,Sí
1849,143890,0.751269035532995,2,Alto,450.0,42.61421319796955,3020,Sí
1850,166100,0.9702233250620348,1,Alto,450.0,62.32009925558313,2357,Sí
1851,199740,0.751269035532995,2,Alto,450.0,42.61421319796955,3021,Sí
1852,222400,0.9148387096774193,1,Alto,450.0,57.33548387096775,2543,Sí
1853,226930,0.4155701754385965,5,Medio,450.0,12.401315789473685,4352,Sí
1854,239050,0.776685393258427,2,Alto,450.0,44.90168539325843,2963,Sí
1855,245890,0.6980392156862745,3,Alto,450.0,37.82352941176471,3212,Sí
1856,264130,0.9367088607594937,1,Alto,450.0,59.30379746835443,2486,Sí
1857,286880,0.8802395209580839,1,Alto,450.0,54.221556886227546,2570,Sí
1858,295960,0.776685393258427,2,Alto,450.0,44.90168539325843,2964,Sí
1859,323430,0.4672268907563025,4,Medio,450.0,17.050420168067234,4116,Sí
1860,335520,0.4490472245236123,4,Medio,450.0,15.414250207125107,4232,Sí
1861,363220,0.776685393258427,2,Alto,450.0,44.90168539325843,2965,Sí
1862,395070,0.17019027484143764,6,Bajo,450.0,-9.68287526427061,5431,No
1863,537590,0.6980392156862745,3,Alto,450.0,37.82352941176471,3213,Sí
1864,539250,0.13483146067415727,6,Bajo,450.0,-12.865168539325845,5624,No
1865,539970,0.13483146067415727,6,Bajo,450.0,-12.865168539325845,5625,No
1866,640310,0.21199143468950749,6,Medio,450.0,-5.920770877944324,5216,No
1867,706330,0.4490472245236123,4,Medio,450.0,15.414250207125107,4233,Sí
1868,707680,0.577212020033389,4,Alto,450.0,26.949081803005015,3718,Sí
1869,711010,0.4490472245236123,4,Medio,450.0,15.414250207125107,4234,Sí
1870,810810,0.7103092783505155,3,Alto,450.0,38.927835051546396,3169,Sí
1871,817660,0.7704280155642024,2,Alto,450.0,44.33852140077822,2990,Sí
1872,853610,0.6980392156862745,3,Alto,450.0,37.82352941176471,3214,Sí
1873,15960,0.9643635135789099,1,Alto,654.0,101.13874757612143,1090,Sí
1874,539930,0.4490472245236123,4,Medio,450.0,15.414250207125107,4235,Sí
1875,421140,0.776685393258427,2,Alto,654.0,76.59044943820226,1734,Sí
1876,152200,0.8339060710194731,2,Alto,450.0,50.05154639175258,2831,Sí
1877,713290,0.08709016393442623,6,Bajo,682.5,-13.112192622950818,5636,No
1878,753250,0.08709016393442623,6,Bajo,682.5,-13.112192622950818,5637,No
1879,756410,0.08709016393442623,6,Bajo,682.5,-13.112192622950818,5638,No
1880,176840,0.999476961593071,1,Alto,825.0,139.91369866285672,501,Sí
1881,406740,0.577212020033389,4,Alto,682.5,53.7894407345576,2581,Sí
1882,407850,0.3372395833333333,5,Medio,682.5,21.033203125,3975,Sí
1883,411910,0.577212020033389,4,Alto,682.5,53.7894407345576,2582,Sí
1884,181870,0.7103092783505155,3,Alto,832.5,93.26649484536082,1275,Sí
1885,204500,0.7103092783505155,3,Alto,832.5,93.26649484536082,1276,Sí
1886,691260,0.577212020033389,4,Alto,654.0,50.49933222036729,2653,Sí
1887,179330,0.5841401012556733,3,Alto,654.0,51.40552524424207,2611,Sí
1888,182140,0.9367088607594937,1,Alto,450.0,59.30379746835443,2487,Sí
1889,234740,0.8434959349593496,2,Alto,450.0,50.91463414634147,2641,Sí
1890,60770,0.8339060710194731,2,Alto,367.5,36.29209621993128,3238,Sí
1891,335950,0.7103092783505155,3,Alto,450.0,38.927835051546396,3170,Sí
1892,40780,0.577212020033389,4,Alto,654.0,50.49933222036729,2654,Sí
1893,110230,0.2586476375832887,5,Medio,654.0,8.831110995894164,4524,Sí
1894,134850,0.2586476375832887,5,Medio,654.0,8.831110995894164,4525,Sí
1895,192180,0.672451290504297,3,Alto,654.0,62.956628797962054,2295,Sí
1896,207490,0.672451290504297,3,Alto,654.0,62.956628797962054,2296,Sí
1897,213460,0.40280847746150794,5,Medio,654.0,27.68734885196524,3639,Sí
1898,265330,0.2586476375832887,5,Medio,654.0,8.831110995894164,4526,Sí
1899,288960,0.672451290504297,3,Alto,654.0,62.956628797962054,2297,Sí
1900,296190,0.7792207792207793,2,Alto,654.0,76.92207792207793,1707,Sí
1901,335010,0.39074581687358584,5,Medio,654.0,26.109552847065025,3763,Sí
1902,389010,0.7792207792207793,2,Alto,654.0,76.92207792207793,1708,Sí
1903,504900,0.817966903073286,2,Alto,654.0,81.99007092198582,1590,Sí
1904,634280,0.577212020033389,4,Alto,654.0,50.49933222036729,2655,Sí
1905,730380,0.8339060710194731,2,Alto,654.0,84.07491408934709,1496,Sí
1906,821990,0.6460905349794238,3,Alto,654.0,59.508641975308635,2383,Sí
1907,318670,0.8434959349593496,2,Alto,832.5,115.4420731707317,825,Sí
1908,175330,0.3388523121209245,5,Medio,654.0,19.321882425416923,4017,Sí
1909,110660,0.9148387096774193,1,Alto,654.0,94.66090322580645,1238,Sí
1910,303910,0.577212020033389,4,Alto,654.0,50.49933222036729,2656,Sí
1911,284240,0.98046875,1,Alto,450.0,63.2421875,2216,Sí
1912,257980,0.95578231292517,1,Alto,832.5,134.1377551020408,595,Sí
1913,36660,0.39074581687358584,5,Medio,654.0,26.109552847065025,3764,Sí
1914,48600,0.95578231292517,1,Alto,832.5,134.1377551020408,596,Sí
1915,49160,0.95578231292517,1,Alto,832.5,134.1377551020408,597,Sí
1916,58210,0.776685393258427,2,Alto,832.5,104.31811797752812,1003,Sí
1917,60400,0.776685393258427,2,Alto,832.5,104.31811797752812,1004,Sí
1918,175490,0.9806451612903225,1,Alto,654.0,103.2683870967742,1049,Sí
1919,12890,0.5841401012556733,3,Alto,442.5,26.696398961127088,3749,Sí
1920,38750,0.5841401012556733,3,Alto,442.5,26.696398961127088,3750,Sí
1921,38990,0.5841401012556733,3,Alto,442.5,26.696398961127088,3751,Sí
1922,41500,0.5841401012556733,3,Alto,442.5,26.696398961127088,3752,Sí
1923,44720,0.5841401012556733,3,Alto,442.5,26.696398961127088,3753,Sí
1924,45990,0.5841401012556733,3,Alto,442.5,26.696398961127088,3754,Sí
1925,79590,0.5417406749555951,4,Alto,442.5,22.944049733570168,3831,Sí
1926,152240,0.5073907658875524,4,Alto,442.5,19.904082781048388,3993,Sí
1927,172510,0.46200475757751447,4,Medio,442.5,15.887421045610033,4215,Sí
1928,201170,0.776685393258427,2,Alto,442.5,43.73665730337079,3010,Sí
1929,338150,0.751269035532995,2,Alto,442.5,41.48730964467006,3038,Sí
1930,690900,0.11088295687885011,6,Bajo,442.5,-15.186858316221766,5794,No
1931,14760,0.776685393258427,2,Alto,654.0,76.59044943820226,1735,Sí
1932,177060,0.8434959349593496,2,Alto,654.0,85.32926829268293,1467,Sí
1933,139030,0.999476961593071,1,Alto,646.5,104.23237113398409,1029,Sí
1934,76790,0.17019027484143764,6,Bajo,450.0,-9.68287526427061,5432,No
1935,758230,0.030010172939979655,7,Bajo,654.0,-21.07466937945066,6415,No
1936,56350,0.7103092783505155,3,Alto,450.0,38.927835051546396,3171,Sí
1937,121200,0.817966903073286,2,Alto,538.6499999999999,63.11957446808509,2229,Sí
1938,173130,0.5841401012556733,3,Alto,538.6499999999999,37.92941310827367,3200,Sí
1939,577870,0.7995735607675906,2,Alto,538.6499999999999,61.13805970149252,2368,Sí
1940,30930,0.9929873772791024,1,Alto,450.0,64.36886395511922,2212,Sí
1941,41210,0.8802395209580839,1,Alto,450.0,54.221556886227546,2571,Sí
1942,51030,0.8602150537634409,2,Alto,450.0,52.41935483870968,2595,Sí
1943,55260,0.9367088607594937,1,Alto,450.0,59.30379746835443,2488,Sí
1944,59310,0.13846153846153847,6,Bajo,450.0,-12.538461538461537,5613,No
1945,61990,0.9367088607594937,1,Alto,450.0,59.30379746835443,2489,Sí
1946,73270,0.9148936170212766,1,Alto,450.0,57.3404255319149,2535,Sí
1947,77950,0.6980392156862745,3,Alto,450.0,37.82352941176471,3215,Sí
1948,100090,0.13846153846153847,6,Bajo,450.0,-12.538461538461537,5614,No
1949,101570,0.6460905349794238,3,Alto,450.0,33.148148148148145,3455,Sí
1950,107130,0.9090909090909091,1,Alto,450.0,56.81818181818183,2549,Sí
1951,110420,0.4672268907563025,4,Medio,450.0,17.050420168067234,4117,Sí
1952,114130,0.9148936170212766,1,Alto,450.0,57.3404255319149,2536,Sí
1953,115160,0.6460905349794238,3,Alto,450.0,33.148148148148145,3456,Sí
1954,115280,0.3551617873651772,5,Medio,450.0,6.964560862865945,4642,Sí
1955,115330,0.9367088607594937,1,Alto,450.0,59.30379746835443,2490,Sí
1956,116540,0.776685393258427,2,Alto,450.0,44.90168539325843,2966,Sí
1957,118420,0.8802395209580839,1,Alto,450.0,54.221556886227546,2572,Sí
1958,125830,0.8339060710194731,2,Alto,450.0,50.05154639175258,2832,Sí
1959,131200,0.3551617873651772,5,Medio,450.0,6.964560862865945,4643,Sí
1960,147070,0.98046875,1,Alto,450.0,63.2421875,2217,Sí
1961,156620,0.577212020033389,4,Alto,450.0,26.949081803005015,3719,Sí
1962,162880,0.9148387096774193,1,Alto,450.0,57.33548387096775,2544,Sí
1963,176130,0.7792207792207793,2,Alto,450.0,45.12987012987014,2949,Sí
1964,176490,0.9367088607594937,1,Alto,450.0,59.30379746835443,2491,Sí
1965,177840,0.5417406749555951,4,Alto,450.0,23.75666074600356,3814,Sí
1966,181230,0.577212020033389,4,Alto,450.0,26.949081803005015,3720,Sí
1967,187560,0.7103092783505155,3,Alto,450.0,38.927835051546396,3172,Sí
1968,206980,0.4672268907563025,4,Medio,450.0,17.050420168067234,4118,Sí
1969,218970,0.9367088607594937,1,Alto,450.0,59.30379746835443,2492,Sí
1970,222760,0.3372395833333333,5,Medio,450.0,5.3515625,4700,Sí
1971,223440,0.6980392156862745,3,Alto,450.0,37.82352941176471,3216,Sí
1972,254010,0.6728723404255319,3,Alto,450.0,35.558510638297875,3290,Sí
1973,257720,0.7704280155642024,2,Alto,450.0,44.33852140077822,2991,Sí
1974,296380,0.776685393258427,2,Alto,450.0,44.90168539325843,2967,Sí
1975,302970,0.7995735607675906,2,Alto,450.0,46.96162046908316,2882,Sí
1976,333520,0.7792207792207793,2,Alto,450.0,45.12987012987014,2950,Sí
1977,334110,0.7103092783505155,3,Alto,450.0,38.927835051546396,3173,Sí
1978,342170,0.6980392156862745,3,Alto,450.0,37.82352941176471,3217,Sí
1979,391170,0.20909090909090908,6,Medio,450.0,-6.181818181818183,5236,No
1980,396060,0.577212020033389,4,Alto,450.0,26.949081803005015,3721,Sí
1981,402620,0.4155701754385965,5,Medio,450.0,12.401315789473685,4353,Sí
1982,405340,0.20909090909090908,6,Medio,450.0,-6.181818181818183,5237,No
1983,416930,0.776685393258427,2,Alto,450.0,44.90168539325843,2968,Sí
1984,437790,0.6460905349794238,3,Alto,450.0,33.148148148148145,3457,Sí
1985,483840,0.4672268907563025,4,Medio,450.0,17.050420168067234,4119,Sí
1986,493750,0.776685393258427,2,Alto,450.0,44.90168539325843,2969,Sí
1987,500670,0.6980392156862745,3,Alto,450.0,37.82352941176471,3218,Sí
1988,534380,0.23846153846153842,6,Medio,450.0,-3.53846153846154,5138,No
1989,540900,0.9148936170212766,1,Alto,450.0,57.3404255319149,2537,Sí
1990,549770,0.4672268907563025,4,Medio,450.0,17.050420168067234,4120,Sí
1991,561230,0.776685393258427,2,Alto,450.0,44.90168539325843,2970,Sí
1992,585420,0.4155701754385965,5,Medio,450.0,12.401315789473685,4354,Sí
1993,629610,0.13483146067415727,6,Bajo,450.0,-12.865168539325845,5626,No
1994,665760,0.9367088607594937,1,Alto,450.0,59.30379746835443,2493,Sí
1995,666480,0.7103092783505155,3,Alto,450.0,38.927835051546396,3174,Sí
1996,667040,0.751269035532995,2,Alto,450.0,42.61421319796955,3022,Sí
1997,671810,0.3551617873651772,5,Medio,450.0,6.964560862865945,4644,Sí
1998,674650,0.577212020033389,4,Alto,450.0,26.949081803005015,3722,Sí
1999,692870,0.6728723404255319,3,Alto,450.0,35.558510638297875,3291,Sí
2000,740450,0.7704280155642024,2,Alto,450.0,44.33852140077822,2992,Sí
2001,758590,0.9148936170212766,1,Alto,450.0,57.3404255319149,2538,Sí
2002,772910,0.4672268907563025,4,Medio,450.0,17.050420168067234,4121,Sí
2003,778570,0.9367088607594937,1,Alto,450.0,59.30379746835443,2494,Sí
2004,783590,0.8802395209580839,1,Alto,450.0,54.221556886227546,2573,Sí
2005,785890,0.13846153846153847,6,Bajo,450.0,-12.538461538461537,5615,No
2006,873420,0.577212020033389,4,Alto,450.0,26.949081803005015,3723,Sí
2007,870790,0.4490472245236123,4,Medio,652.5,33.600662800331406,3418,Sí
2008,570650,0.8339060710194731,2,Alto,538.6499999999999,64.83670103092783,2197,Sí
2009,333160,0.9999,1,Alto,654.0,105.78692000000001,951,Sí
2010,468090,0.060294117647058824,6,Bajo,654.0,-17.113529411764706,5899,No
2011,117800,0.9806451612903225,1,Alto,654.0,103.2683870967742,1050,Sí
2012,59520,0.3659767298402987,5,Medio,654.0,22.86975626311108,3841,Sí
2013,115820,0.48966632776888547,4,Medio,654.0,39.04835567217022,3132,Sí
2014,299470,0.577212020033389,4,Alto,652.5,50.32616861435727,2790,Sí
2015,319200,0.577212020033389,4,Alto,652.5,50.32616861435727,2791,Sí
2016,318790,0.39074581687358584,5,Medio,654.0,26.109552847065025,3765,Sí
2017,305930,0.9702233250620348,1,Alto,832.5,136.54218362282882,543,Sí
2018,298990,0.7792207792207793,2,Alto,450.0,45.12987012987014,2951,Sí
2019,259530,0.5073907658875524,4,Alto,538.6499999999999,29.661207209066006,3550,Sí
2020,470320,0.5417406749555951,4,Alto,654.0,45.85968028419184,2890,Sí
2021,267480,0.8339060710194731,2,Alto,654.0,84.07491408934709,1497,Sí
2022,6390,0.672451290504297,3,Alto,654.0,62.956628797962054,2298,Sí
2023,27700,0.776685393258427,2,Alto,654.0,76.59044943820226,1736,Sí
2024,288320,0.23846153846153842,6,Medio,450.0,-3.53846153846154,5139,No
2025,2860,0.9643635135789099,1,Alto,654.0,101.13874757612143,1091,Sí
2026,61550,0.9063923662873214,1,Alto,832.5,125.91432898683902,710,Sí
2027,858510,0.39416058394160586,5,Medio,832.5,40.627737226277375,3078,Sí
2028,23850,0.6980392156862745,3,Alto,654.0,66.30352941176471,2105,Sí
2029,43710,0.7792207792207793,2,Alto,654.0,76.92207792207793,1709,Sí
2030,275280,0.6460905349794238,3,Alto,654.0,59.508641975308635,2384,Sí
2031,218050,0.4490472245236123,4,Medio,654.0,33.735376967688495,3360,Sí
2032,302630,0.5841401012556733,3,Alto,654.0,51.40552524424207,2612,Sí
2033,8170,0.7103092783505155,3,Alto,654.0,67.90845360824743,2014,Sí
2034,100360,0.3551617873651772,5,Medio,652.5,21.34861325115562,3954,Sí
2035,398660,0.4155701754385965,5,Medio,652.5,29.23190789473685,3596,Sí
2036,691860,0.9148387096774193,1,Alto,652.5,94.38645161290323,1243,Sí
2037,703990,0.3551617873651772,5,Medio,652.5,21.34861325115562,3955,Sí
2038,201960,0.7995735607675906,2,Alto,832.5,108.12899786780383,934,Sí
2039,29630,0.577212020033389,4,Alto,654.0,50.49933222036729,2657,Sí
2040,71290,0.577212020033389,4,Alto,654.0,50.49933222036729,2658,Sí
2041,71960,0.6980392156862745,3,Alto,654.0,66.30352941176471,2106,Sí
2042,80290,0.6337298146673324,3,Alto,654.0,57.89185975848709,2513,Sí
2043,83120,0.6337298146673324,3,Alto,654.0,57.89185975848709,2514,Sí
2044,97760,0.6337298146673324,3,Alto,654.0,57.89185975848709,2515,Sí
2045,105700,0.5073907658875524,4,Alto,654.0,41.36671217809186,3044,Sí
2046,115170,0.7704280155642024,2,Alto,654.0,75.77198443579768,1810,Sí
2047,123230,0.751269035532995,2,Alto,654.0,73.26598984771574,1841,Sí
2048,134900,0.4490472245236123,4,Medio,654.0,33.735376967688495,3361,Sí
2049,144850,0.3388523121209245,5,Medio,654.0,19.321882425416923,4018,Sí
2050,154740,0.40280847746150794,5,Medio,654.0,27.68734885196524,3640,Sí
2051,171290,0.46200475757751447,4,Medio,654.0,35.4302222911389,3308,Sí
2052,189560,0.3992828611200487,5,Medio,654.0,27.22619823450237,3659,Sí
2053,194860,0.8339060710194731,2,Alto,654.0,84.07491408934709,1498,Sí
2054,196070,0.8339060710194731,2,Alto,654.0,84.07491408934709,1499,Sí
2055,240820,0.9643635135789099,1,Alto,654.0,101.13874757612143,1092,Sí
2056,247410,0.39074581687358584,5,Medio,654.0,26.109552847065025,3766,Sí
2057,288390,0.6980392156862745,3,Alto,654.0,66.30352941176471,2107,Sí
2058,295230,0.46200475757751447,4,Medio,654.0,35.4302222911389,3309,Sí
2059,302620,0.4830208249299662,4,Medio,654.0,38.17912390083958,3191,Sí
2060,312270,0.577212020033389,4,Alto,654.0,50.49933222036729,2659,Sí
2061,314730,0.2586476375832887,5,Medio,654.0,8.831110995894164,4527,Sí
2062,389430,0.7792207792207793,2,Alto,654.0,76.92207792207793,1710,Sí
2063,401250,0.029005524861878452,7,Bajo,654.0,-21.206077348066298,6439,No
2064,417440,0.7704280155642024,2,Alto,654.0,75.77198443579768,1811,Sí
2065,484140,0.6980392156862745,3,Alto,654.0,66.30352941176471,2108,Sí
2066,521740,0.776685393258427,2,Alto,654.0,76.59044943820226,1737,Sí
2067,522330,0.776685393258427,2,Alto,654.0,76.59044943820226,1738,Sí
2068,691040,0.6460905349794238,3,Alto,654.0,59.508641975308635,2385,Sí
2069,691600,0.776685393258427,2,Alto,654.0,76.59044943820226,1739,Sí
2070,731740,0.6728723404255319,3,Alto,654.0,63.01170212765959,2236,Sí
2071,788700,0.01694915254237288,7,Bajo,654.0,-22.783050847457627,6739,No
2072,532950,0.00395882818685669,8,Bajo,450.0,-24.643705463182897,8604,No
2073,271310,0.672451290504297,3,Alto,654.0,62.956628797962054,2299,Sí
2074,167250,0.751269035532995,2,Alto,654.0,73.26598984771574,1842,Sí
2075,37560,0.9643635135789099,1,Alto,654.0,101.13874757612143,1093,Sí
2076,303190,0.3190760218702019,5,Medio,538.6499999999999,9.374059836076846,4505,Sí
2077,15370,0.48966632776888547,4,Medio,538.6499999999999,27.751753490542022,3632,Sí
2078,16350,0.8339060710194731,2,Alto,538.6499999999999,64.83670103092783,2198,Sí
2079,69790,0.6728723404255319,3,Alto,538.6499999999999,47.48853723404254,2869,Sí
2080,105040,0.39074581687358584,5,Medio,538.6499999999999,17.095046851791395,4112,Sí
2081,118990,0.8339060710194731,2,Alto,538.6499999999999,64.83670103092783,2199,Sí
2082,127660,0.5841401012556733,3,Alto,538.6499999999999,37.92941310827367,3201,Sí
2083,156600,0.9643635135789099,1,Alto,538.6499999999999,78.89088131785594,1700,Sí
2084,159490,0.5841401012556733,3,Alto,538.6499999999999,37.92941310827367,3202,Sí
2085,329340,0.48966632776888547,4,Medio,538.6499999999999,27.751753490542022,3633,Sí
2086,339380,0.5073907658875524,4,Alto,538.6499999999999,29.661207209066006,3551,Sí
2087,510980,0.05795454545454545,7,Bajo,538.6499999999999,-18.75655681818182,6105,No
2088,522850,0.751269035532995,2,Alto,538.6499999999999,55.93421319796953,2558,Sí
2089,531380,0.8339060710194731,2,Alto,538.6499999999999,64.83670103092783,2200,Sí
2090,632690,0.6700336700336701,3,Alto,538.6499999999999,47.18272727272726,2878,Sí
2091,634030,0.8434959349593496,2,Alto,538.6499999999999,65.86981707317071,2169,Sí
2092,82410,0.9005328596802842,1,Alto,832.5,124.93872113676733,736,Sí
2093,589250,0.17485265225933203,6,Bajo,652.5,-2.18172888015717,5048,No
2094,31650,0.9367088607594937,1,Alto,832.5,130.9620253164557,626,Sí
2095,166160,0.7792207792207793,2,Alto,450.0,45.12987012987014,2952,Sí
2096,180670,0.7103092783505155,3,Alto,654.0,67.90845360824743,2015,Sí
2097,648400,0.776685393258427,2,Alto,450.0,44.90168539325843,2971,Sí
2098,196720,0.4830208249299662,4,Medio,654.0,38.17912390083958,3192,Sí
2099,271760,0.751269035532995,2,Alto,652.5,73.04060913705584,1887,Sí
2100,527790,0.7103092783505155,3,Alto,654.0,67.90845360824743,2016,Sí
2101,530840,0.7103092783505155,3,Alto,654.0,67.90845360824743,2017,Sí
2102,8120,0.5841401012556733,3,Alto,270.0,6.543565467806356,4662,Sí
2103,21720,0.8339060710194731,2,Alto,270.0,20.03092783505155,3991,Sí
2104,211960,0.7103092783505155,3,Alto,270.0,13.356701030927837,4336,Sí
2105,232150,0.7103092783505155,3,Alto,270.0,13.356701030927837,4337,Sí
2106,160230,0.8802395209580839,1,Alto,654.0,90.13532934131737,1368,Sí
2107,180800,0.9148387096774193,1,Alto,654.0,94.66090322580645,1239,Sí
2108,845260,0.577212020033389,4,Alto,654.0,50.49933222036729,2660,Sí
2109,843560,0.577212020033389,4,Alto,654.0,50.49933222036729,2661,Sí
2110,74620,0.8339060710194731,2,Alto,654.0,84.07491408934709,1500,Sí
2111,161770,0.9005328596802842,1,Alto,367.5,41.18916518650089,3073,Sí
2112,330150,0.577212020033389,4,Alto,450.0,26.949081803005015,3724,Sí
2113,15650,0.776685393258427,2,Alto,654.0,76.59044943820226,1740,Sí
2114,836490,0.6980392156862745,3,Alto,654.0,66.30352941176471,2109,Sí
2115,335580,0.751269035532995,2,Alto,654.0,73.26598984771574,1843,Sí
2116,24540,0.7103092783505155,3,Alto,538.6499999999999,51.521618556701014,2602,Sí
2117,76290,0.9005328596802842,1,Alto,654.0,92.78969804618117,1323,Sí
2118,182120,0.9367088607594937,1,Alto,654.0,97.52151898734178,1209,Sí
2119,286680,0.805102752829306,2,Alto,654.0,80.30744007007323,1636,Sí
2120,406550,0.00395882818685669,8,Bajo,652.5,-24.483372921615203,8247,No
2121,342320,0.751269035532995,2,Alto,654.0,73.26598984771574,1844,Sí
2122,321060,0.3659767298402987,5,Medio,654.0,22.86975626311108,3842,Sí
2123,388020,0.9148387096774193,1,Alto,832.5,127.32064516129032,679,Sí
2124,388030,0.9148387096774193,1,Alto,832.5,127.32064516129032,680,Sí
2125,390140,0.9148387096774193,1,Alto,832.5,127.32064516129032,681,Sí
2126,610230,0.030010172939979655,7,Bajo,654.0,-21.07466937945066,6416,No
2127,13170,0.4325937092181664,4,Medio,832.5,47.02685258482471,2879,Sí
2128,95990,0.6460905349794238,3,Alto,832.5,82.57407407407406,1552,Sí
2129,662900,0.4155701754385965,5,Medio,832.5,44.19243421052633,2996,Sí
2130,730290,0.39416058394160586,5,Medio,654.0,26.556204379562054,3755,Sí
2131,21580,0.577212020033389,4,Alto,442.5,26.08326377295493,3780,Sí
2132,39860,0.7103092783505155,3,Alto,654.0,67.90845360824743,2018,Sí
2133,332990,0.14354065541897237,6,Bajo,654.0,-6.224882271198414,5244,No
2134,287470,0.6460905349794238,3,Alto,654.0,59.508641975308635,2386,Sí
2135,162850,0.3190760218702019,5,Medio,654.0,16.735143660622413,4135,Sí
2136,188060,0.577212020033389,4,Alto,832.5,71.10580133555928,1941,Sí
2137,294200,0.7103092783505155,3,Alto,450.0,38.927835051546396,3175,Sí
2138,261550,0.3190760218702019,5,Medio,654.0,16.735143660622413,4136,Sí
2139,1790,0.3992828611200487,5,Medio,654.0,27.22619823450237,3660,Sí
2140,264410,0.3388523121209245,5,Medio,654.0,19.321882425416923,4019,Sí
2141,299390,0.44367816091954015,4,Medio,652.5,32.89999999999999,3481,Sí
2142,21200,0.7792207792207793,2,Alto,538.6499999999999,58.94545454545454,2501,Sí
2143,39070,0.8339060710194731,2,Alto,538.6499999999999,64.83670103092783,2201,Sí
2144,46410,0.3190760218702019,5,Medio,538.6499999999999,9.374059836076846,4506,Sí
2145,48630,0.7387958410713422,2,Alto,538.6499999999999,54.590475958615684,2565,Sí
2146,50970,0.46200475757751447,4,Medio,538.6499999999999,24.771772533825626,3792,Sí
2147,67200,0.2586476375832887,5,Medio,538.6499999999999,2.8641099968476844,4831,Sí
2148,74810,0.8301886792452831,2,Alto,538.6499999999999,64.43622641509432,2210,Sí
2149,105100,0.9999,1,Alto,538.6499999999999,82.71922699999999,1546,Sí
2150,112050,0.817966903073286,2,Alto,538.6499999999999,63.11957446808509,2230,Sí
2151,113220,0.9643635135789099,1,Alto,538.6499999999999,78.89088131785594,1701,Sí
2152,132050,0.577212020033389,4,Alto,538.6499999999999,37.18305091819698,3226,Sí
2153,155630,0.4325937092181664,4,Medio,538.6499999999999,21.603320294073058,3913,Sí
2154,212660,0.8339060710194731,2,Alto,538.6499999999999,64.83670103092783,2202,Sí
2155,217270,0.7704280155642024,2,Alto,538.6499999999999,57.9982101167315,2509,Sí
2156,217570,0.9005328596802842,1,Alto,538.6499999999999,72.01440497335699,1906,Sí
2157,222050,0.5841401012556733,3,Alto,538.6499999999999,37.92941310827367,3203,Sí
2158,230830,0.8339060710194731,2,Alto,538.6499999999999,64.83670103092783,2203,Sí
2159,261020,0.3992828611200487,5,Medio,538.6499999999999,18.014742628462834,4088,Sí
2160,265730,0.3992828611200487,5,Medio,538.6499999999999,18.014742628462834,4089,Sí
2161,274030,0.8434959349593496,2,Alto,538.6499999999999,65.86981707317071,2170,Sí
2162,280570,0.3190760218702019,5,Medio,538.6499999999999,9.374059836076846,4507,Sí
2163,300460,0.8434959349593496,2,Alto,538.6499999999999,65.86981707317071,2171,Sí
2164,305290,0.9005328596802842,1,Alto,538.6499999999999,72.01440497335699,1907,Sí
2165,317500,0.9367088607594937,1,Alto,538.6499999999999,75.91164556962023,1802,Sí
2166,317700,0.776685393258427,2,Alto,538.6499999999999,58.67231741573033,2502,Sí
2167,583920,0.9148387096774193,1,Alto,538.6499999999999,73.55557419354837,1829,Sí
2168,584160,0.8301886792452831,2,Alto,538.6499999999999,64.43622641509432,2211,Sí
2169,860920,0.030010172939979655,7,Bajo,538.6499999999999,-21.767004069175993,6506,No
2170,285250,0.3659767298402987,5,Medio,654.0,22.86975626311108,3843,Sí
2171,608280,0.6728723404255319,3,Alto,654.0,63.01170212765959,2237,Sí
2172,165840,0.7103092783505155,3,Alto,654.0,67.90845360824743,2019,Sí
2173,24030,0.776685393258427,2,Alto,654.0,76.59044943820226,1741,Sí
2174,299980,0.6460905349794238,3,Alto,652.5,59.31481481481481,2459,Sí
2175,417610,0.7704280155642024,2,Alto,652.5,75.54085603112841,1824,Sí
2176,482100,0.3372395833333333,5,Medio,652.5,19.009765625,4053,Sí
2177,272360,0.6980392156862745,3,Alto,654.0,66.30352941176471,2110,Sí
2178,177820,0.776685393258427,2,Alto,654.0,76.59044943820226,1742,Sí
2179,234230,0.6460905349794238,3,Alto,654.0,59.508641975308635,2387,Sí
2180,203350,0.2821741113702567,5,Medio,654.0,11.908373767229584,4381,Sí
2181,277550,0.9090909090909091,1,Alto,654.0,93.9090909090909,1244,Sí
2182,521530,0.577212020033389,4,Alto,654.0,50.49933222036729,2662,Sí
2183,522150,0.577212020033389,4,Alto,654.0,50.49933222036729,2663,Sí
2184,14370,0.817966903073286,2,Alto,652.5,81.74468085106383,1615,Sí
2185,23510,0.9748713797272744,1,Alto,654.0,102.51317646832752,1064,Sí
2186,32670,0.5841401012556733,3,Alto,654.0,51.40552524424207,2613,Sí
2187,38910,0.577212020033389,4,Alto,654.0,50.49933222036729,2664,Sí
2188,51980,0.2069237416186202,6,Medio,654.0,2.0656254037155257,4873,Sí
2189,64580,0.577212020033389,4,Alto,654.0,50.49933222036729,2665,Sí
2190,72700,0.49535603715170295,4,Medio,654.0,39.79256965944275,3097,Sí
2191,72900,0.6980392156862745,3,Alto,654.0,66.30352941176471,2111,Sí
2192,77520,0.3190760218702019,5,Medio,654.0,16.735143660622413,4137,Sí
2193,100190,0.577212020033389,4,Alto,654.0,50.49933222036729,2666,Sí
2194,106630,0.776685393258427,2,Alto,654.0,76.59044943820226,1743,Sí
2195,108890,0.4672268907563025,4,Medio,654.0,36.113277310924374,3239,Sí
2196,126180,0.577212020033389,4,Alto,654.0,50.49933222036729,2667,Sí
2197,140780,0.6337298146673324,3,Alto,654.0,57.89185975848709,2516,Sí
2198,148590,0.4155701754385965,5,Medio,654.0,29.356578947368426,3556,Sí
2199,151840,0.577212020033389,4,Alto,654.0,50.49933222036729,2668,Sí
2200,178150,0.577212020033389,4,Alto,654.0,50.49933222036729,2669,Sí
2201,194450,0.2069237416186202,6,Medio,654.0,2.0656254037155257,4874,Sí
2202,198310,0.4490472245236123,4,Medio,654.0,33.735376967688495,3362,Sí
2203,238210,0.6728723404255319,3,Alto,654.0,63.01170212765959,2238,Sí
2204,251020,0.577212020033389,4,Alto,654.0,50.49933222036729,2670,Sí
2205,283150,0.577212020033389,4,Alto,654.0,50.49933222036729,2671,Sí
2206,285230,0.3190760218702019,5,Medio,654.0,16.735143660622413,4138,Sí
2207,301550,0.48966632776888547,4,Medio,654.0,39.04835567217022,3133,Sí
2208,336010,0.2069237416186202,6,Medio,654.0,2.0656254037155257,4875,Sí
2209,338370,0.751269035532995,2,Alto,654.0,73.26598984771574,1845,Sí
2210,344330,0.751269035532995,2,Alto,654.0,73.26598984771574,1846,Sí
2211,391880,0.6728723404255319,3,Alto,654.0,63.01170212765959,2239,Sí
2212,467220,0.49535603715170295,4,Medio,654.0,39.79256965944275,3098,Sí
2213,474770,0.002488654662567706,8,Bajo,654.0,-24.674483970136144,8625,No
2214,503550,0.006359300476947535,7,Bajo,654.0,-24.168203497615263,7506,No
2215,584070,0.6728723404255319,3,Alto,654.0,63.01170212765959,2240,Sí
2216,632380,0.577212020033389,4,Alto,654.0,50.49933222036729,2672,Sí
2217,660740,0.4155701754385965,5,Medio,654.0,29.356578947368426,3557,Sí
2218,661380,0.002488654662567706,8,Bajo,654.0,-24.674483970136144,8626,No
2219,661780,0.3551617873651772,5,Medio,654.0,21.45516178736517,3922,Sí
2220,671720,0.577212020033389,4,Alto,654.0,50.49933222036729,2673,Sí
2221,689140,0.4155701754385965,5,Medio,654.0,29.356578947368426,3558,Sí
2222,843550,0.577212020033389,4,Alto,654.0,50.49933222036729,2674,Sí
2223,716650,0.6728723404255319,3,Alto,654.0,63.01170212765959,2241,Sí
2224,78600,0.49535603715170295,4,Medio,654.0,39.79256965944275,3099,Sí
2225,799630,0.6460905349794238,3,Alto,654.0,59.508641975308635,2388,Sí
2226,96910,0.3992828611200487,5,Medio,654.0,27.22619823450237,3661,Sí
2227,234270,0.5841401012556733,3,Alto,654.0,51.40552524424207,2614,Sí
2228,259130,0.751269035532995,2,Alto,654.0,73.26598984771574,1847,Sí
2229,313290,0.817966903073286,2,Alto,654.0,81.99007092198582,1591,Sí
2230,123560,0.9148387096774193,1,Alto,538.6499999999999,73.55557419354837,1830,Sí
2231,184250,0.6460905349794238,3,Alto,654.0,59.508641975308635,2389,Sí
2232,279010,0.4155701754385965,5,Medio,450.0,12.401315789473685,4355,Sí
2233,260310,0.4490472245236123,4,Medio,654.0,33.735376967688495,3363,Sí
2234,412960,0.49535603715170295,4,Medio,652.5,39.643962848297235,3116,Sí
2235,213330,0.817966903073286,2,Alto,654.0,81.99007092198582,1592,Sí
2236,287800,0.9702233250620348,1,Alto,654.0,101.90521091811416,1075,Sí
2237,186410,0.4325937092181664,4,Medio,654.0,31.58325716573617,3503,Sí
2238,277990,0.4155701754385965,5,Medio,654.0,29.356578947368426,3559,Sí
2239,198770,0.8802395209580839,1,Alto,450.0,54.221556886227546,2574,Sí
2240,16710,0.8339060710194731,2,Alto,538.6499999999999,64.83670103092783,2204,Sí
2241,292220,0.3064157764943565,5,Medio,654.0,15.079183565461825,4259,Sí
2242,220520,0.4672268907563025,4,Medio,654.0,36.113277310924374,3240,Sí
2243,859030,0.006359300476947535,7,Bajo,654.0,-24.168203497615263,7507,No
2244,236240,0.751269035532995,2,Alto,832.5,100.08629441624366,1125,Sí
2245,250570,0.751269035532995,2,Alto,832.5,100.08629441624366,1126,Sí
2246,823710,0.015706806282722516,7,Bajo,832.5,-22.3848167539267,6634,No
2247,858390,0.00395882818685669,8,Bajo,832.5,-24.340855106888363,7698,No
2248,77690,0.48966632776888547,4,Medio,654.0,39.04835567217022,3134,Sí
2249,409900,0.44367816091954015,4,Medio,652.5,32.89999999999999,3482,Sí
2250,58530,0.6337298146673324,3,Alto,654.0,57.89185975848709,2517,Sí
2251,334700,0.2821741113702567,5,Medio,654.0,11.908373767229584,4382,Sí
2252,297580,0.2586476375832887,5,Medio,654.0,8.831110995894164,4528,Sí
2253,311060,0.776685393258427,2,Alto,654.0,76.59044943820226,1744,Sí
2254,732690,0.7995735607675906,2,Alto,654.0,79.58422174840085,1655,Sí
2255,589070,0.6980392156862745,3,Alto,654.0,66.30352941176471,2112,Sí
2256,182000,0.3190760218702019,5,Medio,654.0,16.735143660622413,4139,Sí
2257,171850,0.751269035532995,2,Alto,654.0,73.26598984771574,1848,Sí
2258,280980,0.2069237416186202,6,Medio,654.0,2.0656254037155257,4876,Sí
2259,284870,0.2069237416186202,6,Medio,654.0,2.0656254037155257,4877,Sí
2260,271030,0.6980392156862745,3,Alto,654.0,66.30352941176471,2113,Sí
2261,15230,0.9748713797272744,1,Alto,450.0,62.73842417545471,2327,Sí
2262,68310,0.999476961593071,1,Alto,450.0,64.95292654337639,2193,Sí
2263,263520,0.672451290504297,3,Alto,652.5,62.754893410810766,2321,Sí
2264,208150,0.3659767298402987,5,Medio,654.0,22.86975626311108,3844,Sí
2265,305830,0.7103092783505155,3,Alto,654.0,67.90845360824743,2020,Sí
2266,212670,0.4325937092181664,5,Medio,654.0,31.58325716573617,3504,Sí
2267,754690,0.01694915254237288,7,Bajo,654.0,-22.783050847457627,6740,No
2268,843500,0.6980392156862745,3,Alto,654.0,66.30352941176471,2114,Sí
2269,177810,0.5841401012556733,3,Alto,654.0,51.40552524424207,2615,Sí
2270,233630,0.5841401012556733,3,Alto,654.0,51.40552524424207,2616,Sí
2271,822110,0.041237113402061855,7,Bajo,538.6499999999999,-20.557525773195877,6299,No
2272,254140,0.5841401012556733,3,Alto,654.0,51.40552524424207,2617,Sí
2273,158770,0.6460905349794238,3,Alto,654.0,59.508641975308635,2390,Sí
2274,332510,0.6980392156862745,3,Alto,654.0,66.30352941176471,2115,Sí
2275,352000,0.577212020033389,4,Alto,652.5,50.32616861435727,2792,Sí
2276,278670,0.9929873772791024,1,Alto,654.0,104.88274894810661,979,Sí
2277,842870,0.577212020033389,4,Alto,654.0,50.49933222036729,2675,Sí
2278,210660,0.6460905349794238,3,Alto,682.5,63.191358024691354,2219,Sí
2279,213080,0.6460905349794238,3,Alto,682.5,63.191358024691354,2220,Sí
2280,226340,0.6460905349794238,3,Alto,682.5,63.191358024691354,2221,Sí
2281,228490,0.6460905349794238,3,Alto,682.5,63.191358024691354,2222,Sí
2282,294740,0.6728723404255319,3,Alto,652.5,62.80984042553193,2310,Sí
2283,690240,0.7103092783505155,3,Alto,654.0,67.90845360824743,2021,Sí
2284,691750,0.7103092783505155,3,Alto,654.0,67.90845360824743,2022,Sí
2285,60620,0.577212020033389,4,Alto,367.5,17.425083472454098,4104,Sí
2286,77140,0.8301886792452831,2,Alto,367.5,36.01886792452831,3269,Sí
2287,86340,0.5841401012556733,3,Alto,367.5,17.934297442291985,4092,Sí
2288,91180,0.8802395209580839,1,Alto,367.5,39.69760479041916,3115,Sí
2289,297760,0.6728723404255319,3,Alto,367.5,24.456117021276604,3799,Sí
2290,299100,0.751269035532995,2,Alto,367.5,30.21827411167513,3543,Sí
2291,311230,0.3372395833333333,5,Medio,367.5,-0.212890625,4961,No
2292,369910,0.17485265225933203,6,Bajo,367.5,-12.148330058939097,5594,No
2293,538580,0.5417406749555951,4,Alto,367.5,14.817939609236241,4290,Sí
2294,702170,0.23846153846153842,6,Medio,367.5,-7.473076923076924,5331,No
2295,313900,0.9056043180256583,1,Alto,832.5,125.78311895127214,720,Sí
2296,77870,0.5073907658875524,4,Alto,654.0,41.36671217809186,3045,Sí
2297,335550,0.4672268907563025,4,Medio,450.0,17.050420168067234,4122,Sí
2298,455740,0.17019027484143764,6,Bajo,450.0,-9.68287526427061,5433,No
2299,469220,0.21199143468950749,6,Medio,450.0,-5.920770877944324,5217,No
2300,617200,0.3551617873651772,5,Medio,450.0,6.964560862865945,4645,Sí
2301,95910,0.999476961593071,1,Alto,646.5,104.23237113398409,1030,Sí
2302,79950,0.776685393258427,2,Alto,654.0,76.59044943820226,1745,Sí
2303,82310,0.4325937092181664,5,Medio,654.0,31.58325716573617,3505,Sí
2304,258030,0.3372395833333333,5,Medio,654.0,19.1109375,4030,Sí
2305,134580,0.6337298146673324,3,Alto,654.0,57.89185975848709,2518,Sí
2306,243080,0.577212020033389,4,Alto,654.0,50.49933222036729,2676,Sí
2307,243090,0.577212020033389,4,Alto,654.0,50.49933222036729,2677,Sí
2308,168230,0.9643635135789099,1,Alto,654.0,101.13874757612143,1094,Sí
2309,6720,0.9702233250620348,1,Alto,652.5,101.61414392059555,1082,Sí
2310,32910,0.577212020033389,4,Alto,652.5,50.32616861435727,2793,Sí
2311,70880,0.7995735607675906,2,Alto,652.5,79.34434968017058,1694,Sí
2312,110610,0.577212020033389,4,Alto,652.5,50.32616861435727,2794,Sí
2313,111960,0.2586476375832887,5,Medio,652.5,8.753516704619173,4571,Sí
2314,112750,0.4490472245236123,4,Medio,652.5,33.600662800331406,3419,Sí
2315,116100,0.4490472245236123,4,Medio,652.5,33.600662800331406,3420,Sí
2316,156220,0.49535603715170295,4,Medio,652.5,39.643962848297235,3117,Sí
2317,160470,0.776685393258427,2,Alto,652.5,76.35744382022473,1791,Sí
2318,177480,0.4490472245236123,4,Medio,652.5,33.600662800331406,3421,Sí
2319,183550,0.4490472245236123,4,Medio,652.5,33.600662800331406,3422,Sí
2320,215860,0.4490472245236123,4,Medio,652.5,33.600662800331406,3423,Sí
2321,248720,0.577212020033389,4,Alto,652.5,50.32616861435727,2795,Sí
2322,261490,0.3551617873651772,5,Medio,652.5,21.34861325115562,3956,Sí
2323,307490,0.4490472245236123,4,Medio,652.5,33.600662800331406,3424,Sí
2324,329140,0.577212020033389,4,Alto,652.5,50.32616861435727,2796,Sí
2325,348210,0.4490472245236123,4,Medio,652.5,33.600662800331406,3425,Sí
2326,392700,0.015706806282722516,7,Bajo,652.5,-22.95026178010471,6795,No
2327,400350,0.015706806282722516,7,Bajo,652.5,-22.95026178010471,6796,No
2328,441240,0.5417406749555951,4,Alto,652.5,45.697158081705155,2923,Sí
2329,457200,0.08191489361702127,6,Bajo,652.5,-14.310106382978724,5752,No
2330,574910,0.030010172939979655,7,Bajo,652.5,-21.083672431332655,6421,No
2331,579620,0.577212020033389,4,Alto,652.5,50.32616861435727,2797,Sí
2332,582680,0.060294117647058824,6,Bajo,652.5,-17.131617647058825,5900,No
2333,606110,0.060294117647058824,6,Bajo,652.5,-17.131617647058825,5901,No
2334,611380,0.3551617873651772,5,Medio,652.5,21.34861325115562,3957,Sí
2335,615040,0.3372395833333333,5,Medio,652.5,19.009765625,4054,Sí
2336,670310,0.3372395833333333,5,Medio,652.5,19.009765625,4055,Sí
2337,674090,0.11088295687885011,6,Bajo,652.5,-10.529774127310061,5501,No
2338,793080,0.3372395833333333,5,Medio,652.5,19.009765625,4056,Sí
2339,838910,0.21199143468950749,6,Medio,652.5,2.6648822269807297,4849,Sí
2340,262100,0.4672268907563025,4,Medio,654.0,36.113277310924374,3241,Sí
2341,61150,0.9367088607594937,1,Alto,450.0,59.30379746835443,2495,Sí
2342,247050,0.5073907658875524,4,Alto,654.0,41.36671217809186,3046,Sí
2343,200550,0.9005328596802842,1,Alto,654.0,92.78969804618117,1324,Sí
2344,276670,0.9005328596802842,1,Alto,654.0,92.78969804618117,1325,Sí
2345,278850,0.9005328596802842,1,Alto,654.0,92.78969804618117,1326,Sí
2346,883830,0.0038314176245210726,8,Bajo,654.0,-24.498850574712645,8256,No
2347,775650,0.7704280155642024,2,Alto,450.0,44.33852140077822,2993,Sí
2348,102580,0.7103092783505155,3,Alto,654.0,67.90845360824743,2023,Sí
2349,253750,0.776685393258427,2,Alto,654.0,76.59044943820226,1746,Sí
2350,1140,0.2586476375832887,5,Medio,654.0,8.831110995894164,4529,Sí
2351,2800,0.9702233250620348,1,Alto,654.0,101.90521091811416,1076,Sí
2352,2870,0.8616298022399826,1,Alto,654.0,87.70117813298972,1399,Sí
2353,2910,0.95578231292517,1,Alto,654.0,100.01632653061225,1146,Sí
2354,6320,0.2821741113702567,5,Medio,654.0,11.908373767229584,4383,Sí
2355,16750,0.4830208249299662,4,Medio,654.0,38.17912390083958,3193,Sí
2356,18590,0.9643635135789099,1,Alto,654.0,101.13874757612143,1095,Sí
2357,18910,0.6460905349794238,3,Alto,654.0,59.508641975308635,2391,Sí
2358,20420,0.7103092783505155,3,Alto,654.0,67.90845360824743,2024,Sí
2359,22800,0.6980392156862745,3,Alto,654.0,66.30352941176471,2116,Sí
2360,25100,0.9056043180256583,1,Alto,654.0,93.45304479775612,1253,Sí
2361,35370,0.9056043180256583,1,Alto,654.0,93.45304479775612,1254,Sí
2362,38140,0.5073907658875524,4,Alto,654.0,41.36671217809186,3047,Sí
2363,38650,0.9056043180256583,1,Alto,654.0,93.45304479775612,1255,Sí
2364,49830,0.2821741113702567,5,Medio,654.0,11.908373767229584,4384,Sí
2365,50550,0.2069237416186202,6,Medio,654.0,2.0656254037155257,4878,Sí
2366,55390,0.5841401012556733,3,Alto,654.0,51.40552524424207,2618,Sí
2367,55970,0.9643635135789099,1,Alto,654.0,101.13874757612143,1096,Sí
2368,61220,0.3659767298402987,5,Medio,654.0,22.86975626311108,3845,Sí
2369,63370,0.9929873772791024,1,Alto,654.0,104.88274894810661,980,Sí
2370,64620,0.3190760218702019,5,Medio,654.0,16.735143660622413,4140,Sí
2371,64760,0.4155701754385965,5,Medio,654.0,29.356578947368426,3560,Sí
2372,65370,0.49535603715170295,4,Medio,654.0,39.79256965944275,3100,Sí
2373,66030,0.2821741113702567,5,Medio,654.0,11.908373767229584,4385,Sí
2374,66220,0.3064157764943565,5,Medio,654.0,15.079183565461825,4260,Sí
2375,67020,0.48966632776888547,4,Medio,654.0,39.04835567217022,3135,Sí
2376,67030,0.8602150537634409,2,Alto,654.0,87.51612903225808,1411,Sí
2377,68140,0.6980392156862745,3,Alto,654.0,66.30352941176471,2117,Sí
2378,69300,0.3992828611200487,5,Medio,654.0,27.22619823450237,3662,Sí
2379,71300,0.4490472245236123,4,Medio,654.0,33.735376967688495,3364,Sí
2380,72820,0.14354065541897237,6,Bajo,654.0,-6.224882271198414,5245,No
2381,73370,0.46200475757751447,4,Medio,654.0,35.4302222911389,3310,Sí
2382,73840,0.7103092783505155,3,Alto,654.0,67.90845360824743,2025,Sí
2383,74540,0.8802395209580839,1,Alto,654.0,90.13532934131737,1369,Sí
2384,75720,0.49535603715170295,4,Medio,654.0,39.79256965944275,3101,Sí
2385,76740,0.7103092783505155,3,Alto,654.0,67.90845360824743,2026,Sí
2386,85010,0.4490472245236123,4,Medio,654.0,33.735376967688495,3365,Sí
2387,91060,0.2795750377350656,5,Medio,654.0,11.568414935746581,4413,Sí
2388,94640,0.751269035532995,2,Alto,654.0,73.26598984771574,1849,Sí
2389,95760,0.14354065541897237,6,Bajo,654.0,-6.224882271198414,5246,No
2390,98060,0.6980392156862745,3,Alto,654.0,66.30352941176471,2118,Sí
2391,99090,0.6337298146673324,3,Alto,654.0,57.89185975848709,2519,Sí
2392,99610,0.7995735607675906,2,Alto,654.0,79.58422174840085,1656,Sí
2393,100220,0.44367816091954015,4,Medio,654.0,33.03310344827585,3463,Sí
2394,103090,0.3190760218702019,5,Medio,654.0,16.735143660622413,4141,Sí
2395,109440,0.14354065541897237,6,Bajo,654.0,-6.224882271198414,5247,No
2396,116090,0.48966632776888547,4,Medio,654.0,39.04835567217022,3136,Sí
2397,126680,0.8602150537634409,2,Alto,654.0,87.51612903225808,1412,Sí
2398,127240,0.672451290504297,3,Alto,654.0,62.956628797962054,2300,Sí
2399,127830,0.7103092783505155,3,Alto,654.0,67.90845360824743,2027,Sí
2400,134990,0.6460905349794238,3,Alto,654.0,59.508641975308635,2392,Sí
2401,135940,0.577212020033389,4,Alto,654.0,50.49933222036729,2678,Sí
2402,137040,0.8434959349593496,2,Alto,654.0,85.32926829268293,1468,Sí
2403,137600,0.8616298022399826,1,Alto,654.0,87.70117813298972,1400,Sí
2404,138800,0.3190760218702019,5,Medio,654.0,16.735143660622413,4142,Sí
2405,139310,0.49535603715170295,4,Medio,654.0,39.79256965944275,3102,Sí
2406,149320,0.8802395209580839,1,Alto,654.0,90.13532934131737,1370,Sí
2407,150020,0.577212020033389,4,Alto,654.0,50.49933222036729,2679,Sí
2408,153450,0.3659767298402987,5,Medio,654.0,22.86975626311108,3846,Sí
2409,153620,0.2069237416186202,6,Medio,654.0,2.0656254037155257,4879,Sí
2410,156920,0.8301886792452831,2,Alto,654.0,83.58867924528303,1539,Sí
2411,157800,0.39074581687358584,5,Medio,654.0,26.109552847065025,3767,Sí
2412,158460,0.14354065541897237,6,Bajo,654.0,-6.224882271198414,5248,No
2413,159220,0.577212020033389,4,Alto,654.0,50.49933222036729,2680,Sí
2414,162920,0.25,6,Medio,654.0,7.700000000000003,4605,Sí
2415,166340,0.3190760218702019,5,Medio,654.0,16.735143660622413,4143,Sí
2416,167460,0.3659767298402987,5,Medio,654.0,22.86975626311108,3847,Sí
2417,168030,0.2069237416186202,6,Medio,654.0,2.0656254037155257,4880,Sí
2418,171860,0.999476961593071,1,Alto,654.0,105.73158657637367,956,Sí
2419,172110,0.751269035532995,2,Alto,654.0,73.26598984771574,1850,Sí
2420,173620,0.7792207792207793,2,Alto,654.0,76.92207792207793,1711,Sí
2421,174820,0.48966632776888547,4,Medio,654.0,39.04835567217022,3137,Sí
2422,175870,0.2069237416186202,6,Medio,654.0,2.0656254037155257,4881,Sí
2423,176030,0.7103092783505155,3,Alto,654.0,67.90845360824743,2028,Sí
2424,176050,0.2821741113702567,5,Medio,654.0,11.908373767229584,4386,Sí
2425,181420,0.2821741113702567,5,Medio,654.0,11.908373767229584,4387,Sí
2426,182660,0.6700336700336701,3,Alto,654.0,62.64040404040405,2336,Sí
2427,188250,0.8802395209580839,1,Alto,654.0,90.13532934131737,1371,Sí
2428,189330,0.4490472245236123,4,Medio,654.0,33.735376967688495,3366,Sí
2429,192020,0.8434959349593496,2,Alto,654.0,85.32926829268293,1469,Sí
2430,192190,0.6728723404255319,3,Alto,654.0,63.01170212765959,2242,Sí
2431,193810,0.2069237416186202,6,Medio,654.0,2.0656254037155257,4882,Sí
2432,194580,0.4672268907563025,4,Medio,654.0,36.113277310924374,3242,Sí
2433,195580,0.2821741113702567,5,Medio,654.0,11.908373767229584,4388,Sí
2434,199900,0.4490472245236123,4,Medio,654.0,33.735376967688495,3367,Sí
2435,201910,0.2069237416186202,6,Medio,654.0,2.0656254037155257,4883,Sí
2436,205730,0.2586476375832887,5,Medio,654.0,8.831110995894164,4530,Sí
2437,212280,0.577212020033389,4,Alto,654.0,50.49933222036729,2681,Sí
2438,215890,0.3992828611200487,5,Medio,654.0,27.22619823450237,3663,Sí
2439,216640,0.44367816091954015,4,Medio,654.0,33.03310344827585,3464,Sí
2440,220930,0.577212020033389,4,Alto,654.0,50.49933222036729,2682,Sí
2441,226260,0.7704280155642024,2,Alto,654.0,75.77198443579768,1812,Sí
2442,233100,0.3190760218702019,5,Medio,654.0,16.735143660622413,4144,Sí
2443,235140,0.48966632776888547,4,Medio,654.0,39.04835567217022,3138,Sí
2444,240100,0.7103092783505155,3,Alto,654.0,67.90845360824743,2029,Sí
2445,241700,0.8602150537634409,2,Alto,654.0,87.51612903225808,1413,Sí
2446,247240,0.577212020033389,4,Alto,654.0,50.49933222036729,2683,Sí
2447,251680,0.577212020033389,4,Alto,654.0,50.49933222036729,2684,Sí
2448,251810,0.3992828611200487,5,Medio,654.0,27.22619823450237,3664,Sí
2449,254950,0.577212020033389,4,Alto,654.0,50.49933222036729,2685,Sí
2450,259080,0.3992828611200487,5,Medio,654.0,27.22619823450237,3665,Sí
2451,260170,0.4155701754385965,5,Medio,654.0,29.356578947368426,3561,Sí
2452,261000,0.3190760218702019,5,Medio,654.0,16.735143660622413,4145,Sí
2453,261390,0.6980392156862745,3,Alto,654.0,66.30352941176471,2119,Sí
2454,261680,0.49535603715170295,4,Medio,654.0,39.79256965944275,3103,Sí
2455,264510,0.4155701754385965,5,Medio,654.0,29.356578947368426,3562,Sí
2456,264730,0.3992828611200487,5,Medio,654.0,27.22619823450237,3666,Sí
2457,265290,0.8616298022399826,1,Alto,654.0,87.70117813298972,1401,Sí
2458,269020,0.7704280155642024,2,Alto,654.0,75.77198443579768,1813,Sí
2459,279200,0.2821741113702567,5,Medio,654.0,11.908373767229584,4389,Sí
2460,279710,0.46200475757751447,4,Medio,654.0,35.4302222911389,3311,Sí
2461,280240,0.8802395209580839,1,Alto,654.0,90.13532934131737,1372,Sí
2462,280920,0.776685393258427,2,Alto,654.0,76.59044943820226,1747,Sí
2463,283700,0.46200475757751447,4,Medio,654.0,35.4302222911389,3312,Sí
2464,283940,0.6728723404255319,3,Alto,654.0,63.01170212765959,2243,Sí
2465,286800,0.48966632776888547,4,Medio,654.0,39.04835567217022,3139,Sí
2466,287070,0.2069237416186202,6,Medio,654.0,2.0656254037155257,4884,Sí
2467,288530,0.577212020033389,4,Alto,654.0,50.49933222036729,2686,Sí
2468,288570,0.48966632776888547,4,Medio,654.0,39.04835567217022,3140,Sí
2469,293490,0.7103092783505155,3,Alto,654.0,67.90845360824743,2030,Sí
2470,293810,0.3372395833333333,5,Medio,654.0,19.1109375,4031,Sí
2471,308120,0.577212020033389,4,Alto,654.0,50.49933222036729,2687,Sí
2472,312760,0.577212020033389,4,Alto,654.0,50.49933222036729,2688,Sí
2473,314590,0.7387958410713422,2,Alto,654.0,71.63449601213158,1922,Sí
2474,314940,0.3190760218702019,5,Medio,654.0,16.735143660622413,4146,Sí
2475,315680,0.4490472245236123,4,Medio,654.0,33.735376967688495,3368,Sí
2476,317430,0.2069237416186202,6,Medio,654.0,2.0656254037155257,4885,Sí
2477,320170,0.13476962978634788,6,Bajo,654.0,-7.372132423945697,5317,No
2478,321670,0.2069237416186202,6,Medio,654.0,2.0656254037155257,4886,Sí
2479,323290,0.3659767298402987,5,Medio,654.0,22.86975626311108,3848,Sí
2480,326420,0.2069237416186202,6,Medio,654.0,2.0656254037155257,4887,Sí
2481,326750,0.2821741113702567,5,Medio,654.0,11.908373767229584,4390,Sí
2482,329740,0.3190760218702019,5,Medio,654.0,16.735143660622413,4147,Sí
2483,332890,0.577212020033389,4,Alto,654.0,50.49933222036729,2689,Sí
2484,337560,0.48966632776888547,4,Medio,654.0,39.04835567217022,3141,Sí
2485,338750,0.7704280155642024,2,Alto,654.0,75.77198443579768,1814,Sí
2486,342540,0.672451290504297,3,Alto,654.0,62.956628797962054,2301,Sí
2487,343350,0.4325937092181664,5,Medio,654.0,31.58325716573617,3506,Sí
2488,343360,0.4325937092181664,5,Medio,654.0,31.58325716573617,3507,Sí
2489,344350,0.577212020033389,4,Alto,654.0,50.49933222036729,2690,Sí
2490,345470,0.7103092783505155,3,Alto,654.0,67.90845360824743,2031,Sí
2491,347450,0.751269035532995,2,Alto,654.0,73.26598984771574,1851,Sí
2492,373350,0.577212020033389,4,Alto,654.0,50.49933222036729,2691,Sí
2493,373360,0.577212020033389,4,Alto,654.0,50.49933222036729,2692,Sí
2494,389670,0.7103092783505155,3,Alto,654.0,67.90845360824743,2032,Sí
2495,394190,0.00395882818685669,8,Bajo,654.0,-24.482185273159146,8236,No
2496,442440,0.002488654662567706,8,Bajo,654.0,-24.674483970136144,8627,No
2497,470530,0.4490472245236123,4,Medio,654.0,33.735376967688495,3369,Sí
2498,481400,0.25,6,Medio,654.0,7.700000000000003,4606,Sí
2499,482140,0.4490472245236123,4,Medio,654.0,33.735376967688495,3370,Sí
2500,494850,0.7792207792207793,2,Alto,654.0,76.92207792207793,1712,Sí
2501,498620,0.006359300476947535,7,Bajo,654.0,-24.168203497615263,7508,No
2502,515870,0.6728723404255319,3,Alto,654.0,63.01170212765959,2244,Sí
2503,524490,0.17019027484143764,6,Bajo,654.0,-2.739112050739955,5104,No
2504,531030,0.6460905349794238,3,Alto,654.0,59.508641975308635,2393,Sí
2505,531040,0.6460905349794238,3,Alto,654.0,59.508641975308635,2394,Sí
2506,533400,0.17019027484143764,6,Bajo,654.0,-2.739112050739955,5105,No
2507,533780,0.577212020033389,4,Alto,654.0,50.49933222036729,2693,Sí
2508,551570,0.7283950617283951,3,Alto,654.0,70.27407407407408,1984,Sí
2509,585760,0.6728723404255319,3,Alto,654.0,63.01170212765959,2245,Sí
2510,609080,0.8602150537634409,2,Alto,654.0,87.51612903225808,1414,Sí
2511,631770,0.8802395209580839,1,Alto,654.0,90.13532934131737,1373,Sí
2512,631840,0.7103092783505155,3,Alto,654.0,67.90845360824743,2033,Sí
2513,632270,0.7103092783505155,3,Alto,654.0,67.90845360824743,2034,Sí
2514,632740,0.7283950617283951,3,Alto,654.0,70.27407407407408,1985,Sí
2515,632890,0.6460905349794238,3,Alto,654.0,59.508641975308635,2395,Sí
2516,663750,0.8802395209580839,1,Alto,654.0,90.13532934131737,1374,Sí
2517,679630,0.4490472245236123,4,Medio,654.0,33.735376967688495,3371,Sí
2518,690040,0.4155701754385965,5,Medio,654.0,29.356578947368426,3563,Sí
2519,690290,0.4672268907563025,4,Medio,654.0,36.113277310924374,3243,Sí
2520,698150,0.006920415224913495,7,Bajo,654.0,-24.094809688581314,7454,No
2521,715780,0.005385996409335727,8,Bajo,654.0,-24.295511669658886,7655,No
2522,729150,0.6460905349794238,3,Alto,654.0,59.508641975308635,2396,Sí
2523,729190,0.7995735607675906,2,Alto,654.0,79.58422174840085,1657,Sí
2524,729870,0.7995735607675906,2,Alto,654.0,79.58422174840085,1658,Sí
2525,763230,0.25,6,Medio,654.0,7.700000000000003,4607,Sí
2526,784890,0.8602150537634409,2,Alto,654.0,87.51612903225808,1415,Sí
2527,807550,0.7103092783505155,3,Alto,654.0,67.90845360824743,2035,Sí
2528,816070,0.751269035532995,2,Alto,654.0,73.26598984771574,1852,Sí
2529,822200,0.015706806282722516,7,Bajo,654.0,-22.945549738219896,6781,No
2530,826430,0.006920415224913495,7,Bajo,654.0,-24.094809688581314,7455,No
2531,835770,0.0014742014742014742,9,Bajo,654.0,-24.807174447174447,8934,No
2532,842070,0.5417406749555951,4,Alto,654.0,45.85968028419184,2891,Sí
2533,844440,0.4672268907563025,4,Medio,654.0,36.113277310924374,3244,Sí
2534,847010,0.8602150537634409,2,Alto,654.0,87.51612903225808,1416,Sí
2535,867450,0.577212020033389,4,Alto,654.0,50.49933222036729,2694,Sí
2536,883600,0.577212020033389,4,Alto,654.0,50.49933222036729,2695,Sí
2537,72690,0.751269035532995,2,Alto,654.0,73.26598984771574,1853,Sí
2538,390100,0.9367088607594937,1,Alto,832.5,130.9620253164557,627,Sí
2539,281160,0.6728723404255319,3,Alto,654.0,63.01170212765959,2246,Sí
2540,86270,0.6980392156862745,3,Alto,832.5,91.22352941176472,1342,Sí
2541,137850,0.6460905349794238,3,Alto,832.5,82.57407407407406,1553,Sí
2542,108300,0.4672268907563025,4,Medio,652.5,35.973109243697486,3274,Sí
2543,129670,0.9643635135789099,1,Alto,654.0,101.13874757612143,1097,Sí
2544,492150,0.577212020033389,4,Alto,654.0,50.49933222036729,2696,Sí
2545,745390,0.776685393258427,2,Alto,654.0,76.59044943820226,1748,Sí
2546,213260,0.3064157764943565,5,Medio,654.0,15.079183565461825,4261,Sí
2547,34380,0.577212020033389,4,Alto,652.5,50.32616861435727,2798,Sí
2548,204670,0.6728723404255319,3,Alto,654.0,63.01170212765959,2247,Sí
2549,76020,0.2821741113702567,5,Medio,654.0,11.908373767229584,4391,Sí
2550,76170,0.2821741113702567,5,Medio,654.0,11.908373767229584,4392,Sí
2551,79720,0.3659767298402987,5,Medio,654.0,22.86975626311108,3849,Sí
2552,185160,0.49535603715170295,4,Medio,654.0,39.79256965944275,3104,Sí
2553,274920,0.3659767298402987,5,Medio,654.0,22.86975626311108,3850,Sí
2554,324540,0.2821741113702567,5,Medio,654.0,11.908373767229584,4393,Sí
2555,370180,0.577212020033389,4,Alto,832.5,71.10580133555928,1942,Sí
2556,113580,0.999476961593071,1,Alto,646.5,104.23237113398409,1031,Sí
2557,569200,0.751269035532995,2,Alto,654.0,73.26598984771574,1854,Sí
2558,620460,0.751269035532995,2,Alto,654.0,73.26598984771574,1855,Sí
2559,94590,0.4490472245236123,4,Medio,652.5,33.600662800331406,3426,Sí
2560,17260,0.9643635135789099,1,Alto,654.0,101.13874757612143,1098,Sí
2561,482690,0.9005328596802842,1,Alto,654.0,92.78969804618117,1327,Sí
2562,483020,0.9005328596802842,1,Alto,654.0,92.78969804618117,1328,Sí
2563,25600,0.5417406749555951,4,Alto,832.5,65.19982238010658,2180,Sí
2564,114750,0.3388523121209245,5,Medio,654.0,19.321882425416923,4020,Sí
2565,41900,0.776685393258427,2,Alto,654.0,76.59044943820226,1749,Sí
2566,321220,0.9643635135789099,1,Alto,654.0,101.13874757612143,1099,Sí
2567,180630,0.2527472527472528,6,Medio,654.0,8.05934065934067,4595,Sí
2568,80950,0.3190760218702019,5,Medio,654.0,16.735143660622413,4148,Sí
2569,205540,0.9950980392156863,1,Alto,832.5,140.68382352941177,465,Sí
2570,275150,0.7103092783505155,3,Alto,654.0,67.90845360824743,2036,Sí
2571,318300,0.7103092783505155,3,Alto,654.0,67.90845360824743,2037,Sí
2572,72200,0.9806451612903225,1,Alto,654.0,103.2683870967742,1051,Sí
2573,209370,0.805102752829306,2,Alto,405.0,40.21332297917378,3088,Sí
2574,681510,0.44367816091954015,4,Medio,654.0,33.03310344827585,3465,Sí
2575,234180,0.577212020033389,4,Alto,654.0,50.49933222036729,2697,Sí
2576,85620,0.7103092783505155,3,Alto,654.0,67.90845360824743,2038,Sí
2577,40880,0.6337298146673324,3,Alto,654.0,57.89185975848709,2520,Sí
2578,307730,0.805102752829306,2,Alto,654.0,80.30744007007323,1637,Sí
2579,124610,0.7103092783505155,3,Alto,832.5,93.26649484536082,1277,Sí
2580,118580,0.2821741113702567,5,Medio,405.0,-2.143896979009206,5047,No
2581,148570,0.2795750377350656,5,Medio,405.0,-2.3544219434596876,5072,No
2582,249310,0.8372093023255814,2,Alto,405.0,42.81395348837211,3016,Sí
2583,725760,0.4490472245236123,4,Medio,405.0,11.372825186412598,4433,Sí
2584,248340,0.8802395209580839,1,Alto,450.0,54.221556886227546,2575,Sí
2585,578860,0.006920415224913495,7,Bajo,654.0,-24.094809688581314,7456,No
2586,816440,0.030010172939979655,7,Bajo,682.5,-20.903611393692778,6410,No
2587,17270,0.6728723404255319,3,Alto,654.0,63.01170212765959,2248,Sí
2588,136440,0.8339060710194731,2,Alto,682.5,88.82817869415808,1392,Sí
2589,560100,0.015706806282722516,7,Bajo,682.5,-22.856020942408378,6762,No
2590,619660,0.009259259259259259,7,Bajo,682.5,-23.73611111111111,7109,No
2591,84030,0.805102752829306,2,Alto,654.0,80.30744007007323,1638,Sí
2592,240760,0.5417406749555951,4,Alto,654.0,45.85968028419184,2892,Sí
2593,96460,0.6460905349794238,3,Alto,450.0,33.148148148148145,3458,Sí
2594,409090,0.577212020033389,4,Alto,450.0,26.949081803005015,3725,Sí
2595,518930,0.7995735607675906,2,Alto,654.0,79.58422174840085,1659,Sí
2596,75000,0.672451290504297,3,Alto,654.0,62.956628797962054,2302,Sí
2597,80300,0.8802395209580839,1,Alto,654.0,90.13532934131737,1375,Sí
2598,205240,0.4155701754385965,5,Medio,652.5,29.23190789473685,3597,Sí
2599,137710,0.776685393258427,2,Alto,654.0,76.59044943820226,1750,Sí
2600,236890,0.4672268907563025,4,Medio,654.0,36.113277310924374,3245,Sí
2601,305760,0.2795750377350656,5,Medio,654.0,11.568414935746581,4414,Sí
2602,730680,0.577212020033389,4,Alto,654.0,50.49933222036729,2698,Sí
2603,88090,0.7387958410713422,2,Alto,654.0,71.63449601213158,1923,Sí
2604,25590,0.3659767298402987,5,Medio,654.0,22.86975626311108,3851,Sí
2605,812340,0.577212020033389,4,Alto,654.0,50.49933222036729,2699,Sí
2606,32020,0.7283950617283951,3,Alto,654.0,70.27407407407408,1986,Sí
2607,843380,0.577212020033389,4,Alto,654.0,50.49933222036729,2700,Sí
2608,774940,0.08191489361702127,6,Bajo,682.5,-13.818617021276594,5677,No
2609,286290,0.3190760218702019,5,Medio,654.0,16.735143660622413,4149,Sí
2610,148120,0.4672268907563025,4,Medio,654.0,36.113277310924374,3246,Sí
2611,114340,0.14354065541897237,6,Bajo,654.0,-6.224882271198414,5249,No
2612,296750,0.98046875,1,Alto,832.5,138.248046875,517,Sí
2613,298970,0.98046875,1,Alto,832.5,138.248046875,518,Sí
2614,76280,0.2731707317073171,5,Medio,652.5,10.648780487804885,4454,Sí
2615,9230,0.40280847746150794,5,Medio,654.0,27.68734885196524,3641,Sí
2616,803240,0.030010172939979655,7,Bajo,682.5,-20.903611393692778,6411,No
2617,296310,0.6700336700336701,3,Alto,367.5,24.247474747474755,3802,Sí
2618,288830,0.7103092783505155,3,Alto,652.5,67.69536082474227,2085,Sí
2619,201700,0.3190760218702019,5,Medio,654.0,16.735143660622413,4150,Sí
2620,7530,0.9999,1,Alto,652.5,105.48695000000001,964,Sí
2621,13560,0.817966903073286,2,Alto,652.5,81.74468085106383,1616,Sí
2622,29430,0.5417406749555951,4,Alto,652.5,45.697158081705155,2924,Sí
2623,31150,0.4490472245236123,4,Medio,652.5,33.600662800331406,3427,Sí
2624,31370,0.9999,1,Alto,652.5,105.48695000000001,965,Sí
2625,32920,0.817966903073286,2,Alto,652.5,81.74468085106383,1617,Sí
2626,34690,0.577212020033389,4,Alto,652.5,50.32616861435727,2799,Sí
2627,37880,0.6460905349794238,3,Alto,652.5,59.31481481481481,2460,Sí
2628,39020,0.5417406749555951,4,Alto,652.5,45.697158081705155,2925,Sí
2629,40920,0.6460905349794238,3,Alto,652.5,59.31481481481481,2461,Sí
2630,41600,0.577212020033389,4,Alto,652.5,50.32616861435727,2800,Sí
2631,48240,0.6728723404255319,3,Alto,652.5,62.80984042553193,2311,Sí
2632,48250,0.5841401012556733,3,Alto,652.5,51.23028321386536,2637,Sí
2633,66750,0.27941176470588236,5,Medio,652.5,11.463235294117652,4427,Sí
2634,73820,0.6460905349794238,3,Alto,652.5,59.31481481481481,2462,Sí
2635,82940,0.577212020033389,4,Alto,652.5,50.32616861435727,2801,Sí
2636,82970,0.6460905349794238,3,Alto,652.5,59.31481481481481,2463,Sí
2637,84730,0.5417406749555951,4,Alto,652.5,45.697158081705155,2926,Sí
2638,84870,0.4672268907563025,4,Medio,652.5,35.973109243697486,3275,Sí
2639,85900,0.4490472245236123,4,Medio,652.5,33.600662800331406,3428,Sí
2640,93150,0.751269035532995,2,Alto,652.5,73.04060913705584,1888,Sí
2641,93310,0.5417406749555951,4,Alto,652.5,45.697158081705155,2927,Sí
2642,102590,0.7103092783505155,3,Alto,652.5,67.69536082474227,2086,Sí
2643,112230,0.776685393258427,2,Alto,652.5,76.35744382022473,1792,Sí
2644,117220,0.8339060710194731,2,Alto,652.5,83.82474226804125,1531,Sí
2645,123760,0.7995735607675906,2,Alto,652.5,79.34434968017058,1695,Sí
2646,140120,0.6980392156862745,3,Alto,652.5,66.09411764705882,2156,Sí
2647,141190,0.4672268907563025,4,Medio,652.5,35.973109243697486,3276,Sí
2648,147820,0.6728723404255319,3,Alto,652.5,62.80984042553193,2312,Sí
2649,165100,0.9367088607594937,1,Alto,652.5,97.24050632911393,1220,Sí
2650,169760,0.577212020033389,4,Alto,652.5,50.32616861435727,2802,Sí
2651,176450,0.7103092783505155,3,Alto,652.5,67.69536082474227,2087,Sí
2652,178140,0.6728723404255319,3,Alto,652.5,62.80984042553193,2313,Sí
2653,182790,0.5841401012556733,3,Alto,652.5,51.23028321386536,2638,Sí
2654,191040,0.9367088607594937,1,Alto,652.5,97.24050632911393,1221,Sí
2655,192810,0.776685393258427,2,Alto,652.5,76.35744382022473,1793,Sí
2656,204530,0.7995735607675906,2,Alto,652.5,79.34434968017058,1696,Sí
2657,206060,0.40280847746150794,5,Medio,652.5,27.566506308726787,3653,Sí
2658,219530,0.3372395833333333,5,Medio,652.5,19.009765625,4057,Sí
2659,222410,0.2586476375832887,5,Medio,652.5,8.753516704619173,4572,Sí
2660,230500,0.48966632776888547,4,Medio,652.5,38.90145577383956,3183,Sí
2661,235050,0.751269035532995,2,Alto,652.5,73.04060913705584,1889,Sí
2662,235630,0.577212020033389,4,Alto,652.5,50.32616861435727,2803,Sí
2663,238920,0.577212020033389,4,Alto,652.5,50.32616861435727,2804,Sí
2664,239840,0.751269035532995,2,Alto,652.5,73.04060913705584,1890,Sí
2665,252550,0.48966632776888547,4,Medio,652.5,38.90145577383956,3184,Sí
2666,256580,0.9748713797272744,1,Alto,652.5,102.22071505440933,1070,Sí
2667,270280,0.751269035532995,2,Alto,652.5,73.04060913705584,1891,Sí
2668,275380,0.7995735607675906,2,Alto,652.5,79.34434968017058,1697,Sí
2669,289010,0.6980392156862745,3,Alto,652.5,66.09411764705882,2157,Sí
2670,305730,0.3551617873651772,5,Medio,652.5,21.34861325115562,3958,Sí
2671,306890,0.8301886792452831,2,Alto,652.5,83.33962264150945,1541,Sí
2672,310070,0.577212020033389,4,Alto,652.5,50.32616861435727,2805,Sí
2673,312520,0.6728723404255319,3,Alto,652.5,62.80984042553193,2314,Sí
2674,315110,0.4672268907563025,4,Medio,652.5,35.973109243697486,3277,Sí
2675,315200,0.3551617873651772,5,Medio,652.5,21.34861325115562,3959,Sí
2676,320100,0.577212020033389,4,Alto,652.5,50.32616861435727,2806,Sí
2677,322640,0.8301886792452831,2,Alto,652.5,83.33962264150945,1542,Sí
2678,325610,0.7387958410713422,2,Alto,652.5,71.41285725981017,1935,Sí
2679,336230,0.6460905349794238,3,Alto,652.5,59.31481481481481,2464,Sí
2680,337490,0.751269035532995,2,Alto,652.5,73.04060913705584,1892,Sí
2681,341890,0.6980392156862745,3,Alto,652.5,66.09411764705882,2158,Sí
2682,349900,0.4490472245236123,4,Medio,652.5,33.600662800331406,3429,Sí
2683,351820,0.5417406749555951,4,Alto,652.5,45.697158081705155,2928,Sí
2684,369000,0.577212020033389,4,Alto,652.5,50.32616861435727,2807,Sí
2685,375900,0.3372395833333333,5,Medio,652.5,19.009765625,4058,Sí
2686,401170,0.27941176470588236,5,Medio,652.5,11.463235294117652,4428,Sí
2687,412080,0.5417406749555951,4,Alto,652.5,45.697158081705155,2929,Sí
2688,414320,0.23846153846153842,6,Medio,652.5,6.119230769230764,4676,Sí
2689,447240,0.13483146067415727,6,Bajo,652.5,-7.404494382022477,5326,No
2690,457620,0.3372395833333333,5,Medio,652.5,19.009765625,4059,Sí
2691,462470,0.4490472245236123,4,Medio,652.5,33.600662800331406,3430,Sí
2692,464830,0.08709016393442623,6,Bajo,652.5,-13.634733606557376,5664,No
2693,465350,0.08709016393442623,6,Bajo,652.5,-13.634733606557376,5665,No
2694,467670,0.3372395833333333,5,Medio,652.5,19.009765625,4060,Sí
2695,469950,0.3551617873651772,5,Medio,652.5,21.34861325115562,3960,Sí
2696,469960,0.3551617873651772,5,Medio,652.5,21.34861325115562,3961,Sí
2697,470030,0.577212020033389,4,Alto,652.5,50.32616861435727,2808,Sí
2698,471440,0.3551617873651772,5,Medio,652.5,21.34861325115562,3962,Sí
2699,481140,0.3551617873651772,5,Medio,652.5,21.34861325115562,3963,Sí
2700,490340,0.3551617873651772,5,Medio,652.5,21.34861325115562,3964,Sí
2701,492200,0.060294117647058824,6,Bajo,652.5,-17.131617647058825,5902,No
2702,496750,0.817966903073286,2,Alto,652.5,81.74468085106383,1618,Sí
2703,496760,0.817966903073286,2,Alto,652.5,81.74468085106383,1619,Sí
2704,496940,0.817966903073286,2,Alto,652.5,81.74468085106383,1620,Sí
2705,519260,0.6460905349794238,3,Alto,652.5,59.31481481481481,2465,Sí
2706,533270,0.6460905349794238,3,Alto,652.5,59.31481481481481,2466,Sí
2707,552890,0.060294117647058824,6,Bajo,652.5,-17.131617647058825,5903,No
2708,561890,0.4490472245236123,4,Medio,652.5,33.600662800331406,3431,Sí
2709,562260,0.3551617873651772,5,Medio,652.5,21.34861325115562,3965,Sí
2710,568510,0.11088295687885011,6,Bajo,652.5,-10.529774127310061,5502,No
2711,578840,0.577212020033389,4,Alto,652.5,50.32616861435727,2809,Sí
2712,610090,0.11088295687885011,6,Bajo,652.5,-10.529774127310061,5503,No
2713,610470,0.6460905349794238,3,Alto,652.5,59.31481481481481,2467,Sí
2714,613160,0.21199143468950749,6,Medio,652.5,2.6648822269807297,4850,Sí
2715,613840,0.006920415224913495,7,Bajo,652.5,-24.096885813148788,7465,No
2716,615650,0.10424710424710425,6,Bajo,652.5,-11.395752895752896,5546,No
2717,615840,0.08191489361702127,6,Bajo,652.5,-14.310106382978724,5753,No
2718,667800,0.3551617873651772,5,Medio,652.5,21.34861325115562,3966,Sí
2719,672060,0.6460905349794238,3,Alto,652.5,59.31481481481481,2468,Sí
2720,673850,0.44367816091954015,4,Medio,652.5,32.89999999999999,3483,Sí
2721,677300,0.49535603715170295,4,Medio,652.5,39.643962848297235,3118,Sí
2722,682600,0.6980392156862745,3,Alto,652.5,66.09411764705882,2159,Sí
2723,689000,0.4672268907563025,4,Medio,652.5,35.973109243697486,3278,Sí
2724,708340,0.05795454545454545,7,Bajo,652.5,-17.43693181818182,5966,No
2725,709830,0.3551617873651772,5,Medio,652.5,21.34861325115562,3967,Sí
2726,717450,0.4155701754385965,5,Medio,652.5,29.23190789473685,3598,Sí
2727,723670,0.6460905349794238,3,Alto,652.5,59.31481481481481,2469,Sí
2728,728880,0.8434959349593496,2,Alto,652.5,85.07621951219512,1479,Sí
2729,750860,0.009259259259259259,7,Bajo,652.5,-23.791666666666668,7145,No
2730,750870,0.17485265225933203,6,Bajo,652.5,-2.18172888015717,5049,No
2731,755340,0.00395882818685669,8,Bajo,652.5,-24.483372921615203,8248,No
2732,789700,0.11088295687885011,6,Bajo,652.5,-10.529774127310061,5504,No
2733,796870,0.030010172939979655,7,Bajo,652.5,-21.083672431332655,6422,No
2734,797020,0.030010172939979655,7,Bajo,652.5,-21.083672431332655,6423,No
2735,804600,0.49535603715170295,4,Medio,652.5,39.643962848297235,3119,Sí
2736,829040,0.5417406749555951,4,Alto,652.5,45.697158081705155,2930,Sí
2737,840200,0.10424710424710425,6,Bajo,652.5,-11.395752895752896,5547,No
2738,840340,0.08191489361702127,6,Bajo,652.5,-14.310106382978724,5754,No
2739,843620,0.6980392156862745,3,Alto,652.5,66.09411764705882,2160,Sí
2740,856390,0.577212020033389,4,Alto,652.5,50.32616861435727,2810,Sí
2741,856480,0.4490472245236123,4,Medio,652.5,33.600662800331406,3432,Sí
2742,857150,0.577212020033389,4,Alto,652.5,50.32616861435727,2811,Sí
2743,862760,0.2731707317073171,5,Medio,652.5,10.648780487804885,4455,Sí
2744,872770,0.4490472245236123,4,Medio,652.5,33.600662800331406,3433,Sí
2745,874500,0.751269035532995,2,Alto,652.5,73.04060913705584,1893,Sí
2746,886000,0.751269035532995,2,Alto,652.5,73.04060913705584,1894,Sí
2747,887520,0.3372395833333333,5,Medio,652.5,19.009765625,4061,Sí
2748,887850,0.3372395833333333,5,Medio,652.5,19.009765625,4062,Sí
2749,888100,0.3372395833333333,5,Medio,652.5,19.009765625,4063,Sí
2750,71510,0.2586476375832887,5,Medio,442.5,-2.109684073878949,5046,No
2751,203670,0.4672268907563025,4,Medio,442.5,16.34957983193278,4212,Sí
2752,334680,0.7103092783505155,3,Alto,442.5,37.86237113402062,3207,Sí
2753,293170,0.48966632776888547,4,Medio,654.0,39.04835567217022,3142,Sí
2754,418940,0.5417406749555951,4,Alto,654.0,45.85968028419184,2893,Sí
2755,1600,0.39074581687358584,5,Medio,654.0,26.109552847065025,3768,Sí
2756,1730,0.751269035532995,2,Alto,654.0,73.26598984771574,1856,Sí
2757,2090,0.751269035532995,2,Alto,654.0,73.26598984771574,1857,Sí
2758,4240,0.46200475757751447,4,Medio,654.0,35.4302222911389,3313,Sí
2759,4750,0.8339060710194731,2,Alto,654.0,84.07491408934709,1501,Sí
2760,6640,0.3190760218702019,5,Medio,654.0,16.735143660622413,4151,Sí
2761,7860,0.8434959349593496,2,Alto,654.0,85.32926829268293,1470,Sí
2762,8150,0.7103092783505155,3,Alto,654.0,67.90845360824743,2039,Sí
2763,9020,0.6728723404255319,3,Alto,654.0,63.01170212765959,2249,Sí
2764,11000,0.3190760218702019,5,Medio,654.0,16.735143660622413,4152,Sí
2765,11430,0.2795750377350656,5,Medio,654.0,11.568414935746581,4415,Sí
2766,12400,0.776685393258427,2,Alto,654.0,76.59044943820226,1751,Sí
2767,15210,0.4325937092181664,5,Medio,654.0,31.58325716573617,3508,Sí
2768,15530,0.7857142857142857,2,Alto,654.0,77.77142857142857,1705,Sí
2769,17390,0.817966903073286,2,Alto,654.0,81.99007092198582,1593,Sí
2770,17500,0.46200475757751447,4,Medio,654.0,35.4302222911389,3314,Sí
2771,20690,0.9950980392156863,1,Alto,654.0,105.15882352941176,971,Sí
2772,21880,0.8802395209580839,1,Alto,654.0,90.13532934131737,1376,Sí
2773,23320,0.817966903073286,2,Alto,654.0,81.99007092198582,1594,Sí
2774,28710,0.6728723404255319,3,Alto,654.0,63.01170212765959,2250,Sí
2775,28740,0.9063923662873214,1,Alto,654.0,93.55612151038164,1247,Sí
2776,29230,0.9367088607594937,1,Alto,654.0,97.52151898734178,1210,Sí
2777,29690,0.3659767298402987,5,Medio,654.0,22.86975626311108,3852,Sí
2778,32130,0.6460905349794238,3,Alto,654.0,59.508641975308635,2397,Sí
2779,32420,0.48966632776888547,4,Medio,654.0,39.04835567217022,3143,Sí
2780,32700,0.7103092783505155,3,Alto,654.0,67.90845360824743,2040,Sí
2781,33530,0.5841401012556733,3,Alto,654.0,51.40552524424207,2619,Sí
2782,35560,0.776685393258427,2,Alto,654.0,76.59044943820226,1752,Sí
2783,37450,0.817966903073286,2,Alto,654.0,81.99007092198582,1595,Sí
2784,37500,0.5841401012556733,3,Alto,654.0,51.40552524424207,2620,Sí
2785,37700,0.5417406749555951,4,Alto,654.0,45.85968028419184,2894,Sí
2786,38960,0.9056043180256583,1,Alto,654.0,93.45304479775612,1256,Sí
2787,40850,0.3992828611200487,5,Medio,654.0,27.22619823450237,3667,Sí
2788,42600,0.6728723404255319,3,Alto,654.0,63.01170212765959,2251,Sí
2789,43250,0.3190760218702019,5,Medio,654.0,16.735143660622413,4153,Sí
2790,46620,0.9367088607594937,1,Alto,654.0,97.52151898734178,1211,Sí
2791,49630,0.48966632776888547,4,Medio,654.0,39.04835567217022,3144,Sí
2792,56660,0.5073907658875524,4,Alto,654.0,41.36671217809186,3048,Sí
2793,57030,0.3190760218702019,5,Medio,654.0,16.735143660622413,4154,Sí
2794,58400,0.2586476375832887,5,Medio,654.0,8.831110995894164,4531,Sí
2795,59500,0.5841401012556733,3,Alto,654.0,51.40552524424207,2621,Sí
2796,60190,0.8802395209580839,1,Alto,654.0,90.13532934131737,1377,Sí
2797,61370,0.39074581687358584,5,Medio,654.0,26.109552847065025,3769,Sí
2798,63690,0.6728723404255319,3,Alto,654.0,63.01170212765959,2252,Sí
2799,66590,0.6460905349794238,3,Alto,654.0,59.508641975308635,2398,Sí
2800,68150,0.7995735607675906,2,Alto,654.0,79.58422174840085,1660,Sí
2801,69400,0.7103092783505155,3,Alto,654.0,67.90845360824743,2041,Sí
2802,70650,0.46200475757751447,4,Medio,654.0,35.4302222911389,3315,Sí
2803,70820,0.6700336700336701,3,Alto,654.0,62.64040404040405,2337,Sí
2804,71020,0.5841401012556733,3,Alto,654.0,51.40552524424207,2622,Sí
2805,75550,0.3190760218702019,5,Medio,654.0,16.735143660622413,4155,Sí
2806,76980,0.577212020033389,4,Alto,654.0,50.49933222036729,2701,Sí
2807,78370,0.6460905349794238,3,Alto,654.0,59.508641975308635,2399,Sí
2808,78680,0.6337298146673324,3,Alto,654.0,57.89185975848709,2521,Sí
2809,80640,0.9929873772791024,1,Alto,654.0,104.88274894810661,981,Sí
2810,84230,0.7792207792207793,2,Alto,654.0,76.92207792207793,1713,Sí
2811,86220,0.4325937092181664,5,Medio,654.0,31.58325716573617,3509,Sí
2812,86710,0.3190760218702019,5,Medio,654.0,16.735143660622413,4156,Sí
2813,87660,0.9929873772791024,1,Alto,654.0,104.88274894810661,982,Sí
2814,87840,0.8339060710194731,2,Alto,654.0,84.07491408934709,1502,Sí
2815,89220,0.7103092783505155,3,Alto,654.0,67.90845360824743,2042,Sí
2816,89560,0.3190760218702019,5,Medio,654.0,16.735143660622413,4157,Sí
2817,95600,0.3551617873651772,5,Medio,654.0,21.45516178736517,3923,Sí
2818,102850,0.6980392156862745,3,Alto,654.0,66.30352941176471,2120,Sí
2819,103340,0.6337298146673324,3,Alto,654.0,57.89185975848709,2522,Sí
2820,103830,0.8602150537634409,2,Alto,654.0,87.51612903225808,1417,Sí
2821,108570,0.6980392156862745,3,Alto,654.0,66.30352941176471,2121,Sí
2822,109610,0.2069237416186202,6,Medio,654.0,2.0656254037155257,4888,Sí
2823,114460,0.776685393258427,2,Alto,654.0,76.59044943820226,1753,Sí
2824,116440,0.39074581687358584,5,Medio,654.0,26.109552847065025,3770,Sí
2825,116500,0.8339060710194731,2,Alto,654.0,84.07491408934709,1503,Sí
2826,118280,0.7995735607675906,2,Alto,654.0,79.58422174840085,1661,Sí
2827,120270,0.6460905349794238,3,Alto,654.0,59.508641975308635,2400,Sí
2828,121080,0.5841401012556733,3,Alto,654.0,51.40552524424207,2623,Sí
2829,121290,0.577212020033389,4,Alto,654.0,50.49933222036729,2702,Sí
2830,121440,0.7387958410713422,2,Alto,654.0,71.63449601213158,1924,Sí
2831,123360,0.48966632776888547,4,Medio,654.0,39.04835567217022,3145,Sí
2832,126280,0.776685393258427,2,Alto,654.0,76.59044943820226,1754,Sí
2833,128490,0.3992828611200487,5,Medio,654.0,27.22619823450237,3668,Sí
2834,130540,0.6980392156862745,3,Alto,654.0,66.30352941176471,2122,Sí
2835,130720,0.7103092783505155,3,Alto,654.0,67.90845360824743,2043,Sí
2836,132440,0.8339060710194731,2,Alto,654.0,84.07491408934709,1504,Sí
2837,132590,0.6460905349794238,3,Alto,654.0,59.508641975308635,2401,Sí
2838,134360,0.9005328596802842,1,Alto,654.0,92.78969804618117,1329,Sí
2839,135300,0.4785786885891712,4,Medio,654.0,37.598092467463594,3220,Sí
2840,136390,0.4490472245236123,4,Medio,654.0,33.735376967688495,3372,Sí
2841,137140,0.2586476375832887,5,Medio,654.0,8.831110995894164,4532,Sí
2842,138320,0.48966632776888547,4,Medio,654.0,39.04835567217022,3146,Sí
2843,140240,0.3992828611200487,5,Medio,654.0,27.22619823450237,3669,Sí
2844,141560,0.40280847746150794,5,Medio,654.0,27.68734885196524,3642,Sí
2845,142680,0.9950980392156863,1,Alto,654.0,105.15882352941176,972,Sí
2846,144660,0.776685393258427,2,Alto,654.0,76.59044943820226,1755,Sí
2847,145490,0.2069237416186202,6,Medio,654.0,2.0656254037155257,4889,Sí
2848,146060,0.6728723404255319,3,Alto,654.0,63.01170212765959,2253,Sí
2849,146720,0.8339060710194731,2,Alto,654.0,84.07491408934709,1505,Sí
2850,147360,0.9929873772791024,1,Alto,654.0,104.88274894810661,983,Sí
2851,148300,0.3190760218702019,5,Medio,654.0,16.735143660622413,4158,Sí
2852,149510,0.3992828611200487,5,Medio,654.0,27.22619823450237,3670,Sí
2853,154370,0.7387958410713422,2,Alto,654.0,71.63449601213158,1925,Sí
2854,154600,0.7103092783505155,3,Alto,654.0,67.90845360824743,2044,Sí
2855,154670,0.46200475757751447,4,Medio,654.0,35.4302222911389,3316,Sí
2856,157360,0.3190760218702019,5,Medio,654.0,16.735143660622413,4159,Sí
2857,159100,0.7387958410713422,2,Alto,654.0,71.63449601213158,1926,Sí
2858,160270,0.817966903073286,2,Alto,654.0,81.99007092198582,1596,Sí
2859,160620,0.6460905349794238,3,Alto,654.0,59.508641975308635,2402,Sí
2860,161270,0.751269035532995,2,Alto,654.0,73.26598984771574,1858,Sí
2861,162050,0.6980392156862745,3,Alto,654.0,66.30352941176471,2123,Sí
2862,162440,0.9999,1,Alto,654.0,105.78692000000001,952,Sí
2863,163410,0.13476962978634788,6,Bajo,654.0,-7.372132423945697,5318,No
2864,164910,0.7792207792207793,2,Alto,654.0,76.92207792207793,1714,Sí
2865,165390,0.3388523121209245,5,Medio,654.0,19.321882425416923,4021,Sí
2866,166590,0.9148936170212766,1,Alto,654.0,94.66808510638299,1235,Sí
2867,168130,0.7103092783505155,3,Alto,654.0,67.90845360824743,2045,Sí
2868,169140,0.8602150537634409,2,Alto,654.0,87.51612903225808,1418,Sí
2869,170260,0.5073907658875524,4,Alto,654.0,41.36671217809186,3049,Sí
2870,170660,0.7995735607675906,2,Alto,654.0,79.58422174840085,1662,Sí
2871,171630,0.7995735607675906,2,Alto,654.0,79.58422174840085,1663,Sí
2872,171890,0.6728723404255319,3,Alto,654.0,63.01170212765959,2254,Sí
2873,172970,0.3659767298402987,5,Medio,654.0,22.86975626311108,3853,Sí
2874,175100,0.999476961593071,1,Alto,654.0,105.73158657637367,957,Sí
2875,175400,0.577212020033389,4,Alto,654.0,50.49933222036729,2703,Sí
2876,175440,0.3659767298402987,5,Medio,654.0,22.86975626311108,3854,Sí
2877,175850,0.3190760218702019,5,Medio,654.0,16.735143660622413,4160,Sí
2878,184490,0.3190760218702019,5,Medio,654.0,16.735143660622413,4161,Sí
2879,185280,0.6980392156862745,3,Alto,654.0,66.30352941176471,2124,Sí
2880,185660,0.9950980392156863,1,Alto,654.0,105.15882352941176,973,Sí
2881,186130,0.7995735607675906,2,Alto,654.0,79.58422174840085,1664,Sí
2882,187710,0.7995735607675906,2,Alto,654.0,79.58422174840085,1665,Sí
2883,189510,0.7995735607675906,2,Alto,654.0,79.58422174840085,1666,Sí
2884,189800,0.40280847746150794,5,Medio,654.0,27.68734885196524,3643,Sí
2885,191800,0.6460905349794238,3,Alto,654.0,59.508641975308635,2403,Sí
2886,192050,0.40280847746150794,5,Medio,654.0,27.68734885196524,3644,Sí
2887,194330,0.3992828611200487,5,Medio,654.0,27.22619823450237,3671,Sí
2888,198470,0.5841401012556733,3,Alto,654.0,51.40552524424207,2624,Sí
2889,199340,0.6460905349794238,3,Alto,654.0,59.508641975308635,2404,Sí
2890,202190,0.8602150537634409,2,Alto,654.0,87.51612903225808,1419,Sí
2891,202820,0.3064157764943565,5,Medio,654.0,15.079183565461825,4262,Sí
2892,207050,0.6728723404255319,3,Alto,654.0,63.01170212765959,2255,Sí
2893,207720,0.8339060710194731,2,Alto,654.0,84.07491408934709,1506,Sí
2894,207910,0.817966903073286,2,Alto,654.0,81.99007092198582,1597,Sí
2895,208200,0.6728723404255319,3,Alto,654.0,63.01170212765959,2256,Sí
2896,209100,0.577212020033389,4,Alto,654.0,50.49933222036729,2704,Sí
2897,210100,0.817966903073286,2,Alto,654.0,81.99007092198582,1598,Sí
2898,211190,0.3064157764943565,5,Medio,654.0,15.079183565461825,4263,Sí
2899,212630,0.577212020033389,4,Alto,654.0,50.49933222036729,2705,Sí
2900,213800,0.3190760218702019,5,Medio,654.0,16.735143660622413,4162,Sí
2901,216470,0.8339060710194731,2,Alto,654.0,84.07491408934709,1507,Sí
2902,217930,0.3190760218702019,5,Medio,654.0,16.735143660622413,4163,Sí
2903,219070,0.3659767298402987,5,Medio,654.0,22.86975626311108,3855,Sí
2904,219650,0.7103092783505155,3,Alto,654.0,67.90845360824743,2046,Sí
2905,219740,0.577212020033389,4,Alto,654.0,50.49933222036729,2706,Sí
2906,221940,0.577212020033389,4,Alto,654.0,50.49933222036729,2707,Sí
2907,223950,0.7103092783505155,3,Alto,654.0,67.90845360824743,2047,Sí
2908,228960,0.7704280155642024,2,Alto,654.0,75.77198443579768,1815,Sí
2909,230960,0.3190760218702019,5,Medio,654.0,16.735143660622413,4164,Sí
2910,232920,0.3190760218702019,5,Medio,654.0,16.735143660622413,4165,Sí
2911,233880,0.6460905349794238,3,Alto,654.0,59.508641975308635,2405,Sí
2912,235040,0.3190760218702019,5,Medio,654.0,16.735143660622413,4166,Sí
2913,242170,0.9005328596802842,1,Alto,654.0,92.78969804618117,1330,Sí
2914,242370,0.7995735607675906,2,Alto,654.0,79.58422174840085,1667,Sí
2915,243250,0.8339060710194731,2,Alto,654.0,84.07491408934709,1508,Sí
2916,244090,0.4672268907563025,4,Medio,654.0,36.113277310924374,3247,Sí
2917,244190,0.776685393258427,2,Alto,654.0,76.59044943820226,1756,Sí
2918,245280,0.5073907658875524,4,Alto,654.0,41.36671217809186,3050,Sí
2919,246640,0.3190760218702019,5,Medio,654.0,16.735143660622413,4167,Sí
2920,246800,0.7704280155642024,2,Alto,654.0,75.77198443579768,1816,Sí
2921,249530,0.817966903073286,2,Alto,654.0,81.99007092198582,1599,Sí
2922,249790,0.9367088607594937,1,Alto,654.0,97.52151898734178,1212,Sí
2923,250660,0.7103092783505155,3,Alto,654.0,67.90845360824743,2048,Sí
2924,251350,0.39074581687358584,5,Medio,654.0,26.109552847065025,3771,Sí
2925,253080,0.3064157764943565,5,Medio,654.0,15.079183565461825,4264,Sí
2926,253420,0.8602150537634409,2,Alto,654.0,87.51612903225808,1420,Sí
2927,255270,0.7103092783505155,3,Alto,654.0,67.90845360824743,2049,Sí
2928,256410,0.15796018829117864,6,Bajo,654.0,-4.338807371513834,5167,No
2929,258460,0.7103092783505155,3,Alto,654.0,67.90845360824743,2050,Sí
2930,258590,0.8339060710194731,2,Alto,654.0,84.07491408934709,1509,Sí
2931,260110,0.577212020033389,4,Alto,654.0,50.49933222036729,2708,Sí
2932,262130,0.7103092783505155,3,Alto,654.0,67.90845360824743,2051,Sí
2933,264470,0.8339060710194731,2,Alto,654.0,84.07491408934709,1510,Sí
2934,266430,0.3659767298402987,5,Medio,654.0,22.86975626311108,3856,Sí
2935,266580,0.39074581687358584,5,Medio,654.0,26.109552847065025,3772,Sí
2936,267770,0.6460905349794238,3,Alto,654.0,59.508641975308635,2406,Sí
2937,268510,0.4672268907563025,4,Medio,654.0,36.113277310924374,3248,Sí
2938,269830,0.577212020033389,4,Alto,654.0,50.49933222036729,2709,Sí
2939,270800,0.46200475757751447,4,Medio,654.0,35.4302222911389,3317,Sí
2940,272190,0.6460905349794238,3,Alto,654.0,59.508641975308635,2407,Sí
2941,273180,0.672451290504297,3,Alto,654.0,62.956628797962054,2303,Sí
2942,273500,0.817966903073286,2,Alto,654.0,81.99007092198582,1600,Sí
2943,274260,0.776685393258427,2,Alto,654.0,76.59044943820226,1757,Sí
2944,275180,0.6460905349794238,3,Alto,654.0,59.508641975308635,2408,Sí
2945,275220,0.9929873772791024,1,Alto,654.0,104.88274894810661,984,Sí
2946,275270,0.5417406749555951,4,Alto,654.0,45.85968028419184,2895,Sí
2947,276590,0.2586476375832887,5,Medio,654.0,8.831110995894164,4533,Sí
2948,277800,0.5073907658875524,4,Alto,654.0,41.36671217809186,3051,Sí
2949,281170,0.7995735607675906,2,Alto,654.0,79.58422174840085,1668,Sí
2950,283710,0.7995735607675906,2,Alto,654.0,79.58422174840085,1669,Sí
2951,284890,0.751269035532995,2,Alto,654.0,73.26598984771574,1859,Sí
2952,285850,0.48966632776888547,4,Medio,654.0,39.04835567217022,3147,Sí
2953,287050,0.3190760218702019,5,Medio,654.0,16.735143660622413,4168,Sí
2954,287290,0.776685393258427,2,Alto,654.0,76.59044943820226,1758,Sí
2955,292990,0.6460905349794238,3,Alto,654.0,59.508641975308635,2409,Sí
2956,296430,0.4325937092181664,5,Medio,654.0,31.58325716573617,3510,Sí
2957,299740,0.3659767298402987,5,Medio,654.0,22.86975626311108,3857,Sí
2958,300210,0.2069237416186202,6,Medio,654.0,2.0656254037155257,4890,Sí
2959,302720,0.3992828611200487,5,Medio,654.0,27.22619823450237,3672,Sí
2960,306600,0.3388523121209245,5,Medio,654.0,19.321882425416923,4022,Sí
2961,307320,0.2821741113702567,5,Medio,654.0,11.908373767229584,4394,Sí
2962,311220,0.3992828611200487,5,Medio,654.0,27.22619823450237,3673,Sí
2963,315350,0.3064157764943565,5,Medio,654.0,15.079183565461825,4265,Sí
2964,320690,0.7995735607675906,2,Alto,654.0,79.58422174840085,1670,Sí
2965,321900,0.6337298146673324,3,Alto,654.0,57.89185975848709,2523,Sí
2966,322860,0.3659767298402987,5,Medio,654.0,22.86975626311108,3858,Sí
2967,331730,0.6728723404255319,3,Alto,654.0,63.01170212765959,2257,Sí
2968,332570,0.6728723404255319,3,Alto,654.0,63.01170212765959,2258,Sí
2969,332690,0.6337298146673324,3,Alto,654.0,57.89185975848709,2524,Sí
2970,335410,0.577212020033389,4,Alto,654.0,50.49933222036729,2710,Sí
2971,340200,0.3992828611200487,5,Medio,654.0,27.22619823450237,3674,Sí
2972,343180,0.577212020033389,4,Alto,654.0,50.49933222036729,2711,Sí
2973,344810,0.005385996409335727,8,Bajo,654.0,-24.295511669658886,7656,No
2974,387150,0.8802395209580839,1,Alto,654.0,90.13532934131737,1378,Sí
2975,389420,0.08191489361702127,6,Bajo,654.0,-14.285531914893616,5747,No
2976,408460,0.01694915254237288,7,Bajo,654.0,-22.783050847457627,6741,No
2977,409400,0.030010172939979655,7,Bajo,654.0,-21.07466937945066,6417,No
2978,411210,0.00395882818685669,8,Bajo,654.0,-24.482185273159146,8237,No
2979,413590,0.817966903073286,2,Alto,654.0,81.99007092198582,1601,Sí
2980,420670,0.002488654662567706,8,Bajo,654.0,-24.674483970136144,8628,No
2981,421160,0.5417406749555951,4,Alto,654.0,45.85968028419184,2896,Sí
2982,421730,0.015706806282722516,7,Bajo,654.0,-22.945549738219896,6782,No
2983,425850,0.4490472245236123,4,Medio,654.0,33.735376967688495,3373,Sí
2984,425860,0.4490472245236123,4,Medio,654.0,33.735376967688495,3374,Sí
2985,425960,0.4490472245236123,4,Medio,654.0,33.735376967688495,3375,Sí
2986,426160,0.4490472245236123,4,Medio,654.0,33.735376967688495,3376,Sí
2987,426390,0.4490472245236123,4,Medio,654.0,33.735376967688495,3377,Sí
2988,427670,0.4490472245236123,4,Medio,654.0,33.735376967688495,3378,Sí
2989,456460,0.6980392156862745,3,Alto,654.0,66.30352941176471,2125,Sí
2990,458330,0.8602150537634409,2,Alto,654.0,87.51612903225808,1421,Sí
2991,470330,0.6980392156862745,3,Alto,654.0,66.30352941176471,2126,Sí
2992,473020,0.6460905349794238,3,Alto,654.0,59.508641975308635,2410,Sí
2993,475290,0.00395882818685669,8,Bajo,654.0,-24.482185273159146,8238,No
2994,481550,0.7103092783505155,3,Alto,654.0,67.90845360824743,2052,Sí
2995,482130,0.776685393258427,2,Alto,654.0,76.59044943820226,1759,Sí
2996,483330,0.3372395833333333,5,Medio,654.0,19.1109375,4032,Sí
2997,484300,0.015706806282722516,7,Bajo,654.0,-22.945549738219896,6783,No
2998,484310,0.015706806282722516,7,Bajo,654.0,-22.945549738219896,6784,No
2999,484490,0.015706806282722516,7,Bajo,654.0,-22.945549738219896,6785,No
3000,489600,0.006359300476947535,7,Bajo,654.0,-24.168203497615263,7509,No
3001,493570,0.751269035532995,2,Alto,654.0,73.26598984771574,1860,Sí
3002,511520,0.577212020033389,4,Alto,654.0,50.49933222036729,2712,Sí
3003,526730,0.4672268907563025,4,Medio,654.0,36.113277310924374,3249,Sí
3004,532110,0.6460905349794238,3,Alto,654.0,59.508641975308635,2411,Sí
3005,532170,0.7995735607675906,2,Alto,654.0,79.58422174840085,1671,Sí
3006,533080,0.6460905349794238,3,Alto,654.0,59.508641975308635,2412,Sí
3007,570810,0.015706806282722516,7,Bajo,654.0,-22.945549738219896,6786,No
3008,570840,0.00395882818685669,8,Bajo,654.0,-24.482185273159146,8239,No
3009,571430,0.5417406749555951,4,Alto,654.0,45.85968028419184,2897,Sí
3010,573970,0.5417406749555951,4,Alto,654.0,45.85968028419184,2898,Sí
3011,574520,0.006359300476947535,7,Bajo,654.0,-24.168203497615263,7510,No
3012,581940,0.6460905349794238,3,Alto,654.0,59.508641975308635,2413,Sí
3013,584240,0.817966903073286,2,Alto,654.0,81.99007092198582,1602,Sí
3014,584680,0.6728723404255319,3,Alto,654.0,63.01170212765959,2259,Sí
3015,587920,0.015706806282722516,7,Bajo,654.0,-22.945549738219896,6787,No
3016,588010,0.4785786885891712,4,Medio,654.0,37.598092467463594,3221,Sí
3017,611320,0.030010172939979655,7,Bajo,654.0,-21.07466937945066,6418,No
3018,613520,0.6980392156862745,3,Alto,654.0,66.30352941176471,2127,Sí
3019,631640,0.7103092783505155,3,Alto,654.0,67.90845360824743,2053,Sí
3020,632200,0.751269035532995,2,Alto,654.0,73.26598984771574,1861,Sí
3021,632630,0.8802395209580839,1,Alto,654.0,90.13532934131737,1379,Sí
3022,663390,0.7995735607675906,2,Alto,654.0,79.58422174840085,1672,Sí
3023,663880,0.4155701754385965,5,Medio,654.0,29.356578947368426,3564,Sí
3024,677040,0.015706806282722516,7,Bajo,654.0,-22.945549738219896,6788,No
3025,686370,0.00395882818685669,8,Bajo,654.0,-24.482185273159146,8240,No
3026,689670,0.776685393258427,2,Alto,654.0,76.59044943820226,1760,Sí
3027,690350,0.015706806282722516,7,Bajo,654.0,-22.945549738219896,6789,No
3028,690930,0.6460905349794238,3,Alto,654.0,59.508641975308635,2414,Sí
3029,691000,0.6460905349794238,3,Alto,654.0,59.508641975308635,2415,Sí
3030,691740,0.7995735607675906,2,Alto,654.0,79.58422174840085,1673,Sí
3031,692150,0.776685393258427,2,Alto,654.0,76.59044943820226,1761,Sí
3032,702800,0.2731707317073171,5,Medio,654.0,10.730731707317076,4450,Sí
3033,704880,0.7995735607675906,2,Alto,654.0,79.58422174840085,1674,Sí
3034,714670,0.6700336700336701,3,Alto,654.0,62.64040404040405,2338,Sí
3035,726450,0.029005524861878452,7,Bajo,654.0,-21.206077348066298,6440,No
3036,726950,0.6460905349794238,3,Alto,654.0,59.508641975308635,2416,Sí
3037,728650,0.577212020033389,4,Alto,654.0,50.49933222036729,2713,Sí
3038,729520,0.776685393258427,2,Alto,654.0,76.59044943820226,1762,Sí
3039,729650,0.7995735607675906,2,Alto,654.0,79.58422174840085,1675,Sí
3040,734610,0.751269035532995,2,Alto,654.0,73.26598984771574,1862,Sí
3041,751780,0.029005524861878452,7,Bajo,654.0,-21.206077348066298,6441,No
3042,758710,0.6728723404255319,3,Alto,654.0,63.01170212765959,2260,Sí
3043,762540,0.015706806282722516,7,Bajo,654.0,-22.945549738219896,6790,No
3044,763440,0.5417406749555951,4,Alto,654.0,45.85968028419184,2899,Sí
3045,776900,0.3551617873651772,5,Medio,654.0,21.45516178736517,3924,Sí
3046,780340,0.015706806282722516,7,Bajo,654.0,-22.945549738219896,6791,No
3047,781770,0.006920415224913495,7,Bajo,654.0,-24.094809688581314,7457,No
3048,783360,0.4155701754385965,5,Medio,654.0,29.356578947368426,3565,Sí
3049,784120,0.776685393258427,2,Alto,654.0,76.59044943820226,1763,Sí
3050,785800,0.776685393258427,2,Alto,654.0,76.59044943820226,1764,Sí
3051,813830,0.030010172939979655,7,Bajo,654.0,-21.07466937945066,6419,No
3052,814260,0.0002443195699975568,9,Bajo,654.0,-24.968043000244318,9779,No
3053,821390,0.49535603715170295,4,Medio,654.0,39.79256965944275,3105,Sí
3054,824340,0.6700336700336701,3,Alto,654.0,62.64040404040405,2339,Sí
3055,842270,0.577212020033389,4,Alto,654.0,50.49933222036729,2714,Sí
3056,844460,0.6728723404255319,3,Alto,654.0,63.01170212765959,2261,Sí
3057,845110,0.751269035532995,2,Alto,654.0,73.26598984771574,1863,Sí
3058,859720,0.6980392156862745,3,Alto,654.0,66.30352941176471,2128,Sí
3059,865220,0.6980392156862745,3,Alto,654.0,66.30352941176471,2129,Sí
3060,882020,0.7995735607675906,2,Alto,654.0,79.58422174840085,1676,Sí
3061,886510,0.751269035532995,2,Alto,654.0,73.26598984771574,1864,Sí
3062,169360,0.8434959349593496,2,Alto,442.5,49.649390243902445,2850,Sí
3063,723720,0.006359300476947535,7,Bajo,442.5,-24.437201907790143,8100,No
3064,302980,0.9063923662873214,1,Alto,654.0,93.55612151038164,1248,Sí
3065,188480,0.6700336700336701,3,Alto,450.0,35.30303030303031,3323,Sí
3066,224450,0.751269035532995,2,Alto,450.0,42.61421319796955,3023,Sí
3067,337810,0.7103092783505155,3,Alto,450.0,38.927835051546396,3176,Sí
3068,153680,0.8602150537634409,2,Alto,654.0,87.51612903225808,1422,Sí
3069,276370,0.9748713797272744,1,Alto,654.0,102.51317646832752,1065,Sí
3070,155150,0.4672268907563025,4,Medio,450.0,17.050420168067234,4123,Sí
3071,630,0.5073907658875524,4,Alto,450.0,20.66516892987972,3984,Sí
3072,12420,0.577212020033389,4,Alto,450.0,26.949081803005015,3726,Sí
3073,14390,0.8434959349593496,2,Alto,450.0,50.91463414634147,2642,Sí
3074,35850,0.8602150537634409,2,Alto,450.0,52.41935483870968,2596,Sí
3075,40020,0.577212020033389,4,Alto,450.0,26.949081803005015,3727,Sí
3076,45240,0.6728723404255319,3,Alto,450.0,35.558510638297875,3292,Sí
3077,46500,0.6728723404255319,3,Alto,450.0,35.558510638297875,3293,Sí
3078,56510,0.9005328596802842,1,Alto,450.0,56.04795737122558,2554,Sí
3079,65900,0.7704280155642024,2,Alto,450.0,44.33852140077822,2994,Sí
3080,79690,0.9148387096774193,1,Alto,450.0,57.33548387096775,2545,Sí
3081,84860,0.577212020033389,4,Alto,450.0,26.949081803005015,3728,Sí
3082,91190,0.6728723404255319,3,Alto,450.0,35.558510638297875,3294,Sí
3083,92030,0.817966903073286,2,Alto,450.0,48.61702127659575,2860,Sí
3084,93090,0.577212020033389,4,Alto,450.0,26.949081803005015,3729,Sí
3085,98010,0.577212020033389,4,Alto,450.0,26.949081803005015,3730,Sí
3086,102100,0.6460905349794238,3,Alto,450.0,33.148148148148145,3459,Sí
3087,103460,0.577212020033389,4,Alto,450.0,26.949081803005015,3731,Sí
3088,105810,0.776685393258427,2,Alto,450.0,44.90168539325843,2972,Sí
3089,107490,0.6728723404255319,3,Alto,450.0,35.558510638297875,3295,Sí
3090,114330,0.20909090909090908,6,Medio,450.0,-6.181818181818183,5238,No
3091,119170,0.9148387096774193,1,Alto,450.0,57.33548387096775,2546,Sí
3092,119390,0.9005328596802842,1,Alto,450.0,56.04795737122558,2555,Sí
3093,125890,0.9367088607594937,1,Alto,450.0,59.30379746835443,2496,Sí
3094,143550,0.7792207792207793,2,Alto,450.0,45.12987012987014,2953,Sí
3095,153480,0.577212020033389,4,Alto,450.0,26.949081803005015,3732,Sí
3096,169460,0.7283950617283951,3,Alto,450.0,40.55555555555556,3079,Sí
3097,170310,0.8602150537634409,2,Alto,450.0,52.41935483870968,2597,Sí
3098,171390,0.751269035532995,2,Alto,450.0,42.61421319796955,3024,Sí
3099,177770,0.817966903073286,2,Alto,450.0,48.61702127659575,2861,Sí
3100,179370,0.9367088607594937,1,Alto,450.0,59.30379746835443,2497,Sí
3101,182230,0.6460905349794238,3,Alto,450.0,33.148148148148145,3460,Sí
3102,184030,0.11088295687885011,6,Bajo,450.0,-15.020533880903491,5785,No
3103,201830,0.8339060710194731,2,Alto,450.0,50.05154639175258,2833,Sí
3104,206180,0.577212020033389,4,Alto,450.0,26.949081803005015,3733,Sí
3105,211000,0.8802395209580839,1,Alto,450.0,54.221556886227546,2576,Sí
3106,222740,0.7792207792207793,2,Alto,450.0,45.12987012987014,2954,Sí
3107,241270,0.9005328596802842,1,Alto,450.0,56.04795737122558,2556,Sí
3108,243550,0.08709016393442623,6,Bajo,450.0,-17.161885245901637,5937,No
3109,262970,0.8372093023255814,2,Alto,450.0,50.34883720930233,2787,Sí
3110,263040,0.577212020033389,4,Alto,450.0,26.949081803005015,3734,Sí
3111,265620,0.7704280155642024,2,Alto,450.0,44.33852140077822,2995,Sí
3112,268230,0.7103092783505155,3,Alto,450.0,38.927835051546396,3177,Sí
3113,285990,0.577212020033389,4,Alto,450.0,26.949081803005015,3735,Sí
3114,295760,0.9367088607594937,1,Alto,450.0,59.30379746835443,2498,Sí
3115,297270,0.6980392156862745,3,Alto,450.0,37.82352941176471,3219,Sí
3116,320140,0.8339060710194731,2,Alto,450.0,50.05154639175258,2834,Sí
3117,337850,0.751269035532995,2,Alto,450.0,42.61421319796955,3025,Sí
3118,338690,0.7995735607675906,2,Alto,450.0,46.96162046908316,2883,Sí
3119,398030,0.5417406749555951,4,Alto,450.0,23.75666074600356,3815,Sí
3120,449010,0.7103092783505155,3,Alto,450.0,38.927835051546396,3178,Sí
3121,459060,0.4155701754385965,5,Medio,450.0,12.401315789473685,4356,Sí
3122,470060,0.6728723404255319,3,Alto,450.0,35.558510638297875,3296,Sí
3123,490190,0.577212020033389,4,Alto,450.0,26.949081803005015,3736,Sí
3124,539520,0.3551617873651772,5,Medio,450.0,6.964560862865945,4646,Sí
3125,622040,0.21199143468950749,6,Medio,450.0,-5.920770877944324,5218,No
3126,655390,0.4672268907563025,4,Medio,450.0,17.050420168067234,4124,Sí
3127,700380,0.9005328596802842,1,Alto,450.0,56.04795737122558,2557,Sí
3128,715940,0.776685393258427,2,Alto,450.0,44.90168539325843,2973,Sí
3129,755510,0.577212020033389,4,Alto,450.0,26.949081803005015,3737,Sí
3130,785850,0.4155701754385965,5,Medio,450.0,12.401315789473685,4357,Sí
3131,790580,0.3551617873651772,5,Medio,450.0,6.964560862865945,4647,Sí
3132,794640,0.6728723404255319,3,Alto,450.0,35.558510638297875,3297,Sí
3133,797610,0.3551617873651772,5,Medio,450.0,6.964560862865945,4648,Sí
3134,846110,0.751269035532995,2,Alto,450.0,42.61421319796955,3026,Sí
3135,866500,0.577212020033389,4,Alto,450.0,26.949081803005015,3738,Sí
3136,880480,0.4490472245236123,4,Medio,450.0,15.414250207125107,4236,Sí
3137,338530,0.8802395209580839,1,Alto,450.0,54.221556886227546,2577,Sí
3138,394570,0.6728723404255319,3,Alto,450.0,35.558510638297875,3298,Sí
3139,407390,0.002098635886673662,9,Bajo,654.0,-24.725498426023083,8696,No
3140,26240,0.3992828611200487,5,Medio,654.0,27.22619823450237,3675,Sí
3141,279040,0.40280847746150794,5,Medio,654.0,27.68734885196524,3645,Sí
3142,151860,0.9999,1,Alto,832.5,141.48335,447,Sí
3143,218090,0.3992828611200487,5,Medio,538.6499999999999,18.014742628462834,4090,Sí
3144,280890,0.2069237416186202,6,Medio,538.6499999999999,-2.7081053154260495,5098,No
3145,486350,0.17019027484143764,6,Bajo,652.5,-2.7901691331923857,5109,No
3146,54290,0.5841401012556733,3,Alto,538.6499999999999,37.92941310827367,3204,Sí
3147,11970,0.9999,1,Alto,832.5,141.48335,448,Sí
3148,211750,0.672451290504297,3,Alto,654.0,62.956628797962054,2304,Sí
3149,125860,0.8802395209580839,1,Alto,654.0,90.13532934131737,1380,Sí
3150,255560,0.751269035532995,2,Alto,654.0,73.26598984771574,1865,Sí
3151,315920,0.9643635135789099,1,Alto,654.0,101.13874757612143,1100,Sí
3152,72580,0.9643635135789099,1,Alto,832.5,135.5665250108885,567,Sí
3153,189600,0.7103092783505155,3,Alto,832.5,93.26649484536082,1278,Sí
3154,5290,0.49535603715170295,4,Medio,682.5,42.61609907120746,3018,Sí
3155,100570,0.4672268907563025,4,Medio,682.5,38.7764705882353,3185,Sí
3156,161730,0.6460905349794238,3,Alto,682.5,63.191358024691354,2223,Sí
3157,179220,0.7995735607675906,2,Alto,682.5,84.14179104477613,1486,Sí
3158,192630,0.6460905349794238,3,Alto,682.5,63.191358024691354,2224,Sí
3159,193240,0.6460905349794238,3,Alto,682.5,63.191358024691354,2225,Sí
3160,225160,0.776685393258427,2,Alto,682.5,81.0175561797753,1622,Sí
3161,231510,0.8802395209580839,1,Alto,682.5,95.15269461077845,1231,Sí
3162,237470,0.776685393258427,2,Alto,682.5,81.0175561797753,1623,Sí
3163,257770,0.7387958410713422,2,Alto,682.5,75.84563230623823,1804,Sí
3164,263410,0.776685393258427,2,Alto,682.5,81.0175561797753,1624,Sí
3165,266440,0.21199143468950749,6,Medio,682.5,3.9368308351177745,4801,Sí
3166,269060,0.8802395209580839,1,Alto,682.5,95.15269461077845,1232,Sí
3167,269090,0.776685393258427,2,Alto,682.5,81.0175561797753,1625,Sí
3168,397590,0.3372395833333333,5,Medio,682.5,21.033203125,3976,Sí
3169,399480,0.08709016393442623,6,Bajo,682.5,-13.112192622950818,5639,No
3170,402790,0.3372395833333333,5,Medio,682.5,21.033203125,3977,Sí
3171,427260,0.08709016393442623,6,Bajo,682.5,-13.112192622950818,5640,No
3172,515550,0.21199143468950749,6,Medio,682.5,3.9368308351177745,4802,Sí
3173,581920,0.6980392156862745,3,Alto,682.5,70.28235294117648,1980,Sí
3174,640790,0.21199143468950749,6,Medio,682.5,3.9368308351177745,4803,Sí
3175,650260,0.21199143468950749,6,Medio,682.5,3.9368308351177745,4804,Sí
3176,651440,0.21199143468950749,6,Medio,682.5,3.9368308351177745,4805,Sí
3177,663830,0.4490472245236123,4,Medio,682.5,36.294946147473084,3237,Sí
3178,685650,0.060294117647058824,6,Bajo,682.5,-16.76985294117647,5888,No
3179,719440,0.4155701754385965,5,Medio,682.5,31.725328947368425,3494,Sí
3180,747710,0.25,6,Medio,682.5,9.125,4513,Sí
3181,749710,0.25,6,Medio,682.5,9.125,4514,Sí
3182,782620,0.17019027484143764,6,Bajo,682.5,-1.7690274841437592,5032,No
3183,782970,0.041237113402061855,7,Bajo,682.5,-19.371134020618555,6147,No
3184,67640,0.8434959349593496,2,Alto,654.0,85.32926829268293,1471,Sí
3185,52350,0.7283950617283951,3,Alto,654.0,70.27407407407408,1987,Sí
3186,340830,0.7283950617283951,3,Alto,654.0,70.27407407407408,1988,Sí
3187,119940,0.8434959349593496,2,Alto,654.0,85.32926829268293,1472,Sí
3188,88410,0.9929873772791024,1,Alto,646.5,103.39326788218796,1039,Sí
3189,230400,0.9929873772791024,1,Alto,832.5,140.33239831697057,471,Sí
3190,271300,0.3659767298402987,5,Medio,654.0,22.86975626311108,3859,Sí
3191,724200,0.6460905349794238,3,Alto,654.0,59.508641975308635,2417,Sí
3192,55960,0.8339060710194731,2,Alto,450.0,50.05154639175258,2835,Sí
3193,143950,0.751269035532995,2,Alto,654.0,73.26598984771574,1866,Sí
3194,273340,0.8339060710194731,2,Alto,654.0,84.07491408934709,1511,Sí
3195,120730,0.5073907658875524,4,Alto,654.0,41.36671217809186,3052,Sí
3196,282750,0.9367088607594937,1,Alto,832.5,130.9620253164557,628,Sí
3197,828610,0.7103092783505155,3,Alto,832.5,93.26649484536082,1279,Sí
3198,832450,0.7103092783505155,3,Alto,832.5,93.26649484536082,1280,Sí
3199,279810,0.4155701754385965,5,Medio,652.5,29.23190789473685,3599,Sí
3200,281420,0.4155701754385965,5,Medio,652.5,29.23190789473685,3600,Sí
3201,282110,0.4155701754385965,5,Medio,652.5,29.23190789473685,3601,Sí
3202,66280,0.3190760218702019,5,Medio,654.0,16.735143660622413,4169,Sí
3203,520120,0.8802395209580839,1,Alto,654.0,90.13532934131737,1381,Sí
3204,496120,0.035,7,Bajo,654.0,-20.422,6281,No
3205,15760,0.3190760218702019,5,Medio,654.0,16.735143660622413,4170,Sí
3206,197970,0.7792207792207793,2,Alto,654.0,76.92207792207793,1715,Sí
3207,631860,0.006920415224913495,7,Bajo,654.0,-24.094809688581314,7458,No
3208,308710,0.9643635135789099,1,Alto,654.0,101.13874757612143,1101,Sí
3209,43220,0.6728723404255319,3,Alto,654.0,63.01170212765959,2262,Sí
3210,325130,0.672451290504297,3,Alto,654.0,62.956628797962054,2305,Sí
3211,132830,0.6728723404255319,3,Alto,538.6499999999999,47.48853723404254,2870,Sí
3212,281100,0.9090909090909091,1,Alto,832.5,126.36363636363637,707,Sí
3213,326170,0.9950980392156863,1,Alto,654.0,105.15882352941176,974,Sí
3214,210020,0.9929873772791024,1,Alto,531.1499999999999,80.48504908835902,1629,Sí
3215,32870,0.999476961593071,1,Alto,646.5,104.23237113398409,1032,Sí
3216,234500,0.2821741113702567,5,Medio,654.0,11.908373767229584,4395,Sí
3217,146010,0.9056043180256583,1,Alto,654.0,93.45304479775612,1257,Sí
3218,334750,0.39074581687358584,5,Medio,654.0,26.109552847065025,3773,Sí
3219,254320,0.3190760218702019,5,Medio,654.0,16.735143660622413,4171,Sí
3220,99960,0.8339060710194731,2,Alto,538.6499999999999,64.83670103092783,2205,Sí
3221,28780,0.5073907658875524,4,Alto,654.0,41.36671217809186,3053,Sí
3222,304830,0.5073907658875524,4,Alto,832.5,59.48056252027747,2455,Sí
3223,604950,0.11134453781512609,6,Bajo,654.0,-10.436134453781508,5485,No
3224,286280,0.6460905349794238,3,Alto,654.0,59.508641975308635,2418,Sí
3225,250840,0.999476961593071,1,Alto,654.0,105.73158657637367,958,Sí
3226,564850,0.030010172939979655,7,Bajo,832.5,-20.003306205493388,6204,No
3227,809520,0.577212020033389,4,Alto,652.5,50.32616861435727,2812,Sí
3228,179550,0.6728723404255319,3,Alto,450.0,35.558510638297875,3299,Sí
3229,390950,0.0038314176245210726,8,Bajo,832.5,-24.362068965517242,8047,No
3230,392520,0.0038314176245210726,8,Bajo,832.5,-24.362068965517242,8048,No
3231,393980,0.0038314176245210726,8,Bajo,832.5,-24.362068965517242,8049,No
3232,202900,0.2069237416186202,6,Medio,654.0,2.0656254037155257,4891,Sí
3233,838750,0.11088295687885011,6,Bajo,654.0,-10.496509240246406,5491,No
3234,263480,0.2821741113702567,5,Medio,654.0,11.908373767229584,4396,Sí
3235,286450,0.3190760218702019,5,Medio,654.0,16.735143660622413,4172,Sí
3236,839310,0.8339060710194731,2,Alto,654.0,84.07491408934709,1512,Sí
3237,200610,0.776685393258427,2,Alto,652.5,76.35744382022473,1794,Sí
3238,309590,0.577212020033389,4,Alto,832.5,71.10580133555928,1943,Sí
3239,145140,0.9005328596802842,1,Alto,832.5,124.93872113676733,737,Sí
3240,167560,0.7387958410713422,2,Alto,832.5,98.0095075383785,1151,Sí
3241,176870,0.9005328596802842,1,Alto,832.5,124.93872113676733,738,Sí
3242,226790,0.6460905349794238,3,Alto,652.5,59.31481481481481,2470,Sí
3243,788390,0.17019027484143764,6,Bajo,652.5,-2.7901691331923857,5110,No
3244,274000,0.6460905349794238,3,Alto,654.0,59.508641975308635,2419,Sí
3245,300610,0.6460905349794238,3,Alto,654.0,59.508641975308635,2420,Sí
3246,305150,0.3190760218702019,5,Medio,654.0,16.735143660622413,4173,Sí
3247,185970,0.8802395209580839,1,Alto,654.0,90.13532934131737,1382,Sí
3248,216940,0.9005328596802842,1,Alto,654.0,92.78969804618117,1331,Sí
3249,5360,0.3992828611200487,5,Medio,538.6499999999999,18.014742628462834,4091,Sí
3250,5460,0.8339060710194731,2,Alto,538.6499999999999,64.83670103092783,2206,Sí
3251,16000,0.3659767298402987,5,Medio,538.6499999999999,14.426673105695379,4298,Sí
3252,19170,0.5073907658875524,4,Alto,538.6499999999999,29.661207209066006,3552,Sí
3253,21670,0.8339060710194731,2,Alto,538.6499999999999,64.83670103092783,2207,Sí
3254,58190,0.9367088607594937,1,Alto,538.6499999999999,75.91164556962023,1803,Sí
3255,58680,0.8802395209580839,1,Alto,538.6499999999999,69.82820359281436,1996,Sí
3256,63860,0.5841401012556733,3,Alto,538.6499999999999,37.92941310827367,3205,Sí
3257,70070,0.2586476375832887,5,Medio,538.6499999999999,2.8641099968476844,4832,Sí
3258,87790,0.5841401012556733,3,Alto,538.6499999999999,37.92941310827367,3206,Sí
3259,99920,0.9148387096774193,1,Alto,538.6499999999999,73.55557419354837,1831,Sí
3260,100180,0.751269035532995,2,Alto,538.6499999999999,55.93421319796953,2559,Sí
3261,109770,0.751269035532995,2,Alto,538.6499999999999,55.93421319796953,2560,Sí
3262,136570,0.9056043180256583,1,Alto,538.6499999999999,72.56075318090416,1901,Sí
3263,146900,0.672451290504297,3,Alto,538.6499999999999,47.443177526027895,2876,Sí
3264,169440,0.9005328596802842,1,Alto,538.6499999999999,72.01440497335699,1908,Sí
3265,195730,0.3962676541814699,5,Medio,538.6499999999999,17.689914384969747,4099,Sí
3266,199610,0.2069237416186202,6,Medio,538.6499999999999,-2.7081053154260495,5099,No
3267,203360,0.751269035532995,2,Alto,538.6499999999999,55.93421319796953,2561,Sí
3268,207690,0.2069237416186202,6,Medio,538.6499999999999,-2.7081053154260495,5100,No
3269,208040,0.6564868368758717,3,Alto,538.6499999999999,45.72332693663765,2917,Sí
3270,208360,0.6460905349794238,3,Alto,538.6499999999999,44.60333333333331,2979,Sí
3271,218140,0.817966903073286,2,Alto,538.6499999999999,63.11957446808509,2231,Sí
3272,237290,0.8802395209580839,1,Alto,538.6499999999999,69.82820359281436,1997,Sí
3273,237420,0.46200475757751447,4,Medio,538.6499999999999,24.771772533825626,3793,Sí
3274,244030,0.46200475757751447,4,Medio,538.6499999999999,24.771772533825626,3794,Sí
3275,250970,0.8339060710194731,2,Alto,538.6499999999999,64.83670103092783,2208,Sí
3276,253840,0.46200475757751447,4,Medio,538.6499999999999,24.771772533825626,3795,Sí
3277,265550,0.3659767298402987,5,Medio,538.6499999999999,14.426673105695379,4299,Sí
3278,276760,0.3190760218702019,5,Medio,538.6499999999999,9.374059836076846,4508,Sí
3279,310560,0.7387958410713422,2,Alto,538.6499999999999,54.590475958615684,2566,Sí
3280,342800,0.9005328596802842,1,Alto,538.6499999999999,72.01440497335699,1909,Sí
3281,549500,0.035,7,Bajo,538.6499999999999,-21.22945,6448,No
3282,661700,0.08709016393442623,6,Bajo,538.6499999999999,-15.617776639344264,5840,No
3283,694080,0.8802395209580839,1,Alto,538.6499999999999,69.82820359281436,1998,Sí
3284,243190,0.5841401012556733,3,Alto,654.0,51.40552524424207,2625,Sí
3285,264430,0.8339060710194731,2,Alto,832.5,113.84536082474227,843,Sí
3286,561050,0.4672268907563025,4,Medio,652.5,35.973109243697486,3279,Sí
3287,292280,0.5841401012556733,3,Alto,654.0,51.40552524424207,2626,Sí
3288,208100,0.46200475757751447,4,Medio,654.0,35.4302222911389,3318,Sí
3289,847450,0.002098635886673662,9,Bajo,832.5,-24.650577124868835,8610,No
3290,210340,0.776685393258427,2,Alto,832.5,104.31811797752812,1005,Sí
3291,191730,0.2586476375832887,5,Medio,654.0,8.831110995894164,4534,Sí
3292,109110,0.577212020033389,4,Alto,652.5,50.32616861435727,2813,Sí
3293,297370,0.3388523121209245,5,Medio,654.0,19.321882425416923,4023,Sí
3294,327570,0.9929873772791024,1,Alto,832.5,140.33239831697057,472,Sí
3295,301680,0.9063923662873214,1,Alto,654.0,93.55612151038164,1249,Sí
3296,316930,0.3992828611200487,5,Medio,654.0,27.22619823450237,3676,Sí
3297,24610,0.9643635135789099,1,Alto,832.5,135.5665250108885,568,Sí
3298,4190,0.2586476375832887,5,Medio,654.0,8.831110995894164,4535,Sí
3299,486600,0.9005328596802842,1,Alto,654.0,92.78969804618117,1332,Sí
3300,252680,0.3659767298402987,5,Medio,654.0,22.86975626311108,3860,Sí
3301,292440,0.2795750377350656,5,Medio,654.0,11.568414935746581,4416,Sí
3302,283580,0.6337298146673324,3,Alto,654.0,57.89185975848709,2525,Sí
3303,702840,0.7103092783505155,3,Alto,832.5,93.26649484536082,1281,Sí
3304,253700,0.999476961593071,1,Alto,654.0,105.73158657637367,959,Sí
3305,100790,0.6460905349794238,3,Alto,654.0,59.508641975308635,2421,Sí
3306,586530,0.7995735607675906,2,Alto,654.0,79.58422174840085,1677,Sí
3307,42840,0.2586476375832887,5,Medio,538.6499999999999,2.8641099968476844,4833,Sí
3308,70940,0.999476961593071,1,Alto,825.0,139.91369866285672,502,Sí
3309,133290,0.9367088607594937,1,Alto,832.5,130.9620253164557,629,Sí
3310,2350,0.6728723404255319,3,Alto,832.5,87.03324468085107,1431,Sí
3311,23550,0.9005328596802842,1,Alto,832.5,124.93872113676733,739,Sí
3312,28550,0.8434959349593496,2,Alto,832.5,115.4420731707317,826,Sí
3313,30670,0.8434959349593496,2,Alto,832.5,115.4420731707317,827,Sí
3314,41630,0.95578231292517,1,Alto,832.5,134.1377551020408,598,Sí
3315,59650,0.6728723404255319,3,Alto,832.5,87.03324468085107,1432,Sí
3316,69430,0.9148387096774193,1,Alto,832.5,127.32064516129032,682,Sí
3317,72240,0.9148387096774193,1,Alto,832.5,127.32064516129032,683,Sí
3318,108800,0.7103092783505155,3,Alto,832.5,93.26649484536082,1282,Sí
3319,113610,0.7704280155642024,2,Alto,832.5,103.27626459143968,1041,Sí
3320,116150,0.44367816091954015,4,Medio,832.5,48.87241379310343,2852,Sí
3321,121930,0.5073907658875524,4,Alto,832.5,59.48056252027747,2456,Sí
3322,167600,0.7704280155642024,2,Alto,832.5,103.27626459143968,1042,Sí
3323,186040,0.577212020033389,4,Alto,832.5,71.10580133555928,1944,Sí
3324,225110,0.8434959349593496,2,Alto,832.5,115.4420731707317,828,Sí
3325,330830,0.9806451612903225,1,Alto,832.5,138.2774193548387,512,Sí
3326,338660,0.577212020033389,4,Alto,832.5,71.10580133555928,1945,Sí
3327,370170,0.7103092783505155,3,Alto,832.5,93.26649484536082,1283,Sí
3328,389920,0.9148387096774193,1,Alto,832.5,127.32064516129032,684,Sí
3329,430160,0.7103092783505155,3,Alto,832.5,93.26649484536082,1284,Sí
3330,457190,0.6460905349794238,3,Alto,832.5,82.57407407407406,1554,Sí
3331,496780,0.006359300476947535,7,Bajo,832.5,-23.941176470588236,7245,No
3332,496790,0.006359300476947535,7,Bajo,832.5,-23.941176470588236,7246,No
3333,497360,0.577212020033389,4,Alto,832.5,71.10580133555928,1946,Sí
3334,524110,0.7792207792207793,2,Alto,832.5,104.74025974025977,994,Sí
3335,815500,0.4672268907563025,4,Medio,832.5,52.79327731092438,2585,Sí
3336,309580,0.46200475757751447,4,Medio,832.5,51.92379213665616,2600,Sí
3337,221210,0.7103092783505155,3,Alto,832.5,93.26649484536082,1285,Sí
3338,48430,0.9999,1,Alto,654.0,105.78692000000001,953,Sí
3339,309860,0.2586476375832887,5,Medio,654.0,8.831110995894164,4536,Sí
3340,251960,0.8616298022399826,1,Alto,654.0,87.70117813298972,1402,Sí
3341,535560,0.5417406749555951,4,Alto,450.0,23.75666074600356,3816,Sí
3342,717110,0.015706806282722516,7,Bajo,832.5,-22.3848167539267,6635,No
3343,717120,0.006359300476947535,7,Bajo,832.5,-23.941176470588236,7247,No
3344,159040,0.8602150537634409,2,Alto,450.0,52.41935483870968,2598,Sí
3345,280080,0.9148387096774193,1,Alto,654.0,94.66090322580645,1240,Sí
3346,289000,0.5073907658875524,4,Alto,654.0,41.36671217809186,3054,Sí
3347,108850,0.8802395209580839,1,Alto,654.0,90.13532934131737,1383,Sí
3348,201470,0.776685393258427,2,Alto,654.0,76.59044943820226,1765,Sí
3349,272180,0.9950980392156863,1,Alto,654.0,105.15882352941176,975,Sí
3350,326480,0.5417406749555951,4,Alto,832.5,65.19982238010658,2181,Sí
3351,108100,0.7283950617283951,3,Alto,654.0,70.27407407407408,1989,Sí
3352,259640,0.9999,1,Alto,646.5,104.28707,1024,Sí
3353,582920,0.776685393258427,2,Alto,654.0,76.59044943820226,1766,Sí
3354,75240,0.3190760218702019,5,Medio,654.0,16.735143660622413,4174,Sí
3355,247580,0.8802395209580839,1,Alto,832.5,121.55988023952096,760,Sí
3356,530700,0.8434959349593496,2,Alto,654.0,85.32926829268293,1473,Sí
3357,281840,0.9148387096774193,1,Alto,832.5,127.32064516129032,685,Sí
3358,72710,0.817966903073286,2,Alto,654.0,81.99007092198582,1603,Sí
3359,190220,0.2795750377350656,5,Medio,654.0,11.568414935746581,4417,Sí
3360,822070,0.6728723404255319,3,Alto,654.0,63.01170212765959,2263,Sí
3361,113670,0.8339060710194731,2,Alto,654.0,84.07491408934709,1513,Sí
3362,265370,0.9148387096774193,1,Alto,832.5,127.32064516129032,686,Sí
3363,281830,0.9148387096774193,1,Alto,832.5,127.32064516129032,687,Sí
3364,314430,0.577212020033389,4,Alto,832.5,71.10580133555928,1947,Sí
3365,736140,0.8602150537634409,2,Alto,654.0,87.51612903225808,1423,Sí
3366,306040,0.999476961593071,1,Alto,654.0,105.73158657637367,960,Sí
3367,295820,0.4155701754385965,5,Medio,832.5,44.19243421052633,2997,Sí
3368,798600,0.44367816091954015,4,Medio,652.5,32.89999999999999,3484,Sí
3369,810820,0.577212020033389,4,Alto,652.5,50.32616861435727,2814,Sí
3370,706640,0.4490472245236123,4,Medio,450.0,15.414250207125107,4237,Sí
3371,181700,0.9643635135789099,1,Alto,654.0,101.13874757612143,1102,Sí
3372,526090,0.11088295687885011,6,Bajo,654.0,-10.496509240246406,5492,No
3373,222730,0.6728723404255319,3,Alto,832.5,87.03324468085107,1433,Sí
3374,328370,0.48966632776888547,4,Medio,654.0,39.04835567217022,3148,Sí
3375,508440,0.006920415224913495,7,Bajo,654.0,-24.094809688581314,7459,No
3376,199450,0.40280847746150794,5,Medio,654.0,27.68734885196524,3646,Sí
3377,322040,0.5841401012556733,3,Alto,654.0,51.40552524424207,2627,Sí
3378,286500,0.817966903073286,2,Alto,832.5,111.19148936170214,871,Sí
3379,587790,0.6728723404255319,3,Alto,654.0,63.01170212765959,2264,Sí
3380,261280,0.3992828611200487,5,Medio,654.0,27.22619823450237,3677,Sí
3381,291550,0.5841401012556733,3,Alto,654.0,51.40552524424207,2628,Sí
3382,213400,0.6980392156862745,3,Alto,652.5,66.09411764705882,2161,Sí
3383,322720,0.6337298146673324,3,Alto,832.5,80.51601414211085,1627,Sí
3384,561850,0.6460905349794238,3,Alto,832.5,82.57407407407406,1555,Sí
3385,594740,0.6460905349794238,3,Alto,832.5,82.57407407407406,1556,Sí
3386,75870,0.8339060710194731,2,Alto,450.0,50.05154639175258,2836,Sí
3387,333970,0.7995735607675906,2,Alto,832.5,108.12899786780383,935,Sí
3388,849740,0.041237113402061855,7,Bajo,538.6499999999999,-20.557525773195877,6300,No
3389,418410,0.3372395833333333,5,Medio,654.0,19.1109375,4033,Sí
3390,309910,0.805102752829306,2,Alto,654.0,80.30744007007323,1639,Sí
3391,743110,0.577212020033389,4,Alto,654.0,50.49933222036729,2715,Sí
3392,96310,0.817966903073286,2,Alto,832.5,111.19148936170214,872,Sí
3393,154800,0.48966632776888547,4,Medio,654.0,39.04835567217022,3149,Sí
3394,280310,0.9367088607594937,1,Alto,654.0,97.52151898734178,1213,Sí
3395,126700,0.2795750377350656,5,Medio,654.0,11.568414935746581,4418,Sí
3396,171830,0.46200475757751447,4,Medio,654.0,35.4302222911389,3319,Sí
3397,819650,0.13483146067415727,6,Bajo,652.5,-7.404494382022477,5327,No
3398,473500,0.817966903073286,2,Alto,832.5,111.19148936170214,873,Sí
3399,728120,0.751269035532995,2,Alto,652.5,73.04060913705584,1895,Sí
3400,58700,0.7995735607675906,2,Alto,832.5,108.12899786780383,936,Sí
3401,215390,0.9929873772791024,1,Alto,832.5,140.33239831697057,473,Sí
3402,187430,0.6728723404255319,3,Alto,654.0,63.01170212765959,2265,Sí
3403,244950,0.9063923662873214,1,Alto,654.0,93.55612151038164,1250,Sí
3404,123340,0.4490472245236123,4,Medio,654.0,33.735376967688495,3379,Sí
3405,184460,0.6337298146673324,3,Alto,654.0,57.89185975848709,2526,Sí
3406,162100,0.577212020033389,4,Alto,654.0,50.49933222036729,2716,Sí
3407,286170,0.3190760218702019,5,Medio,654.0,16.735143660622413,4175,Sí
3408,230560,0.3190760218702019,5,Medio,654.0,16.735143660622413,4176,Sí
3409,221650,0.9999,1,Alto,825.0,139.98350000000002,497,Sí
3410,699870,0.3372395833333333,5,Medio,654.0,19.1109375,4034,Sí
3411,23890,0.6460905349794238,3,Alto,652.5,59.31481481481481,2471,Sí
3412,24250,0.577212020033389,4,Alto,652.5,50.32616861435727,2815,Sí
3413,52370,0.577212020033389,4,Alto,652.5,50.32616861435727,2816,Sí
3414,57560,0.3659767298402987,5,Medio,652.5,22.75996324415899,3897,Sí
3415,61060,0.6460905349794238,3,Alto,652.5,59.31481481481481,2472,Sí
3416,77010,0.577212020033389,4,Alto,652.5,50.32616861435727,2817,Sí
3417,81270,0.7792207792207793,2,Alto,652.5,76.6883116883117,1723,Sí
3418,148220,0.6728723404255319,3,Alto,652.5,62.80984042553193,2315,Sí
3419,165040,0.577212020033389,4,Alto,652.5,50.32616861435727,2818,Sí
3420,180640,0.4672268907563025,4,Medio,652.5,35.973109243697486,3280,Sí
3421,198250,0.6460905349794238,3,Alto,652.5,59.31481481481481,2473,Sí
3422,222490,0.6460905349794238,3,Alto,652.5,59.31481481481481,2474,Sí
3423,226380,0.7103092783505155,3,Alto,652.5,67.69536082474227,2088,Sí
3424,228130,0.6980392156862745,3,Alto,652.5,66.09411764705882,2162,Sí
3425,238860,0.6980392156862745,3,Alto,652.5,66.09411764705882,2163,Sí
3426,246740,0.672451290504297,3,Alto,652.5,62.754893410810766,2322,Sí
3427,248760,0.7103092783505155,3,Alto,652.5,67.69536082474227,2089,Sí
3428,252270,0.6728723404255319,3,Alto,652.5,62.80984042553193,2316,Sí
3429,261290,0.6460905349794238,3,Alto,652.5,59.31481481481481,2475,Sí
3430,263010,0.4672268907563025,4,Medio,652.5,35.973109243697486,3281,Sí
3431,268530,0.6460905349794238,3,Alto,652.5,59.31481481481481,2476,Sí
3432,291240,0.6460905349794238,3,Alto,652.5,59.31481481481481,2477,Sí
3433,301400,0.44367816091954015,4,Medio,652.5,32.89999999999999,3485,Sí
3434,304850,0.4490472245236123,4,Medio,652.5,33.600662800331406,3434,Sí
3435,308320,0.7103092783505155,3,Alto,652.5,67.69536082474227,2090,Sí
3436,313020,0.6460905349794238,3,Alto,652.5,59.31481481481481,2478,Sí
3437,317630,0.6460905349794238,3,Alto,652.5,59.31481481481481,2479,Sí
3438,323820,0.9702233250620348,1,Alto,652.5,101.61414392059555,1083,Sí
3439,325020,0.6460905349794238,3,Alto,652.5,59.31481481481481,2480,Sí
3440,366220,0.5417406749555951,4,Alto,652.5,45.697158081705155,2931,Sí
3441,403720,0.4155701754385965,5,Medio,652.5,29.23190789473685,3602,Sí
3442,475480,0.6460905349794238,3,Alto,652.5,59.31481481481481,2481,Sí
3443,477240,0.6460905349794238,3,Alto,652.5,59.31481481481481,2482,Sí
3444,484180,0.4490472245236123,4,Medio,652.5,33.600662800331406,3435,Sí
3445,492600,0.751269035532995,2,Alto,652.5,73.04060913705584,1896,Sí
3446,517680,0.9005328596802842,1,Alto,652.5,92.51953818827708,1337,Sí
3447,536240,0.4490472245236123,4,Medio,652.5,33.600662800331406,3436,Sí
3448,538240,0.11088295687885011,6,Bajo,652.5,-10.529774127310061,5505,No
3449,561210,0.6460905349794238,3,Alto,652.5,59.31481481481481,2483,Sí
3450,570530,0.11088295687885011,6,Bajo,652.5,-10.529774127310061,5506,No
3451,600970,0.577212020033389,4,Alto,652.5,50.32616861435727,2819,Sí
3452,613460,0.39416058394160586,5,Medio,652.5,26.437956204379567,3758,Sí
3453,614170,0.4155701754385965,5,Medio,652.5,29.23190789473685,3603,Sí
3454,634000,0.7995735607675906,2,Alto,652.5,79.34434968017058,1698,Sí
3455,665340,0.6700336700336701,3,Alto,652.5,62.43939393939395,2354,Sí
3456,676720,0.44367816091954015,4,Medio,652.5,32.89999999999999,3486,Sí
3457,701170,0.015706806282722516,7,Bajo,652.5,-22.95026178010471,6797,No
3458,718240,0.6728723404255319,3,Alto,652.5,62.80984042553193,2317,Sí
3459,750560,0.21199143468950749,6,Medio,652.5,2.6648822269807297,4851,Sí
3460,755530,0.13483146067415727,6,Bajo,652.5,-7.404494382022477,5328,No
3461,756610,0.4672268907563025,4,Medio,652.5,35.973109243697486,3282,Sí
3462,757550,0.4672268907563025,4,Medio,652.5,35.973109243697486,3283,Sí
3463,769500,0.030010172939979655,7,Bajo,652.5,-21.083672431332655,6424,No
3464,771920,0.5417406749555951,4,Alto,652.5,45.697158081705155,2932,Sí
3465,791880,0.2731707317073171,5,Medio,652.5,10.648780487804885,4456,Sí
3466,794460,0.6728723404255319,3,Alto,652.5,62.80984042553193,2318,Sí
3467,817210,0.577212020033389,4,Alto,652.5,50.32616861435727,2820,Sí
3468,835650,0.2731707317073171,5,Medio,652.5,10.648780487804885,4457,Sí
3469,839110,0.2731707317073171,5,Medio,652.5,10.648780487804885,4458,Sí
3470,853380,0.17485265225933203,6,Bajo,652.5,-2.18172888015717,5050,No
3471,860270,0.13846153846153847,6,Bajo,652.5,-6.930769230769229,5295,No
3472,1870,0.48966632776888547,4,Medio,654.0,39.04835567217022,3150,Sí
3473,36650,0.7103092783505155,3,Alto,654.0,67.90845360824743,2054,Sí
3474,76530,0.7792207792207793,2,Alto,654.0,76.92207792207793,1716,Sí
3475,158710,0.3659767298402987,5,Medio,654.0,22.86975626311108,3861,Sí
3476,162800,0.6728723404255319,3,Alto,654.0,63.01170212765959,2266,Sí
3477,189610,0.39074581687358584,5,Medio,654.0,26.109552847065025,3774,Sí
3478,213890,0.7103092783505155,3,Alto,654.0,67.90845360824743,2055,Sí
3479,230760,0.577212020033389,4,Alto,654.0,50.49933222036729,2717,Sí
3480,291090,0.7103092783505155,3,Alto,654.0,67.90845360824743,2056,Sí
3481,296240,0.5073907658875524,4,Alto,654.0,41.36671217809186,3055,Sí
3482,318180,0.98046875,1,Alto,654.0,103.24531250000001,1054,Sí
3483,341820,0.39416058394160586,5,Medio,654.0,26.556204379562054,3756,Sí
3484,372700,0.577212020033389,4,Alto,654.0,50.49933222036729,2718,Sí
3485,417030,0.6460905349794238,3,Alto,654.0,59.508641975308635,2422,Sí
3486,428360,0.7103092783505155,3,Alto,654.0,67.90845360824743,2057,Sí
3487,577660,0.01694915254237288,7,Bajo,654.0,-22.783050847457627,6742,No
3488,648520,0.577212020033389,4,Alto,654.0,50.49933222036729,2719,Sí
3489,523750,0.817966903073286,2,Alto,654.0,81.99007092198582,1604,Sí
3490,105330,0.6728723404255319,3,Alto,832.5,87.03324468085107,1434,Sí
3491,839820,0.4672268907563025,4,Medio,654.0,36.113277310924374,3250,Sí
3492,3060,0.48966632776888547,4,Medio,654.0,39.04835567217022,3151,Sí
3493,3800,0.3992828611200487,5,Medio,654.0,27.22619823450237,3678,Sí
3494,4220,0.7103092783505155,3,Alto,654.0,67.90845360824743,2058,Sí
3495,4540,0.3992828611200487,5,Medio,654.0,27.22619823450237,3679,Sí
3496,7590,0.3190760218702019,5,Medio,654.0,16.735143660622413,4177,Sí
3497,8560,0.6980392156862745,3,Alto,654.0,66.30352941176471,2130,Sí
3498,9930,0.5073907658875524,4,Alto,654.0,41.36671217809186,3056,Sí
3499,10620,0.7387958410713422,2,Alto,654.0,71.63449601213158,1927,Sí
3500,11350,0.40280847746150794,5,Medio,654.0,27.68734885196524,3647,Sí
3501,11570,0.6460905349794238,3,Alto,654.0,59.508641975308635,2423,Sí
3502,13450,0.3659767298402987,5,Medio,654.0,22.86975626311108,3862,Sí
3503,16990,0.3190760218702019,5,Medio,654.0,16.735143660622413,4178,Sí
3504,18360,0.751269035532995,2,Alto,654.0,73.26598984771574,1867,Sí
3505,18980,0.7387958410713422,2,Alto,654.0,71.63449601213158,1928,Sí
3506,21400,0.7387958410713422,2,Alto,654.0,71.63449601213158,1929,Sí
3507,25010,0.7792207792207793,2,Alto,654.0,76.92207792207793,1717,Sí
3508,26100,0.3659767298402987,5,Medio,654.0,22.86975626311108,3863,Sí
3509,26430,0.9056043180256583,1,Alto,654.0,93.45304479775612,1258,Sí
3510,27170,0.8802395209580839,1,Alto,654.0,90.13532934131737,1384,Sí
3511,29760,0.9056043180256583,1,Alto,654.0,93.45304479775612,1259,Sí
3512,35860,0.817966903073286,2,Alto,654.0,81.99007092198582,1605,Sí
3513,37480,0.9643635135789099,1,Alto,654.0,101.13874757612143,1103,Sí
3514,37910,0.577212020033389,4,Alto,654.0,50.49933222036729,2720,Sí
3515,38300,0.3992828611200487,5,Medio,654.0,27.22619823450237,3680,Sí
3516,38340,0.40280847746150794,5,Medio,654.0,27.68734885196524,3648,Sí
3517,40240,0.5417406749555951,4,Alto,654.0,45.85968028419184,2900,Sí
3518,41150,0.7792207792207793,2,Alto,654.0,76.92207792207793,1718,Sí
3519,42750,0.8339060710194731,2,Alto,654.0,84.07491408934709,1514,Sí
3520,42790,0.817966903073286,2,Alto,654.0,81.99007092198582,1606,Sí
3521,44580,0.9056043180256583,1,Alto,654.0,93.45304479775612,1260,Sí
3522,44850,0.577212020033389,4,Alto,654.0,50.49933222036729,2721,Sí
3523,44860,0.5404537303534122,4,Alto,654.0,45.691347930226314,2939,Sí
3524,47120,0.577212020033389,4,Alto,654.0,50.49933222036729,2722,Sí
3525,47850,0.3659767298402987,5,Medio,654.0,22.86975626311108,3864,Sí
3526,49150,0.3659767298402987,5,Medio,654.0,22.86975626311108,3865,Sí
3527,50610,0.8802395209580839,1,Alto,654.0,90.13532934131737,1385,Sí
3528,52400,0.3992828611200487,5,Medio,654.0,27.22619823450237,3681,Sí
3529,53130,0.577212020033389,4,Alto,654.0,50.49933222036729,2723,Sí
3530,53820,0.5073907658875524,4,Alto,654.0,41.36671217809186,3057,Sí
3531,54540,0.3190760218702019,5,Medio,654.0,16.735143660622413,4179,Sí
3532,55410,0.2586476375832887,5,Medio,654.0,8.831110995894164,4537,Sí
3533,56320,0.6980392156862745,3,Alto,654.0,66.30352941176471,2131,Sí
3534,58070,0.2586476375832887,5,Medio,654.0,8.831110995894164,4538,Sí
3535,58360,0.2069237416186202,6,Medio,654.0,2.0656254037155257,4892,Sí
3536,59640,0.4325937092181664,5,Medio,654.0,31.58325716573617,3511,Sí
3537,64470,0.577212020033389,4,Alto,654.0,50.49933222036729,2724,Sí
3538,65610,0.3064157764943565,5,Medio,654.0,15.079183565461825,4266,Sí
3539,65710,0.5417406749555951,4,Alto,654.0,45.85968028419184,2901,Sí
3540,69590,0.6700336700336701,3,Alto,654.0,62.64040404040405,2340,Sí
3541,70790,0.577212020033389,4,Alto,654.0,50.49933222036729,2725,Sí
3542,71320,0.3190760218702019,5,Medio,654.0,16.735143660622413,4180,Sí
3543,71790,0.5841401012556733,3,Alto,654.0,51.40552524424207,2629,Sí
3544,71860,0.3659767298402987,5,Medio,654.0,22.86975626311108,3866,Sí
3545,72270,0.5841401012556733,3,Alto,654.0,51.40552524424207,2630,Sí
3546,74460,0.2069237416186202,6,Medio,654.0,2.0656254037155257,4893,Sí
3547,74510,0.3659767298402987,5,Medio,654.0,22.86975626311108,3867,Sí
3548,74680,0.5073907658875524,4,Alto,654.0,41.36671217809186,3058,Sí
3549,75210,0.8339060710194731,2,Alto,654.0,84.07491408934709,1515,Sí
3550,75520,0.3190760218702019,5,Medio,654.0,16.735143660622413,4181,Sí
3551,80970,0.18428888849113062,6,Bajo,654.0,-0.8950133853601159,5000,No
3552,81990,0.776685393258427,2,Alto,654.0,76.59044943820226,1767,Sí
3553,83140,0.6728723404255319,3,Alto,654.0,63.01170212765959,2267,Sí
3554,83340,0.8802395209580839,1,Alto,654.0,90.13532934131737,1386,Sí
3555,84000,0.2821741113702567,5,Medio,654.0,11.908373767229584,4397,Sí
3556,86120,0.9056043180256583,1,Alto,654.0,93.45304479775612,1261,Sí
3557,89140,0.6980392156862745,3,Alto,654.0,66.30352941176471,2132,Sí
3558,89180,0.48966632776888547,4,Medio,654.0,39.04835567217022,3152,Sí
3559,90720,0.2821741113702567,5,Medio,654.0,11.908373767229584,4398,Sí
3560,91000,0.3659767298402987,5,Medio,654.0,22.86975626311108,3868,Sí
3561,94070,0.9643635135789099,1,Alto,654.0,101.13874757612143,1104,Sí
3562,94520,0.8301886792452831,2,Alto,654.0,83.58867924528303,1540,Sí
3563,94710,0.6728723404255319,3,Alto,654.0,63.01170212765959,2268,Sí
3564,94940,0.3190760218702019,5,Medio,654.0,16.735143660622413,4182,Sí
3565,95950,0.3992828611200487,5,Medio,654.0,27.22619823450237,3682,Sí
3566,96250,0.751269035532995,2,Alto,654.0,73.26598984771574,1868,Sí
3567,98720,0.3659767298402987,5,Medio,654.0,22.86975626311108,3869,Sí
3568,99460,0.7103092783505155,3,Alto,654.0,67.90845360824743,2059,Sí
3569,100110,0.7792207792207793,2,Alto,654.0,76.92207792207793,1719,Sí
3570,101620,0.8616298022399826,1,Alto,654.0,87.70117813298972,1403,Sí
3571,102310,0.3659767298402987,5,Medio,654.0,22.86975626311108,3870,Sí
3572,102570,0.3388523121209245,5,Medio,654.0,19.321882425416923,4024,Sí
3573,103860,0.2586476375832887,5,Medio,654.0,8.831110995894164,4539,Sí
3574,105400,0.577212020033389,4,Alto,654.0,50.49933222036729,2726,Sí
3575,106690,0.5073907658875524,4,Alto,654.0,41.36671217809186,3059,Sí
3576,106810,0.3659767298402987,5,Medio,654.0,22.86975626311108,3871,Sí
3577,107180,0.8434959349593496,2,Alto,654.0,85.32926829268293,1474,Sí
3578,108230,0.7704280155642024,2,Alto,654.0,75.77198443579768,1817,Sí
3579,110330,0.2821741113702567,5,Medio,654.0,11.908373767229584,4399,Sí
3580,112130,0.3992828611200487,5,Medio,654.0,27.22619823450237,3683,Sí
3581,114630,0.776685393258427,2,Alto,654.0,76.59044943820226,1768,Sí
3582,114770,0.2069237416186202,6,Medio,654.0,2.0656254037155257,4894,Sí
3583,115030,0.7103092783505155,3,Alto,654.0,67.90845360824743,2060,Sí
3584,115410,0.3992828611200487,5,Medio,654.0,27.22619823450237,3684,Sí
3585,115420,0.5841401012556733,3,Alto,654.0,51.40552524424207,2631,Sí
3586,117480,0.6337298146673324,3,Alto,654.0,57.89185975848709,2527,Sí
3587,122770,0.44367816091954015,4,Medio,654.0,33.03310344827585,3466,Sí
3588,124400,0.6980392156862745,3,Alto,654.0,66.30352941176471,2133,Sí
3589,124440,0.2821741113702567,5,Medio,654.0,11.908373767229584,4400,Sí
3590,126730,0.2069237416186202,6,Medio,654.0,2.0656254037155257,4895,Sí
3591,127590,0.2586476375832887,5,Medio,654.0,8.831110995894164,4540,Sí
3592,129820,0.577212020033389,4,Alto,654.0,50.49933222036729,2727,Sí
3593,133910,0.3190760218702019,5,Medio,654.0,16.735143660622413,4183,Sí
3594,138620,0.18428888849113062,6,Bajo,654.0,-0.8950133853601159,5001,No
3595,138870,0.2069237416186202,6,Medio,654.0,2.0656254037155257,4896,Sí
3596,140200,0.5073907658875524,4,Alto,654.0,41.36671217809186,3060,Sí
3597,140910,0.8339060710194731,2,Alto,654.0,84.07491408934709,1516,Sí
3598,145890,0.7995735607675906,2,Alto,654.0,79.58422174840085,1678,Sí
3599,147180,0.3190760218702019,5,Medio,654.0,16.735143660622413,4184,Sí
3600,147390,0.7103092783505155,3,Alto,654.0,67.90845360824743,2061,Sí
3601,148150,0.3064157764943565,5,Medio,654.0,15.079183565461825,4267,Sí
3602,149600,0.2069237416186202,6,Medio,654.0,2.0656254037155257,4897,Sí
3603,152280,0.2821741113702567,5,Medio,654.0,11.908373767229584,4401,Sí
3604,154230,0.44367816091954015,4,Medio,654.0,33.03310344827585,3467,Sí
3605,155510,0.44367816091954015,4,Medio,654.0,33.03310344827585,3468,Sí
3606,155870,0.8339060710194731,2,Alto,654.0,84.07491408934709,1517,Sí
3607,156790,0.40280847746150794,5,Medio,654.0,27.68734885196524,3649,Sí
3608,157210,0.6700336700336701,3,Alto,654.0,62.64040404040405,2341,Sí
3609,158690,0.7995735607675906,2,Alto,654.0,79.58422174840085,1679,Sí
3610,159060,0.5417406749555951,4,Alto,654.0,45.85968028419184,2902,Sí
3611,161880,0.4325937092181664,5,Medio,654.0,31.58325716573617,3512,Sí
3612,162240,0.776685393258427,2,Alto,654.0,76.59044943820226,1769,Sí
3613,167440,0.3992828611200487,5,Medio,654.0,27.22619823450237,3685,Sí
3614,167840,0.4325937092181664,5,Medio,654.0,31.58325716573617,3513,Sí
3615,168220,0.7103092783505155,3,Alto,654.0,67.90845360824743,2062,Sí
3616,170170,0.3659767298402987,5,Medio,654.0,22.86975626311108,3872,Sí
3617,172530,0.6980392156862745,3,Alto,654.0,66.30352941176471,2134,Sí
3618,173080,0.40280847746150794,5,Medio,654.0,27.68734885196524,3650,Sí
3619,173760,0.7103092783505155,3,Alto,654.0,67.90845360824743,2063,Sí
3620,174470,0.776685393258427,2,Alto,654.0,76.59044943820226,1770,Sí
3621,176720,0.3992828611200487,5,Medio,654.0,27.22619823450237,3686,Sí
3622,176830,0.44367816091954015,4,Medio,654.0,33.03310344827585,3469,Sí
3623,177700,0.4155701754385965,5,Medio,654.0,29.356578947368426,3566,Sí
3624,177900,0.817966903073286,2,Alto,654.0,81.99007092198582,1607,Sí
3625,178120,0.6728723404255319,3,Alto,654.0,63.01170212765959,2269,Sí
3626,178290,0.8339060710194731,2,Alto,654.0,84.07491408934709,1518,Sí
3627,178480,0.577212020033389,4,Alto,654.0,50.49933222036729,2728,Sí
3628,181140,0.40280847746150794,5,Medio,654.0,27.68734885196524,3651,Sí
3629,183010,0.3659767298402987,5,Medio,654.0,22.86975626311108,3873,Sí
3630,183200,0.3659767298402987,5,Medio,654.0,22.86975626311108,3874,Sí
3631,184570,0.44367816091954015,4,Medio,654.0,33.03310344827585,3470,Sí
3632,187150,0.9748713797272744,1,Alto,654.0,102.51317646832752,1066,Sí
3633,190170,0.6728723404255319,3,Alto,654.0,63.01170212765959,2270,Sí
3634,191050,0.577212020033389,4,Alto,654.0,50.49933222036729,2729,Sí
3635,192160,0.3992828611200487,5,Medio,654.0,27.22619823450237,3687,Sí
3636,192390,0.9643635135789099,1,Alto,654.0,101.13874757612143,1105,Sí
3637,193410,0.776685393258427,2,Alto,654.0,76.59044943820226,1771,Sí
3638,193490,0.3190760218702019,5,Medio,654.0,16.735143660622413,4185,Sí
3639,197490,0.4830208249299662,4,Medio,654.0,38.17912390083958,3194,Sí
3640,199940,0.577212020033389,4,Alto,654.0,50.49933222036729,2730,Sí
3641,200960,0.577212020033389,4,Alto,654.0,50.49933222036729,2731,Sí
3642,201060,0.5841401012556733,3,Alto,654.0,51.40552524424207,2632,Sí
3643,202350,0.5841401012556733,3,Alto,654.0,51.40552524424207,2633,Sí
3644,203810,0.48966632776888547,4,Medio,654.0,39.04835567217022,3153,Sí
3645,208640,0.3064157764943565,5,Medio,654.0,15.079183565461825,4268,Sí
3646,209050,0.6460905349794238,3,Alto,654.0,59.508641975308635,2424,Sí
3647,211390,0.5073907658875524,4,Alto,654.0,41.36671217809186,3061,Sí
3648,215190,0.7995735607675906,2,Alto,654.0,79.58422174840085,1680,Sí
3649,216380,0.577212020033389,4,Alto,654.0,50.49933222036729,2732,Sí
3650,217170,0.5073907658875524,4,Alto,654.0,41.36671217809186,3062,Sí
3651,218460,0.7103092783505155,3,Alto,654.0,67.90845360824743,2064,Sí
3652,218470,0.8339060710194731,2,Alto,654.0,84.07491408934709,1519,Sí
3653,219840,0.776685393258427,2,Alto,654.0,76.59044943820226,1772,Sí
3654,220480,0.6460905349794238,3,Alto,654.0,59.508641975308635,2425,Sí
3655,222070,0.776685393258427,2,Alto,654.0,76.59044943820226,1773,Sí
3656,225080,0.6700336700336701,3,Alto,654.0,62.64040404040405,2342,Sí
3657,225640,0.3064157764943565,5,Medio,654.0,15.079183565461825,4269,Sí
3658,226730,0.6700336700336701,3,Alto,654.0,62.64040404040405,2343,Sí
3659,226740,0.6700336700336701,3,Alto,654.0,62.64040404040405,2344,Sí
3660,227920,0.7995735607675906,2,Alto,654.0,79.58422174840085,1681,Sí
3661,228930,0.3190760218702019,5,Medio,654.0,16.735143660622413,4186,Sí
3662,230370,0.3992828611200487,5,Medio,654.0,27.22619823450237,3688,Sí
3663,234840,0.577212020033389,4,Alto,654.0,50.49933222036729,2733,Sí
3664,240800,0.776685393258427,2,Alto,654.0,76.59044943820226,1774,Sí
3665,240910,0.4155701754385965,5,Medio,654.0,29.356578947368426,3567,Sí
3666,244610,0.3992828611200487,5,Medio,654.0,27.22619823450237,3689,Sí
3667,246250,0.3659767298402987,5,Medio,654.0,22.86975626311108,3875,Sí
3668,247510,0.7995735607675906,2,Alto,654.0,79.58422174840085,1682,Sí
3669,248160,0.6337298146673324,3,Alto,654.0,57.89185975848709,2528,Sí
3670,250160,0.2069237416186202,6,Medio,654.0,2.0656254037155257,4898,Sí
3671,250710,0.3659767298402987,5,Medio,654.0,22.86975626311108,3876,Sí
3672,251040,0.5073907658875524,4,Alto,654.0,41.36671217809186,3063,Sí
3673,251480,0.6460905349794238,3,Alto,654.0,59.508641975308635,2426,Sí
3674,253490,0.6980392156862745,3,Alto,654.0,66.30352941176471,2135,Sí
3675,254030,0.3659767298402987,5,Medio,654.0,22.86975626311108,3877,Sí
3676,256980,0.48966632776888547,4,Medio,654.0,39.04835567217022,3154,Sí
3677,258990,0.3190760218702019,5,Medio,654.0,16.735143660622413,4187,Sí
3678,261130,0.6700336700336701,3,Alto,654.0,62.64040404040405,2345,Sí
3679,261180,0.4155701754385965,5,Medio,654.0,29.356578947368426,3568,Sí
3680,261350,0.3992828611200487,5,Medio,654.0,27.22619823450237,3690,Sí
3681,261690,0.5073907658875524,4,Alto,654.0,41.36671217809186,3064,Sí
3682,262120,0.5073907658875524,4,Alto,654.0,41.36671217809186,3065,Sí
3683,264380,0.7103092783505155,3,Alto,654.0,67.90845360824743,2065,Sí
3684,264500,0.3064157764943565,5,Medio,654.0,15.079183565461825,4270,Sí
3685,264600,0.2821741113702567,5,Medio,654.0,11.908373767229584,4402,Sí
3686,264720,0.6980392156862745,3,Alto,654.0,66.30352941176471,2136,Sí
3687,266600,0.6460905349794238,3,Alto,654.0,59.508641975308635,2427,Sí
3688,270230,0.3659767298402987,5,Medio,654.0,22.86975626311108,3878,Sí
3689,270300,0.776685393258427,2,Alto,654.0,76.59044943820226,1775,Sí
3690,271820,0.577212020033389,4,Alto,654.0,50.49933222036729,2734,Sí
3691,271900,0.2821741113702567,5,Medio,654.0,11.908373767229584,4403,Sí
3692,273360,0.7995735607675906,2,Alto,654.0,79.58422174840085,1683,Sí
3693,273420,0.5073907658875524,4,Alto,654.0,41.36671217809186,3066,Sí
3694,273820,0.776685393258427,2,Alto,654.0,76.59044943820226,1776,Sí
3695,275940,0.577212020033389,4,Alto,654.0,50.49933222036729,2735,Sí
3696,277390,0.3992828611200487,5,Medio,654.0,27.22619823450237,3691,Sí
3697,278630,0.5073907658875524,4,Alto,654.0,41.36671217809186,3067,Sí
3698,279330,0.776685393258427,2,Alto,654.0,76.59044943820226,1777,Sí
3699,280150,0.6980392156862745,3,Alto,654.0,66.30352941176471,2137,Sí
3700,281510,0.40280847746150794,5,Medio,654.0,27.68734885196524,3652,Sí
3701,284540,0.3064157764943565,5,Medio,654.0,15.079183565461825,4271,Sí
3702,285520,0.9367088607594937,1,Alto,654.0,97.52151898734178,1214,Sí
3703,286810,0.3064157764943565,5,Medio,654.0,15.079183565461825,4272,Sí
3704,287880,0.6460905349794238,3,Alto,654.0,59.508641975308635,2428,Sí
3705,288710,0.4155701754385965,5,Medio,654.0,29.356578947368426,3569,Sí
3706,290100,0.4325937092181664,5,Medio,654.0,31.58325716573617,3514,Sí
3707,293550,0.6460905349794238,3,Alto,654.0,59.508641975308635,2429,Sí
3708,293780,0.577212020033389,4,Alto,654.0,50.49933222036729,2736,Sí
3709,293860,0.3190760218702019,5,Medio,654.0,16.735143660622413,4188,Sí
3710,296260,0.5073907658875524,4,Alto,654.0,41.36671217809186,3068,Sí
3711,300420,0.6460905349794238,3,Alto,654.0,59.508641975308635,2430,Sí
3712,300880,0.7103092783505155,3,Alto,654.0,67.90845360824743,2066,Sí
3713,301160,0.8434959349593496,2,Alto,654.0,85.32926829268293,1475,Sí
3714,301360,0.9702233250620348,1,Alto,654.0,101.90521091811416,1077,Sí
3715,302150,0.3659767298402987,5,Medio,654.0,22.86975626311108,3879,Sí
3716,303460,0.3190760218702019,5,Medio,654.0,16.735143660622413,4189,Sí
3717,304090,0.6728723404255319,3,Alto,654.0,63.01170212765959,2271,Sí
3718,304220,0.2821741113702567,5,Medio,654.0,11.908373767229584,4404,Sí
3719,307150,0.2821741113702567,5,Medio,654.0,11.908373767229584,4405,Sí
3720,309630,0.6460905349794238,3,Alto,654.0,59.508641975308635,2431,Sí
3721,312810,0.577212020033389,4,Alto,654.0,50.49933222036729,2737,Sí
3722,314700,0.6460905349794238,3,Alto,654.0,59.508641975308635,2432,Sí
3723,316390,0.2069237416186202,6,Medio,654.0,2.0656254037155257,4899,Sí
3724,317190,0.577212020033389,4,Alto,654.0,50.49933222036729,2738,Sí
3725,317280,0.4672268907563025,4,Medio,654.0,36.113277310924374,3251,Sí
3726,318720,0.3064157764943565,5,Medio,654.0,15.079183565461825,4273,Sí
3727,321170,0.2821741113702567,5,Medio,654.0,11.908373767229584,4406,Sí
3728,321700,0.3659767298402987,5,Medio,654.0,22.86975626311108,3880,Sí
3729,322380,0.6728723404255319,3,Alto,654.0,63.01170212765959,2272,Sí
3730,322610,0.3190760218702019,5,Medio,654.0,16.735143660622413,4190,Sí
3731,322620,0.3064157764943565,5,Medio,654.0,15.079183565461825,4274,Sí
3732,324850,0.2069237416186202,6,Medio,654.0,2.0656254037155257,4900,Sí
3733,324960,0.577212020033389,4,Alto,654.0,50.49933222036729,2739,Sí
3734,327500,0.776685393258427,2,Alto,654.0,76.59044943820226,1778,Sí
3735,328060,0.817966903073286,2,Alto,654.0,81.99007092198582,1608,Sí
3736,329640,0.4325937092181664,5,Medio,654.0,31.58325716573617,3515,Sí
3737,329760,0.3064157764943565,5,Medio,654.0,15.079183565461825,4275,Sí
3738,330360,0.3659767298402987,5,Medio,654.0,22.86975626311108,3881,Sí
3739,332010,0.2069237416186202,6,Medio,654.0,2.0656254037155257,4901,Sí
3740,332490,0.3659767298402987,5,Medio,654.0,22.86975626311108,3882,Sí
3741,332640,0.3992828611200487,5,Medio,654.0,27.22619823450237,3692,Sí
3742,332870,0.5841401012556733,3,Alto,654.0,51.40552524424207,2634,Sí
3743,332940,0.3190760218702019,5,Medio,654.0,16.735143660622413,4191,Sí
3744,333480,0.3064157764943565,5,Medio,654.0,15.079183565461825,4276,Sí
3745,335570,0.3064157764943565,5,Medio,654.0,15.079183565461825,4277,Sí
3746,336050,0.3190760218702019,5,Medio,654.0,16.735143660622413,4192,Sí
3747,337010,0.3064157764943565,5,Medio,654.0,15.079183565461825,4278,Sí
3748,342900,0.4325937092181664,5,Medio,654.0,31.58325716573617,3516,Sí
3749,345490,0.8802395209580839,1,Alto,654.0,90.13532934131737,1387,Sí
3750,345700,0.8802395209580839,1,Alto,654.0,90.13532934131737,1388,Sí
3751,358900,0.6700336700336701,3,Alto,654.0,62.64040404040405,2346,Sí
3752,364950,0.5417406749555951,4,Alto,654.0,45.85968028419184,2903,Sí
3753,366500,0.6700336700336701,3,Alto,654.0,62.64040404040405,2347,Sí
3754,387420,0.44367816091954015,4,Medio,654.0,33.03310344827585,3471,Sí
3755,388100,0.6700336700336701,3,Alto,654.0,62.64040404040405,2348,Sí
3756,388980,0.776685393258427,2,Alto,654.0,76.59044943820226,1779,Sí
3757,391560,0.3372395833333333,5,Medio,654.0,19.1109375,4035,Sí
3758,393770,0.2731707317073171,5,Medio,654.0,10.730731707317076,4451,Sí
3759,395400,0.006920415224913495,7,Bajo,654.0,-24.094809688581314,7460,No
3760,414700,0.6728723404255319,3,Alto,654.0,63.01170212765959,2273,Sí
3761,417900,0.6460905349794238,3,Alto,654.0,59.508641975308635,2433,Sí
3762,423690,0.7103092783505155,3,Alto,654.0,67.90845360824743,2067,Sí
3763,425250,0.817966903073286,2,Alto,654.0,81.99007092198582,1609,Sí
3764,433570,0.029005524861878452,7,Bajo,654.0,-21.206077348066298,6442,No
3765,466280,0.577212020033389,4,Alto,654.0,50.49933222036729,2740,Sí
3766,479510,0.11134453781512609,6,Bajo,654.0,-10.436134453781508,5486,No
3767,481530,0.8339060710194731,2,Alto,654.0,84.07491408934709,1520,Sí
3768,484370,0.577212020033389,4,Alto,654.0,50.49933222036729,2741,Sí
3769,494820,0.4490472245236123,4,Medio,654.0,33.735376967688495,3380,Sí
3770,495820,0.4155701754385965,5,Medio,654.0,29.356578947368426,3570,Sí
3771,496260,0.002488654662567706,8,Bajo,654.0,-24.674483970136144,8629,No
3772,498370,0.0014742014742014742,9,Bajo,654.0,-24.807174447174447,8935,No
3773,501900,0.015706806282722516,7,Bajo,654.0,-22.945549738219896,6792,No
3774,502850,0.00395882818685669,8,Bajo,654.0,-24.482185273159146,8241,No
3775,515250,0.6460905349794238,3,Alto,654.0,59.508641975308635,2434,Sí
3776,523900,0.577212020033389,4,Alto,654.0,50.49933222036729,2742,Sí
3777,533440,0.577212020033389,4,Alto,654.0,50.49933222036729,2743,Sí
3778,534860,0.577212020033389,4,Alto,654.0,50.49933222036729,2744,Sí
3779,535140,0.817966903073286,2,Alto,654.0,81.99007092198582,1610,Sí
3780,535750,0.8339060710194731,2,Alto,654.0,84.07491408934709,1521,Sí
3781,535810,0.7792207792207793,2,Alto,654.0,76.92207792207793,1720,Sí
3782,538250,0.776685393258427,2,Alto,654.0,76.59044943820226,1780,Sí
3783,570430,0.006920415224913495,7,Bajo,654.0,-24.094809688581314,7461,No
3784,580410,0.577212020033389,4,Alto,654.0,50.49933222036729,2745,Sí
3785,584670,0.6980392156862745,3,Alto,654.0,66.30352941176471,2138,Sí
3786,618570,0.009259259259259259,7,Bajo,654.0,-23.788888888888888,7143,No
3787,620600,0.577212020033389,4,Alto,654.0,50.49933222036729,2746,Sí
3788,631400,0.3372395833333333,5,Medio,654.0,19.1109375,4036,Sí
3789,633160,0.7103092783505155,3,Alto,654.0,67.90845360824743,2068,Sí
3790,633360,0.6700336700336701,3,Alto,654.0,62.64040404040405,2349,Sí
3791,646890,0.7103092783505155,3,Alto,654.0,67.90845360824743,2069,Sí
3792,654640,0.817966903073286,2,Alto,654.0,81.99007092198582,1611,Sí
3793,686850,0.029005524861878452,7,Bajo,654.0,-21.206077348066298,6443,No
3794,690030,0.776685393258427,2,Alto,654.0,76.59044943820226,1781,Sí
3795,690200,0.6980392156862745,3,Alto,654.0,66.30352941176471,2139,Sí
3796,691320,0.6980392156862745,3,Alto,654.0,66.30352941176471,2140,Sí
3797,692260,0.751269035532995,2,Alto,654.0,73.26598984771574,1869,Sí
3798,692530,0.751269035532995,2,Alto,654.0,73.26598984771574,1870,Sí
3799,701500,0.6460905349794238,3,Alto,654.0,59.508641975308635,2435,Sí
3800,715540,0.6728723404255319,3,Alto,654.0,63.01170212765959,2274,Sí
3801,716340,0.4155701754385965,5,Medio,654.0,29.356578947368426,3571,Sí
3802,720300,0.7103092783505155,3,Alto,654.0,67.90845360824743,2070,Sí
3803,728210,0.3372395833333333,5,Medio,654.0,19.1109375,4037,Sí
3804,728480,0.5417406749555951,4,Alto,654.0,45.85968028419184,2904,Sí
3805,729110,0.44367816091954015,4,Medio,654.0,33.03310344827585,3472,Sí
3806,731020,0.6460905349794238,3,Alto,654.0,59.508641975308635,2436,Sí
3807,761960,0.08191489361702127,6,Bajo,654.0,-14.285531914893616,5748,No
3808,763280,0.029005524861878452,7,Bajo,654.0,-21.206077348066298,6444,No
3809,763510,0.577212020033389,4,Alto,654.0,50.49933222036729,2747,Sí
3810,780320,0.6460905349794238,3,Alto,654.0,59.508641975308635,2437,Sí
3811,781120,0.5417406749555951,4,Alto,654.0,45.85968028419184,2905,Sí
3812,781540,0.6460905349794238,3,Alto,654.0,59.508641975308635,2438,Sí
3813,782470,0.7995735607675906,2,Alto,654.0,79.58422174840085,1684,Sí
3814,784470,0.8434959349593496,2,Alto,654.0,85.32926829268293,1476,Sí
3815,785900,0.3551617873651772,5,Medio,654.0,21.45516178736517,3925,Sí
3816,785950,0.005385996409335727,8,Bajo,654.0,-24.295511669658886,7657,No
3817,786120,0.6728723404255319,3,Alto,654.0,63.01170212765959,2275,Sí
3818,818950,0.9367088607594937,1,Alto,654.0,97.52151898734178,1215,Sí
3819,822170,0.4155701754385965,5,Medio,654.0,29.356578947368426,3572,Sí
3820,827430,0.2558139534883721,5,Medio,654.0,8.460465116279074,4580,Sí
3821,841250,0.4672268907563025,4,Medio,654.0,36.113277310924374,3252,Sí
3822,843260,0.7792207792207793,2,Alto,654.0,76.92207792207793,1721,Sí
3823,843270,0.6728723404255319,3,Alto,654.0,63.01170212765959,2276,Sí
3824,843470,0.3372395833333333,5,Medio,654.0,19.1109375,4038,Sí
3825,844500,0.3372395833333333,5,Medio,654.0,19.1109375,4039,Sí
3826,844520,0.4155701754385965,5,Medio,654.0,29.356578947368426,3573,Sí
3827,845250,0.817966903073286,2,Alto,654.0,81.99007092198582,1612,Sí
3828,865540,0.015706806282722516,7,Bajo,654.0,-22.945549738219896,6793,No
3829,884090,0.577212020033389,4,Alto,654.0,50.49933222036729,2748,Sí
3830,640,0.95578231292517,1,Alto,832.5,134.1377551020408,599,Sí
3831,2790,0.8339060710194731,2,Alto,832.5,113.84536082474227,844,Sí
3832,3260,0.9702233250620348,1,Alto,832.5,136.54218362282882,544,Sí
3833,3400,0.817966903073286,2,Alto,832.5,111.19148936170214,874,Sí
3834,4830,0.6564868368758717,3,Alto,832.5,84.30505833983266,1482,Sí
3835,4860,0.817966903073286,2,Alto,832.5,111.19148936170214,875,Sí
3836,6450,0.8802395209580839,1,Alto,832.5,121.55988023952096,761,Sí
3837,10360,0.9929873772791024,1,Alto,832.5,140.33239831697057,474,Sí
3838,10400,0.9929873772791024,1,Alto,832.5,140.33239831697057,475,Sí
3839,10830,0.9643635135789099,1,Alto,832.5,135.5665250108885,569,Sí
3840,10880,0.751269035532995,2,Alto,832.5,100.08629441624366,1127,Sí
3841,13480,0.8339060710194731,2,Alto,832.5,113.84536082474227,845,Sí
3842,15140,0.776685393258427,2,Alto,832.5,104.31811797752812,1006,Sí
3843,15340,0.6460905349794238,3,Alto,832.5,82.57407407407406,1557,Sí
3844,16090,0.8802395209580839,1,Alto,832.5,121.55988023952096,762,Sí
3845,17440,0.6337298146673324,3,Alto,832.5,80.51601414211085,1628,Sí
3846,21630,0.7103092783505155,3,Alto,832.5,93.26649484536082,1286,Sí
3847,24160,0.7792207792207793,2,Alto,832.5,104.74025974025977,995,Sí
3848,27050,0.7103092783505155,3,Alto,832.5,93.26649484536082,1287,Sí
3849,27380,0.8339060710194731,2,Alto,832.5,113.84536082474227,846,Sí
3850,27600,0.776685393258427,2,Alto,832.5,104.31811797752812,1007,Sí
3851,27810,0.776685393258427,2,Alto,832.5,104.31811797752812,1008,Sí
3852,27920,0.6460905349794238,3,Alto,832.5,82.57407407407406,1558,Sí
3853,30660,0.7103092783505155,3,Alto,832.5,93.26649484536082,1288,Sí
3854,31470,0.9148387096774193,1,Alto,832.5,127.32064516129032,688,Sí
3855,31960,0.6728723404255319,3,Alto,832.5,87.03324468085107,1435,Sí
3856,32090,0.9411764705882353,1,Alto,832.5,131.7058823529412,619,Sí
3857,34930,0.7103092783505155,3,Alto,832.5,93.26649484536082,1289,Sí
3858,35970,0.98046875,1,Alto,832.5,138.248046875,519,Sí
3859,37710,0.6980392156862745,3,Alto,832.5,91.22352941176472,1343,Sí
3860,40250,0.9929873772791024,1,Alto,832.5,140.33239831697057,476,Sí
3861,43190,0.98046875,1,Alto,832.5,138.248046875,520,Sí
3862,45110,0.95578231292517,1,Alto,832.5,134.1377551020408,600,Sí
3863,48560,0.8434959349593496,2,Alto,832.5,115.4420731707317,829,Sí
3864,48680,0.98046875,1,Alto,832.5,138.248046875,521,Sí
3865,48690,0.9643635135789099,1,Alto,832.5,135.5665250108885,570,Sí
3866,48740,0.6728723404255319,3,Alto,832.5,87.03324468085107,1436,Sí
3867,52530,0.817966903073286,2,Alto,832.5,111.19148936170214,876,Sí
3868,52650,0.9411764705882353,1,Alto,832.5,131.7058823529412,620,Sí
3869,55290,0.5841401012556733,3,Alto,832.5,72.2593268590696,1902,Sí
3870,61830,0.8339060710194731,2,Alto,832.5,113.84536082474227,847,Sí
3871,64970,0.9367088607594937,1,Alto,832.5,130.9620253164557,630,Sí
3872,66690,0.6564868368758717,3,Alto,832.5,84.30505833983266,1483,Sí
3873,67080,0.7103092783505155,3,Alto,832.5,93.26649484536082,1290,Sí
3874,70930,0.7387958410713422,2,Alto,832.5,98.0095075383785,1152,Sí
3875,71970,0.8339060710194731,2,Alto,832.5,113.84536082474227,848,Sí
3876,72960,0.7792207792207793,2,Alto,832.5,104.74025974025977,996,Sí
3877,74110,0.9367088607594937,1,Alto,832.5,130.9620253164557,631,Sí
3878,75310,0.7387958410713422,2,Alto,832.5,98.0095075383785,1153,Sí
3879,76930,0.8802395209580839,1,Alto,832.5,121.55988023952096,763,Sí
3880,79820,0.7995735607675906,2,Alto,832.5,108.12899786780383,937,Sí
3881,80110,0.776685393258427,2,Alto,832.5,104.31811797752812,1009,Sí
3882,80910,0.9643635135789099,1,Alto,832.5,135.5665250108885,571,Sí
3883,82210,0.8602150537634409,2,Alto,832.5,118.22580645161293,813,Sí
3884,82290,0.6460905349794238,3,Alto,832.5,82.57407407407406,1559,Sí
3885,83030,0.7103092783505155,3,Alto,832.5,93.26649484536082,1291,Sí
3886,83250,0.8602150537634409,2,Alto,832.5,118.22580645161293,814,Sí
3887,83600,0.44367816091954015,4,Medio,832.5,48.87241379310343,2853,Sí
3888,84290,0.8802395209580839,1,Alto,832.5,121.55988023952096,764,Sí
3889,85780,0.95578231292517,1,Alto,832.5,134.1377551020408,601,Sí
3890,91960,0.7103092783505155,3,Alto,832.5,93.26649484536082,1292,Sí
3891,92370,0.776685393258427,2,Alto,832.5,104.31811797752812,1010,Sí
3892,94240,0.8602150537634409,2,Alto,832.5,118.22580645161293,815,Sí
3893,94320,0.9005328596802842,1,Alto,832.5,124.93872113676733,740,Sí
3894,94480,0.9148387096774193,1,Alto,832.5,127.32064516129032,689,Sí
3895,94880,0.8339060710194731,2,Alto,832.5,113.84536082474227,849,Sí
3896,99700,0.4155701754385965,5,Medio,832.5,44.19243421052633,2998,Sí
3897,102190,0.7283950617283951,3,Alto,832.5,96.27777777777777,1224,Sí
3898,104740,0.817966903073286,2,Alto,832.5,111.19148936170214,877,Sí
3899,105290,0.9148387096774193,1,Alto,832.5,127.32064516129032,690,Sí
3900,105460,0.817966903073286,2,Alto,832.5,111.19148936170214,878,Sí
3901,105650,0.98046875,1,Alto,832.5,138.248046875,522,Sí
3902,108540,0.9005328596802842,1,Alto,832.5,124.93872113676733,741,Sí
3903,111900,0.7387958410713422,2,Alto,832.5,98.0095075383785,1154,Sí
3904,114840,0.9999,1,Alto,832.5,141.48335,449,Sí
3905,119320,0.6460905349794238,3,Alto,832.5,82.57407407407406,1560,Sí
3906,125670,0.9929873772791024,1,Alto,832.5,140.33239831697057,477,Sí
3907,127070,0.6460905349794238,3,Alto,832.5,82.57407407407406,1561,Sí
3908,128160,0.9148387096774193,1,Alto,832.5,127.32064516129032,691,Sí
3909,131980,0.8301886792452831,2,Alto,832.5,113.22641509433964,868,Sí
3910,134890,0.7387958410713422,2,Alto,832.5,98.0095075383785,1155,Sí
3911,138040,0.6980392156862745,3,Alto,832.5,91.22352941176472,1344,Sí
3912,146080,0.9005328596802842,1,Alto,832.5,124.93872113676733,742,Sí
3913,149100,0.7103092783505155,3,Alto,832.5,93.26649484536082,1293,Sí
3914,157170,0.8434959349593496,2,Alto,832.5,115.4420731707317,830,Sí
3915,159460,0.7792207792207793,2,Alto,832.5,104.74025974025977,997,Sí
3916,174710,0.817966903073286,2,Alto,832.5,111.19148936170214,879,Sí
3917,175300,0.9929873772791024,1,Alto,832.5,140.33239831697057,478,Sí
3918,177440,0.6700336700336701,3,Alto,832.5,86.56060606060608,1455,Sí
3919,179520,0.6980392156862745,3,Alto,832.5,91.22352941176472,1345,Sí
3920,181660,0.6980392156862745,3,Alto,832.5,91.22352941176472,1346,Sí
3921,182170,0.7792207792207793,2,Alto,832.5,104.74025974025977,998,Sí
3922,184140,0.751269035532995,2,Alto,832.5,100.08629441624366,1128,Sí
3923,184750,0.9005328596802842,1,Alto,832.5,124.93872113676733,743,Sí
3924,187020,0.6564868368758717,3,Alto,832.5,84.30505833983266,1484,Sí
3925,189130,0.9702233250620348,1,Alto,832.5,136.54218362282882,545,Sí
3926,189260,0.7103092783505155,3,Alto,832.5,93.26649484536082,1294,Sí
3927,191320,0.3551617873651772,5,Medio,832.5,34.134437596302,3336,Sí
3928,191440,0.8802395209580839,1,Alto,832.5,121.55988023952096,765,Sí
3929,192380,0.9005328596802842,1,Alto,832.5,124.93872113676733,744,Sí
3930,196320,0.7103092783505155,3,Alto,832.5,93.26649484536082,1295,Sí
3931,198810,0.9367088607594937,1,Alto,832.5,130.9620253164557,632,Sí
3932,208790,0.2821741113702567,5,Medio,832.5,21.981989543147748,3911,Sí
3933,209530,0.577212020033389,4,Alto,832.5,71.10580133555928,1948,Sí
3934,209570,0.7792207792207793,2,Alto,832.5,104.74025974025977,999,Sí
3935,216970,0.2821741113702567,5,Medio,832.5,21.981989543147748,3912,Sí
3936,217810,0.6460905349794238,3,Alto,832.5,82.57407407407406,1562,Sí
3937,217830,0.8339060710194731,2,Alto,832.5,113.84536082474227,850,Sí
3938,223210,0.6700336700336701,3,Alto,832.5,86.56060606060608,1456,Sí
3939,226620,0.6700336700336701,3,Alto,832.5,86.56060606060608,1457,Sí
3940,227890,0.8602150537634409,2,Alto,832.5,118.22580645161293,816,Sí
3941,232020,0.751269035532995,2,Alto,832.5,100.08629441624366,1129,Sí
3942,232960,0.8802395209580839,1,Alto,832.5,121.55988023952096,766,Sí
3943,237930,0.9090909090909091,1,Alto,832.5,126.36363636363637,708,Sí
3944,239560,0.8301886792452831,2,Alto,832.5,113.22641509433964,869,Sí
3945,239640,0.9148387096774193,1,Alto,832.5,127.32064516129032,692,Sí
3946,239960,0.8802395209580839,1,Alto,832.5,121.55988023952096,767,Sí
3947,262710,0.9367088607594937,1,Alto,832.5,130.9620253164557,633,Sí
3948,268210,0.8802395209580839,1,Alto,832.5,121.55988023952096,768,Sí
3949,271060,0.8339060710194731,2,Alto,832.5,113.84536082474227,851,Sí
3950,274530,0.817966903073286,2,Alto,832.5,111.19148936170214,880,Sí
3951,275530,0.751269035532995,2,Alto,832.5,100.08629441624366,1130,Sí
3952,277050,0.577212020033389,4,Alto,832.5,71.10580133555928,1949,Sí
3953,279020,0.577212020033389,4,Alto,832.5,71.10580133555928,1950,Sí
3954,284150,0.7283950617283951,3,Alto,832.5,96.27777777777777,1225,Sí
3955,285060,0.6980392156862745,3,Alto,832.5,91.22352941176472,1347,Sí
3956,309140,0.7387958410713422,2,Alto,832.5,98.0095075383785,1156,Sí
3957,312160,0.8339060710194731,2,Alto,832.5,113.84536082474227,852,Sí
3958,323650,0.817966903073286,2,Alto,832.5,111.19148936170214,881,Sí
3959,331790,0.8802395209580839,1,Alto,832.5,121.55988023952096,769,Sí
3960,334090,0.7995735607675906,2,Alto,832.5,108.12899786780383,938,Sí
3961,335450,0.7103092783505155,3,Alto,832.5,93.26649484536082,1296,Sí
3962,338420,0.9367088607594937,1,Alto,832.5,130.9620253164557,634,Sí
3963,343390,0.3992828611200487,5,Medio,832.5,41.48059637648811,3039,Sí
3964,343510,0.6460905349794238,3,Alto,832.5,82.57407407407406,1563,Sí
3965,346490,0.00395882818685669,8,Bajo,832.5,-24.340855106888363,7699,No
3966,347820,0.006359300476947535,7,Bajo,832.5,-23.941176470588236,7248,No
3967,352470,0.0038314176245210726,8,Bajo,832.5,-24.362068965517242,8050,No
3968,357460,0.817966903073286,2,Alto,832.5,111.19148936170214,882,Sí
3969,363650,0.6460905349794238,3,Alto,832.5,82.57407407407406,1564,Sí
3970,374090,0.3551617873651772,5,Medio,832.5,34.134437596302,3337,Sí
3971,374700,0.751269035532995,2,Alto,832.5,100.08629441624366,1131,Sí
3972,376690,0.3551617873651772,5,Medio,832.5,34.134437596302,3338,Sí
3973,377120,0.3551617873651772,5,Medio,832.5,34.134437596302,3339,Sí
3974,378680,0.776685393258427,2,Alto,832.5,104.31811797752812,1011,Sí
3975,388630,0.3551617873651772,5,Medio,832.5,34.134437596302,3340,Sí
3976,394780,0.577212020033389,4,Alto,832.5,71.10580133555928,1951,Sí
3977,395750,0.751269035532995,2,Alto,832.5,100.08629441624366,1132,Sí
3978,401260,0.2527472527472528,6,Medio,832.5,17.082417582417598,4113,Sí
3979,416080,0.6460905349794238,3,Alto,832.5,82.57407407407406,1565,Sí
3980,419170,0.006359300476947535,7,Bajo,832.5,-23.941176470588236,7249,No
3981,436400,0.49535603715170295,4,Medio,832.5,57.47678018575854,2530,Sí
3982,461850,0.776685393258427,2,Alto,832.5,104.31811797752812,1012,Sí
3983,464020,0.577212020033389,4,Alto,832.5,71.10580133555928,1952,Sí
3984,466060,0.041237113402061855,7,Bajo,832.5,-18.1340206185567,6050,No
3985,466290,0.041237113402061855,7,Bajo,832.5,-18.1340206185567,6051,No
3986,466410,0.002098635886673662,9,Bajo,832.5,-24.650577124868835,8611,No
3987,470910,0.041237113402061855,7,Bajo,832.5,-18.1340206185567,6052,No
3988,471120,0.015706806282722516,7,Bajo,832.5,-22.3848167539267,6636,No
3989,471770,0.08709016393442623,6,Bajo,832.5,-10.499487704918032,5496,No
3990,474630,0.6728723404255319,3,Alto,832.5,87.03324468085107,1437,Sí
3991,500500,0.005385996409335727,8,Bajo,832.5,-24.1032315978456,7469,No
3992,509170,0.006359300476947535,7,Bajo,832.5,-23.941176470588236,7250,No
3993,530120,0.029005524861878452,7,Bajo,832.5,-20.170580110497237,6241,No
3994,554910,0.029005524861878452,7,Bajo,832.5,-20.170580110497237,6242,No
3995,556650,0.006359300476947535,7,Bajo,832.5,-23.941176470588236,7251,No
3996,559420,0.002488654662567706,8,Bajo,832.5,-24.585638998682477,8433,No
3997,561400,0.6460905349794238,3,Alto,832.5,82.57407407407406,1566,Sí
3998,561780,0.002488654662567706,8,Bajo,832.5,-24.585638998682477,8434,No
3999,561880,0.00395882818685669,8,Bajo,832.5,-24.340855106888363,7700,No
4000,575640,0.7103092783505155,3,Alto,832.5,93.26649484536082,1297,Sí
4001,577630,0.08191489361702127,6,Bajo,832.5,-11.361170212765957,5545,No
4002,577900,0.8802395209580839,1,Alto,832.5,121.55988023952096,770,Sí
4003,584450,0.6700336700336701,3,Alto,832.5,86.56060606060608,1458,Sí
4004,596100,0.002488654662567706,8,Bajo,832.5,-24.585638998682477,8435,No
4005,596290,0.0014742014742014742,9,Bajo,832.5,-24.754545454545454,8782,No
4006,607010,0.6460905349794238,3,Alto,832.5,82.57407407407406,1567,Sí
4007,626290,0.6460905349794238,3,Alto,832.5,82.57407407407406,1568,Sí
4008,654010,0.006920415224913495,7,Bajo,832.5,-23.847750865051903,7172,No
4009,662610,0.6460905349794238,3,Alto,832.5,82.57407407407406,1569,Sí
4010,680520,0.44367816091954015,4,Medio,832.5,48.87241379310343,2854,Sí
4011,683460,0.006359300476947535,7,Bajo,832.5,-23.941176470588236,7252,No
4012,684230,0.006359300476947535,7,Bajo,832.5,-23.941176470588236,7253,No
4013,689120,0.4155701754385965,5,Medio,832.5,44.19243421052633,2999,Sí
4014,689990,0.4155701754385965,5,Medio,832.5,44.19243421052633,3000,Sí
4015,690000,0.4155701754385965,5,Medio,832.5,44.19243421052633,3001,Sí
4016,716630,0.01694915254237288,7,Bajo,832.5,-22.177966101694913,6590,No
4017,789840,0.3551617873651772,5,Medio,832.5,34.134437596302,3341,Sí
4018,794790,0.002098635886673662,9,Bajo,832.5,-24.650577124868835,8612,No
4019,798760,0.00395882818685669,8,Bajo,832.5,-24.340855106888363,7701,No
4020,804560,0.002098635886673662,9,Bajo,832.5,-24.650577124868835,8613,No
4021,807520,0.8339060710194731,2,Alto,832.5,113.84536082474227,853,Sí
4022,809670,0.6460905349794238,3,Alto,832.5,82.57407407407406,1570,Sí
4023,811490,0.006359300476947535,7,Bajo,832.5,-23.941176470588236,7254,No
4024,813910,0.577212020033389,4,Alto,832.5,71.10580133555928,1953,Sí
4025,819100,0.006359300476947535,7,Bajo,832.5,-23.941176470588236,7255,No
4026,866340,0.7103092783505155,3,Alto,832.5,93.26649484536082,1298,Sí
4027,869120,0.9148387096774193,1,Alto,832.5,127.32064516129032,693,Sí
4028,872180,0.6980392156862745,3,Alto,832.5,91.22352941176472,1348,Sí
4029,881560,0.0038314176245210726,8,Bajo,832.5,-24.362068965517242,8051,No
4030,882330,0.0038314176245210726,8,Bajo,832.5,-24.362068965517242,8052,No
4031,266260,0.6728723404255319,3,Alto,654.0,63.01170212765959,2277,Sí
4032,236930,0.2795750377350656,5,Medio,654.0,11.568414935746581,4419,Sí
4033,285730,0.7995735607675906,2,Alto,832.5,108.12899786780383,939,Sí
4034,837280,0.776685393258427,2,Alto,654.0,76.59044943820226,1782,Sí
4035,632170,0.9148387096774193,1,Alto,832.5,127.32064516129032,694,Sí
4036,143420,0.9643635135789099,1,Alto,654.0,101.13874757612143,1106,Sí
4037,136040,0.3659767298402987,5,Medio,654.0,22.86975626311108,3883,Sí
4038,306340,0.9367088607594937,1,Alto,682.5,102.86075949367088,1058,Sí
4039,315190,0.9367088607594937,1,Alto,682.5,102.86075949367088,1059,Sí
4040,560400,0.13846153846153847,6,Bajo,682.5,-6.099999999999998,5230,No
4041,195600,0.776685393258427,2,Alto,450.0,44.90168539325843,2974,Sí
4042,203660,0.7792207792207793,2,Alto,654.0,76.92207792207793,1722,Sí
4043,186660,0.817966903073286,2,Alto,832.5,111.19148936170214,883,Sí
4044,730560,0.751269035532995,2,Alto,832.5,100.08629441624366,1133,Sí
4045,730930,0.751269035532995,2,Alto,832.5,100.08629441624366,1134,Sí
4046,127290,0.6460905349794238,3,Alto,832.5,82.57407407407406,1571,Sí
4047,777440,0.05795454545454545,7,Bajo,442.5,-19.871022727272727,6195,No
4048,779160,0.05795454545454545,7,Bajo,442.5,-19.871022727272727,6196,No
4049,236900,0.6980392156862745,3,Alto,654.0,66.30352941176471,2141,Sí
4050,17340,0.776685393258427,2,Alto,652.5,76.35744382022473,1795,Sí
4051,187450,0.6728723404255319,3,Alto,654.0,63.01170212765959,2278,Sí
4052,189550,0.6728723404255319,3,Alto,654.0,63.01170212765959,2279,Sí
4053,46060,0.577212020033389,4,Alto,654.0,50.49933222036729,2749,Sí
4054,102840,0.2586476375832887,5,Medio,654.0,8.831110995894164,4541,Sí
4055,200950,0.751269035532995,2,Alto,654.0,73.26598984771574,1871,Sí
4056,876200,0.751269035532995,2,Alto,654.0,73.26598984771574,1872,Sí
4057,303400,0.7103092783505155,3,Alto,654.0,67.90845360824743,2071,Sí
4058,83700,0.2795750377350656,5,Medio,654.0,11.568414935746581,4420,Sí
4059,135890,0.49535603715170295,4,Medio,654.0,39.79256965944275,3106,Sí
4060,172290,0.6728723404255319,3,Alto,654.0,63.01170212765959,2280,Sí
4061,234370,0.5417406749555951,4,Alto,654.0,45.85968028419184,2906,Sí
4062,336780,0.3659767298402987,5,Medio,654.0,22.86975626311108,3884,Sí
4063,337950,0.3659767298402987,5,Medio,654.0,22.86975626311108,3885,Sí
4064,270250,0.3659767298402987,5,Medio,654.0,22.86975626311108,3886,Sí
4065,529910,0.0014742014742014742,9,Bajo,654.0,-24.807174447174447,8936,No
4066,238840,0.577212020033389,4,Alto,450.0,26.949081803005015,3739,Sí
4067,236360,0.577212020033389,4,Alto,654.0,50.49933222036729,2750,Sí
4068,170980,0.7995735607675906,2,Alto,654.0,79.58422174840085,1685,Sí
4069,151680,0.9806451612903225,1,Alto,832.5,138.2774193548387,513,Sí
4070,578880,0.577212020033389,4,Alto,654.0,50.49933222036729,2751,Sí
4071,11770,0.999476961593071,1,Alto,646.5,104.23237113398409,1033,Sí
4072,329930,0.9643635135789099,1,Alto,654.0,101.13874757612143,1107,Sí
4073,335390,0.7995735607675906,2,Alto,832.5,108.12899786780383,940,Sí
4074,180600,0.7995735607675906,2,Alto,654.0,79.58422174840085,1686,Sí
4075,187720,0.9748713797272744,1,Alto,450.0,62.73842417545471,2328,Sí
4076,151080,0.7995735607675906,2,Alto,654.0,79.58422174840085,1687,Sí
4077,116690,0.999476961593071,1,Alto,654.0,105.73158657637367,961,Sí
4078,295710,0.577212020033389,4,Alto,450.0,26.949081803005015,3740,Sí
4079,294160,0.5841401012556733,3,Alto,654.0,51.40552524424207,2635,Sí
4080,254770,0.3659767298402987,5,Medio,652.5,22.75996324415899,3898,Sí
4081,240920,0.7103092783505155,3,Alto,450.0,38.927835051546396,3179,Sí
4082,175770,0.6728723404255319,3,Alto,450.0,35.558510638297875,3300,Sí
4083,177090,0.8339060710194731,2,Alto,832.5,113.84536082474227,854,Sí
4084,550290,0.776685393258427,2,Alto,450.0,44.90168539325843,2975,Sí
4085,239230,0.7103092783505155,3,Alto,450.0,38.927835051546396,3180,Sí
4086,43700,0.9367088607594937,1,Alto,832.5,130.9620253164557,635,Sí
4087,226020,0.6460905349794238,3,Alto,654.0,59.508641975308635,2439,Sí
4088,727450,0.4490472245236123,4,Medio,652.5,33.600662800331406,3437,Sí
4089,36630,0.999476961593071,1,Alto,832.5,141.41291410524633,457,Sí
4090,308270,0.7387958410713422,2,Alto,832.5,98.0095075383785,1157,Sí
4091,324670,0.751269035532995,2,Alto,654.0,73.26598984771574,1873,Sí
4092,460320,0.8434959349593496,2,Alto,654.0,85.32926829268293,1477,Sí
4093,97550,0.48966632776888547,4,Medio,654.0,39.04835567217022,3155,Sí
4094,159650,0.3992828611200487,5,Medio,654.0,27.22619823450237,3693,Sí
4095,174080,0.48966632776888547,4,Medio,654.0,39.04835567217022,3156,Sí
4096,389810,0.7103092783505155,3,Alto,654.0,67.90845360824743,2072,Sí
4097,130040,0.7103092783505155,3,Alto,654.0,67.90845360824743,2073,Sí
4098,314230,0.9748713797272744,1,Alto,450.0,62.73842417545471,2329,Sí
4099,169350,0.98046875,1,Alto,832.5,138.248046875,523,Sí
4100,527170,0.6728723404255319,3,Alto,538.6499999999999,47.48853723404254,2871,Sí
4101,373190,0.00395882818685669,8,Bajo,654.0,-24.482185273159146,8242,No
4102,145980,0.7103092783505155,3,Alto,450.0,38.927835051546396,3181,Sí
4103,807350,0.21199143468950749,6,Medio,450.0,-5.920770877944324,5219,No
4104,200930,0.5073907658875524,4,Alto,654.0,41.36671217809186,3069,Sí
4105,291150,0.751269035532995,2,Alto,654.0,73.26598984771574,1874,Sí
4106,223020,0.13483146067415727,6,Bajo,450.0,-12.865168539325845,5627,No
4107,621250,0.21199143468950749,6,Medio,450.0,-5.920770877944324,5220,No
4108,870890,0.5417406749555951,4,Alto,450.0,23.75666074600356,3817,Sí
4109,726970,0.7103092783505155,3,Alto,652.5,67.69536082474227,2091,Sí
4110,727390,0.7103092783505155,3,Alto,652.5,67.69536082474227,2092,Sí
4111,262840,0.776685393258427,2,Alto,654.0,76.59044943820226,1783,Sí
4112,373880,0.060294117647058824,6,Bajo,538.6499999999999,-18.504514705882354,6067,No
4113,767290,0.6980392156862745,3,Alto,832.5,91.22352941176472,1349,Sí
4114,264250,0.9806451612903225,1,Alto,654.0,103.2683870967742,1052,Sí
4115,41380,0.9950980392156863,1,Alto,825.0,139.19117647058826,510,Sí
4116,723940,0.577212020033389,4,Alto,654.0,50.49933222036729,2752,Sí
4117,655720,0.05795454545454545,7,Bajo,538.6499999999999,-18.75655681818182,6106,No
4118,218490,0.577212020033389,4,Alto,832.5,71.10580133555928,1954,Sí
4119,108440,0.5069463031967101,4,Alto,654.0,41.30857645812968,3072,Sí
4120,112580,0.8802395209580839,1,Alto,450.0,54.221556886227546,2578,Sí
4121,713770,0.4155701754385965,5,Medio,450.0,12.401315789473685,4358,Sí
4122,325560,0.39074581687358584,5,Medio,654.0,26.109552847065025,3775,Sí
4123,29240,0.999476961593071,1,Alto,825.0,139.91369866285672,503,Sí
4124,152000,0.776685393258427,2,Alto,652.5,76.35744382022473,1796,Sí
4125,176000,0.7387958410713422,2,Alto,652.5,71.41285725981017,1936,Sí
4126,181040,0.776685393258427,2,Alto,652.5,76.35744382022473,1797,Sí
4127,82430,0.751269035532995,2,Alto,654.0,73.26598984771574,1875,Sí
4128,199320,0.39074581687358584,5,Medio,654.0,26.109552847065025,3776,Sí
4129,238620,0.7704280155642024,2,Alto,654.0,75.77198443579768,1818,Sí
4130,276140,0.3190760218702019,5,Medio,654.0,16.735143660622413,4193,Sí
4131,715480,0.060294117647058824,6,Bajo,682.5,-16.76985294117647,5889,No
4132,223190,0.2586476375832887,5,Medio,654.0,8.831110995894164,4542,Sí
4133,235680,0.9643635135789099,1,Alto,654.0,101.13874757612143,1108,Sí
4134,255710,0.49567533484151827,4,Medio,654.0,39.83433379727059,3094,Sí
4135,488080,0.6728723404255319,3,Alto,654.0,63.01170212765959,2281,Sí
4136,63520,0.8616298022399826,1,Alto,832.5,118.46136207295712,784,Sí
4137,74180,0.7387958410713422,2,Alto,832.5,98.0095075383785,1158,Sí
4138,101140,0.7995735607675906,2,Alto,832.5,108.12899786780383,941,Sí
4139,111700,0.4155701754385965,5,Medio,832.5,44.19243421052633,3002,Sí
4140,119290,0.39074581687358584,5,Medio,832.5,40.05917850945204,3089,Sí
4141,119400,0.39074581687358584,5,Medio,832.5,40.05917850945204,3090,Sí
4142,206190,0.776685393258427,2,Alto,832.5,104.31811797752812,1013,Sí
4143,226370,0.9999,1,Alto,832.5,141.48335,450,Sí
4144,228230,0.776685393258427,2,Alto,832.5,104.31811797752812,1014,Sí
4145,290440,0.7103092783505155,3,Alto,832.5,93.26649484536082,1299,Sí
4146,303040,0.98046875,1,Alto,832.5,138.248046875,524,Sí
4147,307970,0.9367088607594937,1,Alto,832.5,130.9620253164557,636,Sí
4148,320260,0.9367088607594937,1,Alto,832.5,130.9620253164557,637,Sí
4149,324730,0.8434959349593496,2,Alto,832.5,115.4420731707317,831,Sí
4150,327800,0.9702233250620348,1,Alto,832.5,136.54218362282882,546,Sí
4151,328870,0.8616298022399826,1,Alto,832.5,118.46136207295712,785,Sí
4152,338130,0.7387958410713422,2,Alto,832.5,98.0095075383785,1159,Sí
4153,342560,0.9702233250620348,1,Alto,832.5,136.54218362282882,547,Sí
4154,346450,0.8339060710194731,2,Alto,832.5,113.84536082474227,855,Sí
4155,376260,0.015706806282722516,7,Bajo,832.5,-22.3848167539267,6637,No
4156,406590,0.7792207792207793,2,Alto,832.5,104.74025974025977,1000,Sí
4157,514700,0.006359300476947535,7,Bajo,832.5,-23.941176470588236,7256,No
4158,575740,0.006359300476947535,7,Bajo,832.5,-23.941176470588236,7257,No
4159,606440,0.8802395209580839,1,Alto,832.5,121.55988023952096,771,Sí
4160,607530,0.00395882818685669,8,Bajo,832.5,-24.340855106888363,7702,No
4161,1490,0.9005328596802842,1,Alto,832.5,124.93872113676733,745,Sí
4162,8370,0.9748713797272744,1,Alto,832.5,137.3160847245912,537,Sí
4163,10570,0.6728723404255319,3,Alto,832.5,87.03324468085107,1438,Sí
4164,10660,0.6460905349794238,3,Alto,832.5,82.57407407407406,1572,Sí
4165,13770,0.9148387096774193,1,Alto,832.5,127.32064516129032,695,Sí
4166,17170,0.8434959349593496,2,Alto,832.5,115.4420731707317,832,Sí
4167,18660,0.9005328596802842,1,Alto,832.5,124.93872113676733,746,Sí
4168,20880,0.8434959349593496,2,Alto,832.5,115.4420731707317,833,Sí
4169,21790,0.7704280155642024,2,Alto,832.5,103.27626459143968,1043,Sí
4170,25020,0.95578231292517,1,Alto,832.5,134.1377551020408,602,Sí
4171,26810,0.7103092783505155,3,Alto,832.5,93.26649484536082,1300,Sí
4172,35290,0.8339060710194731,2,Alto,832.5,113.84536082474227,856,Sí
4173,36900,0.8434959349593496,2,Alto,832.5,115.4420731707317,834,Sí
4174,37760,0.6460905349794238,3,Alto,832.5,82.57407407407406,1573,Sí
4175,42420,0.9950980392156863,1,Alto,832.5,140.68382352941177,466,Sí
4176,43750,0.9367088607594937,1,Alto,832.5,130.9620253164557,638,Sí
4177,44180,0.9148387096774193,1,Alto,832.5,127.32064516129032,696,Sí
4178,50630,0.9367088607594937,1,Alto,832.5,130.9620253164557,639,Sí
4179,62350,0.7103092783505155,3,Alto,832.5,93.26649484536082,1301,Sí
4180,67720,0.6980392156862745,3,Alto,832.5,91.22352941176472,1350,Sí
4181,70380,0.8802395209580839,1,Alto,832.5,121.55988023952096,772,Sí
4182,71600,0.8339060710194731,2,Alto,832.5,113.84536082474227,857,Sí
4183,74410,0.8339060710194731,2,Alto,832.5,113.84536082474227,858,Sí
4184,78630,0.98046875,1,Alto,832.5,138.248046875,525,Sí
4185,81950,0.577212020033389,4,Alto,832.5,71.10580133555928,1955,Sí
4186,83920,0.9367088607594937,1,Alto,832.5,130.9620253164557,640,Sí
4187,91930,0.6980392156862745,3,Alto,832.5,91.22352941176472,1351,Sí
4188,96170,0.7103092783505155,3,Alto,832.5,93.26649484536082,1302,Sí
4189,103480,0.5841401012556733,3,Alto,832.5,72.2593268590696,1903,Sí
4190,120600,0.7704280155642024,2,Alto,832.5,103.27626459143968,1044,Sí
4191,120930,0.9999,1,Alto,832.5,141.48335,451,Sí
4192,141900,0.95578231292517,1,Alto,832.5,134.1377551020408,603,Sí
4193,143050,0.776685393258427,2,Alto,832.5,104.31811797752812,1015,Sí
4194,143210,0.98046875,1,Alto,832.5,138.248046875,526,Sí
4195,145180,0.8802395209580839,1,Alto,832.5,121.55988023952096,773,Sí
4196,149760,0.6460905349794238,3,Alto,832.5,82.57407407407406,1574,Sí
4197,149990,0.98046875,1,Alto,832.5,138.248046875,527,Sí
4198,159670,0.9929873772791024,1,Alto,832.5,140.33239831697057,479,Sí
4199,164190,0.9929873772791024,1,Alto,832.5,140.33239831697057,480,Sí
4200,166120,0.98046875,1,Alto,832.5,138.248046875,528,Sí
4201,179630,0.8339060710194731,2,Alto,832.5,113.84536082474227,859,Sí
4202,185760,0.95578231292517,1,Alto,832.5,134.1377551020408,604,Sí
4203,189390,0.8802395209580839,1,Alto,832.5,121.55988023952096,774,Sí
4204,197720,0.8339060710194731,2,Alto,832.5,113.84536082474227,860,Sí
4205,201120,0.7103092783505155,3,Alto,832.5,93.26649484536082,1303,Sí
4206,209930,0.8339060710194731,2,Alto,832.5,113.84536082474227,861,Sí
4207,216220,0.98046875,1,Alto,832.5,138.248046875,529,Sí
4208,238450,0.9702233250620348,1,Alto,832.5,136.54218362282882,548,Sí
4209,240680,0.9005328596802842,1,Alto,832.5,124.93872113676733,747,Sí
4210,253720,0.9702233250620348,1,Alto,832.5,136.54218362282882,549,Sí
4211,256960,0.9367088607594937,1,Alto,832.5,130.9620253164557,641,Sí
4212,259410,0.6728723404255319,3,Alto,832.5,87.03324468085107,1439,Sí
4213,263740,0.8802395209580839,1,Alto,832.5,121.55988023952096,775,Sí
4214,267310,0.9367088607594937,1,Alto,832.5,130.9620253164557,642,Sí
4215,275770,0.8434959349593496,2,Alto,832.5,115.4420731707317,835,Sí
4216,282410,0.9367088607594937,1,Alto,832.5,130.9620253164557,643,Sí
4217,297330,0.8802395209580839,1,Alto,832.5,121.55988023952096,776,Sí
4218,344710,0.00395882818685669,8,Bajo,832.5,-24.340855106888363,7703,No
4219,353620,0.030010172939979655,7,Bajo,832.5,-20.003306205493388,6205,No
4220,355600,0.002098635886673662,9,Bajo,832.5,-24.650577124868835,8614,No
4221,356670,0.030010172939979655,7,Bajo,832.5,-20.003306205493388,6206,No
4222,369280,0.006359300476947535,7,Bajo,832.5,-23.941176470588236,7258,No
4223,371720,0.015706806282722516,7,Bajo,832.5,-22.3848167539267,6638,No
4224,373130,0.817966903073286,2,Alto,832.5,111.19148936170214,884,Sí
4225,375260,0.817966903073286,2,Alto,832.5,111.19148936170214,885,Sí
4226,376350,0.817966903073286,2,Alto,832.5,111.19148936170214,886,Sí
4227,380110,0.9929873772791024,1,Alto,832.5,140.33239831697057,481,Sí
4228,403490,0.030010172939979655,7,Bajo,832.5,-20.003306205493388,6207,No
4229,416790,0.02965502922349704,7,Bajo,832.5,-20.062437634287743,6236,No
4230,418510,0.08709016393442623,6,Bajo,832.5,-10.499487704918032,5497,No
4231,435640,0.4672268907563025,4,Medio,832.5,52.79327731092438,2586,Sí
4232,438090,0.02965502922349704,7,Bajo,832.5,-20.062437634287743,6237,No
4233,439600,0.02965502922349704,7,Bajo,832.5,-20.062437634287743,6238,No
4234,445190,0.4672268907563025,4,Medio,832.5,52.79327731092438,2587,Sí
4235,453850,0.005385996409335727,8,Bajo,832.5,-24.1032315978456,7470,No
4236,461180,0.015706806282722516,7,Bajo,832.5,-22.3848167539267,6639,No
4237,464340,0.005385996409335727,8,Bajo,832.5,-24.1032315978456,7471,No
4238,498180,0.006920415224913495,7,Bajo,832.5,-23.847750865051903,7173,No
4239,502060,0.3551617873651772,5,Medio,832.5,34.134437596302,3342,Sí
4240,504380,0.7103092783505155,3,Alto,832.5,93.26649484536082,1304,Sí
4241,504400,0.3551617873651772,5,Medio,832.5,34.134437596302,3343,Sí
4242,504570,0.7103092783505155,3,Alto,832.5,93.26649484536082,1305,Sí
4243,504870,0.00395882818685669,8,Bajo,832.5,-24.340855106888363,7704,No
4244,518580,0.02965502922349704,7,Bajo,832.5,-20.062437634287743,6239,No
4245,545330,0.006920415224913495,7,Bajo,832.5,-23.847750865051903,7174,No
4246,545460,0.015706806282722516,7,Bajo,832.5,-22.3848167539267,6640,No
4247,573600,0.0002443195699975568,10,Bajo,832.5,-24.959320791595406,9716,No
4248,578980,0.7995735607675906,2,Alto,832.5,108.12899786780383,942,Sí
4249,579660,0.00395882818685669,8,Bajo,832.5,-24.340855106888363,7705,No
4250,631120,0.9367088607594937,1,Alto,832.5,130.9620253164557,644,Sí
4251,631940,0.9367088607594937,1,Alto,832.5,130.9620253164557,645,Sí
4252,682610,0.006359300476947535,7,Bajo,832.5,-23.941176470588236,7259,No
4253,699240,0.8339060710194731,2,Alto,832.5,113.84536082474227,862,Sí
4254,705150,0.00395882818685669,8,Bajo,832.5,-24.340855106888363,7706,No
4255,718540,0.00395882818685669,8,Bajo,832.5,-24.340855106888363,7707,No
4256,718550,0.6460905349794238,3,Alto,832.5,82.57407407407406,1575,Sí
4257,718560,0.00395882818685669,8,Bajo,832.5,-24.340855106888363,7708,No
4258,752620,0.3551617873651772,5,Medio,832.5,34.134437596302,3344,Sí
4259,759370,0.02965502922349704,7,Bajo,832.5,-20.062437634287743,6240,No
4260,769560,0.6980392156862745,3,Alto,832.5,91.22352941176472,1352,Sí
4261,779490,0.0014742014742014742,9,Bajo,832.5,-24.754545454545454,8783,No
4262,804880,0.002488654662567706,8,Bajo,832.5,-24.585638998682477,8436,No
4263,845480,0.029005524861878452,7,Bajo,832.5,-20.170580110497237,6243,No
4264,865720,0.029005524861878452,7,Bajo,832.5,-20.170580110497237,6244,No
4265,885270,0.4155701754385965,5,Medio,832.5,44.19243421052633,3003,Sí
4266,31320,0.999476961593071,1,Alto,646.5,104.23237113398409,1034,Sí
4267,616470,0.4672268907563025,4,Medio,654.0,36.113277310924374,3253,Sí
4268,765060,0.3551617873651772,5,Medio,654.0,21.45516178736517,3926,Sí
4269,253310,0.2586476375832887,5,Medio,654.0,8.831110995894164,4543,Sí
4270,91420,0.5841401012556733,3,Alto,832.5,72.2593268590696,1904,Sí
4271,155170,0.9056043180256583,1,Alto,367.5,41.561917374885894,3035,Sí
4272,178030,0.2069237416186202,6,Medio,654.0,2.0656254037155257,4902,Sí
4273,191890,0.7995735607675906,2,Alto,654.0,79.58422174840085,1688,Sí
4274,792740,0.6980392156862745,3,Alto,652.5,66.09411764705882,2164,Sí
4275,170650,0.46200475757751447,4,Medio,538.6499999999999,24.771772533825626,3796,Sí
4276,53890,0.7704280155642024,2,Alto,654.0,75.77198443579768,1819,Sí
4277,95460,0.577212020033389,4,Alto,654.0,50.49933222036729,2753,Sí
4278,362580,0.005385996409335727,8,Bajo,654.0,-24.295511669658886,7658,No
4279,47100,0.8616298022399826,1,Alto,654.0,87.70117813298972,1404,Sí
4280,551180,0.4155701754385965,5,Medio,654.0,29.356578947368426,3574,Sí
4281,179190,0.6728723404255319,3,Alto,538.6499999999999,47.48853723404254,2872,Sí
4282,266060,0.3064157764943565,5,Medio,270.0,-8.453548069304752,5376,No
4283,226160,0.9056043180256583,1,Alto,654.0,93.45304479775612,1262,Sí
4284,166250,0.3992828611200487,5,Medio,654.0,27.22619823450237,3694,Sí
4285,16280,0.9748713797272744,1,Alto,654.0,102.51317646832752,1067,Sí
4286,172450,0.3190760218702019,5,Medio,654.0,16.735143660622413,4194,Sí
4287,93820,0.999476961593071,1,Alto,646.5,104.23237113398409,1035,Sí
4288,674340,0.029005524861878452,7,Bajo,538.6499999999999,-21.875234806629834,6522,No
4289,310570,0.999476961593071,1,Alto,832.5,141.41291410524633,458,Sí
4290,318100,0.3551617873651772,5,Medio,654.0,21.45516178736517,3927,Sí
4291,154750,0.18428888849113062,6,Bajo,654.0,-0.8950133853601159,5002,No
4292,323570,0.3064157764943565,5,Medio,654.0,15.079183565461825,4279,Sí
4293,227750,0.9702233250620348,1,Alto,654.0,101.90521091811416,1078,Sí
4294,200230,0.3659767298402987,5,Medio,654.0,22.86975626311108,3887,Sí
4295,209590,0.7704280155642024,2,Alto,654.0,75.77198443579768,1820,Sí
4296,298930,0.7704280155642024,2,Alto,654.0,75.77198443579768,1821,Sí
4297,312070,0.3659767298402987,5,Medio,654.0,22.86975626311108,3888,Sí
4298,81610,0.2069237416186202,6,Medio,654.0,2.0656254037155257,4903,Sí
4299,332610,0.6460905349794238,3,Alto,654.0,59.508641975308635,2440,Sí
4300,335540,0.48966632776888547,4,Medio,654.0,39.04835567217022,3157,Sí
4301,691390,0.8339060710194731,2,Alto,654.0,84.07491408934709,1522,Sí
4302,727940,0.751269035532995,2,Alto,654.0,73.26598984771574,1876,Sí
4303,315270,0.9367088607594937,1,Alto,450.0,59.30379746835443,2499,Sí
4304,58870,0.48966632776888547,4,Medio,654.0,39.04835567217022,3158,Sí
4305,469410,0.4155701754385965,5,Medio,531.1499999999999,19.1460197368421,4026,Sí
4306,307580,0.7103092783505155,3,Alto,652.5,67.69536082474227,2093,Sí
4307,500490,0.817966903073286,2,Alto,654.0,81.99007092198582,1613,Sí
4308,527250,0.6728723404255319,3,Alto,654.0,63.01170212765959,2282,Sí
4309,216630,0.3551617873651772,5,Medio,654.0,21.45516178736517,3928,Sí
4310,249750,0.7103092783505155,3,Alto,654.0,67.90845360824743,2074,Sí
4311,15150,0.48966632776888547,4,Medio,538.6499999999999,27.751753490542022,3634,Sí
4312,181000,0.7704280155642024,2,Alto,654.0,75.77198443579768,1822,Sí
4313,2170,0.9702233250620348,1,Alto,832.5,136.54218362282882,550,Sí
4314,46250,0.577212020033389,4,Alto,654.0,50.49933222036729,2754,Sí
4315,190740,0.2586476375832887,5,Medio,654.0,8.831110995894164,4544,Sí
4316,257890,0.577212020033389,4,Alto,654.0,50.49933222036729,2755,Sí
4317,71920,0.672451290504297,3,Alto,832.5,86.96313986896546,1445,Sí
4318,131730,0.8802395209580839,1,Alto,832.5,121.55988023952096,777,Sí
4319,631020,0.9367088607594937,1,Alto,832.5,130.9620253164557,646,Sí
4320,659780,0.7704280155642024,2,Alto,832.5,103.27626459143968,1045,Sí
4321,103940,0.577212020033389,4,Alto,832.5,71.10580133555928,1956,Sí
4322,128850,0.776685393258427,2,Alto,832.5,104.31811797752812,1016,Sí
4323,717240,0.002098635886673662,9,Bajo,832.5,-24.650577124868835,8615,No
4324,287340,0.9056043180256583,1,Alto,654.0,93.45304479775612,1263,Sí
4325,246620,0.9999,1,Alto,832.5,141.48335,452,Sí
4326,219900,0.2069237416186202,6,Medio,654.0,2.0656254037155257,4904,Sí
4327,60240,0.40280847746150794,5,Medio,531.1499999999999,17.79034456073598,4095,Sí
4328,107810,0.2069237416186202,6,Medio,531.1499999999999,-3.0184909278539784,5115,No
4329,476220,0.3551617873651772,5,Medio,654.0,21.45516178736517,3929,Sí
4330,22400,0.6460905349794238,3,Alto,654.0,59.508641975308635,2441,Sí
4331,307740,0.8616298022399826,1,Alto,654.0,87.70117813298972,1405,Sí
4332,74770,0.3992828611200487,5,Medio,654.0,27.22619823450237,3695,Sí
4333,181550,0.776685393258427,2,Alto,654.0,76.59044943820226,1784,Sí
4334,193550,0.3992828611200487,5,Medio,654.0,27.22619823450237,3696,Sí
4335,197290,0.3992828611200487,5,Medio,654.0,27.22619823450237,3697,Sí
4336,464600,0.8372093023255814,2,Alto,654.0,84.50697674418606,1481,Sí
4337,534120,0.776685393258427,2,Alto,654.0,76.59044943820226,1785,Sí
4338,865280,0.6460905349794238,3,Alto,654.0,59.508641975308635,2442,Sí
4339,155420,0.48966632776888547,4,Medio,654.0,39.04835567217022,3159,Sí
4340,329530,0.577212020033389,4,Alto,538.6499999999999,37.18305091819698,3227,Sí
4341,174900,0.7103092783505155,3,Alto,538.6499999999999,51.521618556701014,2603,Sí
4342,259840,0.6460905349794238,3,Alto,538.6499999999999,44.60333333333331,2980,Sí
4343,521270,0.7103092783505155,3,Alto,538.6499999999999,51.521618556701014,2604,Sí
4344,273750,0.9999,1,Alto,832.5,141.48335,453,Sí
4345,736680,0.00395882818685669,8,Bajo,832.5,-24.340855106888363,7709,No
4346,511010,0.4490472245236123,4,Medio,654.0,33.735376967688495,3381,Sí
4347,196880,0.999476961593071,1,Alto,825.0,139.91369866285672,504,Sí
4348,305210,0.9929873772791024,1,Alto,832.5,140.33239831697057,482,Sí
4349,179590,0.8434959349593496,2,Alto,832.5,115.4420731707317,836,Sí
4350,326840,0.48966632776888547,4,Medio,654.0,39.04835567217022,3160,Sí
4351,305610,0.4490472245236123,4,Medio,652.5,33.600662800331406,3438,Sí
4352,16170,0.3992828611200487,5,Medio,654.0,27.22619823450237,3698,Sí
4353,57520,0.3992828611200487,5,Medio,654.0,27.22619823450237,3699,Sí
4354,264870,0.2821741113702567,5,Medio,654.0,11.908373767229584,4407,Sí
4355,293820,0.25,6,Medio,654.0,7.700000000000003,4608,Sí
4356,324950,0.44367816091954015,4,Medio,654.0,33.03310344827585,3473,Sí
4357,338230,0.3190760218702019,5,Medio,654.0,16.735143660622413,4195,Sí
4358,727260,0.8339060710194731,2,Alto,652.5,83.82474226804125,1532,Sí
4359,106150,0.776685393258427,2,Alto,654.0,76.59044943820226,1786,Sí
4360,220110,0.751269035532995,2,Alto,654.0,73.26598984771574,1877,Sí
4361,526850,0.7995735607675906,2,Alto,654.0,79.58422174840085,1689,Sí
4362,176710,0.3190760218702019,5,Medio,654.0,16.735143660622413,4196,Sí
4363,271690,0.2821741113702567,5,Medio,654.0,11.908373767229584,4408,Sí
4364,771840,0.17019027484143764,6,Bajo,654.0,-2.739112050739955,5106,No
4365,565400,0.577212020033389,4,Alto,652.5,50.32616861435727,2821,Sí
4366,765990,0.817966903073286,2,Alto,832.5,111.19148936170214,887,Sí
4367,859140,0.817966903073286,2,Alto,832.5,111.19148936170214,888,Sí
4368,859150,0.817966903073286,2,Alto,832.5,111.19148936170214,889,Sí
4369,861850,0.817966903073286,2,Alto,832.5,111.19148936170214,890,Sí
4370,814650,0.6460905349794238,3,Alto,654.0,59.508641975308635,2443,Sí
4371,71440,0.577212020033389,4,Alto,654.0,50.49933222036729,2756,Sí
4372,96130,0.4490472245236123,4,Medio,654.0,33.735376967688495,3382,Sí
4373,288410,0.577212020033389,4,Alto,654.0,50.49933222036729,2757,Sí
4374,233950,0.8616298022399826,1,Alto,832.5,118.46136207295712,786,Sí
4375,775720,0.00395882818685669,8,Bajo,832.5,-24.340855106888363,7710,No
4376,163340,0.6980392156862745,3,Alto,832.5,91.22352941176472,1353,Sí
4377,861300,0.5417406749555951,4,Alto,832.5,65.19982238010658,2182,Sí
4378,45350,0.9643635135789099,1,Alto,654.0,101.13874757612143,1109,Sí
4379,636120,0.6980392156862745,3,Alto,270.0,12.694117647058825,4343,Sí
4380,565960,0.4155701754385965,5,Medio,652.5,29.23190789473685,3604,Sí
4381,876310,0.6460905349794238,3,Alto,654.0,59.508641975308635,2444,Sí
4382,324480,0.7103092783505155,3,Alto,654.0,67.90845360824743,2075,Sí
4383,323660,0.5417406749555951,4,Alto,654.0,45.85968028419184,2907,Sí
4384,132890,0.3659767298402987,5,Medio,654.0,22.86975626311108,3889,Sí
4385,197280,0.7283950617283951,3,Alto,654.0,70.27407407407408,1990,Sí
4386,199300,0.7283950617283951,3,Alto,654.0,70.27407407407408,1991,Sí
4387,176480,0.8339060710194731,2,Alto,654.0,84.07491408934709,1523,Sí
4388,358340,0.776685393258427,2,Alto,654.0,76.59044943820226,1787,Sí
4389,776730,0.2558139534883721,5,Medio,654.0,8.460465116279074,4581,Sí
4390,539880,0.3372395833333333,5,Medio,652.5,19.009765625,4064,Sí
4391,7700,0.9056043180256583,1,Alto,832.5,125.78311895127214,721,Sí
4392,251220,0.9367088607594937,1,Alto,832.5,130.9620253164557,647,Sí
4393,146940,0.776685393258427,2,Alto,652.5,76.35744382022473,1798,Sí
4394,162110,0.751269035532995,2,Alto,654.0,73.26598984771574,1878,Sí
4395,256150,0.48966632776888547,4,Medio,832.5,56.52944357351943,2550,Sí
4396,535870,0.8339060710194731,2,Alto,832.5,113.84536082474227,863,Sí
4397,211550,0.9056043180256583,1,Alto,654.0,93.45304479775612,1264,Sí
4398,15520,0.7103092783505155,3,Alto,652.5,67.69536082474227,2094,Sí
4399,56120,0.817966903073286,2,Alto,652.5,81.74468085106383,1621,Sí
4400,164100,0.7103092783505155,3,Alto,652.5,67.69536082474227,2095,Sí
4401,186270,0.4490472245236123,4,Medio,652.5,33.600662800331406,3439,Sí
4402,414030,0.49535603715170295,4,Medio,652.5,39.643962848297235,3120,Sí
4403,700630,0.776685393258427,2,Alto,652.5,76.35744382022473,1799,Sí
4404,817630,0.4490472245236123,4,Medio,652.5,33.600662800331406,3440,Sí
4405,157910,0.999476961593071,1,Alto,825.0,139.91369866285672,505,Sí
4406,1370,0.7103092783505155,3,Alto,654.0,67.90845360824743,2076,Sí
4407,32680,0.48966632776888547,4,Medio,654.0,39.04835567217022,3161,Sí
4408,39990,0.3992828611200487,5,Medio,654.0,27.22619823450237,3700,Sí
4409,49000,0.9702233250620348,1,Alto,654.0,101.90521091811416,1079,Sí
4410,55590,0.9643635135789099,1,Alto,654.0,101.13874757612143,1110,Sí
4411,162330,0.11963479492106192,6,Bajo,654.0,-9.351768824325099,5420,No
4412,164360,0.39074581687358584,5,Medio,654.0,26.109552847065025,3777,Sí
4413,176110,0.9950980392156863,1,Alto,654.0,105.15882352941176,976,Sí
4414,178590,0.11963479492106192,6,Bajo,654.0,-9.351768824325099,5421,No
4415,195150,0.3659767298402987,5,Medio,654.0,22.86975626311108,3890,Sí
4416,203940,0.7103092783505155,3,Alto,654.0,67.90845360824743,2077,Sí
4417,249630,0.3992828611200487,5,Medio,654.0,27.22619823450237,3701,Sí
4418,324500,0.11963479492106192,6,Bajo,654.0,-9.351768824325099,5422,No
4419,340890,0.6460905349794238,3,Alto,654.0,59.508641975308635,2445,Sí
4420,540990,0.2527472527472528,6,Medio,654.0,8.05934065934067,4596,Sí
4421,634640,0.7103092783505155,3,Alto,654.0,67.90845360824743,2078,Sí
4422,696370,0.2527472527472528,6,Medio,654.0,8.05934065934067,4597,Sí
4423,848010,0.577212020033389,4,Alto,654.0,50.49933222036729,2758,Sí
4424,884070,0.4672268907563025,4,Medio,654.0,36.113277310924374,3254,Sí
4425,109910,0.3190760218702019,5,Medio,654.0,16.735143660622413,4197,Sí
4426,261990,0.8616298022399826,1,Alto,654.0,87.70117813298972,1406,Sí
4427,196570,0.2069237416186202,6,Medio,654.0,2.0656254037155257,4905,Sí
4428,520490,0.9005328596802842,1,Alto,654.0,92.78969804618117,1333,Sí
4429,650740,0.21256038647342995,6,Medio,682.5,4.014492753623191,4793,Sí
4430,650890,0.21256038647342995,6,Medio,682.5,4.014492753623191,4794,Sí
4431,110180,0.9702233250620348,1,Alto,832.5,136.54218362282882,551,Sí
4432,557840,0.009259259259259259,7,Bajo,654.0,-23.788888888888888,7144,No
4433,281240,0.7995735607675906,2,Alto,654.0,79.58422174840085,1690,Sí
4434,261900,0.3064157764943565,5,Medio,654.0,15.079183565461825,4280,Sí
4435,60850,0.7103092783505155,3,Alto,652.5,67.69536082474227,2096,Sí
4436,452900,0.030010172939979655,7,Bajo,652.5,-21.083672431332655,6425,No
4437,610590,0.10424710424710425,6,Bajo,652.5,-11.395752895752896,5548,No
4438,611170,0.10424710424710425,6,Bajo,652.5,-11.395752895752896,5549,No
4439,668920,0.015706806282722516,7,Bajo,654.0,-22.945549738219896,6794,No
4440,145610,0.7995735607675906,2,Alto,654.0,79.58422174840085,1691,Sí
4441,481840,0.7103092783505155,3,Alto,654.0,67.90845360824743,2079,Sí
4442,79800,0.3190760218702019,5,Medio,654.0,16.735143660622413,4198,Sí
4443,99820,0.7103092783505155,3,Alto,654.0,67.90845360824743,2080,Sí
4444,294630,0.2795750377350656,5,Medio,654.0,11.568414935746581,4421,Sí
4445,219250,0.4490472245236123,4,Medio,832.5,49.76636288318146,2839,Sí
4446,253130,0.4155701754385965,5,Medio,832.5,44.19243421052633,3004,Sí
4447,334240,0.9063923662873214,1,Alto,654.0,93.55612151038164,1251,Sí
4448,351960,0.009259259259259259,7,Bajo,832.5,-23.458333333333332,6982,No
4449,370460,0.015706806282722516,7,Bajo,832.5,-22.3848167539267,6641,No
4450,712040,0.00395882818685669,8,Bajo,832.5,-24.340855106888363,7711,No
4451,300940,0.2586476375832887,5,Medio,538.6499999999999,2.8641099968476844,4834,Sí
4452,808440,0.4155701754385965,5,Medio,654.0,29.356578947368426,3575,Sí
4453,139070,0.8339060710194731,2,Alto,832.5,113.84536082474227,864,Sí
4454,160190,0.7103092783505155,3,Alto,832.5,93.26649484536082,1306,Sí
4455,718370,0.00395882818685669,8,Bajo,832.5,-24.340855106888363,7712,No
4456,331410,0.577212020033389,4,Alto,450.0,26.949081803005015,3741,Sí
4457,12160,0.9643635135789099,1,Alto,646.5,99.69220230575306,1147,Sí
4458,860900,0.002488654662567706,8,Bajo,654.0,-24.674483970136144,8630,No
4459,314440,0.9748713797272744,1,Alto,832.5,137.3160847245912,538,Sí
4460,812630,0.002488654662567706,8,Bajo,832.5,-24.585638998682477,8437,No
4461,514500,0.041237113402061855,7,Bajo,654.0,-19.606185567010307,6171,No
4462,274160,0.3372395833333333,5,Medio,652.5,19.009765625,4065,Sí
4463,353690,0.015706806282722516,7,Bajo,652.5,-22.95026178010471,6798,No
4464,811160,0.00395882818685669,8,Bajo,832.5,-24.340855106888363,7713,No
4465,223810,0.577212020033389,4,Alto,832.5,71.10580133555928,1957,Sí
4466,261720,0.4155701754385965,5,Medio,832.5,44.19243421052633,3005,Sí
4467,137510,0.7103092783505155,3,Alto,654.0,67.90845360824743,2081,Sí
4468,782380,0.7704280155642024,2,Alto,654.0,75.77198443579768,1823,Sí
4469,126870,0.9056043180256583,1,Alto,654.0,93.45304479775612,1265,Sí
4470,139720,0.9367088607594937,1,Alto,832.5,130.9620253164557,648,Sí
4471,140280,0.7103092783505155,3,Alto,832.5,93.26649484536082,1307,Sí
4472,250740,0.9148387096774193,1,Alto,832.5,127.32064516129032,697,Sí
4473,330310,0.817966903073286,2,Alto,832.5,111.19148936170214,891,Sí
4474,304560,0.751269035532995,2,Alto,654.0,73.26598984771574,1879,Sí
4475,77630,0.2586476375832887,5,Medio,654.0,8.831110995894164,4545,Sí
4476,292310,0.8616298022399826,1,Alto,654.0,87.70117813298972,1407,Sí
4477,558670,0.577212020033389,4,Alto,652.5,50.32616861435727,2822,Sí
4478,559460,0.08191489361702127,6,Bajo,652.5,-14.310106382978724,5755,No
4479,131210,0.577212020033389,4,Alto,652.5,50.32616861435727,2823,Sí
4480,219300,0.9643635135789099,1,Alto,654.0,101.13874757612143,1111,Sí
4481,294460,0.9643635135789099,1,Alto,654.0,101.13874757612143,1112,Sí
4482,25430,0.6728723404255319,3,Alto,832.5,87.03324468085107,1440,Sí
4483,318820,0.18428888849113062,6,Bajo,654.0,-0.8950133853601159,5003,No
4484,233850,0.8339060710194731,2,Alto,654.0,84.07491408934709,1524,Sí
4485,260600,0.6460905349794238,3,Alto,652.5,59.31481481481481,2484,Sí
4486,278240,0.6980392156862745,3,Alto,652.5,66.09411764705882,2165,Sí
4487,203730,0.9929873772791024,1,Alto,654.0,104.88274894810661,985,Sí
4488,367930,0.2731707317073171,5,Medio,442.5,-0.8243902439024353,4995,No
4489,43130,0.9999,1,Alto,825.0,139.98350000000002,498,Sí
4490,273490,0.4672268907563025,4,Medio,654.0,36.113277310924374,3255,Sí
4491,206130,0.751269035532995,2,Alto,652.5,73.04060913705584,1897,Sí
4492,770400,0.751269035532995,2,Alto,652.5,73.04060913705584,1898,Sí
4493,310680,0.751269035532995,2,Alto,654.0,73.26598984771574,1880,Sí
4494,96570,0.2586476375832887,5,Medio,654.0,8.831110995894164,4546,Sí
4495,318890,0.3388523121209245,5,Medio,654.0,19.321882425416923,4025,Sí
4496,164820,0.48966632776888547,4,Medio,654.0,39.04835567217022,3162,Sí
4497,236530,0.4490472245236123,4,Medio,832.5,49.76636288318146,2840,Sí
4498,110600,0.5417406749555951,4,Alto,450.0,23.75666074600356,3818,Sí
4499,596760,0.4155701754385965,5,Medio,450.0,12.401315789473685,4359,Sí
4500,729550,0.4490472245236123,4,Medio,654.0,33.735376967688495,3383,Sí
4501,236250,0.8616298022399826,1,Alto,832.5,118.46136207295712,787,Sí
4502,248320,0.8616298022399826,1,Alto,832.5,118.46136207295712,788,Sí
4503,639230,0.9367088607594937,1,Alto,832.5,130.9620253164557,649,Sí
4504,639240,0.9367088607594937,1,Alto,832.5,130.9620253164557,650,Sí
4505,669240,0.9367088607594937,1,Alto,832.5,130.9620253164557,651,Sí
4506,199580,0.9643635135789099,1,Alto,255.0,24.18253919252441,3809,Sí
4507,1330,0.776685393258427,2,Alto,832.5,104.31811797752812,1017,Sí
4508,1890,0.9702233250620348,1,Alto,832.5,136.54218362282882,552,Sí
4509,36520,0.6728723404255319,3,Alto,832.5,87.03324468085107,1441,Sí
4510,40670,0.3551617873651772,5,Medio,832.5,34.134437596302,3345,Sí
4511,41270,0.9148387096774193,1,Alto,832.5,127.32064516129032,698,Sí
4512,70520,0.6700336700336701,3,Alto,832.5,86.56060606060608,1459,Sí
4513,169210,0.776685393258427,2,Alto,832.5,104.31811797752812,1018,Sí
4514,178760,0.7103092783505155,3,Alto,832.5,93.26649484536082,1308,Sí
4515,214530,0.577212020033389,4,Alto,832.5,71.10580133555928,1958,Sí
4516,267730,0.7103092783505155,3,Alto,832.5,93.26649484536082,1309,Sí
4517,338030,0.776685393258427,2,Alto,832.5,104.31811797752812,1019,Sí
4518,384750,0.22448979591836735,6,Medio,832.5,12.37755102040817,4363,Sí
4519,527700,0.030010172939979655,7,Bajo,832.5,-20.003306205493388,6208,No
4520,658710,0.005385996409335727,8,Bajo,832.5,-24.1032315978456,7472,No
4521,659330,0.6460905349794238,3,Alto,832.5,82.57407407407406,1576,Sí
4522,698680,0.060294117647058824,6,Bajo,832.5,-14.961029411764704,5776,No
4523,326980,0.3659767298402987,5,Medio,654.0,22.86975626311108,3891,Sí
4524,164030,0.5841401012556733,3,Alto,654.0,51.40552524424207,2636,Sí
4525,39790,0.9929873772791024,1,Alto,654.0,104.88274894810661,986,Sí
4526,258350,0.7103092783505155,3,Alto,654.0,67.90845360824743,2082,Sí
4527,241090,0.7103092783505155,3,Alto,832.5,93.26649484536082,1310,Sí
4528,486500,0.3372395833333333,5,Medio,652.5,19.009765625,4066,Sí
4529,285470,0.9929873772791024,1,Alto,654.0,104.88274894810661,987,Sí
4530,244100,0.9748713797272744,1,Alto,450.0,62.73842417545471,2330,Sí
4531,203600,0.577212020033389,4,Alto,654.0,50.49933222036729,2759,Sí
4532,529770,0.4490472245236123,4,Medio,654.0,33.735376967688495,3384,Sí
4533,105970,0.7103092783505155,3,Alto,832.5,93.26649484536082,1311,Sí
4534,77120,0.8616298022399826,1,Alto,832.5,118.46136207295712,789,Sí
4535,661960,0.7792207792207793,2,Alto,450.0,45.12987012987014,2955,Sí
4536,431730,0.776685393258427,2,Alto,832.5,104.31811797752812,1020,Sí
4537,305780,0.999476961593071,1,Alto,654.0,105.73158657637367,962,Sí
4538,30650,0.9056043180256583,1,Alto,832.5,125.78311895127214,722,Sí
4539,627870,0.577212020033389,4,Alto,832.5,71.10580133555928,1959,Sí
4540,790780,0.11088295687885011,6,Bajo,450.0,-15.020533880903491,5786,No
4541,233550,0.6460905349794238,3,Alto,832.5,82.57407407407406,1577,Sí
4542,270820,0.6460905349794238,3,Alto,832.5,82.57407407407406,1578,Sí
4543,298260,0.6460905349794238,3,Alto,832.5,82.57407407407406,1579,Sí
4544,846370,0.3551617873651772,5,Medio,450.0,6.964560862865945,4649,Sí
4545,384510,0.002488654662567706,8,Bajo,654.0,-24.674483970136144,8631,No
4546,188410,0.5404537303534122,4,Alto,832.5,64.98554610384312,2186,Sí
4547,873630,0.015706806282722516,7,Bajo,832.5,-22.3848167539267,6642,No
4548,883370,0.006359300476947535,7,Bajo,832.5,-23.941176470588236,7260,No
4549,714000,0.7792207792207793,2,Alto,450.0,45.12987012987014,2956,Sí
4550,516690,0.23846153846153842,6,Medio,832.5,14.70384615384615,4291,Sí
4551,516700,0.23846153846153842,6,Medio,832.5,14.70384615384615,4292,Sí
4552,267520,0.6460905349794238,3,Alto,654.0,59.508641975308635,2446,Sí
4553,106790,0.6460905349794238,3,Alto,652.5,59.31481481481481,2485,Sí
4554,13420,0.8339060710194731,2,Alto,832.5,113.84536082474227,865,Sí
4555,56960,0.776685393258427,2,Alto,832.5,104.31811797752812,1021,Sí
4556,90390,0.98046875,1,Alto,832.5,138.248046875,530,Sí
4557,94160,0.98046875,1,Alto,832.5,138.248046875,531,Sí
4558,486830,0.6728723404255319,3,Alto,832.5,87.03324468085107,1442,Sí
4559,9260,0.2586476375832887,5,Medio,654.0,8.831110995894164,4547,Sí
4560,12750,0.5417406749555951,4,Alto,654.0,45.85968028419184,2908,Sí
4561,15440,0.39074581687358584,5,Medio,654.0,26.109552847065025,3778,Sí
4562,25220,0.48966632776888547,4,Medio,654.0,39.04835567217022,3163,Sí
4563,25790,0.48966632776888547,4,Medio,654.0,39.04835567217022,3164,Sí
4564,37690,0.3190760218702019,5,Medio,654.0,16.735143660622413,4199,Sí
4565,113780,0.2069237416186202,6,Medio,654.0,2.0656254037155257,4906,Sí
4566,115550,0.9929873772791024,1,Alto,654.0,104.88274894810661,988,Sí
4567,118840,0.6728723404255319,3,Alto,654.0,63.01170212765959,2283,Sí
4568,130610,0.3190760218702019,5,Medio,654.0,16.735143660622413,4200,Sí
4569,140460,0.3992828611200487,5,Medio,654.0,27.22619823450237,3702,Sí
4570,180970,0.4325937092181664,5,Medio,654.0,31.58325716573617,3517,Sí
4571,254100,0.577212020033389,4,Alto,654.0,50.49933222036729,2760,Sí
4572,312020,0.3190760218702019,5,Medio,654.0,16.735143660622413,4201,Sí
4573,486120,0.577212020033389,4,Alto,654.0,50.49933222036729,2761,Sí
4574,542880,0.577212020033389,4,Alto,654.0,50.49933222036729,2762,Sí
4575,543060,0.577212020033389,4,Alto,654.0,50.49933222036729,2763,Sí
4576,291540,0.3659767298402987,5,Medio,538.6499999999999,14.426673105695379,4300,Sí
4577,247170,0.9748713797272744,1,Alto,832.5,137.3160847245912,539,Sí
4578,277980,0.4490472245236123,4,Medio,654.0,33.735376967688495,3385,Sí
4579,151290,0.6460905349794238,3,Alto,682.5,63.191358024691354,2226,Sí
4580,318080,0.48966632776888547,4,Medio,654.0,39.04835567217022,3165,Sí
4581,364800,0.3551617873651772,5,Medio,654.0,21.45516178736517,3930,Sí
4582,227470,0.9929873772791024,1,Alto,654.0,104.88274894810661,989,Sí
4583,841830,0.4490472245236123,4,Medio,654.0,33.735376967688495,3386,Sí
4584,189630,0.9367088607594937,1,Alto,652.5,97.24050632911393,1222,Sí
4585,332850,0.751269035532995,2,Alto,654.0,73.26598984771574,1881,Sí
4586,6860,0.4490472245236123,4,Medio,652.5,33.600662800331406,3441,Sí
4587,40010,0.4490472245236123,4,Medio,652.5,33.600662800331406,3442,Sí
4588,704280,0.11088295687885011,6,Bajo,652.5,-10.529774127310061,5507,No
4589,149810,0.9643635135789099,1,Alto,832.5,135.5665250108885,572,Sí
4590,151420,0.9643635135789099,1,Alto,832.5,135.5665250108885,573,Sí
4591,169420,0.9643635135789099,1,Alto,832.5,135.5665250108885,574,Sí
4592,190810,0.9643635135789099,1,Alto,832.5,135.5665250108885,575,Sí
4593,205210,0.9643635135789099,1,Alto,832.5,135.5665250108885,576,Sí
4594,322450,0.672451290504297,3,Alto,832.5,86.96313986896546,1446,Sí
4595,603970,0.4490472245236123,4,Medio,654.0,33.735376967688495,3387,Sí
4596,223830,0.4490472245236123,4,Medio,654.0,33.735376967688495,3388,Sí
4597,550690,0.49535603715170295,4,Medio,654.0,39.79256965944275,3107,Sí
4598,330410,0.9005328596802842,1,Alto,832.5,124.93872113676733,748,Sí
4599,74450,0.6980392156862745,3,Alto,832.5,91.22352941176472,1354,Sí
4600,74600,0.9354838709677419,1,Alto,832.5,130.75806451612902,667,Sí
4601,78550,0.6980392156862745,3,Alto,832.5,91.22352941176472,1355,Sí
4602,79870,0.9354838709677419,1,Alto,832.5,130.75806451612902,668,Sí
4603,190040,0.6980392156862745,3,Alto,832.5,91.22352941176472,1356,Sí
4604,58110,0.577212020033389,4,Alto,832.5,71.10580133555928,1960,Sí
4605,84460,0.577212020033389,4,Alto,832.5,71.10580133555928,1961,Sí
4606,623710,0.817966903073286,2,Alto,832.5,111.19148936170214,892,Sí
4607,624370,0.817966903073286,2,Alto,832.5,111.19148936170214,893,Sí
4608,744440,0.6460905349794238,3,Alto,450.0,33.148148148148145,3461,Sí
4609,827780,0.08709016393442623,6,Bajo,652.5,-13.634733606557376,5666,No
4610,872160,0.4490472245236123,4,Medio,367.5,8.004971002485505,4600,Sí
4611,269980,0.751269035532995,2,Alto,654.0,73.26598984771574,1882,Sí
4612,91940,0.7283950617283951,3,Alto,654.0,70.27407407407408,1992,Sí
4613,725620,0.006097560975609756,7,Bajo,654.0,-24.202439024390245,7558,No
4614,325500,0.13476962978634788,6,Bajo,654.0,-7.372132423945697,5319,No
4615,617830,0.3551617873651772,5,Medio,654.0,21.45516178736517,3931,Sí
4616,327710,0.2586476375832887,5,Medio,654.0,8.831110995894164,4548,Sí
4617,266650,0.3190760218702019,5,Medio,654.0,16.735143660622413,4202,Sí
4618,71910,0.4325937092181664,5,Medio,654.0,31.58325716573617,3518,Sí
4619,187900,0.6460905349794238,3,Alto,832.5,82.57407407407406,1580,Sí
4620,770910,0.3551617873651772,5,Medio,654.0,21.45516178736517,3932,Sí
4621,495540,0.002488654662567706,8,Bajo,832.5,-24.585638998682477,8438,No
4622,781030,0.4490472245236123,4,Medio,654.0,33.735376967688495,3389,Sí
4623,46570,0.2069237416186202,6,Medio,538.6499999999999,-2.7081053154260495,5101,No
4624,310930,0.751269035532995,2,Alto,832.5,100.08629441624366,1135,Sí
4625,335670,0.4490472245236123,4,Medio,652.5,33.600662800331406,3443,Sí
4626,196500,0.8339060710194731,2,Alto,654.0,84.07491408934709,1525,Sí
4627,12020,0.999476961593071,1,Alto,825.0,139.91369866285672,506,Sí
4628,731500,0.4490472245236123,4,Medio,654.0,33.735376967688495,3390,Sí
4629,481440,0.0038314176245210726,8,Bajo,654.0,-24.498850574712645,8257,No
4630,331950,0.7103092783505155,3,Alto,654.0,67.90845360824743,2083,Sí
4631,492640,0.4672268907563025,4,Medio,450.0,17.050420168067234,4125,Sí
4632,183770,0.6980392156862745,3,Alto,832.5,91.22352941176472,1357,Sí
4633,814400,0.6980392156862745,3,Alto,832.5,91.22352941176472,1358,Sí
4634,101830,0.7283950617283951,3,Alto,832.5,96.27777777777777,1226,Sí
4635,136280,0.9367088607594937,1,Alto,832.5,130.9620253164557,652,Sí
4636,181170,0.9367088607594937,1,Alto,832.5,130.9620253164557,653,Sí
4637,357470,0.776685393258427,2,Alto,832.5,104.31811797752812,1022,Sí
4638,63540,0.817966903073286,2,Alto,832.5,111.19148936170214,894,Sí
4639,98810,0.817966903073286,2,Alto,832.5,111.19148936170214,895,Sí
4640,421580,0.0007462686567164179,9,Bajo,832.5,-24.875746268656716,9147,No
4641,216330,0.6728723404255319,3,Alto,654.0,63.01170212765959,2284,Sí
4642,119740,0.9643635135789099,1,Alto,450.0,61.7927162221019,2360,Sí
4643,112880,0.4490472245236123,4,Medio,654.0,33.735376967688495,3391,Sí
4644,314750,0.9148387096774193,1,Alto,832.5,127.32064516129032,699,Sí
4645,243010,0.49535603715170295,4,Medio,405.0,15.123839009287941,4257,Sí
4646,598360,0.4155701754385965,5,Medio,405.0,8.661184210526322,4578,Sí
4647,575180,0.7103092783505155,3,Alto,654.0,67.90845360824743,2084,Sí
4648,883510,0.577212020033389,4,Alto,538.6499999999999,37.18305091819698,3228,Sí
4649,224300,0.9056043180256583,1,Alto,654.0,93.45304479775612,1266,Sí
4650,270780,0.3551617873651772,5,Medio,654.0,21.45516178736517,3933,Sí
4651,178410,0.776685393258427,2,Alto,450.0,44.90168539325843,2976,Sí
4652,253830,0.4490472245236123,4,Medio,450.0,15.414250207125107,4238,Sí
4653,281600,0.577212020033389,4,Alto,450.0,26.949081803005015,3742,Sí
4654,744160,0.577212020033389,4,Alto,450.0,26.949081803005015,3743,Sí
4655,681350,0.7103092783505155,3,Alto,832.5,93.26649484536082,1312,Sí
4656,681720,0.7103092783505155,3,Alto,832.5,93.26649484536082,1313,Sí
4657,682280,0.2558139534883721,5,Medio,832.5,17.59302325581396,4100,Sí
4658,682290,0.2558139534883721,5,Medio,832.5,17.59302325581396,4101,Sí
4659,305180,0.4490472245236123,4,Medio,654.0,33.735376967688495,3392,Sí
4660,783270,0.4490472245236123,4,Medio,654.0,33.735376967688495,3393,Sí
4661,73730,0.3659767298402987,5,Medio,654.0,22.86975626311108,3892,Sí
4662,164200,0.3659767298402987,5,Medio,654.0,22.86975626311108,3893,Sí
4663,41730,0.999476961593071,1,Alto,450.0,64.95292654337639,2194,Sí
4664,223070,0.7704280155642024,2,Alto,832.5,103.27626459143968,1046,Sí
4665,225200,0.7704280155642024,2,Alto,832.5,103.27626459143968,1047,Sí
4666,421950,0.00395882818685669,8,Bajo,832.5,-24.340855106888363,7714,No
4667,429020,0.00395882818685669,8,Bajo,832.5,-24.340855106888363,7715,No
4668,359270,0.9005328596802842,1,Alto,832.5,124.93872113676733,749,Sí
4669,360040,0.9005328596802842,1,Alto,832.5,124.93872113676733,750,Sí
4670,360380,0.9005328596802842,1,Alto,832.5,124.93872113676733,751,Sí
4671,764540,0.49535603715170295,4,Medio,832.5,57.47678018575854,2531,Sí
4672,60730,0.805102752829306,2,Alto,832.5,109.04960834607945,900,Sí
4673,4250,0.2069237416186202,6,Medio,654.0,2.0656254037155257,4907,Sí
4674,700580,0.577212020033389,4,Alto,654.0,50.49933222036729,2764,Sí
4675,44430,0.3992828611200487,5,Medio,654.0,27.22619823450237,3703,Sí
4676,273900,0.577212020033389,4,Alto,654.0,50.49933222036729,2765,Sí
4677,615600,0.4155701754385965,5,Medio,652.5,29.23190789473685,3605,Sí
4678,70300,0.5417406749555951,4,Alto,450.0,23.75666074600356,3819,Sí
4679,88000,0.3372395833333333,5,Medio,450.0,5.3515625,4701,Sí
4680,233430,0.17485265225933203,6,Bajo,450.0,-9.263261296660117,5411,No
4681,449810,0.25,6,Medio,450.0,-2.5,5075,No
4682,710620,0.44367816091954015,4,Medio,450.0,14.93103448275862,4285,Sí
4683,134020,0.8616298022399826,1,Alto,832.5,118.46136207295712,790,Sí
4684,137680,0.8616298022399826,1,Alto,832.5,118.46136207295712,791,Sí
4685,35570,0.9929873772791024,1,Alto,654.0,104.88274894810661,990,Sí
4686,285300,0.8616298022399826,1,Alto,832.5,118.46136207295712,792,Sí
4687,263810,0.6980392156862745,3,Alto,654.0,66.30352941176471,2142,Sí
4688,316380,0.3372395833333333,5,Medio,652.5,19.009765625,4067,Sí
4689,615920,0.17485265225933203,6,Bajo,652.5,-2.18172888015717,5051,No
4690,148530,0.4672268907563025,4,Medio,450.0,17.050420168067234,4126,Sí
4691,307440,0.577212020033389,4,Alto,450.0,26.949081803005015,3744,Sí
4692,772990,0.13846153846153847,6,Bajo,450.0,-12.538461538461537,5616,No
4693,481660,0.23846153846153842,6,Medio,654.0,6.190769230769227,4672,Sí
4694,460710,0.4672268907563025,4,Medio,367.5,9.341176470588238,4512,Sí
4695,670970,0.002488654662567706,8,Bajo,367.5,-24.817083882301272,8951,No
4696,719310,0.002098635886673662,9,Bajo,832.5,-24.650577124868835,8616,No
4697,817680,0.17019027484143764,6,Bajo,654.0,-2.739112050739955,5107,No
4698,375710,0.6460905349794238,3,Alto,654.0,59.508641975308635,2447,Sí
4699,338630,0.805102752829306,2,Alto,832.5,109.04960834607945,901,Sí
4700,338760,0.8616298022399826,1,Alto,832.5,118.46136207295712,793,Sí
4701,339450,0.805102752829306,2,Alto,832.5,109.04960834607945,902,Sí
4702,327020,0.9643635135789099,1,Alto,654.0,101.13874757612143,1113,Sí
4703,6210,0.9056043180256583,1,Alto,654.0,93.45304479775612,1267,Sí
4704,128400,0.5417406749555951,4,Alto,450.0,23.75666074600356,3820,Sí
4705,69240,0.6980392156862745,3,Alto,832.5,91.22352941176472,1359,Sí
4706,617170,0.030010172939979655,7,Bajo,832.5,-20.003306205493388,6209,No
4707,653190,0.009259259259259259,7,Bajo,832.5,-23.458333333333332,6983,No
4708,660170,0.015706806282722516,7,Bajo,832.5,-22.3848167539267,6643,No
4709,286970,0.6980392156862745,3,Alto,654.0,66.30352941176471,2143,Sí
4710,489800,0.4672268907563025,4,Medio,654.0,36.113277310924374,3256,Sí
4711,736760,0.817966903073286,2,Alto,654.0,81.99007092198582,1614,Sí
4712,311210,0.2586476375832887,5,Medio,654.0,8.831110995894164,4549,Sí
4713,148930,0.9643635135789099,1,Alto,832.5,135.5665250108885,577,Sí
4714,170290,0.9643635135789099,1,Alto,832.5,135.5665250108885,578,Sí
4715,176900,0.9643635135789099,1,Alto,832.5,135.5665250108885,579,Sí
4716,205220,0.95578231292517,1,Alto,832.5,134.1377551020408,605,Sí
4717,500340,0.577212020033389,4,Alto,832.5,71.10580133555928,1962,Sí
4718,500350,0.577212020033389,4,Alto,832.5,71.10580133555928,1963,Sí
4719,548770,0.577212020033389,4,Alto,832.5,71.10580133555928,1964,Sí
4720,550160,0.6728723404255319,3,Alto,832.5,87.03324468085107,1443,Sí
4721,249700,0.999476961593071,1,Alto,652.5,105.43174348789577,966,Sí
4722,100200,0.3190760218702019,5,Medio,654.0,16.735143660622413,4203,Sí
4723,377280,0.577212020033389,4,Alto,654.0,50.49933222036729,2766,Sí
4724,573790,0.002488654662567706,8,Bajo,832.5,-24.585638998682477,8439,No
4725,517980,0.2527472527472528,6,Medio,652.5,7.983516483516496,4602,Sí
4726,834900,0.4672268907563025,4,Medio,654.0,36.113277310924374,3257,Sí
4727,317370,0.577212020033389,4,Alto,654.0,50.49933222036729,2767,Sí
4728,60710,0.6980392156862745,3,Alto,654.0,66.30352941176471,2144,Sí
4729,105620,0.3190760218702019,5,Medio,654.0,16.735143660622413,4204,Sí
4730,742900,0.6728723404255319,3,Alto,654.0,63.01170212765959,2285,Sí
4731,311400,0.805102752829306,2,Alto,832.5,109.04960834607945,903,Sí
4732,325250,0.805102752829306,2,Alto,832.5,109.04960834607945,904,Sí
4733,298870,0.805102752829306,2,Alto,832.5,109.04960834607945,905,Sí
4734,310580,0.805102752829306,2,Alto,832.5,109.04960834607945,906,Sí
4735,300010,0.805102752829306,2,Alto,832.5,109.04960834607945,907,Sí
4736,85890,0.7103092783505155,3,Alto,652.5,67.69536082474227,2097,Sí
4737,422980,0.5417406749555951,4,Alto,652.5,45.697158081705155,2933,Sí
4738,441140,0.21256038647342995,6,Medio,652.5,2.7391304347826093,4838,Sí
4739,270940,0.3551617873651772,5,Medio,682.5,23.479583975346685,3828,Sí
4740,128530,0.4490472245236123,4,Medio,654.0,33.735376967688495,3394,Sí
4741,9810,0.7103092783505155,3,Alto,652.5,67.69536082474227,2098,Sí
4742,60990,0.672451290504297,3,Alto,832.5,86.96313986896546,1447,Sí
4743,552360,0.3551617873651772,5,Medio,654.0,21.45516178736517,3934,Sí
4744,177130,0.3190760218702019,5,Medio,654.0,16.735143660622413,4205,Sí
4745,297070,0.9929873772791024,1,Alto,654.0,104.88274894810661,991,Sí
4746,739520,0.3551617873651772,5,Medio,654.0,21.45516178736517,3935,Sí
4747,588490,0.006359300476947535,7,Bajo,654.0,-24.168203497615263,7511,No
4748,839340,0.577212020033389,4,Alto,654.0,50.49933222036729,2768,Sí
4749,229040,0.49535603715170295,4,Medio,832.5,57.47678018575854,2532,Sí
4750,230870,0.49535603715170295,4,Medio,832.5,57.47678018575854,2533,Sí
4751,181340,0.672451290504297,3,Alto,832.5,86.96313986896546,1448,Sí
4752,198780,0.7995735607675906,2,Alto,832.5,108.12899786780383,943,Sí
4753,207290,0.4672268907563025,4,Medio,654.0,36.113277310924374,3258,Sí
4754,791450,0.4490472245236123,4,Medio,832.5,49.76636288318146,2841,Sí
4755,298300,0.7387958410713422,2,Alto,832.5,98.0095075383785,1160,Sí
4756,378840,0.4155701754385965,5,Medio,654.0,29.356578947368426,3576,Sí
4757,551860,0.49535603715170295,4,Medio,367.5,11.40866873065017,4432,Sí
4758,288550,0.4672268907563025,4,Medio,654.0,36.113277310924374,3259,Sí
4759,195620,0.8616298022399826,1,Alto,654.0,87.70117813298972,1408,Sí
4760,777940,0.6728723404255319,3,Alto,450.0,35.558510638297875,3301,Sí
4761,784230,0.6728723404255319,3,Alto,450.0,35.558510638297875,3302,Sí
4762,839160,0.4155701754385965,5,Medio,450.0,12.401315789473685,4360,Sí
4763,106240,0.6460905349794238,3,Alto,538.6499999999999,44.60333333333331,2981,Sí
4764,207730,0.6980392156862745,3,Alto,538.6499999999999,50.199764705882345,2827,Sí
4765,583000,0.4490472245236123,4,Medio,654.0,33.735376967688495,3395,Sí
4766,240900,0.5073907658875524,4,Alto,832.5,59.48056252027747,2457,Sí
4767,550040,0.2558139534883721,6,Medio,832.5,17.59302325581396,4102,Sí
4768,208540,0.3551617873651772,5,Medio,652.5,21.34861325115562,3968,Sí
4769,221700,0.3551617873651772,5,Medio,652.5,21.34861325115562,3969,Sí
4770,221910,0.4490472245236123,4,Medio,652.5,33.600662800331406,3444,Sí
4771,152250,0.2069237416186202,6,Medio,654.0,2.0656254037155257,4908,Sí
4772,182420,0.25,6,Medio,654.0,7.700000000000003,4609,Sí
4773,289810,0.3064157764943565,5,Medio,654.0,15.079183565461825,4281,Sí
4774,638810,0.6460905349794238,3,Alto,654.0,59.508641975308635,2448,Sí
4775,553650,0.23846153846153842,6,Medio,442.5,-3.8961538461538474,5154,No
4776,125870,0.9643635135789099,1,Alto,654.0,101.13874757612143,1114,Sí
4777,182430,0.7387958410713422,2,Alto,832.5,98.0095075383785,1161,Sí
4778,185830,0.9367088607594937,1,Alto,832.5,130.9620253164557,654,Sí
4779,193960,0.9367088607594937,1,Alto,832.5,130.9620253164557,655,Sí
4780,205020,0.9367088607594937,1,Alto,832.5,130.9620253164557,656,Sí
4781,214860,0.8616298022399826,1,Alto,832.5,118.46136207295712,794,Sí
4782,329920,0.672451290504297,3,Alto,832.5,86.96313986896546,1449,Sí
4783,566290,0.8802395209580839,1,Alto,832.5,121.55988023952096,778,Sí
4784,804160,0.17019027484143764,6,Bajo,682.5,-1.7690274841437592,5033,No
4785,33200,0.9929873772791024,1,Alto,646.5,103.39326788218796,1040,Sí
4786,138270,0.6980392156862745,3,Alto,832.5,91.22352941176472,1360,Sí
4787,151450,0.6980392156862745,3,Alto,832.5,91.22352941176472,1361,Sí
4788,135250,0.6460905349794238,3,Alto,654.0,59.508641975308635,2449,Sí
4789,135330,0.577212020033389,4,Alto,654.0,50.49933222036729,2769,Sí
4790,404780,0.3551617873651772,5,Medio,450.0,6.964560862865945,4650,Sí
4791,465120,0.009259259259259259,7,Bajo,832.5,-23.458333333333332,6984,No
4792,227910,0.7283950617283951,3,Alto,538.6499999999999,53.469999999999985,2583,Sí
4793,666660,0.00395882818685669,8,Bajo,654.0,-24.482185273159146,8243,No
4794,269130,0.9643635135789099,1,Alto,654.0,101.13874757612143,1115,Sí
4795,203200,0.7387958410713422,2,Alto,832.5,98.0095075383785,1162,Sí
4796,97900,0.7103092783505155,3,Alto,652.5,67.69536082474227,2099,Sí
4797,204040,0.577212020033389,4,Alto,652.5,50.32616861435727,2824,Sí
4798,280940,0.3551617873651772,5,Medio,652.5,21.34861325115562,3970,Sí
4799,683850,0.577212020033389,4,Alto,652.5,50.32616861435727,2825,Sí
4800,739130,0.4672268907563025,4,Medio,652.5,35.973109243697486,3284,Sí
4801,881340,0.44367816091954015,4,Medio,652.5,32.89999999999999,3487,Sí
4802,26480,0.4672268907563025,4,Medio,654.0,36.113277310924374,3260,Sí
4803,42820,0.2069237416186202,6,Medio,654.0,2.0656254037155257,4909,Sí
4804,78350,0.2069237416186202,6,Medio,654.0,2.0656254037155257,4910,Sí
4805,80020,0.577212020033389,4,Alto,654.0,50.49933222036729,2770,Sí
4806,139500,0.6980392156862745,3,Alto,654.0,66.30352941176471,2145,Sí
4807,139900,0.3190760218702019,5,Medio,654.0,16.735143660622413,4206,Sí
4808,143520,0.3659767298402987,5,Medio,654.0,22.86975626311108,3894,Sí
4809,153760,0.6700336700336701,3,Alto,654.0,62.64040404040405,2350,Sí
4810,169880,0.6700336700336701,3,Alto,654.0,62.64040404040405,2351,Sí
4811,176090,0.577212020033389,4,Alto,654.0,50.49933222036729,2771,Sí
4812,223450,0.2069237416186202,6,Medio,654.0,2.0656254037155257,4911,Sí
4813,630980,0.6460905349794238,3,Alto,654.0,59.508641975308635,2450,Sí
4814,631910,0.4672268907563025,4,Medio,654.0,36.113277310924374,3261,Sí
4815,801730,0.6980392156862745,3,Alto,654.0,66.30352941176471,2146,Sí
4816,308690,0.577212020033389,4,Alto,832.5,71.10580133555928,1965,Sí
4817,713730,0.3372395833333333,5,Medio,832.5,31.150390625,3520,Sí
4818,756140,0.3372395833333333,5,Medio,832.5,31.150390625,3521,Sí
4819,170730,0.9056043180256583,1,Alto,832.5,125.78311895127214,723,Sí
4820,183240,0.9929873772791024,1,Alto,682.5,110.54277699859747,896,Sí
4821,236630,0.9367088607594937,1,Alto,682.5,102.86075949367088,1060,Sí
4822,803960,0.17019027484143764,6,Bajo,682.5,-1.7690274841437592,5034,No
4823,59340,0.4490472245236123,4,Medio,832.5,49.76636288318146,2842,Sí
4824,105790,0.9999,1,Alto,832.5,141.48335,454,Sí
4825,338770,0.9056043180256583,1,Alto,832.5,125.78311895127214,724,Sí
4826,298810,0.3992828611200487,5,Medio,654.0,27.22619823450237,3704,Sí
4827,219710,0.5417406749555951,4,Alto,832.5,65.19982238010658,2183,Sí
4828,204590,0.98046875,1,Alto,832.5,138.248046875,532,Sí
4829,583720,0.6728723404255319,3,Alto,652.5,62.80984042553193,2319,Sí
4830,583730,0.6728723404255319,3,Alto,652.5,62.80984042553193,2320,Sí
4831,229810,0.7387958410713422,2,Alto,832.5,98.0095075383785,1163,Sí
4832,250420,0.9999,1,Alto,646.5,104.28707,1025,Sí
4833,387300,0.3372395833333333,5,Medio,832.5,31.150390625,3522,Sí
4834,78170,0.7387958410713422,2,Alto,832.5,98.0095075383785,1164,Sí
4835,429510,0.25,6,Medio,832.5,16.625,4207,Sí
4836,91240,0.9748713797272744,1,Alto,646.5,101.0508693987366,1121,Sí
4837,156170,0.9367088607594937,1,Alto,832.5,130.9620253164557,657,Sí
4838,23920,0.2069237416186202,6,Medio,538.6499999999999,-2.7081053154260495,5102,No
4839,59820,0.577212020033389,4,Alto,538.6499999999999,37.18305091819698,3229,Sí
4840,73180,0.3190760218702019,5,Medio,538.6499999999999,9.374059836076846,4509,Sí
4841,157190,0.2069237416186202,6,Medio,538.6499999999999,-2.7081053154260495,5103,No
4842,627470,0.577212020033389,4,Alto,538.6499999999999,37.18305091819698,3230,Sí
4843,885310,0.05795454545454545,7,Bajo,538.6499999999999,-18.75655681818182,6107,No
4844,202840,0.7387958410713422,2,Alto,832.5,98.0095075383785,1165,Sí
4845,52810,0.9063923662873214,1,Alto,832.5,125.91432898683902,711,Sí
4846,766320,0.4490472245236123,4,Medio,654.0,33.735376967688495,3396,Sí
4847,130750,0.9367088607594937,1,Alto,654.0,97.52151898734178,1216,Sí
4848,575620,0.030010172939979655,7,Bajo,654.0,-21.07466937945066,6420,No
4849,652910,0.577212020033389,4,Alto,450.0,26.949081803005015,3745,Sí
4850,10310,0.3551617873651772,5,Medio,832.5,34.134437596302,3346,Sí
4851,46750,0.805102752829306,2,Alto,832.5,109.04960834607945,908,Sí
4852,96620,0.9929873772791024,1,Alto,832.5,140.33239831697057,483,Sí
4853,107120,0.9929873772791024,1,Alto,832.5,140.33239831697057,484,Sí
4854,217650,0.8616298022399826,1,Alto,832.5,118.46136207295712,795,Sí
4855,313380,0.805102752829306,2,Alto,832.5,109.04960834607945,909,Sí
4856,356220,0.3551617873651772,5,Medio,832.5,34.134437596302,3347,Sí
4857,371680,0.00395882818685669,8,Bajo,832.5,-24.340855106888363,7716,No
4858,377080,0.00395882818685669,8,Bajo,832.5,-24.340855106888363,7717,No
4859,381720,0.577212020033389,4,Alto,832.5,71.10580133555928,1966,Sí
4860,695510,0.00395882818685669,8,Bajo,832.5,-24.340855106888363,7718,No
4861,759760,0.006359300476947535,7,Bajo,832.5,-23.941176470588236,7261,No
4862,761540,0.006359300476947535,7,Bajo,832.5,-23.941176470588236,7262,No
4863,762320,0.006359300476947535,7,Bajo,832.5,-23.941176470588236,7263,No
4864,474440,0.7103092783505155,3,Alto,832.5,93.26649484536082,1314,Sí
4865,391150,0.8802395209580839,1,Alto,450.0,54.221556886227546,2579,Sí
4866,207740,0.3992828611200487,5,Medio,654.0,27.22619823450237,3705,Sí
4867,123290,0.15796018829117864,6,Bajo,654.0,-4.338807371513834,5168,No
4868,191380,0.9929873772791024,1,Alto,832.5,140.33239831697057,485,Sí
4869,302110,0.9063923662873214,1,Alto,832.5,125.91432898683902,712,Sí
4870,323890,0.13476962978634788,6,Bajo,654.0,-7.372132423945697,5320,No
4871,824540,0.22448979591836735,6,Medio,832.5,12.37755102040817,4364,Sí
4872,132670,0.577212020033389,4,Alto,654.0,50.49933222036729,2772,Sí
4873,88830,0.7387958410713422,2,Alto,832.5,98.0095075383785,1166,Sí
4874,786910,0.44367816091954015,4,Medio,654.0,33.03310344827585,3474,Sí
4875,719460,0.5417406749555951,4,Alto,832.5,65.19982238010658,2184,Sí
4876,870750,0.6980392156862745,3,Alto,270.0,12.694117647058825,4344,Sí
4877,188010,0.9063923662873214,1,Alto,832.5,125.91432898683902,713,Sí
4878,302050,0.672451290504297,3,Alto,270.0,11.312369687232042,4434,Sí
4879,530020,0.577212020033389,4,Alto,832.5,71.10580133555928,1967,Sí
4880,128770,0.3372395833333333,5,Medio,652.5,19.009765625,4068,Sí
4881,467270,0.4155701754385965,5,Medio,652.5,29.23190789473685,3606,Sí
4882,649110,0.13846153846153847,6,Bajo,652.5,-6.930769230769229,5296,No
4883,678690,0.4155701754385965,5,Medio,652.5,29.23190789473685,3607,Sí
4884,678830,0.4155701754385965,5,Medio,652.5,29.23190789473685,3608,Sí
4885,14000,0.2527472527472528,6,Medio,654.0,8.05934065934067,4598,Sí
4886,94050,0.3659767298402987,5,Medio,654.0,22.86975626311108,3895,Sí
4887,119800,0.6980392156862745,3,Alto,654.0,66.30352941176471,2147,Sí
4888,188820,0.49535603715170295,4,Medio,654.0,39.79256965944275,3108,Sí
4889,420220,0.22448979591836735,6,Medio,654.0,4.36326530612245,4775,Sí
4890,564720,0.00395882818685669,8,Bajo,654.0,-24.482185273159146,8244,No
4891,666910,0.39416058394160586,5,Medio,654.0,26.556204379562054,3757,Sí
4892,739000,0.3372395833333333,5,Medio,654.0,19.1109375,4040,Sí
4893,831430,0.2731707317073171,5,Medio,654.0,10.730731707317076,4452,Sí
4894,1530,0.8616298022399826,1,Alto,832.5,118.46136207295712,796,Sí
4895,4650,0.8616298022399826,1,Alto,832.5,118.46136207295712,797,Sí
4896,4710,0.9929873772791024,1,Alto,832.5,140.33239831697057,486,Sí
4897,5700,0.9063923662873214,1,Alto,832.5,125.91432898683902,714,Sí
4898,5940,0.9643635135789099,1,Alto,832.5,135.5665250108885,580,Sí
4899,8650,0.999476961593071,1,Alto,832.5,141.41291410524633,459,Sí
4900,9900,0.8616298022399826,1,Alto,832.5,118.46136207295712,798,Sí
4901,10430,0.9643635135789099,1,Alto,832.5,135.5665250108885,581,Sí
4902,13960,0.9063923662873214,1,Alto,832.5,125.91432898683902,715,Sí
4903,16220,0.577212020033389,4,Alto,832.5,71.10580133555928,1968,Sí
4904,19530,0.751269035532995,2,Alto,832.5,100.08629441624366,1136,Sí
4905,29870,0.8802395209580839,1,Alto,832.5,121.55988023952096,779,Sí
4906,30860,0.805102752829306,2,Alto,832.5,109.04960834607945,910,Sí
4907,31870,0.805102752829306,2,Alto,832.5,109.04960834607945,911,Sí
4908,35170,0.7283950617283951,3,Alto,832.5,96.27777777777777,1227,Sí
4909,36210,0.9929873772791024,1,Alto,832.5,140.33239831697057,487,Sí
4910,45690,0.9643635135789099,1,Alto,832.5,135.5665250108885,582,Sí
4911,54760,0.805102752829306,2,Alto,832.5,109.04960834607945,912,Sí
4912,56920,0.805102752829306,2,Alto,832.5,109.04960834607945,913,Sí
4913,57130,0.7283950617283951,3,Alto,832.5,96.27777777777777,1228,Sí
4914,57570,0.9929873772791024,1,Alto,832.5,140.33239831697057,488,Sí
4915,58060,0.805102752829306,2,Alto,832.5,109.04960834607945,914,Sí
4916,62630,0.9148387096774193,1,Alto,832.5,127.32064516129032,700,Sí
4917,63190,0.95578231292517,1,Alto,832.5,134.1377551020408,606,Sí
4918,65600,0.805102752829306,2,Alto,832.5,109.04960834607945,915,Sí
4919,65890,0.9929873772791024,1,Alto,832.5,140.33239831697057,489,Sí
4920,66770,0.751269035532995,2,Alto,832.5,100.08629441624366,1137,Sí
4921,66810,0.805102752829306,2,Alto,832.5,109.04960834607945,916,Sí
4922,78820,0.9702233250620348,1,Alto,832.5,136.54218362282882,553,Sí
4923,90120,0.751269035532995,2,Alto,832.5,100.08629441624366,1138,Sí
4924,115740,0.4155701754385965,5,Medio,832.5,44.19243421052633,3006,Sí
4925,116130,0.5417406749555951,4,Alto,832.5,65.19982238010658,2185,Sí
4926,120470,0.9643635135789099,1,Alto,832.5,135.5665250108885,583,Sí
4927,133340,0.805102752829306,2,Alto,832.5,109.04960834607945,917,Sí
4928,135480,0.8616298022399826,1,Alto,832.5,118.46136207295712,799,Sí
4929,137800,0.9643635135789099,1,Alto,832.5,135.5665250108885,584,Sí
4930,144800,0.9929873772791024,1,Alto,832.5,140.33239831697057,490,Sí
4931,166140,0.95578231292517,1,Alto,832.5,134.1377551020408,607,Sí
4932,168200,0.9950980392156863,1,Alto,832.5,140.68382352941177,467,Sí
4933,170630,0.805102752829306,2,Alto,832.5,109.04960834607945,918,Sí
4934,174270,0.9063923662873214,1,Alto,832.5,125.91432898683902,716,Sí
4935,174760,0.9148387096774193,1,Alto,832.5,127.32064516129032,701,Sí
4936,176810,0.95578231292517,1,Alto,832.5,134.1377551020408,608,Sí
4937,187000,0.805102752829306,2,Alto,832.5,109.04960834607945,919,Sí
4938,187010,0.805102752829306,2,Alto,832.5,109.04960834607945,920,Sí
4939,241510,0.8339060710194731,2,Alto,832.5,113.84536082474227,866,Sí
4940,249340,0.9950980392156863,1,Alto,832.5,140.68382352941177,468,Sí
4941,251560,0.9929873772791024,1,Alto,832.5,140.33239831697057,491,Sí
4942,266550,0.751269035532995,2,Alto,832.5,100.08629441624366,1139,Sí
4943,283500,0.9367088607594937,1,Alto,832.5,130.9620253164557,658,Sí
4944,290970,0.8434959349593496,2,Alto,832.5,115.4420731707317,837,Sí
4945,298510,0.9005328596802842,1,Alto,832.5,124.93872113676733,752,Sí
4946,307420,0.751269035532995,2,Alto,832.5,100.08629441624366,1140,Sí
4947,312030,0.805102752829306,2,Alto,832.5,109.04960834607945,921,Sí
4948,317650,0.3551617873651772,5,Medio,832.5,34.134437596302,3348,Sí
4949,320190,0.3551617873651772,5,Medio,832.5,34.134437596302,3349,Sí
4950,326410,0.805102752829306,2,Alto,832.5,109.04960834607945,922,Sí
4951,328270,0.805102752829306,2,Alto,832.5,109.04960834607945,923,Sí
4952,333920,0.6460905349794238,3,Alto,832.5,82.57407407407406,1581,Sí
4953,340130,0.9063923662873214,1,Alto,832.5,125.91432898683902,717,Sí
4954,356760,0.21256038647342995,6,Medio,832.5,10.391304347826086,4459,Sí
4955,356920,0.3551617873651772,5,Medio,832.5,34.134437596302,3350,Sí
4956,357430,0.17019027484143764,6,Bajo,832.5,3.3366807610993696,4818,Sí
4957,367580,0.006097560975609756,8,Bajo,832.5,-23.984756097560975,7383,No
4958,368880,0.21199143468950749,6,Medio,832.5,10.296573875802999,4468,Sí
4959,377320,0.4672268907563025,4,Medio,832.5,52.79327731092438,2588,Sí
4960,385270,0.44367816091954015,4,Medio,832.5,48.87241379310343,2855,Sí
4961,438870,0.015706806282722516,7,Bajo,832.5,-22.3848167539267,6644,No
4962,462920,0.577212020033389,4,Alto,832.5,71.10580133555928,1969,Sí
4963,571010,0.577212020033389,4,Alto,832.5,71.10580133555928,1970,Sí
4964,577450,0.006359300476947535,7,Bajo,832.5,-23.941176470588236,7264,No
4965,681020,0.2527472527472528,6,Medio,832.5,17.082417582417598,4114,Sí
4966,684900,0.2527472527472528,6,Medio,832.5,17.082417582417598,4115,Sí
4967,686440,0.2731707317073171,5,Medio,832.5,20.4829268292683,3986,Sí
4968,710930,0.2731707317073171,5,Medio,832.5,20.4829268292683,3987,Sí
4969,741770,0.751269035532995,2,Alto,832.5,100.08629441624366,1141,Sí
4970,799200,0.08709016393442623,6,Bajo,832.5,-10.499487704918032,5498,No
4971,819670,0.006359300476947535,7,Bajo,832.5,-23.941176470588236,7265,No
4972,290750,0.9367088607594937,1,Alto,682.5,102.86075949367088,1061,Sí
4973,251510,0.13476962978634788,6,Bajo,654.0,-7.372132423945697,5321,No
4974,589190,0.3551617873651772,5,Medio,654.0,21.45516178736517,3936,Sí
4975,80740,0.7103092783505155,3,Alto,832.5,93.26649484536082,1315,Sí
4976,119200,0.9929873772791024,1,Alto,832.5,140.33239831697057,492,Sí
4977,314270,0.9367088607594937,1,Alto,654.0,97.52151898734178,1217,Sí
4978,88550,0.9929873772791024,1,Alto,832.5,140.33239831697057,493,Sí
4979,338190,0.9643635135789099,1,Alto,832.5,135.5665250108885,585,Sí
4980,339060,0.9929873772791024,1,Alto,832.5,140.33239831697057,494,Sí
4981,339770,0.9643635135789099,1,Alto,832.5,135.5665250108885,586,Sí
4982,545010,0.11088295687885011,6,Bajo,652.5,-10.529774127310061,5508,No
4983,72840,0.98046875,1,Alto,654.0,103.24531250000001,1055,Sí
4984,847420,0.00395882818685669,8,Bajo,450.0,-24.643705463182897,8605,No
4985,330280,0.15796018829117864,6,Bajo,654.0,-4.338807371513834,5169,No
4986,774090,0.002488654662567706,8,Bajo,654.0,-24.674483970136144,8632,No
4987,98540,0.9643635135789099,1,Alto,832.5,135.5665250108885,587,Sí
4988,109430,0.9929873772791024,1,Alto,832.5,140.33239831697057,495,Sí
4989,48750,0.9056043180256583,1,Alto,654.0,93.45304479775612,1268,Sí
4990,255360,0.17019027484143764,6,Bajo,450.0,-9.68287526427061,5434,No
4991,270710,0.44367816091954015,4,Medio,654.0,33.03310344827585,3475,Sí
4992,253330,0.9056043180256583,1,Alto,654.0,93.45304479775612,1269,Sí
4993,64170,0.776685393258427,2,Alto,832.5,104.31811797752812,1023,Sí
4994,17980,0.7387958410713422,2,Alto,832.5,98.0095075383785,1167,Sí
4995,78930,0.805102752829306,2,Alto,832.5,109.04960834607945,924,Sí
4996,428110,0.6980392156862745,3,Alto,832.5,91.22352941176472,1362,Sí
4997,428550,0.6980392156862745,3,Alto,832.5,91.22352941176472,1363,Sí
4998,734310,0.3372395833333333,5,Medio,654.0,19.1109375,4041,Sí
4999,602320,0.3372395833333333,5,Medio,652.5,19.009765625,4069,Sí
5000,271440,0.9643635135789099,1,Alto,832.5,135.5665250108885,588,Sí
5001,127370,0.999476961593071,1,Alto,825.0,139.91369866285672,507,Sí
5002,36840,0.9999,1,Alto,646.5,104.28707,1026,Sí
5003,216400,0.49535603715170295,4,Medio,654.0,39.79256965944275,3109,Sí
5004,443010,0.21256038647342995,6,Medio,652.5,2.7391304347826093,4839,Sí
5005,473830,0.4155701754385965,5,Medio,652.5,29.23190789473685,3609,Sí
5006,477840,0.4672268907563025,4,Medio,652.5,35.973109243697486,3285,Sí
5007,481240,0.4672268907563025,4,Medio,652.5,35.973109243697486,3286,Sí
5008,489880,0.21199143468950749,6,Medio,652.5,2.6648822269807297,4852,Sí
5009,91130,0.8802395209580839,1,Alto,654.0,90.13532934131737,1389,Sí
5010,102890,0.4490472245236123,4,Medio,654.0,33.735376967688495,3397,Sí
5011,129540,0.3064157764943565,5,Medio,654.0,15.079183565461825,4282,Sí
5012,202590,0.3064157764943565,5,Medio,654.0,15.079183565461825,4283,Sí
5013,223130,0.805102752829306,2,Alto,654.0,80.30744007007323,1640,Sí
5014,261770,0.4155701754385965,5,Medio,654.0,29.356578947368426,3577,Sí
5015,271950,0.4155701754385965,5,Medio,654.0,29.356578947368426,3578,Sí
5016,331020,0.577212020033389,4,Alto,654.0,50.49933222036729,2773,Sí
5017,512390,0.3372395833333333,5,Medio,654.0,19.1109375,4042,Sí
5018,513170,0.577212020033389,4,Alto,654.0,50.49933222036729,2774,Sí
5019,672470,0.44367816091954015,4,Medio,654.0,33.03310344827585,3476,Sí
5020,760970,0.3551617873651772,5,Medio,654.0,21.45516178736517,3937,Sí
5021,763760,0.21256038647342995,6,Medio,654.0,2.8028985507246382,4836,Sí
5022,772520,0.4155701754385965,5,Medio,654.0,29.356578947368426,3579,Sí
5023,68850,0.7387958410713422,2,Alto,832.5,98.0095075383785,1168,Sí
5024,31420,0.805102752829306,2,Alto,832.5,109.04960834607945,925,Sí
5025,32730,0.7387958410713422,2,Alto,832.5,98.0095075383785,1169,Sí
5026,34620,0.805102752829306,2,Alto,832.5,109.04960834607945,926,Sí
5027,36480,0.7387958410713422,2,Alto,832.5,98.0095075383785,1170,Sí
5028,145080,0.672451290504297,3,Alto,832.5,86.96313986896546,1450,Sí
5029,152400,0.9367088607594937,1,Alto,832.5,130.9620253164557,659,Sí
5030,192680,0.805102752829306,2,Alto,832.5,109.04960834607945,927,Sí
5031,449290,0.21199143468950749,6,Medio,832.5,10.296573875802999,4469,Sí
5032,485030,0.5417406749555951,4,Alto,654.0,45.85968028419184,2909,Sí
5033,134170,0.4490472245236123,4,Medio,654.0,33.735376967688495,3398,Sí
5034,554210,0.3551617873651772,5,Medio,367.5,1.1043913713405225,4940,Sí
5035,222040,0.8602150537634409,2,Alto,832.5,118.22580645161293,817,Sí
5036,672020,0.015706806282722516,7,Bajo,538.6499999999999,-23.307905759162303,6902,No
5037,153110,0.6980392156862745,3,Alto,652.5,66.09411764705882,2166,Sí
5038,210290,0.9063923662873214,1,Alto,654.0,93.55612151038164,1252,Sí
5039,188730,0.95578231292517,1,Alto,832.5,134.1377551020408,609,Sí
5040,446560,0.21199143468950749,6,Medio,832.5,10.296573875802999,4470,Sí
5041,463730,0.577212020033389,4,Alto,832.5,71.10580133555928,1971,Sí
5042,463970,0.21199143468950749,6,Medio,832.5,10.296573875802999,4471,Sí
5043,464630,0.21199143468950749,6,Medio,832.5,10.296573875802999,4472,Sí
5044,468490,0.25,6,Medio,367.5,-6.625,5291,No
5045,79070,0.9929873772791024,1,Alto,654.0,104.88274894810661,992,Sí
5046,247250,0.3551617873651772,5,Medio,405.0,3.7681047765793494,4809,Sí
5047,158980,0.577212020033389,4,Alto,832.5,71.10580133555928,1972,Sí
5048,166460,0.9005328596802842,1,Alto,832.5,124.93872113676733,753,Sí
5049,308220,0.95578231292517,1,Alto,832.5,134.1377551020408,610,Sí
5050,886630,0.44367816091954015,4,Medio,832.5,48.87241379310343,2856,Sí
5051,613790,0.2527472527472528,6,Medio,450.0,-2.2527472527472447,5068,No
5052,68030,0.7387958410713422,2,Alto,654.0,71.63449601213158,1930,Sí
5053,772230,0.08709016393442623,6,Bajo,450.0,-17.161885245901637,5938,No
5054,239370,0.48966632776888547,4,Medio,538.6499999999999,27.751753490542022,3635,Sí
5055,352340,0.21199143468950749,6,Medio,832.5,10.296573875802999,4473,Sí
5056,562550,0.4672268907563025,4,Medio,654.0,36.113277310924374,3262,Sí
5057,207780,0.7704280155642024,2,Alto,538.6499999999999,57.9982101167315,2510,Sí
5058,138070,0.13476962978634788,6,Bajo,538.6499999999999,-10.481267783116746,5490,No
5059,140680,0.2586476375832887,5,Medio,538.6499999999999,2.8641099968476844,4835,Sí
5060,148000,0.7704280155642024,2,Alto,442.5,43.18287937743192,3015,Sí
5061,206590,0.9643635135789099,1,Alto,654.0,101.13874757612143,1116,Sí
5062,264880,0.9148387096774193,1,Alto,654.0,94.66090322580645,1241,Sí
5063,309760,0.2821741113702567,5,Medio,654.0,11.908373767229584,4409,Sí
5064,285660,0.49535603715170295,4,Medio,450.0,19.582043343653268,4012,Sí
5065,316120,0.8802395209580839,1,Alto,450.0,54.221556886227546,2580,Sí
5066,728280,0.6460905349794238,3,Alto,832.5,82.57407407407406,1582,Sí
5067,233900,0.9367088607594937,1,Alto,832.5,130.9620253164557,660,Sí
5068,222900,0.8339060710194731,2,Alto,270.0,20.03092783505155,3992,Sí
5069,157890,0.4490472245236123,4,Medio,832.5,49.76636288318146,2843,Sí
5070,167540,0.44367816091954015,4,Medio,832.5,48.87241379310343,2857,Sí
5071,238830,0.6980392156862745,3,Alto,654.0,66.30352941176471,2148,Sí
5072,291690,0.25,6,Medio,442.5,-2.875,5113,No
5073,330900,0.7387958410713422,2,Alto,654.0,71.63449601213158,1931,Sí
5074,112440,0.9643635135789099,1,Alto,832.5,135.5665250108885,589,Sí
5075,72410,0.9702233250620348,1,Alto,654.0,101.90521091811416,1080,Sí
5076,177310,0.7387958410713422,2,Alto,832.5,98.0095075383785,1171,Sí
5077,214630,0.7387958410713422,2,Alto,832.5,98.0095075383785,1172,Sí
5078,800870,0.21256038647342995,6,Medio,832.5,10.391304347826086,4460,Sí
5079,44450,0.95578231292517,1,Alto,832.5,134.1377551020408,611,Sí
5080,123390,0.4490472245236123,4,Medio,832.5,49.76636288318146,2844,Sí
5081,241340,0.6460905349794238,3,Alto,832.5,82.57407407407406,1583,Sí
5082,472850,0.577212020033389,4,Alto,832.5,71.10580133555928,1973,Sí
5083,506970,0.0038314176245210726,8,Bajo,832.5,-24.362068965517242,8053,No
5084,648640,0.00395882818685669,8,Bajo,832.5,-24.340855106888363,7719,No
5085,765380,0.17019027484143764,6,Bajo,450.0,-9.68287526427061,5435,No
5086,242530,0.7387958410713422,2,Alto,832.5,98.0095075383785,1173,Sí
5087,253410,0.7387958410713422,2,Alto,832.5,98.0095075383785,1174,Sí
5088,258080,0.7387958410713422,2,Alto,832.5,98.0095075383785,1175,Sí
5089,263760,0.7387958410713422,2,Alto,832.5,98.0095075383785,1176,Sí
5090,272820,0.7387958410713422,2,Alto,832.5,98.0095075383785,1177,Sí
5091,311710,0.7387958410713422,2,Alto,832.5,98.0095075383785,1178,Sí
5092,138260,0.999476961593071,1,Alto,646.5,104.23237113398409,1036,Sí
5093,856720,0.95578231292517,1,Alto,832.5,134.1377551020408,612,Sí
5094,6050,0.577212020033389,4,Alto,652.5,50.32616861435727,2826,Sí
5095,7170,0.2558139534883721,6,Medio,652.5,8.383720930232563,4584,Sí
5096,9000,0.2558139534883721,6,Medio,652.5,8.383720930232563,4585,Sí
5097,710880,0.17019027484143764,6,Bajo,652.5,-2.7901691331923857,5111,No
5098,11900,0.7387958410713422,2,Alto,654.0,71.63449601213158,1932,Sí
5099,40310,0.5417406749555951,4,Alto,654.0,45.85968028419184,2910,Sí
5100,48830,0.2069237416186202,6,Medio,654.0,2.0656254037155257,4912,Sí
5101,66910,0.3992828611200487,5,Medio,654.0,27.22619823450237,3706,Sí
5102,112780,0.6980392156862745,3,Alto,654.0,66.30352941176471,2149,Sí
5103,136240,0.6728723404255319,3,Alto,654.0,63.01170212765959,2286,Sí
5104,136980,0.3992828611200487,5,Medio,654.0,27.22619823450237,3707,Sí
5105,146350,0.3992828611200487,5,Medio,654.0,27.22619823450237,3708,Sí
5106,158510,0.6980392156862745,3,Alto,654.0,66.30352941176471,2150,Sí
5107,168810,0.5417406749555951,4,Alto,654.0,45.85968028419184,2911,Sí
5108,191600,0.4672268907563025,4,Medio,654.0,36.113277310924374,3263,Sí
5109,204950,0.577212020033389,4,Alto,654.0,50.49933222036729,2775,Sí
5110,230540,0.44367816091954015,4,Medio,654.0,33.03310344827585,3477,Sí
5111,319110,0.577212020033389,4,Alto,654.0,50.49933222036729,2776,Sí
5112,336320,0.6980392156862745,3,Alto,654.0,66.30352941176471,2151,Sí
5113,340220,0.3064157764943565,5,Medio,654.0,15.079183565461825,4284,Sí
5114,687030,0.6460905349794238,3,Alto,654.0,59.508641975308635,2451,Sí
5115,687170,0.6460905349794238,3,Alto,654.0,59.508641975308635,2452,Sí
5116,78740,0.7387958410713422,2,Alto,654.0,71.63449601213158,1933,Sí
5117,92210,0.9643635135789099,1,Alto,654.0,101.13874757612143,1117,Sí
5118,814910,0.4155701754385965,5,Medio,654.0,29.356578947368426,3580,Sí
5119,831780,0.3372395833333333,5,Medio,654.0,19.1109375,4043,Sí
5120,540510,0.20909090909090908,6,Medio,654.0,2.349090909090908,4863,Sí
5121,136580,0.6460905349794238,3,Alto,682.5,63.191358024691354,2227,Sí
5122,26900,0.7103092783505155,3,Alto,682.5,71.95721649484537,1910,Sí
5123,136770,0.9702233250620348,1,Alto,832.5,136.54218362282882,554,Sí
5124,138500,0.9702233250620348,1,Alto,832.5,136.54218362282882,555,Sí
5125,148540,0.9702233250620348,1,Alto,832.5,136.54218362282882,556,Sí
5126,178000,0.9702233250620348,1,Alto,832.5,136.54218362282882,557,Sí
5127,182670,0.9702233250620348,1,Alto,832.5,136.54218362282882,558,Sí
5128,718690,0.4155701754385965,5,Medio,832.5,44.19243421052633,3007,Sí
5129,740850,0.21199143468950749,6,Medio,832.5,10.296573875802999,4474,Sí
5130,741470,0.21199143468950749,6,Medio,832.5,10.296573875802999,4475,Sí
5131,289020,0.7387958410713422,2,Alto,832.5,98.0095075383785,1179,Sí
5132,568440,0.6460905349794238,3,Alto,538.6499999999999,44.60333333333331,2982,Sí
5133,568580,0.6460905349794238,3,Alto,538.6499999999999,44.60333333333331,2983,Sí
5134,56970,0.98046875,1,Alto,832.5,138.248046875,533,Sí
5135,224870,0.805102752829306,2,Alto,654.0,80.30744007007323,1641,Sí
5136,328890,0.9999,1,Alto,825.0,139.98350000000002,499,Sí
5137,229710,0.7387958410713422,2,Alto,832.5,98.0095075383785,1180,Sí
5138,254720,0.2069237416186202,6,Medio,654.0,2.0656254037155257,4913,Sí
5139,552440,0.4490472245236123,4,Medio,367.5,8.004971002485505,4601,Sí
5140,734980,0.22448979591836735,6,Medio,654.0,4.36326530612245,4776,Sí
5141,435680,0.3372395833333333,5,Medio,450.0,5.3515625,4702,Sí
5142,138490,0.21199143468950749,6,Medio,832.5,10.296573875802999,4476,Sí
5143,329580,0.7387958410713422,2,Alto,405.0,34.842463126778725,3334,Sí
5144,830380,0.3551617873651772,5,Medio,654.0,21.45516178736517,3938,Sí
5145,319940,0.5841401012556733,3,Alto,0.0,-25.0,9993,No
5146,303860,0.09523446674658179,6,Bajo,654.0,-12.5433317495471,5617,No
5147,237800,0.18428888849113062,6,Bajo,538.6499999999999,-5.146558042850504,5184,No
5148,369930,0.009259259259259259,7,Bajo,538.6499999999999,-24.0025,7409,No
5149,777180,0.041237113402061855,7,Bajo,538.6499999999999,-20.557525773195877,6301,No
5150,33510,0.9643635135789099,1,Alto,832.5,135.5665250108885,590,Sí
5151,353020,0.4490472245236123,4,Medio,832.5,49.76636288318146,2845,Sí
5152,353920,0.4490472245236123,4,Medio,832.5,49.76636288318146,2846,Sí
5153,212840,0.999476961593071,1,Alto,450.0,64.95292654337639,2195,Sí
5154,311100,0.7387958410713422,2,Alto,832.5,98.0095075383785,1181,Sí
5155,790340,0.08709016393442623,6,Bajo,450.0,-17.161885245901637,5939,No
5156,339490,0.7387958410713422,2,Alto,832.5,98.0095075383785,1182,Sí
5157,6220,0.805102752829306,2,Alto,654.0,80.30744007007323,1642,Sí
5158,649000,0.3372395833333333,5,Medio,450.0,5.3515625,4703,Sí
5159,540230,0.3551617873651772,5,Medio,832.5,34.134437596302,3351,Sí
5160,212170,0.672451290504297,3,Alto,832.5,86.96313986896546,1451,Sí
5161,380140,0.4155701754385965,5,Medio,654.0,29.356578947368426,3581,Sí
5162,177320,0.7387958410713422,2,Alto,832.5,98.0095075383785,1183,Sí
5163,202160,0.7387958410713422,2,Alto,832.5,98.0095075383785,1184,Sí
5164,220600,0.7387958410713422,2,Alto,832.5,98.0095075383785,1185,Sí
5165,224170,0.7387958410713422,2,Alto,832.5,98.0095075383785,1186,Sí
5166,243490,0.9056043180256583,1,Alto,652.5,93.18136350234843,1319,Sí
5167,20380,0.95578231292517,1,Alto,832.5,134.1377551020408,613,Sí
5168,22160,0.7387958410713422,2,Alto,832.5,98.0095075383785,1187,Sí
5169,37090,0.9056043180256583,1,Alto,832.5,125.78311895127214,725,Sí
5170,39430,0.7387958410713422,2,Alto,832.5,98.0095075383785,1188,Sí
5171,67880,0.7387958410713422,2,Alto,832.5,98.0095075383785,1189,Sí
5172,74690,0.9748713797272744,1,Alto,832.5,137.3160847245912,540,Sí
5173,94860,0.9367088607594937,1,Alto,832.5,130.9620253164557,661,Sí
5174,100040,0.7387958410713422,2,Alto,832.5,98.0095075383785,1190,Sí
5175,118680,0.9367088607594937,1,Alto,832.5,130.9620253164557,662,Sí
5176,122970,0.8616298022399826,1,Alto,832.5,118.46136207295712,800,Sí
5177,127180,0.8616298022399826,1,Alto,832.5,118.46136207295712,801,Sí
5178,127720,0.8616298022399826,1,Alto,832.5,118.46136207295712,802,Sí
5179,128760,0.8616298022399826,1,Alto,832.5,118.46136207295712,803,Sí
5180,141860,0.9702233250620348,1,Alto,832.5,136.54218362282882,559,Sí
5181,156230,0.7387958410713422,2,Alto,832.5,98.0095075383785,1191,Sí
5182,173770,0.7387958410713422,2,Alto,832.5,98.0095075383785,1192,Sí
5183,176350,0.8616298022399826,1,Alto,832.5,118.46136207295712,804,Sí
5184,192150,0.7387958410713422,2,Alto,832.5,98.0095075383785,1193,Sí
5185,193260,0.7387958410713422,2,Alto,832.5,98.0095075383785,1194,Sí
5186,228160,0.999476961593071,1,Alto,832.5,141.41291410524633,460,Sí
5187,254580,0.672451290504297,3,Alto,832.5,86.96313986896546,1452,Sí
5188,269770,0.8616298022399826,1,Alto,832.5,118.46136207295712,805,Sí
5189,282000,0.8616298022399826,1,Alto,832.5,118.46136207295712,806,Sí
5190,282200,0.9367088607594937,1,Alto,832.5,130.9620253164557,663,Sí
5191,285290,0.9367088607594937,1,Alto,832.5,130.9620253164557,664,Sí
5192,303090,0.8616298022399826,1,Alto,832.5,118.46136207295712,807,Sí
5193,319490,0.9056043180256583,1,Alto,832.5,125.78311895127214,726,Sí
5194,319660,0.8616298022399826,2,Alto,832.5,118.46136207295712,808,Sí
5195,325150,0.9702233250620348,1,Alto,832.5,136.54218362282882,560,Sí
5196,329610,0.9056043180256583,1,Alto,832.5,125.78311895127214,727,Sí
5197,330890,0.49535603715170295,4,Medio,832.5,57.47678018575854,2534,Sí
5198,332130,0.8339060710194731,2,Alto,832.5,113.84536082474227,867,Sí
5199,334050,0.7387958410713422,2,Alto,832.5,98.0095075383785,1195,Sí
5200,340580,0.7995735607675906,2,Alto,832.5,108.12899786780383,944,Sí
5201,432990,0.17485265225933203,6,Bajo,832.5,4.112966601178783,4781,Sí
5202,433270,0.20909090909090908,6,Medio,832.5,9.813636363636363,4499,Sí
5203,435430,0.20909090909090908,6,Medio,832.5,9.813636363636363,4500,Sí
5204,444270,0.11134453781512609,6,Bajo,832.5,-6.461134453781508,5276,No
5205,444820,0.11134453781512609,6,Bajo,832.5,-6.461134453781508,5277,No
5206,494180,0.005385996409335727,8,Bajo,832.5,-24.1032315978456,7473,No
5207,524830,0.21199143468950749,6,Medio,832.5,10.296573875802999,4477,Sí
5208,525150,0.21199143468950749,6,Medio,832.5,10.296573875802999,4478,Sí
5209,546570,0.3551617873651772,5,Medio,832.5,34.134437596302,3352,Sí
5210,582870,0.577212020033389,4,Alto,832.5,71.10580133555928,1974,Sí
5211,600440,0.11088295687885011,6,Bajo,832.5,-6.537987679671456,5280,No
5212,600920,0.11088295687885011,6,Bajo,832.5,-6.537987679671456,5281,No
5213,604120,0.0038314176245210726,8,Bajo,832.5,-24.362068965517242,8054,No
5214,605270,0.10424710424710425,6,Bajo,832.5,-7.642857142857142,5339,No
5215,629020,0.3551617873651772,5,Medio,832.5,34.134437596302,3353,Sí
5216,629120,0.25,6,Medio,832.5,16.625,4208,Sí
5217,630410,0.25,6,Medio,832.5,16.625,4209,Sí
5218,636060,0.21256038647342995,6,Medio,832.5,10.391304347826086,4461,Sí
5219,636880,0.21256038647342995,6,Medio,832.5,10.391304347826086,4462,Sí
5220,638790,0.44367816091954015,4,Medio,832.5,48.87241379310343,2858,Sí
5221,639860,0.17485265225933203,6,Bajo,832.5,4.112966601178783,4782,Sí
5222,658530,0.4490472245236123,4,Medio,832.5,49.76636288318146,2847,Sí
5223,662180,0.3551617873651772,5,Medio,832.5,34.134437596302,3354,Sí
5224,683520,0.4155701754385965,5,Medio,832.5,44.19243421052633,3008,Sí
5225,684590,0.4155701754385965,5,Medio,832.5,44.19243421052633,3009,Sí
5226,723430,0.006097560975609756,8,Bajo,832.5,-23.984756097560975,7384,No
5227,730840,0.21256038647342995,6,Medio,832.5,10.391304347826086,4463,Sí
5228,744200,0.17485265225933203,6,Bajo,832.5,4.112966601178783,4783,Sí
5229,745080,0.11088295687885011,6,Bajo,832.5,-6.537987679671456,5282,No
5230,746120,0.17485265225933203,6,Bajo,832.5,4.112966601178783,4784,Sí
5231,759350,0.006359300476947535,7,Bajo,832.5,-23.941176470588236,7266,No
5232,836010,0.22448979591836735,6,Medio,832.5,12.37755102040817,4365,Sí
5233,853360,0.10424710424710425,6,Bajo,832.5,-7.642857142857142,5340,No
5234,853770,0.11088295687885011,6,Bajo,832.5,-6.537987679671456,5283,No
5235,855350,0.11088295687885011,6,Bajo,832.5,-6.537987679671456,5284,No
5236,855360,0.11088295687885011,6,Bajo,832.5,-6.537987679671456,5285,No
5237,856930,0.17485265225933203,6,Bajo,832.5,4.112966601178783,4785,Sí
5238,858550,0.17485265225933203,6,Bajo,832.5,4.112966601178783,4786,Sí
5239,858980,0.21199143468950749,6,Medio,832.5,10.296573875802999,4479,Sí
5240,724590,0.00395882818685669,8,Bajo,832.5,-24.340855106888363,7720,No
5241,204970,0.7387958410713422,2,Alto,832.5,98.0095075383785,1196,Sí
5242,228500,0.7387958410713422,2,Alto,832.5,98.0095075383785,1197,Sí
5243,108770,0.9005328596802842,1,Alto,654.0,92.78969804618117,1334,Sí
5244,215800,0.577212020033389,4,Alto,832.5,71.10580133555928,1975,Sí
5245,248350,0.999476961593071,1,Alto,654.0,105.73158657637367,963,Sí
5246,856370,0.4672268907563025,4,Medio,832.5,52.79327731092438,2589,Sí
5247,859960,0.005385996409335727,8,Bajo,832.5,-24.1032315978456,7474,No
5248,55690,0.11088295687885011,6,Bajo,450.0,-15.020533880903491,5787,No
5249,116330,0.4490472245236123,4,Medio,450.0,15.414250207125107,4239,Sí
5250,459520,0.17019027484143764,6,Bajo,450.0,-9.68287526427061,5436,No
5251,688070,0.030010172939979655,7,Bajo,450.0,-22.29908443540183,6609,No
5252,775210,0.3551617873651772,5,Medio,450.0,6.964560862865945,4651,Sí
5253,808400,0.4490472245236123,4,Medio,450.0,15.414250207125107,4240,Sí
5254,79560,0.9806451612903225,1,Alto,832.5,138.2774193548387,514,Sí
5255,88270,0.9806451612903225,1,Alto,832.5,138.2774193548387,515,Sí
5256,90560,0.7387958410713422,2,Alto,832.5,98.0095075383785,1198,Sí
5257,94870,0.7387958410713422,2,Alto,832.5,98.0095075383785,1199,Sí
5258,99710,0.7387958410713422,2,Alto,832.5,98.0095075383785,1200,Sí
5259,99780,0.7387958410713422,2,Alto,832.5,98.0095075383785,1201,Sí
5260,258620,0.9367088607594937,1,Alto,832.5,130.9620253164557,665,Sí
5261,258650,0.7387958410713422,2,Alto,832.5,98.0095075383785,1202,Sí
5262,259000,0.7387958410713422,2,Alto,832.5,98.0095075383785,1203,Sí
5263,267410,0.7387958410713422,2,Alto,832.5,98.0095075383785,1204,Sí
5264,360600,0.17019027484143764,6,Bajo,832.5,3.3366807610993696,4819,Sí
5265,455290,0.17019027484143764,6,Bajo,832.5,3.3366807610993696,4820,Sí
5266,635090,0.4490472245236123,4,Medio,654.0,33.735376967688495,3399,Sí
5267,820,0.7387958410713422,2,Alto,832.5,98.0095075383785,1205,Sí
5268,17160,0.7387958410713422,2,Alto,832.5,98.0095075383785,1206,Sí
5269,106180,0.8602150537634409,2,Alto,654.0,87.51612903225808,1424,Sí
5270,424810,0.3372395833333333,5,Medio,654.0,19.1109375,4044,Sí
5271,730710,0.4155701754385965,5,Medio,654.0,29.356578947368426,3582,Sí
5272,878750,0.10424710424710425,6,Bajo,652.5,-11.395752895752896,5550,No
5273,599690,0.21199143468950749,6,Medio,654.0,2.728479657387581,4843,Sí
5274,377060,0.4490472245236123,4,Medio,832.5,49.76636288318146,2848,Sí
5275,10160,0.9056043180256583,1,Alto,450.0,56.504388622309264,2552,Sí
5276,195350,0.9643635135789099,1,Alto,450.0,61.7927162221019,2361,Sí
5277,728730,0.11088295687885011,6,Bajo,832.5,-6.537987679671456,5286,No
5278,578680,0.00395882818685669,8,Bajo,832.5,-24.340855106888363,7721,No
5279,526980,0.0007462686567164179,9,Bajo,654.0,-24.902388059701494,9237,No
5280,247850,0.5841401012556733,3,Alto,832.5,72.2593268590696,1905,Sí
5281,61980,0.9148387096774193,1,Alto,832.5,127.32064516129032,702,Sí
5282,333200,0.8616298022399826,2,Alto,832.5,118.46136207295712,809,Sí
5283,398310,0.2558139534883721,6,Medio,652.5,8.383720930232563,4586,Sí
5284,554850,0.17485265225933203,6,Bajo,652.5,-2.18172888015717,5052,No
5285,551370,0.3372395833333333,5,Medio,450.0,5.3515625,4704,Sí
5286,85860,0.577212020033389,4,Alto,654.0,50.49933222036729,2777,Sí
5287,139340,0.3372395833333333,5,Medio,654.0,19.1109375,4045,Sí
5288,146100,0.4672268907563025,4,Medio,654.0,36.113277310924374,3264,Sí
5289,206290,0.21256038647342995,6,Medio,652.5,2.7391304347826093,4840,Sí
5290,308860,0.1105864797301402,6,Bajo,654.0,-10.53528845129766,5509,No
5291,468300,0.4672268907563025,4,Medio,654.0,36.113277310924374,3265,Sí
5292,240850,0.7387958410713422,2,Alto,832.5,98.0095075383785,1207,Sí
5293,41880,0.13225621613271665,6,Bajo,654.0,-7.70088692984066,5341,No
5294,271610,0.3551617873651772,5,Medio,832.5,34.134437596302,3355,Sí
5295,4110,0.4672268907563025,4,Medio,538.6499999999999,25.334352941176462,3786,Sí
5296,605500,0.6460905349794238,3,Alto,538.6499999999999,44.60333333333331,2984,Sí
5297,139440,0.9367088607594937,1,Alto,654.0,97.52151898734178,1218,Sí
5298,336830,0.9643635135789099,1,Alto,450.0,61.7927162221019,2362,Sí
5299,68010,0.8616298022399826,2,Alto,832.5,118.46136207295712,810,Sí
5300,89950,0.8616298022399826,2,Alto,832.5,118.46136207295712,811,Sí
5301,735520,0.17485265225933203,6,Bajo,832.5,4.112966601178783,4787,Sí
5302,598920,0.17019027484143764,6,Bajo,450.0,-9.68287526427061,5437,No
5303,551900,0.577212020033389,4,Alto,538.6499999999999,37.18305091819698,3231,Sí
5304,270850,0.08862601989521858,6,Bajo,654.0,-13.40771659770541,5655,No
5305,493510,0.39416058394160586,5,Medio,442.5,9.883211678832119,4498,Sí
5306,851730,0.7283950617283951,3,Alto,654.0,70.27407407407408,1993,Sí
5307,367770,0.21256038647342995,6,Medio,450.0,-5.869565217391305,5213,No
5308,845240,0.2731707317073171,5,Medio,654.0,10.730731707317076,4453,Sí
5309,727500,0.00395882818685669,8,Bajo,654.0,-24.482185273159146,8245,No
5310,609100,0.5417406749555951,4,Alto,654.0,45.85968028419184,2912,Sí
5311,668160,0.4155701754385965,5,Medio,538.6499999999999,19.769374999999997,4003,Sí
5312,250480,0.8339060710194731,2,Alto,652.5,83.82474226804125,1533,Sí
5313,609670,0.6728723404255319,3,Alto,654.0,63.01170212765959,2287,Sí
5314,254360,0.577212020033389,4,Alto,654.0,50.49933222036729,2778,Sí
5315,584280,0.3551617873651772,5,Medio,654.0,21.45516178736517,3939,Sí
5316,265640,0.7103092783505155,3,Alto,832.5,93.26649484536082,1316,Sí
5317,267340,0.7103092783505155,3,Alto,832.5,93.26649484536082,1317,Sí
5318,291790,0.7103092783505155,3,Alto,832.5,93.26649484536082,1318,Sí
5319,360050,0.6700336700336701,3,Alto,832.5,86.56060606060608,1460,Sí
5320,251790,0.672451290504297,3,Alto,270.0,11.312369687232042,4435,Sí
5321,80760,0.11963479492106192,6,Bajo,654.0,-9.351768824325099,5423,No
5322,846390,0.49535603715170295,4,Medio,654.0,39.79256965944275,3110,Sí
5323,592100,0.4490472245236123,4,Medio,654.0,33.735376967688495,3400,Sí
5324,586570,0.3551617873651772,5,Medio,654.0,21.45516178736517,3940,Sí
5325,4050,0.7103092783505155,3,Alto,450.0,38.927835051546396,3182,Sí
5326,58330,0.44367816091954015,4,Medio,450.0,14.93103448275862,4286,Sí
5327,449830,0.4155701754385965,5,Medio,654.0,29.356578947368426,3583,Sí
5328,513500,0.11134453781512609,6,Bajo,450.0,-14.978991596638652,5777,No
5329,439470,0.17485265225933203,6,Bajo,652.5,-2.18172888015717,5053,No
5330,138430,0.4672268907563025,4,Medio,654.0,36.113277310924374,3266,Sí
5331,425530,0.0038314176245210726,8,Bajo,654.0,-24.498850574712645,8258,No
5332,522380,0.44367816091954015,4,Medio,654.0,33.03310344827585,3478,Sí
5333,605460,0.4490472245236123,4,Medio,654.0,33.735376967688495,3401,Sí
5334,605470,0.4490472245236123,4,Medio,654.0,33.735376967688495,3402,Sí
5335,682250,0.4490472245236123,4,Medio,654.0,33.735376967688495,3403,Sí
5336,251870,0.5417406749555951,4,Alto,654.0,45.85968028419184,2913,Sí
5337,401540,0.17485265225933203,6,Bajo,450.0,-9.263261296660117,5412,No
5338,230280,0.9748713797272744,1,Alto,450.0,62.73842417545471,2331,Sí
5339,21550,0.9056043180256583,1,Alto,832.5,125.78311895127214,728,Sí
5340,28920,0.9056043180256583,1,Alto,832.5,125.78311895127214,729,Sí
5341,326970,0.18428888849113062,6,Bajo,654.0,-0.8950133853601159,5004,No
5342,92410,0.9643635135789099,1,Alto,360.0,44.43417297768151,2985,Sí
5343,652390,0.17485265225933203,6,Bajo,832.5,4.112966601178783,4788,Sí
5344,655270,0.17485265225933203,6,Bajo,832.5,4.112966601178783,4789,Sí
5345,54060,0.9748713797272744,1,Alto,450.0,62.73842417545471,2332,Sí
5346,82720,0.9748713797272744,1,Alto,450.0,62.73842417545471,2333,Sí
5347,323790,0.08709016393442623,6,Bajo,450.0,-17.161885245901637,5940,No
5348,326890,0.4155701754385965,5,Medio,405.0,8.661184210526322,4579,Sí
5349,43210,0.5417406749555951,4,Alto,654.0,45.85968028419184,2914,Sí
5350,231670,0.577212020033389,4,Alto,654.0,50.49933222036729,2779,Sí
5351,481730,0.3372395833333333,5,Medio,654.0,19.1109375,4046,Sí
5352,456750,0.0038314176245210726,8,Bajo,654.0,-24.498850574712645,8259,No
5353,310460,0.3190760218702019,5,Medio,538.6499999999999,9.374059836076846,4510,Sí
5354,111160,0.577212020033389,4,Alto,538.6499999999999,37.18305091819698,3232,Sí
5355,879780,0.08709016393442623,6,Bajo,450.0,-17.161885245901637,5941,No
5356,261110,0.8616298022399826,2,Alto,654.0,87.70117813298972,1409,Sí
5357,764190,0.4490472245236123,4,Medio,427.5,13.393537696768853,4333,Sí
5358,286520,0.4672268907563025,4,Medio,654.0,36.113277310924374,3267,Sí
5359,552730,0.17485265225933203,6,Bajo,652.5,-2.18172888015717,5054,No
5360,1210,0.9748713797272744,1,Alto,450.0,62.73842417545471,2334,Sí
5361,878180,0.4155701754385965,5,Medio,654.0,29.356578947368426,3584,Sí
5362,48970,0.2558139534883721,6,Medio,450.0,-1.9767441860465098,5041,No
5363,128390,0.3372395833333333,5,Medio,450.0,5.3515625,4705,Sí
5364,512470,0.2527472527472528,6,Medio,450.0,-2.2527472527472447,5069,No
5365,613510,0.029005524861878452,7,Bajo,450.0,-22.38950276243094,6645,No
5366,713380,0.08191489361702127,6,Bajo,450.0,-17.627659574468083,5994,No
5367,241350,0.13476962978634788,6,Bajo,450.0,-12.870733319228691,5631,No
5368,222530,0.9643635135789099,1,Alto,654.0,101.13874757612143,1118,Sí
5369,317800,0.2586476375832887,5,Medio,654.0,8.831110995894164,4550,Sí
5370,582220,0.4155701754385965,5,Medio,654.0,29.356578947368426,3585,Sí
5371,770270,0.577212020033389,4,Alto,654.0,50.49933222036729,2780,Sí
5372,617120,0.08709016393442623,6,Bajo,450.0,-17.161885245901637,5942,No
5373,763550,0.577212020033389,4,Alto,654.0,50.49933222036729,2781,Sí
5374,340680,0.999476961593071,1,Alto,825.0,139.91369866285672,508,Sí
5375,314150,0.20909090909090908,6,Medio,832.5,9.813636363636363,4501,Sí
5376,41230,0.9056043180256583,1,Alto,654.0,93.45304479775612,1270,Sí
5377,714710,0.006920415224913495,7,Bajo,654.0,-24.094809688581314,7462,No
5378,240890,0.2586476375832887,5,Medio,654.0,8.831110995894164,4551,Sí
5379,861500,0.005385996409335727,8,Bajo,832.5,-24.1032315978456,7475,No
5380,501130,0.00395882818685669,8,Bajo,654.0,-24.482185273159146,8246,No
5381,70890,0.4155701754385965,5,Medio,654.0,29.356578947368426,3586,Sí
5382,724660,0.4155701754385965,5,Medio,367.5,5.544407894736846,4695,Sí
5383,105980,0.577212020033389,4,Alto,832.5,71.10580133555928,1976,Sí
5384,227050,0.11963479492106192,6,Bajo,538.6499999999999,-12.111743543154,5592,No
5385,768960,0.4672268907563025,4,Medio,682.5,38.7764705882353,3186,Sí
5386,769120,0.4672268907563025,4,Medio,682.5,38.7764705882353,3187,Sí
5387,567820,0.17019027484143764,6,Bajo,538.6499999999999,-6.665401691331926,5293,No
5388,143670,0.5417406749555951,4,Alto,654.0,45.85968028419184,2915,Sí
5389,219160,0.9643635135789099,1,Alto,654.0,101.13874757612143,1119,Sí
5390,39420,0.3372395833333333,5,Medio,367.5,-0.212890625,4962,No
5391,585680,0.4490472245236123,4,Medio,654.0,33.735376967688495,3404,Sí
5392,776980,0.3551617873651772,5,Medio,654.0,21.45516178736517,3941,Sí
5393,801810,0.030010172939979655,7,Bajo,652.5,-21.083672431332655,6426,No
5394,58280,0.4490472245236123,4,Medio,654.0,33.735376967688495,3405,Sí
5395,73800,0.577212020033389,4,Alto,654.0,50.49933222036729,2782,Sí
5396,94840,0.49535603715170295,4,Medio,654.0,39.79256965944275,3111,Sí
5397,164620,0.15796018829117864,6,Bajo,654.0,-4.338807371513834,5170,No
5398,182930,0.6460905349794238,3,Alto,654.0,59.508641975308635,2453,Sí
5399,337910,0.751269035532995,2,Alto,654.0,73.26598984771574,1883,Sí
5400,374740,0.577212020033389,4,Alto,654.0,50.49933222036729,2783,Sí
5401,842260,0.3551617873651772,5,Medio,654.0,21.45516178736517,3942,Sí
5402,256000,0.95578231292517,1,Alto,832.5,134.1377551020408,614,Sí
5403,707910,0.17485265225933203,6,Bajo,442.5,-9.525540275049115,5426,No
5404,669580,0.11134453781512609,6,Bajo,682.5,-9.801470588235288,5441,No
5405,862900,0.5417406749555951,4,Alto,654.0,45.85968028419184,2916,Sí
5406,658870,0.17019027484143764,6,Bajo,450.0,-9.68287526427061,5438,No
5407,570060,0.577212020033389,4,Alto,832.5,71.10580133555928,1977,Sí
5408,216900,0.672451290504297,3,Alto,832.5,86.96313986896546,1453,Sí
5409,471230,0.11088295687885011,6,Bajo,367.5,-16.850102669404517,5891,No
5410,203110,0.2821741113702567,5,Medio,654.0,11.908373767229584,4410,Sí
5411,490280,0.13483146067415727,6,Bajo,652.5,-7.404494382022477,5329,No
5412,490850,0.13483146067415727,6,Bajo,652.5,-7.404494382022477,5330,No
5413,652710,0.13846153846153847,6,Bajo,652.5,-6.930769230769229,5297,No
5414,701790,0.4155701754385965,5,Medio,652.5,29.23190789473685,3610,Sí
5415,705610,0.17019027484143764,6,Bajo,652.5,-2.7901691331923857,5112,No
5416,5420,0.577212020033389,4,Alto,654.0,50.49933222036729,2784,Sí
5417,5860,0.577212020033389,4,Alto,654.0,50.49933222036729,2785,Sí
5418,36190,0.4490472245236123,4,Medio,654.0,33.735376967688495,3406,Sí
5419,74360,0.577212020033389,4,Alto,654.0,50.49933222036729,2786,Sí
5420,96440,0.4155701754385965,5,Medio,654.0,29.356578947368426,3587,Sí
5421,116870,0.4490472245236123,4,Medio,654.0,33.735376967688495,3407,Sí
5422,136500,0.3551617873651772,5,Medio,654.0,21.45516178736517,3943,Sí
5423,167410,0.4672268907563025,4,Medio,654.0,36.113277310924374,3268,Sí
5424,257170,0.13476962978634788,6,Bajo,654.0,-7.372132423945697,5322,No
5425,271720,0.4155701754385965,5,Medio,654.0,29.356578947368426,3588,Sí
5426,407930,0.006359300476947535,7,Bajo,654.0,-24.168203497615263,7512,No
5427,642950,0.751269035532995,2,Alto,654.0,73.26598984771574,1884,Sí
5428,667750,0.23846153846153842,6,Medio,654.0,6.190769230769227,4673,Sí
5429,689210,0.11088295687885011,6,Bajo,654.0,-10.496509240246406,5493,No
5430,884660,0.577212020033389,4,Alto,832.5,71.10580133555928,1978,Sí
5431,772980,0.3551617873651772,5,Medio,450.0,6.964560862865945,4652,Sí
5432,789150,0.17019027484143764,6,Bajo,832.5,3.3366807610993696,4821,Sí
5433,815720,0.21199143468950749,6,Medio,832.5,10.296573875802999,4480,Sí
5434,142290,0.577212020033389,4,Alto,832.5,71.10580133555928,1979,Sí
5435,230990,0.13225621613271665,6,Bajo,654.0,-7.70088692984066,5342,No
5436,734970,0.6460905349794238,3,Alto,654.0,59.508641975308635,2454,Sí
5437,737150,0.3551617873651772,5,Medio,682.5,23.479583975346685,3829,Sí
5438,767190,0.01694915254237288,7,Bajo,832.5,-22.177966101694913,6591,No
5439,214130,0.11963479492106192,6,Bajo,654.0,-9.351768824325099,5424,No
5440,676230,0.08709016393442623,6,Bajo,450.0,-17.161885245901637,5943,No
5441,421400,0.3551617873651772,5,Medio,654.0,21.45516178736517,3944,Sí
5442,589970,0.3551617873651772,5,Medio,654.0,21.45516178736517,3945,Sí
5443,309950,0.5073907658875524,4,Alto,654.0,41.36671217809186,3070,Sí
5444,737380,0.4155701754385965,5,Medio,654.0,29.356578947368426,3589,Sí
5445,695430,0.11088295687885011,6,Bajo,450.0,-15.020533880903491,5788,No
5446,483610,0.3551617873651772,5,Medio,367.5,1.1043913713405225,4941,Sí
5447,579160,0.3551617873651772,5,Medio,367.5,1.1043913713405225,4942,Sí
5448,784690,0.11088295687885011,6,Bajo,367.5,-16.850102669404517,5892,No
5449,796030,0.08191489361702127,6,Bajo,367.5,-18.979255319148937,6115,No
5450,364480,0.21199143468950749,6,Medio,450.0,-5.920770877944324,5221,No
5451,521500,0.3551617873651772,5,Medio,654.0,21.45516178736517,3946,Sí
5452,218800,0.09523446674658179,6,Bajo,654.0,-12.5433317495471,5618,No
5453,814060,0.4490472245236123,4,Medio,654.0,33.735376967688495,3408,Sí
5454,869110,0.015706806282722516,7,Bajo,442.5,-23.60994764397906,7064,No
5455,589280,0.041237113402061855,7,Bajo,450.0,-21.288659793814432,6451,No
5456,427360,0.01694915254237288,7,Bajo,450.0,-23.47457627118644,6987,No
5457,593900,0.041237113402061855,7,Bajo,450.0,-21.288659793814432,6452,No
5458,596810,0.041237113402061855,7,Bajo,450.0,-21.288659793814432,6453,No
5459,757240,0.17019027484143764,6,Bajo,450.0,-9.68287526427061,5439,No
5460,823070,0.030010172939979655,7,Bajo,450.0,-22.29908443540183,6610,No
5461,67900,0.672451290504297,3,Alto,832.5,86.96313986896546,1454,Sí
5462,435220,0.11134453781512609,6,Bajo,832.5,-6.461134453781508,5278,No
5463,729730,0.3551617873651772,5,Medio,654.0,21.45516178736517,3947,Sí
5464,476960,0.3551617873651772,5,Medio,654.0,21.45516178736517,3948,Sí
5465,247940,0.8802395209580839,1,Alto,654.0,90.13532934131737,1390,Sí
5466,836960,0.3551617873651772,5,Medio,654.0,21.45516178736517,3949,Sí
5467,419890,0.4155701754385965,5,Medio,654.0,29.356578947368426,3590,Sí
5468,49080,0.4155701754385965,5,Medio,654.0,29.356578947368426,3591,Sí
5469,243990,0.3551617873651772,5,Medio,652.5,21.34861325115562,3971,Sí
5470,567940,0.002488654662567706,8,Bajo,832.5,-24.585638998682477,8440,No
5471,295560,0.6728723404255319,3,Alto,832.5,87.03324468085107,1444,Sí
5472,205320,0.056463505915230174,7,Bajo,654.0,-17.614573426287894,5993,No
5473,156540,0.030010172939979655,7,Bajo,450.0,-22.29908443540183,6611,No
5474,441540,0.030010172939979655,7,Bajo,450.0,-22.29908443540183,6612,No
5475,551100,0.030010172939979655,7,Bajo,450.0,-22.29908443540183,6613,No
5476,772340,0.3372395833333333,5,Medio,450.0,5.3515625,4706,Sí
5477,268940,0.11134453781512609,6,Bajo,832.5,-6.461134453781508,5279,No
5478,461910,0.006920415224913495,7,Bajo,538.6499999999999,-24.25446366782007,7600,No
5479,487670,0.5417406749555951,4,Alto,652.5,45.697158081705155,2934,Sí
5480,214770,0.3551617873651772,5,Medio,450.0,6.964560862865945,4653,Sí
5481,434350,0.3372395833333333,5,Medio,654.0,19.1109375,4047,Sí
5482,293460,0.3372395833333333,5,Medio,654.0,19.1109375,4048,Sí
5483,225810,0.9929873772791024,1,Alto,832.5,140.33239831697057,496,Sí
5484,172490,0.17485265225933203,6,Bajo,450.0,-9.263261296660117,5413,No
5485,351830,0.4155701754385965,5,Medio,450.0,12.401315789473685,4361,Sí
5486,451840,0.08709016393442623,6,Bajo,450.0,-17.161885245901637,5944,No
5487,466040,0.17019027484143764,6,Bajo,450.0,-9.68287526427061,5440,No
5488,493720,0.030010172939979655,7,Bajo,450.0,-22.29908443540183,6614,No
5489,525920,0.4155701754385965,5,Medio,450.0,12.401315789473685,4362,Sí
5490,603640,0.041237113402061855,7,Bajo,450.0,-21.288659793814432,6454,No
5491,604130,0.002488654662567706,8,Bajo,450.0,-24.776021080368906,8814,No
5492,629650,0.041237113402061855,7,Bajo,450.0,-21.288659793814432,6455,No
5493,710450,0.030010172939979655,7,Bajo,450.0,-22.29908443540183,6615,No
5494,751750,0.029005524861878452,7,Bajo,450.0,-22.38950276243094,6646,No
5495,763530,0.4672268907563025,4,Medio,450.0,17.050420168067234,4127,Sí
5496,789100,0.2527472527472528,6,Medio,450.0,-2.2527472527472447,5070,No
5497,801700,0.11134453781512609,6,Bajo,450.0,-14.978991596638652,5778,No
5498,884600,0.030010172939979655,7,Bajo,450.0,-22.29908443540183,6616,No
5499,440,0.751269035532995,2,Alto,832.5,100.08629441624366,1142,Sí
5500,730,0.751269035532995,2,Alto,832.5,100.08629441624366,1143,Sí
5501,31920,0.3551617873651772,5,Medio,832.5,34.134437596302,3356,Sí
5502,193920,0.9148387096774193,1,Alto,832.5,127.32064516129032,703,Sí
5503,341710,0.751269035532995,2,Alto,832.5,100.08629441624366,1144,Sí
5504,436440,0.20909090909090908,6,Medio,832.5,9.813636363636363,4502,Sí
5505,487530,0.006359300476947535,7,Bajo,832.5,-23.941176470588236,7267,No
5506,631490,0.11088295687885011,6,Bajo,832.5,-6.537987679671456,5287,No
5507,784650,0.030010172939979655,7,Bajo,450.0,-22.29908443540183,6617,No
5508,66420,0.3551617873651772,5,Medio,450.0,6.964560862865945,4654,Sí
5509,71890,0.13476962978634788,6,Bajo,654.0,-7.372132423945697,5323,No
5510,214910,0.9148387096774193,1,Alto,832.5,127.32064516129032,704,Sí
5511,175590,0.4490472245236123,4,Medio,450.0,15.414250207125107,4241,Sí
5512,157240,0.577212020033389,4,Alto,442.5,26.08326377295493,3781,Sí
5513,157250,0.577212020033389,4,Alto,442.5,26.08326377295493,3782,Sí
5514,632850,0.00395882818685669,8,Bajo,442.5,-24.649643705463184,8608,No
5515,689660,0.00395882818685669,8,Bajo,442.5,-24.649643705463184,8609,No
5516,595130,0.17485265225933203,6,Bajo,832.5,4.112966601178783,4790,Sí
5517,672570,0.00395882818685669,8,Bajo,652.5,-24.483372921615203,8249,No
5518,55080,0.9148387096774193,1,Alto,450.0,57.33548387096775,2547,Sí
5519,72910,0.3551617873651772,5,Medio,450.0,6.964560862865945,4655,Sí
5520,107570,0.8602150537634409,2,Alto,450.0,52.41935483870968,2599,Sí
5521,259590,0.030010172939979655,7,Bajo,450.0,-22.29908443540183,6618,No
5522,300870,0.17485265225933203,6,Bajo,450.0,-9.263261296660117,5414,No
5523,338870,0.08191489361702127,6,Bajo,450.0,-17.627659574468083,5995,No
5524,339440,0.3551617873651772,5,Medio,450.0,6.964560862865945,4656,Sí
5525,343580,0.11134453781512609,6,Bajo,450.0,-14.978991596638652,5779,No
5526,357330,0.13483146067415727,6,Bajo,450.0,-12.865168539325845,5628,No
5527,392830,0.11134453781512609,6,Bajo,450.0,-14.978991596638652,5780,No
5528,397660,0.08191489361702127,6,Bajo,450.0,-17.627659574468083,5996,No
5529,406360,0.25,6,Medio,450.0,-2.5,5076,No
5530,408590,0.21199143468950749,6,Medio,450.0,-5.920770877944324,5222,No
5531,409210,0.041237113402061855,7,Bajo,450.0,-21.288659793814432,6456,No
5532,411980,0.030010172939979655,7,Bajo,450.0,-22.29908443540183,6619,No
5533,412000,0.002488654662567706,8,Bajo,450.0,-24.776021080368906,8815,No
5534,415090,0.041237113402061855,7,Bajo,450.0,-21.288659793814432,6457,No
5535,439180,0.11134453781512609,6,Bajo,450.0,-14.978991596638652,5781,No
5536,441020,0.030010172939979655,7,Bajo,450.0,-22.29908443540183,6620,No
5537,451170,0.44367816091954015,4,Medio,450.0,14.93103448275862,4287,Sí
5538,455450,0.002488654662567706,8,Bajo,450.0,-24.776021080368906,8816,No
5539,463580,0.05795454545454545,7,Bajo,450.0,-19.78409090909091,6189,No
5540,491900,0.030010172939979655,7,Bajo,450.0,-22.29908443540183,6621,No
5541,517140,0.11134453781512609,6,Bajo,450.0,-14.978991596638652,5782,No
5542,536490,0.13483146067415727,6,Bajo,450.0,-12.865168539325845,5629,No
5543,554090,0.01694915254237288,7,Bajo,450.0,-23.47457627118644,6988,No
5544,554680,0.3551617873651772,5,Medio,450.0,6.964560862865945,4657,Sí
5545,562850,0.13483146067415727,6,Bajo,450.0,-12.865168539325845,5630,No
5546,616600,0.060294117647058824,6,Bajo,450.0,-19.573529411764707,6151,No
5547,646650,0.49535603715170295,4,Medio,450.0,19.582043343653268,4013,Sí
5548,662520,0.21199143468950749,6,Medio,450.0,-5.920770877944324,5223,No
5549,667320,0.21199143468950749,6,Medio,450.0,-5.920770877944324,5224,No
5550,669060,0.21199143468950749,6,Medio,450.0,-5.920770877944324,5225,No
5551,677000,0.21199143468950749,6,Medio,450.0,-5.920770877944324,5226,No
5552,708360,0.21199143468950749,6,Medio,450.0,-5.920770877944324,5227,No
5553,709170,0.4490472245236123,4,Medio,450.0,15.414250207125107,4242,Sí
5554,765250,0.4490472245236123,4,Medio,450.0,15.414250207125107,4243,Sí
5555,771370,0.060294117647058824,6,Bajo,450.0,-19.573529411764707,6152,No
5556,780310,0.17485265225933203,6,Bajo,450.0,-9.263261296660117,5415,No
5557,817800,0.041237113402061855,7,Bajo,450.0,-21.288659793814432,6458,No
5558,818800,0.25,6,Medio,450.0,-2.5,5077,No
5559,828740,0.006920415224913495,7,Bajo,450.0,-24.377162629757784,8060,No
5560,881570,0.030010172939979655,7,Bajo,450.0,-22.29908443540183,6622,No
5561,228480,0.3551617873651772,5,Medio,652.5,21.34861325115562,3972,Sí
5562,605230,0.08191489361702127,6,Bajo,654.0,-14.285531914893616,5749,No
5563,256910,0.3372395833333333,5,Medio,832.5,31.150390625,3523,Sí
5564,394640,0.009259259259259259,7,Bajo,538.6499999999999,-24.0025,7410,No
5565,490610,0.3551617873651772,5,Medio,538.6499999999999,13.261579352850525,4338,Sí
5566,722400,0.4490472245236123,4,Medio,450.0,15.414250207125107,4244,Sí
5567,790450,0.20909090909090908,6,Medio,654.0,2.349090909090908,4864,Sí
5568,306180,0.2558139534883721,6,Medio,654.0,8.460465116279074,4582,Sí
5569,520430,0.17485265225933203,6,Bajo,538.6499999999999,-6.163123772102164,5235,No
5570,212680,0.9999,1,Alto,646.5,104.28707,1027,Sí
5571,591850,0.4490472245236123,4,Medio,654.0,33.735376967688495,3409,Sí
5572,527800,0.3372395833333333,5,Medio,654.0,19.1109375,4049,Sí
5573,138110,0.3551617873651772,5,Medio,654.0,21.45516178736517,3950,Sí
5574,276100,0.44367816091954015,4,Medio,538.6499999999999,22.797448275862052,3896,Sí
5575,250530,0.4490472245236123,4,Medio,450.0,15.414250207125107,4245,Sí
5576,235230,0.9748713797272744,1,Alto,654.0,102.51317646832752,1068,Sí
5577,720160,0.0038314176245210726,8,Bajo,832.5,-24.362068965517242,8055,No
5578,263350,0.11134453781512609,6,Bajo,654.0,-10.436134453781508,5487,No
5579,44500,0.2069237416186202,6,Medio,654.0,2.0656254037155257,4914,Sí
5580,46950,0.2586476375832887,5,Medio,654.0,8.831110995894164,4552,Sí
5581,171060,0.08862601989521858,6,Bajo,654.0,-13.40771659770541,5656,No
5582,234310,0.4490472245236123,4,Medio,654.0,33.735376967688495,3410,Sí
5583,587720,0.11088295687885011,6,Bajo,654.0,-10.496509240246406,5494,No
5584,845590,0.2527472527472528,6,Medio,654.0,8.05934065934067,4599,Sí
5585,845750,0.3372395833333333,5,Medio,654.0,19.1109375,4050,Sí
5586,775700,0.23846153846153842,6,Medio,654.0,6.190769230769227,4674,Sí
5587,461880,0.10424710424710425,6,Bajo,652.5,-11.395752895752896,5551,No
5588,27580,0.9056043180256583,1,Alto,654.0,93.45304479775612,1271,Sí
5589,318440,0.17485265225933203,6,Bajo,450.0,-9.263261296660117,5416,No
5590,528840,0.4490472245236123,4,Medio,654.0,33.735376967688495,3411,Sí
5591,793310,0.3551617873651772,5,Medio,654.0,21.45516178736517,3951,Sí
5592,120890,0.08862601989521858,6,Bajo,538.6499999999999,-15.452318876688105,5829,No
5593,345890,0.3551617873651772,5,Medio,538.6499999999999,13.261579352850525,4339,Sí
5594,692650,0.04,7,Bajo,538.6499999999999,-20.690800000000003,6326,No
5595,69680,0.9748713797272744,1,Alto,0.0,-25.0,9994,No
5596,218250,0.18428888849113062,6,Bajo,538.6499999999999,-5.146558042850504,5185,No
5597,128970,0.21199143468950749,6,Medio,652.5,2.6648822269807297,4853,Sí
5598,387870,0.05795454545454545,7,Bajo,652.5,-17.43693181818182,5967,No
5599,398470,0.4155701754385965,5,Medio,652.5,29.23190789473685,3611,Sí
5600,160240,0.9748713797272744,1,Alto,654.0,102.51317646832752,1069,Sí
5601,735110,0.01694915254237288,7,Bajo,1305.0,-20.576271186440678,6310,No
5602,450390,0.035,7,Bajo,1305.0,-15.864999999999998,5849,No
5603,822920,0.05795454545454545,7,Bajo,1308.0,-9.83909090909091,5442,No
5604,736710,0.05795454545454545,7,Bajo,1308.0,-9.83909090909091,5443,No
5605,10790,0.48966632776888547,4,Medio,1308.0,103.09671134434043,1056,Sí
5606,33520,0.029798810222736328,7,Bajo,1308.0,-17.204631245732177,5949,No
5607,51880,0.09523446674658179,6,Bajo,1308.0,-0.08666349909420035,4960,No
5608,61890,0.012113583891535162,7,Bajo,1308.0,-21.8310864539744,6517,No
5609,130930,0.03892086675698259,7,Bajo,1308.0,-14.818301256373353,5775,No
5610,165450,0.13846153846153847,6,Bajo,1308.0,11.221538461538465,4436,Sí
5611,254340,0.11088295687885011,6,Bajo,1308.0,4.006981519507189,4795,Sí
5612,380300,0.060294117647058824,6,Bajo,1308.0,-9.22705882352941,5394,No
5613,461510,0.060294117647058824,6,Bajo,1308.0,-9.22705882352941,5395,No
5614,476160,0.015706806282722516,7,Bajo,1308.0,-20.89109947643979,6341,No
5615,488020,0.13483146067415727,6,Bajo,1308.0,10.271910112359542,4481,Sí
5616,548950,0.08191489361702127,6,Bajo,1308.0,-3.5710638297872315,5140,No
5617,578890,0.030010172939979655,7,Bajo,1308.0,-17.149338758901322,5904,No
5618,590480,0.11088295687885011,6,Bajo,1308.0,4.006981519507189,4796,Sí
5619,635890,0.11088295687885011,6,Bajo,1308.0,4.006981519507189,4797,Sí
5620,670920,0.002488654662567706,8,Bajo,1308.0,-24.34896794027229,7729,No
5621,682460,0.029005524861878452,7,Bajo,1308.0,-17.412154696132596,5951,No
5622,696600,0.05795454545454545,7,Bajo,1308.0,-9.83909090909091,5444,No
5623,697690,0.17485265225933203,6,Bajo,1308.0,20.741453831041255,3978,Sí
5624,706140,0.002488654662567706,8,Bajo,1308.0,-24.34896794027229,7730,No
5625,735840,0.030010172939979655,7,Bajo,1308.0,-17.149338758901322,5905,No
5626,796880,0.2731707317073171,5,Medio,1308.0,46.46146341463415,2884,Sí
5627,852680,0.015706806282722516,7,Bajo,1308.0,-20.89109947643979,6342,No
5628,887270,0.002488654662567706,8,Bajo,1308.0,-24.34896794027229,7731,No
5629,53190,0.9643635135789099,1,Alto,1293.0,224.3844046115061,343,Sí
5630,779820,0.030010172939979655,7,Bajo,900.0,-19.59816887080366,6157,No
5631,621580,0.041237113402061855,7,Bajo,1308.0,-14.212371134020618,5722,No
5632,726460,0.002098635886673662,9,Bajo,1308.0,-24.45099685204617,8106,No
5633,458520,0.030010172939979655,7,Bajo,1308.0,-17.149338758901322,5906,No
5634,507550,0.0014742014742014742,9,Bajo,1308.0,-24.614348894348893,8461,No
5635,794490,0.029005524861878452,7,Bajo,1305.0,-17.42955801104972,5964,No
5636,795330,0.030010172939979655,7,Bajo,1305.0,-17.16734486266531,5945,No
5637,768200,0.015706806282722516,7,Bajo,1077.2999999999997,-21.61581151832461,6489,No
5638,381940,0.05795454545454545,7,Bajo,1308.0,-9.83909090909091,5445,No
5639,382610,0.11088295687885011,6,Bajo,1308.0,4.006981519507189,4798,Sí
5640,666530,0.0014742014742014742,9,Bajo,1308.0,-24.614348894348893,8462,No
5641,675500,0.041237113402061855,7,Bajo,1308.0,-14.212371134020618,5723,No
5642,768110,0.015706806282722516,7,Bajo,1308.0,-20.89109947643979,6343,No
5643,793530,0.10424710424710425,6,Bajo,1308.0,2.2710424710424704,4868,Sí
5644,806810,0.08709016393442623,6,Bajo,1308.0,-2.217213114754095,5055,No
5645,869170,0.015706806282722516,7,Bajo,1308.0,-20.89109947643979,6344,No
5646,885700,0.05795454545454545,7,Bajo,1308.0,-9.83909090909091,5446,No
5647,85290,0.9056043180256583,1,Alto,720.0,105.40702179569482,967,Sí
5648,571480,0.002098635886673662,9,Bajo,1308.0,-24.45099685204617,8107,No
5649,350100,0.11134453781512609,6,Bajo,1305.0,4.060924369747909,4791,Sí
5650,450700,0.041237113402061855,7,Bajo,1305.0,-14.237113402061855,5741,No
5651,463560,0.041237113402061855,7,Bajo,1305.0,-14.237113402061855,5742,No
5652,475320,0.08709016393442623,6,Bajo,1305.0,-2.2694672131147513,5071,No
5653,610410,0.009259259259259259,7,Bajo,1305.0,-22.583333333333332,6703,No
5654,655430,0.05795454545454545,7,Bajo,1305.0,-9.873863636363636,5456,No
5655,786730,0.015706806282722516,7,Bajo,1305.0,-20.90052356020942,6404,No
5656,848590,0.005385996409335727,8,Bajo,1305.0,-23.594254937163374,7053,No
5657,853460,0.005385996409335727,8,Bajo,1305.0,-23.594254937163374,7054,No
5658,854280,0.005385996409335727,8,Bajo,1305.0,-23.594254937163374,7055,No
5659,80720,0.672451290504297,3,Alto,1308.0,150.9132575959241,428,Sí
5660,348750,0.17485265225933203,6,Bajo,1308.0,20.741453831041255,3979,Sí
5661,401960,0.21199143468950749,6,Medio,1308.0,30.456959314775162,3537,Sí
5662,403790,0.002488654662567706,8,Bajo,1308.0,-24.34896794027229,7732,No
5663,422370,0.029005524861878452,7,Bajo,1308.0,-17.412154696132596,5952,No
5664,423480,0.4155701754385965,5,Medio,1308.0,83.71315789473685,1534,Sí
5665,444590,0.041237113402061855,7,Bajo,1308.0,-14.212371134020618,5724,No
5666,453190,0.11134453781512609,6,Bajo,1308.0,4.127731092436985,4777,Sí
5667,462140,0.0014742014742014742,9,Bajo,1308.0,-24.614348894348893,8463,No
5668,484850,0.00395882818685669,8,Bajo,1308.0,-23.96437054631829,7274,No
5669,488040,0.05795454545454545,7,Bajo,1308.0,-9.83909090909091,5447,No
5670,489380,0.029005524861878452,7,Bajo,1308.0,-17.412154696132596,5953,No
5671,524920,0.11088295687885011,6,Bajo,1308.0,4.006981519507189,4799,Sí
5672,541290,0.060294117647058824,6,Bajo,1308.0,-9.22705882352941,5396,No
5673,550910,0.21199143468950749,6,Medio,1308.0,30.456959314775162,3538,Sí
5674,625510,0.13483146067415727,6,Bajo,1308.0,10.271910112359542,4482,Sí
5675,654050,0.041237113402061855,7,Bajo,1308.0,-14.212371134020618,5725,No
5676,657500,0.17485265225933203,6,Bajo,1308.0,20.741453831041255,3980,Sí
5677,700310,0.13483146067415727,6,Bajo,1308.0,10.271910112359542,4483,Sí
5678,708400,0.041237113402061855,7,Bajo,1308.0,-14.212371134020618,5726,No
5679,709550,0.11134453781512609,6,Bajo,1308.0,4.127731092436985,4778,Sí
5680,713020,0.13483146067415727,6,Bajo,1308.0,10.271910112359542,4484,Sí
5681,731810,0.21199143468950749,6,Medio,1308.0,30.456959314775162,3539,Sí
5682,735530,0.060294117647058824,6,Bajo,1308.0,-9.22705882352941,5397,No
5683,736510,0.00395882818685669,8,Bajo,1308.0,-23.96437054631829,7275,No
5684,738840,0.2558139534883721,6,Medio,1308.0,41.92093023255815,3033,Sí
5685,766510,0.11134453781512609,6,Bajo,1308.0,4.127731092436985,4779,Sí
5686,805340,0.0007462686567164179,9,Bajo,1308.0,-24.804776119402984,8892,No
5687,824790,0.041237113402061855,7,Bajo,1308.0,-14.212371134020618,5727,No
5688,870090,0.015706806282722516,7,Bajo,1308.0,-20.89109947643979,6345,No
5689,465270,0.041237113402061855,7,Bajo,900.0,-17.577319587628864,5986,No
5690,526950,0.05795454545454545,7,Bajo,1665.0,-5.701136363636362,5197,No
5691,710530,0.17019027484143764,6,Bajo,1308.0,19.52177589852009,4014,Sí
5692,556810,0.01694915254237288,7,Bajo,540.0,-23.16949152542373,6843,No
5693,580980,0.25,6,Medio,1308.0,40.400000000000006,3080,Sí
5694,634880,0.0001,10,Bajo,1308.0,-24.97384,9791,No
5695,350490,0.006359300476947535,7,Bajo,1308.0,-23.336406995230526,6919,No
5696,77990,0.11088295687885011,6,Bajo,1308.0,4.006981519507189,4800,Sí
5697,673970,0.05795454545454545,7,Bajo,735.0,-16.480681818181818,5880,No
5698,599130,0.13483146067415727,6,Bajo,765.0,-4.370786516853936,5171,No
5699,441070,0.00395882818685669,8,Bajo,735.0,-24.418052256532068,8088,No
5700,295800,0.4155701754385965,5,Medio,900.0,49.80263157894737,2837,Sí
5701,378850,0.030010172939979655,7,Bajo,1308.0,-17.149338758901322,5907,No
5702,609650,0.030010172939979655,7,Bajo,900.0,-19.59816887080366,6158,No
5703,629790,0.002488654662567706,8,Bajo,900.0,-24.552042160737813,8301,No
5704,518290,0.13846153846153847,6,Bajo,900.0,-0.0769230769230731,4959,No
5705,580370,0.17485265225933203,6,Bajo,1308.0,20.741453831041255,3981,Sí
5706,473010,0.0014742014742014742,9,Bajo,735.0,-24.783292383292384,8819,No
5707,424470,0.08709016393442623,6,Bajo,855.0,-10.107581967213113,5465,No
5708,17640,0.017905122900646598,7,Bajo,1308.0,-20.31601984919085,6259,No
5709,619410,0.08709016393442623,6,Bajo,1308.0,-2.217213114754095,5056,No
5710,749930,0.041237113402061855,7,Bajo,1308.0,-14.212371134020618,5728,No
5711,510750,0.05795454545454545,7,Bajo,855.0,-15.089772727272727,5789,No
5712,818990,0.0002443195699975568,10,Bajo,1815.0,-24.911311996090888,9259,No
5713,380960,0.006920415224913495,7,Bajo,900.0,-23.75432525951557,7111,No
5714,442640,0.030010172939979655,7,Bajo,900.0,-19.59816887080366,6159,No
5715,557580,0.08709016393442623,6,Bajo,900.0,-9.323770491803277,5417,No
5716,646090,0.030010172939979655,7,Bajo,900.0,-19.59816887080366,6160,No
5717,868060,0.060294117647058824,6,Bajo,900.0,-14.147058823529411,5687,No
5718,616980,0.015706806282722516,7,Bajo,900.0,-22.172774869109947,6567,No
5719,622570,0.030010172939979655,7,Bajo,1062.2999999999997,-18.624038657171923,6071,No
5720,835890,0.08191489361702127,6,Bajo,540.0,-16.153191489361703,5867,No
5721,649070,0.002488654662567706,8,Bajo,1305.0,-24.350461133069828,7997,No
5722,651080,0.002488654662567706,8,Bajo,1305.0,-24.350461133069828,7998,No
5723,656760,0.0038314176245210726,8,Bajo,1305.0,-24.0,7402,No
5724,865010,0.030010172939979655,7,Bajo,1305.0,-17.16734486266531,5946,No
5725,577230,0.08709016393442623,6,Bajo,1308.0,-2.217213114754095,5057,No
5726,654120,0.015706806282722516,7,Bajo,735.0,-22.69109947643979,6721,No
5727,623100,0.0002443195699975568,10,Bajo,735.0,-24.96408502321036,9742,No
5728,413070,0.041237113402061855,7,Bajo,900.0,-17.577319587628864,5987,No
5729,825950,0.08709016393442623,6,Bajo,1308.0,-2.217213114754095,5058,No
5730,579860,0.029005524861878452,7,Bajo,1305.0,-17.42955801104972,5965,No
5731,503950,0.00395882818685669,8,Bajo,1665.0,-23.68171021377672,7079,No
5732,726150,0.08709016393442623,6,Bajo,1308.0,-2.217213114754095,5059,No
5733,775750,0.030010172939979655,7,Bajo,1308.0,-17.149338758901322,5908,No
5734,875500,0.00395882818685669,8,Bajo,1308.0,-23.96437054631829,7276,No
5735,754740,0.041237113402061855,7,Bajo,900.0,-17.577319587628864,5988,No
5736,647360,0.060294117647058824,6,Bajo,885.0,-14.327941176470587,5757,No
5737,399430,0.17485265225933203,6,Bajo,1665.0,33.22593320235757,3447,Sí
5738,491520,0.015706806282722516,7,Bajo,1665.0,-19.769633507853403,6175,No
5739,630020,0.009259259259259259,7,Bajo,1665.0,-21.916666666666668,6524,No
5740,660860,0.00395882818685669,8,Bajo,1665.0,-23.68171021377672,7080,No
5741,273000,0.9643635135789099,1,Alto,720.0,113.86834595536303,839,Sí
5742,531640,0.3970178573225521,5,Medio,1308.0,78.85987147557965,1702,Sí
5743,786030,0.030010172939979655,7,Bajo,1308.0,-17.149338758901322,5909,No
5744,167360,0.9005328596802842,1,Alto,1077.2999999999997,169.02880994671398,402,Sí
5745,193200,0.029005524861878452,7,Bajo,1077.2999999999997,-18.750469613259668,6104,No
5746,487720,0.08191489361702127,6,Bajo,1077.2999999999997,-7.350617021276598,5310,No
5747,504970,0.0007462686567164179,9,Bajo,1077.2999999999997,-24.83920895522388,9039,No
5748,798460,0.11088295687885011,6,Bajo,1077.2999999999997,-1.1091581108829622,5005,No
5749,845720,0.08709016393442623,6,Bajo,1308.0,-2.217213114754095,5060,No
5750,242590,0.999476961593071,1,Alto,900.0,154.90585308675278,419,Sí
5751,553400,0.060294117647058824,6,Bajo,900.0,-14.147058823529411,5688,No
5752,730980,0.17019027484143764,6,Bajo,540.0,-6.619450317124734,5288,No
5753,525990,0.00395882818685669,8,Bajo,735.0,-24.418052256532068,8089,No
5754,252720,0.8802395209580839,1,Alto,1665.0,268.11976047904193,282,Sí
5755,820490,0.029005524861878452,7,Bajo,900.0,-19.77900552486188,6179,No
5756,708750,0.11134453781512609,6,Bajo,1308.0,4.127731092436985,4780,Sí
5757,763940,0.041237113402061855,7,Bajo,1077.2999999999997,-16.115051546391754,5860,No
5758,712480,0.030010172939979655,7,Bajo,900.0,-19.59816887080366,6161,No
5759,791330,0.029005524861878452,7,Bajo,900.0,-19.77900552486188,6180,No
5760,349250,0.17485265225933203,6,Bajo,1665.0,33.22593320235757,3448,Sí
5761,323020,0.672451290504297,3,Alto,1308.0,150.9132575959241,429,Sí
5762,187200,0.03771737858070131,7,Bajo,1308.0,-15.133133763288537,5792,No
5763,883220,0.11088295687885011,6,Bajo,540.0,-13.024640657084188,5634,No
5764,570500,0.060294117647058824,6,Bajo,1308.0,-9.22705882352941,5398,No
5765,871450,0.041237113402061855,7,Bajo,1077.2999999999997,-16.115051546391754,5861,No
5766,733830,0.13846153846153847,6,Bajo,1308.0,11.221538461538465,4437,Sí
5767,566680,0.17019027484143764,6,Bajo,1308.0,19.52177589852009,4015,Sí
5768,730640,0.00395882818685669,8,Bajo,1077.2999999999997,-24.14703087885986,7490,No
5769,870100,0.17485265225933203,6,Bajo,1308.0,20.741453831041255,3982,Sí
5770,479770,0.041237113402061855,7,Bajo,1308.0,-14.212371134020618,5729,No
5771,697750,0.13846153846153847,6,Bajo,1308.0,11.221538461538465,4438,Sí
5772,698110,0.13846153846153847,6,Bajo,1308.0,11.221538461538465,4439,Sí
5773,569010,0.006920415224913495,7,Bajo,900.0,-23.75432525951557,7112,No
5774,373140,0.015706806282722516,7,Bajo,810.0,-22.455497382198953,6667,No
5775,554400,0.01694915254237288,7,Bajo,1305.0,-20.576271186440678,6311,No
5776,224700,0.6337298146673324,3,Alto,1308.0,140.78371951697417,461,Sí
5777,463910,0.002488654662567706,8,Bajo,1305.0,-24.350461133069828,7999,No
5778,622910,0.060294117647058824,6,Bajo,1305.0,-9.263235294117646,5407,No
5779,826060,0.030010172939979655,7,Bajo,1305.0,-17.16734486266531,5947,No
5780,878110,0.030010172939979655,7,Bajo,1305.0,-17.16734486266531,5948,No
5781,82820,0.9748713797272744,1,Alto,1308.0,230.02635293665503,332,Sí
5782,252050,0.008152756521255895,7,Bajo,1308.0,-22.86723889403946,6767,No
5783,273210,0.03771737858070131,7,Bajo,1308.0,-15.133133763288537,5793,No
5784,348070,0.08191489361702127,6,Bajo,1308.0,-3.5710638297872315,5141,No
5785,358120,0.08709016393442623,6,Bajo,1308.0,-2.217213114754095,5061,No
5786,402730,0.05795454545454545,7,Bajo,1308.0,-9.83909090909091,5448,No
5787,413050,0.01694915254237288,7,Bajo,1308.0,-20.566101694915254,6303,No
5788,414440,0.01694915254237288,7,Bajo,1308.0,-20.566101694915254,6304,No
5789,463960,0.0014742014742014742,9,Bajo,1308.0,-24.614348894348893,8464,No
5790,486300,0.3372395833333333,5,Medio,1308.0,63.221875,2218,Sí
5791,487860,0.060294117647058824,6,Bajo,1308.0,-9.22705882352941,5399,No
5792,504590,0.002488654662567706,8,Bajo,1308.0,-24.34896794027229,7733,No
5793,538140,0.3551617873651772,5,Medio,1308.0,67.91032357473034,2000,Sí
5794,539330,0.08709016393442623,6,Bajo,1308.0,-2.217213114754095,5062,No
5795,552610,0.030010172939979655,7,Bajo,1308.0,-17.149338758901322,5910,No
5796,597060,0.4490472245236123,4,Medio,1308.0,92.47075393537699,1338,Sí
5797,733940,0.13483146067415727,6,Bajo,1308.0,10.271910112359542,4485,Sí
5798,736690,0.060294117647058824,6,Bajo,1308.0,-9.22705882352941,5400,No
5799,737360,0.08709016393442623,6,Bajo,1308.0,-2.217213114754095,5063,No
5800,767220,0.015706806282722516,7,Bajo,1308.0,-20.89109947643979,6346,No
5801,788250,0.08709016393442623,6,Bajo,1308.0,-2.217213114754095,5064,No
5802,794310,0.23846153846153842,6,Medio,1308.0,37.381538461538454,3224,Sí
5803,852250,0.08709016393442623,6,Bajo,1308.0,-2.217213114754095,5065,No
5804,886560,0.002488654662567706,8,Bajo,1308.0,-24.34896794027229,7734,No
5805,886850,0.002488654662567706,8,Bajo,1308.0,-24.34896794027229,7735,No
5806,554760,0.041237113402061855,7,Bajo,1305.0,-14.237113402061855,5743,No
5807,539100,0.029005524861878452,7,Bajo,900.0,-19.77900552486188,6181,No
5808,754670,0.009259259259259259,7,Bajo,900.0,-23.333333333333332,6905,No
5809,724070,0.0002443195699975568,10,Bajo,735.0,-24.96408502321036,9743,No
5810,187850,0.041237113402061855,7,Bajo,1308.0,-14.212371134020618,5730,No
5811,571470,0.0014742014742014742,9,Bajo,1308.0,-24.614348894348893,8465,No
5812,876780,0.05795454545454545,7,Bajo,1308.0,-9.83909090909091,5449,No
5813,373380,0.002098635886673662,9,Bajo,1308.0,-24.45099685204617,8108,No
5814,311160,0.8616298022399826,2,Alto,885.0,127.50847499647693,673,Sí
5815,704450,0.009259259259259259,7,Bajo,900.0,-23.333333333333332,6906,No
5816,380810,0.030010172939979655,7,Bajo,1308.0,-17.149338758901322,5911,No
5817,444490,0.041237113402061855,7,Bajo,1308.0,-14.212371134020618,5731,No
5818,689100,0.015706806282722516,7,Bajo,1308.0,-20.89109947643979,6347,No
5819,559750,0.0001,10,Bajo,1308.0,-24.97384,9792,No
5820,458280,0.030010172939979655,7,Bajo,900.0,-19.59816887080366,6162,No
5821,680570,0.015706806282722516,7,Bajo,1308.0,-20.89109947643979,6348,No
5822,680750,0.015706806282722516,7,Bajo,1308.0,-20.89109947643979,6349,No
5823,844340,0.006920415224913495,7,Bajo,1308.0,-23.18961937716263,6845,No
5824,562490,0.006097560975609756,8,Bajo,1062.2999999999997,-23.70451219512195,7085,No
5825,423820,0.08191489361702127,6,Bajo,1308.0,-3.5710638297872315,5142,No
5826,606000,0.05795454545454545,7,Bajo,1308.0,-9.83909090909091,5450,No
5827,728460,0.041237113402061855,7,Bajo,1308.0,-14.212371134020618,5732,No
5828,591680,0.006359300476947535,7,Bajo,1077.2999999999997,-23.629825119236884,7070,No
5829,673560,0.006359300476947535,7,Bajo,900.0,-23.855325914149443,7177,No
5830,407160,0.006359300476947535,7,Bajo,900.0,-23.855325914149443,7178,No
5831,441000,0.009259259259259259,7,Bajo,900.0,-23.333333333333332,6907,No
5832,441490,0.009259259259259259,7,Bajo,900.0,-23.333333333333332,6908,No
5833,629590,0.041237113402061855,7,Bajo,1308.0,-14.212371134020618,5733,No
5834,774510,0.08191489361702127,6,Bajo,1308.0,-3.5710638297872315,5143,No
5835,801160,0.030010172939979655,7,Bajo,1308.0,-17.149338758901322,5912,No
5836,793750,0.006920415224913495,7,Bajo,900.0,-23.75432525951557,7113,No
5837,582010,0.006359300476947535,7,Bajo,1308.0,-23.336406995230526,6920,No
5838,623950,0.030010172939979655,7,Bajo,1308.0,-17.149338758901322,5913,No
5839,558340,0.0007462686567164179,9,Bajo,1305.0,-24.805223880597016,8929,No
5840,559040,0.0007462686567164179,9,Bajo,1305.0,-24.805223880597016,8930,No
5841,661190,0.005385996409335727,8,Bajo,1062.2999999999997,-23.85569120287253,7199,No
5842,712360,0.002488654662567706,8,Bajo,900.0,-24.552042160737813,8302,No
5843,443930,0.002488654662567706,8,Bajo,1665.0,-24.171277997364953,7513,No
5844,188020,0.4325937092181664,5,Medio,1665.0,119.05370516964942,783,Sí
5845,831730,0.08191489361702127,6,Bajo,1077.2999999999997,-7.350617021276598,5311,No
5846,775710,0.002488654662567706,8,Bajo,735.0,-24.634167764602548,8570,No
5847,520610,0.002098635886673662,9,Bajo,1077.2999999999997,-24.547827911857294,8272,No
5848,383160,0.029005524861878452,7,Bajo,900.0,-19.77900552486188,6182,No
5849,387670,0.01694915254237288,7,Bajo,900.0,-21.949152542372882,6529,No
5850,433220,0.01694915254237288,7,Bajo,900.0,-21.949152542372882,6530,No
5851,457060,0.009259259259259259,7,Bajo,900.0,-23.333333333333332,6909,No
5852,566820,0.01694915254237288,7,Bajo,900.0,-21.949152542372882,6531,No
5853,838470,0.015706806282722516,7,Bajo,1308.0,-20.89109947643979,6350,No
5854,363320,0.015706806282722516,7,Bajo,1077.2999999999997,-21.61581151832461,6490,No
5855,613280,0.006359300476947535,7,Bajo,900.0,-23.855325914149443,7179,No
5856,543720,0.029005524861878452,7,Bajo,1308.0,-17.412154696132596,5954,No
5857,526010,0.015706806282722516,7,Bajo,1077.2999999999997,-21.61581151832461,6491,No
5858,599520,0.060294117647058824,6,Bajo,1308.0,-9.22705882352941,5401,No
5859,734110,0.002488654662567706,8,Bajo,1077.2999999999997,-24.46379446640316,8177,No
5860,364190,0.015706806282722516,7,Bajo,1077.2999999999997,-21.61581151832461,6492,No
5861,375740,0.002098635886673662,9,Bajo,1077.2999999999997,-24.547827911857294,8273,No
5862,390050,0.015706806282722516,7,Bajo,1077.2999999999997,-21.61581151832461,6493,No
5863,531890,0.002488654662567706,8,Bajo,1077.2999999999997,-24.46379446640316,8178,No
5864,731580,0.002488654662567706,8,Bajo,1077.2999999999997,-24.46379446640316,8179,No
5865,605180,0.015706806282722516,7,Bajo,1077.2999999999997,-21.61581151832461,6494,No
5866,703770,0.009259259259259259,7,Bajo,1077.2999999999997,-23.005,6813,No
5867,769870,0.009259259259259259,7,Bajo,1308.0,-22.577777777777776,6687,No
5868,760670,0.006359300476947535,7,Bajo,900.0,-23.855325914149443,7180,No
5869,779520,0.030010172939979655,7,Bajo,1308.0,-17.149338758901322,5914,No
5870,665860,0.002488654662567706,8,Bajo,735.0,-24.634167764602548,8571,No
5871,876010,0.006920415224913495,7,Bajo,735.0,-23.982698961937714,7381,No
5872,700070,0.030010172939979655,7,Bajo,1308.0,-17.149338758901322,5915,No
5873,537360,0.0014742014742014742,9,Bajo,1308.0,-24.614348894348893,8466,No
5874,353740,0.015706806282722516,7,Bajo,1308.0,-20.89109947643979,6351,No
5875,475910,0.0002443195699975568,10,Bajo,1308.0,-24.93608600048864,9443,No
5876,519460,0.015706806282722516,7,Bajo,1308.0,-20.89109947643979,6352,No
5877,552660,0.030010172939979655,7,Bajo,1308.0,-17.149338758901322,5916,No
5878,797830,0.0007462686567164179,9,Bajo,1308.0,-24.804776119402984,8893,No
5879,384180,0.005385996409335727,8,Bajo,1077.2999999999997,-23.839533213644525,7169,No
5880,708370,0.05795454545454545,7,Bajo,1077.2999999999997,-12.51311363636364,5608,No
5881,740220,0.015706806282722516,7,Bajo,1077.2999999999997,-21.61581151832461,6495,No
5882,611640,0.00395882818685669,8,Bajo,1077.2999999999997,-24.14703087885986,7491,No
5883,742700,0.13483146067415727,6,Bajo,1077.2999999999997,4.050786516853918,4792,Sí
5884,788190,0.030010172939979655,7,Bajo,1077.2999999999997,-18.534008138351986,6068,No
5885,230800,0.030010172939979655,7,Bajo,1308.0,-17.149338758901322,5917,No
5886,765300,0.029005524861878452,7,Bajo,1308.0,-17.412154696132596,5955,No
5887,470720,0.006920415224913495,7,Bajo,1077.2999999999997,-23.508927335640138,7010,No
5888,492240,0.015706806282722516,7,Bajo,900.0,-22.172774869109947,6568,No
5889,877240,0.041237113402061855,7,Bajo,1305.0,-14.237113402061855,5744,No
5890,764660,0.002488654662567706,8,Bajo,1308.0,-24.34896794027229,7736,No
5891,598240,0.029005524861878452,7,Bajo,1308.0,-17.412154696132596,5956,No
5892,569490,0.002098635886673662,9,Bajo,1308.0,-24.45099685204617,8109,No
5893,874870,0.029005524861878452,7,Bajo,1308.0,-17.412154696132596,5957,No
5894,178870,0.5073907658875524,4,Alto,1308.0,107.73342435618372,947,Sí
5895,521210,0.00395882818685669,8,Bajo,1308.0,-23.96437054631829,7277,No
5896,293760,0.9063923662873214,1,Alto,900.0,138.15062593171785,534,Sí
5897,668010,0.0007462686567164179,9,Bajo,1308.0,-24.804776119402984,8894,No
5898,531850,0.015706806282722516,7,Bajo,1308.0,-20.89109947643979,6353,No
5899,587950,0.006359300476947535,7,Bajo,1308.0,-23.336406995230526,6921,No
5900,621410,0.009259259259259259,7,Bajo,900.0,-23.333333333333332,6910,No
5901,440260,0.002488654662567706,8,Bajo,900.0,-24.552042160737813,8303,No
5902,781190,0.006920415224913495,7,Bajo,900.0,-23.75432525951557,7114,No
5903,818210,0.015706806282722516,7,Bajo,900.0,-22.172774869109947,6569,No
5904,758780,0.00395882818685669,8,Bajo,900.0,-24.287410926365794,7615,No
5905,598010,0.041237113402061855,7,Bajo,1308.0,-14.212371134020618,5734,No
5906,407630,0.030010172939979655,7,Bajo,1308.0,-17.149338758901322,5918,No
5907,590720,0.01694915254237288,7,Bajo,1308.0,-20.566101694915254,6305,No
5908,635500,0.035,7,Bajo,1308.0,-15.844,5847,No
5909,866980,0.00395882818685669,8,Bajo,1308.0,-23.96437054631829,7278,No
5910,844930,0.015706806282722516,7,Bajo,1308.0,-20.89109947643979,6354,No
5911,383300,0.030010172939979655,7,Bajo,1308.0,-17.149338758901322,5919,No
5912,251620,0.029005524861878452,7,Bajo,900.0,-19.77900552486188,6183,No
5913,827010,0.015706806282722516,7,Bajo,1308.0,-20.89109947643979,6355,No
5914,757180,0.006097560975609756,8,Bajo,735.0,-24.103658536585364,7476,No
5915,733300,0.002488654662567706,8,Bajo,540.0,-24.731225296442688,8700,No
5916,548210,0.0014742014742014742,9,Bajo,900.0,-24.734643734643736,8707,No
5917,757980,0.0002443195699975568,10,Bajo,810.0,-24.960420229660397,9717,No
5918,605940,0.041237113402061855,7,Bajo,1308.0,-14.212371134020618,5735,No
5919,538570,0.015706806282722516,7,Bajo,735.0,-22.69109947643979,6722,No
5920,575980,0.006359300476947535,7,Bajo,1308.0,-23.336406995230526,6922,No
5921,474830,0.006359300476947535,7,Bajo,900.0,-23.855325914149443,7181,No
5922,755720,0.030010172939979655,7,Bajo,735.0,-20.58850457782299,6313,No
5923,438680,0.05795454545454545,7,Bajo,1308.0,-9.83909090909091,5451,No
5924,624500,0.015706806282722516,7,Bajo,1308.0,-20.89109947643979,6356,No
5925,722850,0.015706806282722516,7,Bajo,1308.0,-20.89109947643979,6357,No
5926,352850,0.0014742014742014742,9,Bajo,1308.0,-24.614348894348893,8467,No
5927,494600,0.0002443195699975568,10,Bajo,1308.0,-24.93608600048864,9444,No
5928,558420,0.041237113402061855,7,Bajo,1308.0,-14.212371134020618,5736,No
5929,612560,0.10424710424710425,6,Bajo,1308.0,2.2710424710424704,4869,Sí
5930,630380,0.030010172939979655,7,Bajo,1308.0,-17.149338758901322,5920,No
5931,730830,0.015706806282722516,7,Bajo,1308.0,-20.89109947643979,6358,No
5932,885210,0.0002443195699975568,10,Bajo,1308.0,-24.93608600048864,9445,No
5933,793230,0.060294117647058824,6,Bajo,1305.0,-9.263235294117646,5408,No
5934,604210,0.030010172939979655,7,Bajo,1308.0,-17.149338758901322,5921,No
5935,475520,0.006359300476947535,7,Bajo,1308.0,-23.336406995230526,6923,No
5936,610150,0.006920415224913495,7,Bajo,900.0,-23.75432525951557,7115,No
5937,630470,0.041237113402061855,7,Bajo,1308.0,-14.212371134020618,5737,No
5938,197880,0.4155701754385965,5,Medio,1308.0,83.71315789473685,1535,Sí
5939,419090,0.01694915254237288,7,Bajo,1308.0,-20.566101694915254,6306,No
5940,657850,0.015706806282722516,7,Bajo,1308.0,-20.89109947643979,6359,No
5941,687390,0.05795454545454545,7,Bajo,1308.0,-9.83909090909091,5452,No
5942,743520,0.00395882818685669,8,Bajo,1308.0,-23.96437054631829,7279,No
5943,777520,0.009259259259259259,7,Bajo,1308.0,-22.577777777777776,6688,No
5944,885340,0.009259259259259259,7,Bajo,1308.0,-22.577777777777776,6689,No
5945,416890,0.00395882818685669,8,Bajo,1077.2999999999997,-24.14703087885986,7492,No
5946,536250,0.005385996409335727,8,Bajo,900.0,-24.03052064631957,7418,No
5947,717420,0.002098635886673662,9,Bajo,1077.2999999999997,-24.547827911857294,8274,No
5948,59150,0.999476961593071,1,Alto,900.0,154.90585308675278,420,Sí
5949,618170,0.041237113402061855,7,Bajo,1308.0,-14.212371134020618,5738,No
5950,839520,0.006359300476947535,7,Bajo,900.0,-23.855325914149443,7182,No
5951,346350,0.041237113402061855,7,Bajo,900.0,-17.577319587628864,5989,No
5952,582430,0.00395882818685669,8,Bajo,1308.0,-23.96437054631829,7280,No
5953,89020,0.002488654662567706,8,Bajo,900.0,-24.552042160737813,8304,No
5954,719510,0.030010172939979655,7,Bajo,855.0,-19.86826042726348,6194,No
5955,777330,0.030010172939979655,7,Bajo,1308.0,-17.149338758901322,5922,No
5956,680820,0.060294117647058824,6,Bajo,1665.0,-4.922058823529408,5179,No
5957,681030,0.060294117647058824,6,Bajo,1665.0,-4.922058823529408,5180,No
5958,681440,0.060294117647058824,6,Bajo,1665.0,-4.922058823529408,5181,No
5959,681450,0.060294117647058824,6,Bajo,1665.0,-4.922058823529408,5182,No
5960,162870,0.030010172939979655,7,Bajo,900.0,-19.59816887080366,6163,No
5961,350460,0.015706806282722516,7,Bajo,900.0,-22.172774869109947,6570,No
5962,377010,0.05795454545454545,7,Bajo,900.0,-14.568181818181818,5767,No
5963,425800,0.0038314176245210726,8,Bajo,900.0,-24.310344827586206,7663,No
5964,569970,0.005385996409335727,8,Bajo,900.0,-24.03052064631957,7419,No
5965,573350,0.015706806282722516,7,Bajo,900.0,-22.172774869109947,6571,No
5966,670410,0.10424710424710425,6,Bajo,900.0,-6.235521235521237,5250,No
5967,778550,0.002488654662567706,8,Bajo,900.0,-24.552042160737813,8305,No
5968,887570,0.0038314176245210726,8,Bajo,900.0,-24.310344827586206,7664,No
5969,646470,0.030010172939979655,7,Bajo,1308.0,-17.149338758901322,5923,No
5970,797500,0.060294117647058824,6,Bajo,1305.0,-9.263235294117646,5409,No
5971,448920,0.006359300476947535,7,Bajo,900.0,-23.855325914149443,7183,No
5972,443660,0.009259259259259259,7,Bajo,900.0,-23.333333333333332,6911,No
5973,572680,0.009259259259259259,7,Bajo,900.0,-23.333333333333332,6912,No
5974,618540,0.006920415224913495,7,Bajo,900.0,-23.75432525951557,7116,No
5975,802420,0.015706806282722516,7,Bajo,540.0,-23.30366492146597,6898,No
5976,848110,0.002488654662567706,8,Bajo,900.0,-24.552042160737813,8306,No
5977,399650,0.015706806282722516,7,Bajo,900.0,-22.172774869109947,6572,No
5978,720440,0.00395882818685669,8,Bajo,900.0,-24.287410926365794,7616,No
5979,865260,0.005385996409335727,8,Bajo,900.0,-24.03052064631957,7420,No
5980,555030,0.00395882818685669,8,Bajo,735.0,-24.418052256532068,8090,No
5981,669820,0.00395882818685669,8,Bajo,735.0,-24.418052256532068,8091,No
5982,876870,0.002488654662567706,8,Bajo,735.0,-24.634167764602548,8572,No
5983,378610,0.002488654662567706,8,Bajo,900.0,-24.552042160737813,8307,No
5984,885950,0.005385996409335727,8,Bajo,900.0,-24.03052064631957,7421,No
5985,478150,0.002098635886673662,9,Bajo,1308.0,-24.45099685204617,8110,No
5986,478640,0.002098635886673662,9,Bajo,1308.0,-24.45099685204617,8111,No
5987,659030,0.2558139534883721,6,Medio,1308.0,41.92093023255815,3034,Sí
5988,491380,0.002488654662567706,8,Bajo,900.0,-24.552042160737813,8308,No
5989,649730,0.015706806282722516,7,Bajo,900.0,-22.172774869109947,6573,No
5990,818180,0.002488654662567706,8,Bajo,900.0,-24.552042160737813,8309,No
5991,497230,0.041237113402061855,7,Bajo,900.0,-17.577319587628864,5990,No
5992,513560,0.041237113402061855,7,Bajo,900.0,-17.577319587628864,5991,No
5993,868160,0.009259259259259259,7,Bajo,900.0,-23.333333333333332,6913,No
5994,694860,0.08191489361702127,6,Bajo,1308.0,-3.5710638297872315,5144,No
5995,798040,0.015706806282722516,7,Bajo,1308.0,-20.89109947643979,6360,No
5996,661600,0.041237113402061855,7,Bajo,1062.2999999999997,-16.23876288659794,5877,No
5997,6650,0.7103092783505155,3,Alto,1308.0,160.81690721649485,408,Sí
5998,378360,0.015706806282722516,7,Bajo,1308.0,-20.89109947643979,6361,No
5999,445830,0.041237113402061855,7,Bajo,1308.0,-14.212371134020618,5739,No
6000,757610,0.08709016393442623,6,Bajo,1308.0,-2.217213114754095,5066,No
6001,760480,0.015706806282722516,7,Bajo,1308.0,-20.89109947643979,6362,No
6002,774690,0.006359300476947535,7,Bajo,1308.0,-23.336406995230526,6924,No
6003,406470,0.006359300476947535,7,Bajo,1305.0,-23.340222575516695,6946,No
6004,495280,0.041237113402061855,7,Bajo,1305.0,-14.237113402061855,5745,No
6005,385090,0.015706806282722516,7,Bajo,1308.0,-20.89109947643979,6363,No
6006,385330,0.030010172939979655,7,Bajo,1308.0,-17.149338758901322,5924,No
6007,385930,0.0002443195699975568,10,Bajo,1308.0,-24.93608600048864,9446,No
6008,418760,0.006359300476947535,7,Bajo,1308.0,-23.336406995230526,6925,No
6009,445290,0.002098635886673662,9,Bajo,1308.0,-24.45099685204617,8112,No
6010,458910,0.035,7,Bajo,1308.0,-15.844,5848,No
6011,475110,0.015706806282722516,7,Bajo,1308.0,-20.89109947643979,6364,No
6012,477690,0.0007462686567164179,9,Bajo,1308.0,-24.804776119402984,8895,No
6013,488900,0.01694915254237288,7,Bajo,1308.0,-20.566101694915254,6307,No
6014,514450,0.0014742014742014742,9,Bajo,1308.0,-24.614348894348893,8468,No
6015,579380,0.015706806282722516,7,Bajo,1308.0,-20.89109947643979,6365,No
6016,580810,0.002488654662567706,8,Bajo,1308.0,-24.34896794027229,7737,No
6017,627070,0.002098635886673662,9,Bajo,1308.0,-24.45099685204617,8113,No
6018,629500,0.015706806282722516,7,Bajo,1308.0,-20.89109947643979,6366,No
6019,705280,0.0002443195699975568,10,Bajo,1308.0,-24.93608600048864,9447,No
6020,721460,0.0014742014742014742,9,Bajo,1308.0,-24.614348894348893,8469,No
6021,846420,0.00395882818685669,8,Bajo,1308.0,-23.96437054631829,7281,No
6022,251400,0.9643635135789099,1,Alto,1308.0,227.27749515224286,336,Sí
6023,366350,0.00395882818685669,8,Bajo,1062.2999999999997,-24.15890736342043,7502,No
6024,705110,0.0014742014742014742,9,Bajo,1062.2999999999997,-24.686791154791155,8662,No
6025,588990,0.002098635886673662,9,Bajo,1308.0,-24.45099685204617,8114,No
6026,517090,0.005385996409335727,8,Bajo,735.0,-24.20825852782765,7560,No
6027,531360,0.00395882818685669,8,Bajo,735.0,-24.418052256532068,8092,No
6028,792240,0.030010172939979655,7,Bajo,735.0,-20.58850457782299,6314,No
6029,521090,0.029005524861878452,7,Bajo,900.0,-19.77900552486188,6184,No
6030,789380,0.002488654662567706,8,Bajo,735.0,-24.634167764602548,8573,No
6031,815540,0.006920415224913495,7,Bajo,1305.0,-23.19377162629758,6861,No
6032,721600,0.002488654662567706,8,Bajo,1308.0,-24.34896794027229,7738,No
6033,872610,0.00395882818685669,8,Bajo,900.0,-24.287410926365794,7617,No
6034,803820,0.00395882818685669,8,Bajo,900.0,-24.287410926365794,7618,No
6035,529720,0.002488654662567706,8,Bajo,900.0,-24.552042160737813,8310,No
6036,360210,0.00395882818685669,8,Bajo,1077.2999999999997,-24.14703087885986,7493,No
6037,851260,0.00395882818685669,8,Bajo,1077.2999999999997,-24.14703087885986,7494,No
6038,609210,0.009259259259259259,7,Bajo,540.0,-24.0,7403,No
6039,412770,0.0002443195699975568,10,Bajo,1308.0,-24.93608600048864,9448,No
6040,558090,0.015706806282722516,7,Bajo,1308.0,-20.89109947643979,6367,No
6041,502730,0.060294117647058824,6,Bajo,765.0,-15.774999999999999,5842,No
6042,493760,0.00395882818685669,8,Bajo,810.0,-24.358669833729216,8044,No
6043,770680,0.0002443195699975568,10,Bajo,1308.0,-24.93608600048864,9449,No
6044,668860,0.009259259259259259,7,Bajo,900.0,-23.333333333333332,6914,No
6045,538900,0.029005524861878452,7,Bajo,1308.0,-17.412154696132596,5958,No
6046,632710,0.002488654662567706,8,Bajo,1077.2999999999997,-24.46379446640316,8180,No
6047,365970,0.002098635886673662,9,Bajo,720.0,-24.69779643231899,8687,No
6048,601710,0.002488654662567706,8,Bajo,1308.0,-24.34896794027229,7739,No
6049,801440,0.002488654662567706,8,Bajo,1077.2999999999997,-24.46379446640316,8181,No
6050,824820,0.0001,10,Bajo,1308.0,-24.97384,9793,No
6051,597730,0.0007462686567164179,9,Bajo,900.0,-24.865671641791046,9105,No
6052,675390,0.00395882818685669,8,Bajo,900.0,-24.287410926365794,7619,No
6053,790640,0.0038314176245210726,8,Bajo,900.0,-24.310344827586206,7665,No
6054,595450,0.002488654662567706,8,Bajo,900.0,-24.552042160737813,8311,No
6055,706520,0.002488654662567706,8,Bajo,735.0,-24.634167764602548,8574,No
6056,802220,0.002488654662567706,8,Bajo,900.0,-24.552042160737813,8312,No
6057,258840,0.029005524861878452,7,Bajo,1308.0,-17.412154696132596,5959,No
6058,707930,0.002488654662567706,8,Bajo,900.0,-24.552042160737813,8313,No
6059,356910,0.00395882818685669,8,Bajo,900.0,-24.287410926365794,7620,No
6060,393170,0.002488654662567706,8,Bajo,900.0,-24.552042160737813,8314,No
6061,568980,0.006920415224913495,7,Bajo,900.0,-23.75432525951557,7117,No
6062,587530,0.002488654662567706,8,Bajo,900.0,-24.552042160737813,8315,No
6063,612920,0.002488654662567706,8,Bajo,900.0,-24.552042160737813,8316,No
6064,662710,0.00395882818685669,8,Bajo,900.0,-24.287410926365794,7621,No
6065,704640,0.015706806282722516,7,Bajo,900.0,-22.172774869109947,6574,No
6066,868210,0.030010172939979655,7,Bajo,1308.0,-17.149338758901322,5925,No
6067,637050,0.05795454545454545,7,Bajo,1308.0,-9.83909090909091,5453,No
6068,375860,0.002488654662567706,8,Bajo,1077.2999999999997,-24.46379446640316,8182,No
6069,689680,0.00395882818685669,8,Bajo,1077.2999999999997,-24.14703087885986,7495,No
6070,446590,0.015706806282722516,7,Bajo,1308.0,-20.89109947643979,6368,No
6071,469750,0.0002443195699975568,10,Bajo,900.0,-24.956022477400438,9667,No
6072,715240,0.015706806282722516,7,Bajo,900.0,-22.172774869109947,6575,No
6073,614790,0.006920415224913495,7,Bajo,900.0,-23.75432525951557,7118,No
6074,513020,0.005385996409335727,8,Bajo,1308.0,-23.591023339317772,7042,No
6075,601650,0.002488654662567706,8,Bajo,1308.0,-24.34896794027229,7740,No
6076,613740,0.0007462686567164179,9,Bajo,1308.0,-24.804776119402984,8896,No
6077,691090,0.030010172939979655,7,Bajo,720.0,-20.67853509664293,6325,No
6078,565720,0.0014742014742014742,9,Bajo,1308.0,-24.614348894348893,8470,No
6079,497080,0.0002443195699975568,10,Bajo,1308.0,-24.93608600048864,9450,No
6080,598590,0.009259259259259259,7,Bajo,1308.0,-22.577777777777776,6690,No
6081,367520,0.002488654662567706,8,Bajo,885.0,-24.559508124725514,8413,No
6082,551320,0.00395882818685669,8,Bajo,900.0,-24.287410926365794,7622,No
6083,353540,0.00395882818685669,8,Bajo,1308.0,-23.96437054631829,7282,No
6084,501870,0.030010172939979655,7,Bajo,1308.0,-17.149338758901322,5926,No
6085,642110,0.030010172939979655,7,Bajo,540.0,-21.758901322482195,6503,No
6086,375650,0.006359300476947535,7,Bajo,1077.2999999999997,-23.629825119236884,7071,No
6087,422130,0.002488654662567706,8,Bajo,1077.2999999999997,-24.46379446640316,8183,No
6088,598100,0.0001,10,Bajo,1077.2999999999997,-24.978454,9912,No
6089,635640,0.0007462686567164179,9,Bajo,1077.2999999999997,-24.83920895522388,9040,No
6090,799470,0.00395882818685669,8,Bajo,1077.2999999999997,-24.14703087885986,7496,No
6091,210510,0.13225621613271665,6,Bajo,1665.0,19.04131997219465,4051,Sí
6092,420790,0.002488654662567706,8,Bajo,735.0,-24.634167764602548,8575,No
6093,528960,0.002488654662567706,8,Bajo,900.0,-24.552042160737813,8317,No
6094,191240,0.98046875,1,Alto,1308.0,231.49062500000002,331,Sí
6095,509580,0.00395882818685669,8,Bajo,1077.2999999999997,-24.14703087885986,7497,No
6096,505590,0.0001,10,Bajo,1305.0,-24.9739,9887,No
6097,881500,0.002488654662567706,8,Bajo,900.0,-24.552042160737813,8318,No
6098,692050,0.006359300476947535,7,Bajo,1308.0,-23.336406995230526,6926,No
6099,472710,0.006359300476947535,7,Bajo,1308.0,-23.336406995230526,6927,No
6100,394670,0.002098635886673662,9,Bajo,1077.2999999999997,-24.547827911857294,8275,No
6101,633420,0.00395882818685669,8,Bajo,810.0,-24.358669833729216,8045,No
6102,379700,0.002488654662567706,8,Bajo,900.0,-24.552042160737813,8319,No
6103,350940,0.002488654662567706,8,Bajo,1077.2999999999997,-24.46379446640316,8184,No
6104,596560,0.0002443195699975568,10,Bajo,1077.2999999999997,-24.947358905448326,9603,No
6105,617920,0.002488654662567706,8,Bajo,1308.0,-24.34896794027229,7741,No
6106,664470,0.006359300476947535,7,Bajo,900.0,-23.855325914149443,7184,No
6107,108280,0.3372395833333333,5,Medio,1665.0,87.30078125,1426,Sí
6108,375330,0.006920415224913495,7,Bajo,1077.2999999999997,-23.508927335640138,7011,No
6109,396820,0.0014742014742014742,9,Bajo,1308.0,-24.614348894348893,8471,No
6110,629880,0.009259259259259259,7,Bajo,1308.0,-22.577777777777776,6691,No
6111,630890,0.0014742014742014742,9,Bajo,1308.0,-24.614348894348893,8472,No
6112,682960,0.0002443195699975568,10,Bajo,1308.0,-24.93608600048864,9451,No
6113,722270,0.002488654662567706,8,Bajo,1308.0,-24.34896794027229,7742,No
6114,780680,0.009259259259259259,7,Bajo,1308.0,-22.577777777777776,6692,No
6115,821520,0.0014742014742014742,9,Bajo,1308.0,-24.614348894348893,8473,No
6116,516720,0.08191489361702127,6,Bajo,1305.0,-3.6202127659574472,5147,No
6117,544590,0.015706806282722516,7,Bajo,1308.0,-20.89109947643979,6369,No
6118,508760,0.006359300476947535,7,Bajo,1308.0,-23.336406995230526,6928,No
6119,800840,0.006920415224913495,7,Bajo,900.0,-23.75432525951557,7119,No
6120,818300,0.002488654662567706,8,Bajo,900.0,-24.552042160737813,8320,No
6121,596120,0.0001,10,Bajo,1308.0,-24.97384,9794,No
6122,574870,0.0007462686567164179,9,Bajo,1308.0,-24.804776119402984,8897,No
6123,130010,0.3372395833333333,5,Medio,1665.0,87.30078125,1427,Sí
6124,292110,0.39416058394160586,5,Medio,1305.0,77.87591240875913,1704,Sí
6125,572210,0.0007462686567164179,9,Bajo,1308.0,-24.804776119402984,8898,No
6126,482320,0.01694915254237288,7,Bajo,1305.0,-20.576271186440678,6312,No
6127,611400,0.009259259259259259,7,Bajo,1305.0,-22.583333333333332,6704,No
6128,350130,0.002488654662567706,8,Bajo,1308.0,-24.34896794027229,7743,No
6129,356940,0.015706806282722516,7,Bajo,1308.0,-20.89109947643979,6370,No
6130,395020,0.05795454545454545,7,Bajo,1308.0,-9.83909090909091,5454,No
6131,415720,0.0014742014742014742,9,Bajo,1308.0,-24.614348894348893,8474,No
6132,426280,0.0014742014742014742,9,Bajo,1308.0,-24.614348894348893,8475,No
6133,526580,0.0002443195699975568,10,Bajo,1308.0,-24.93608600048864,9452,No
6134,635760,0.002488654662567706,8,Bajo,1308.0,-24.34896794027229,7744,No
6135,679840,0.009259259259259259,7,Bajo,1308.0,-22.577777777777776,6693,No
6136,737500,0.05795454545454545,7,Bajo,1308.0,-9.83909090909091,5455,No
6137,802060,0.0038314176245210726,8,Bajo,1308.0,-23.99770114942529,7392,No
6138,630600,0.00395882818685669,8,Bajo,1308.0,-23.96437054631829,7283,No
6139,659280,0.0002443195699975568,10,Bajo,1308.0,-24.93608600048864,9453,No
6140,659500,0.029005524861878452,7,Bajo,900.0,-19.77900552486188,6185,No
6141,782930,0.002488654662567706,8,Bajo,1308.0,-24.34896794027229,7745,No
6142,617370,0.0002443195699975568,10,Bajo,900.0,-24.956022477400438,9668,No
6143,389710,0.006359300476947535,7,Bajo,1305.0,-23.340222575516695,6947,No
6144,405080,0.015706806282722516,7,Bajo,1305.0,-20.90052356020942,6405,No
6145,450320,0.006359300476947535,7,Bajo,1305.0,-23.340222575516695,6948,No
6146,675430,0.002488654662567706,8,Bajo,1305.0,-24.350461133069828,8000,No
6147,706840,0.002488654662567706,8,Bajo,1305.0,-24.350461133069828,8001,No
6148,707430,0.002488654662567706,8,Bajo,1305.0,-24.350461133069828,8002,No
6149,794380,0.00395882818685669,8,Bajo,1305.0,-23.966745843230402,7364,No
6150,782570,0.002488654662567706,8,Bajo,1308.0,-24.34896794027229,7746,No
6151,350430,0.029005524861878452,7,Bajo,1308.0,-17.412154696132596,5960,No
6152,386190,0.015706806282722516,7,Bajo,1308.0,-20.89109947643979,6371,No
6153,416880,0.002488654662567706,8,Bajo,1308.0,-24.34896794027229,7747,No
6154,446000,0.002488654662567706,8,Bajo,1308.0,-24.34896794027229,7748,No
6155,480940,0.015706806282722516,7,Bajo,1308.0,-20.89109947643979,6372,No
6156,485000,0.002488654662567706,8,Bajo,1308.0,-24.34896794027229,7749,No
6157,487320,0.002488654662567706,8,Bajo,1308.0,-24.34896794027229,7750,No
6158,544450,0.00395882818685669,8,Bajo,1308.0,-23.96437054631829,7284,No
6159,594260,0.005385996409335727,8,Bajo,1308.0,-23.591023339317772,7043,No
6160,597600,0.002488654662567706,8,Bajo,1308.0,-24.34896794027229,7751,No
6161,629160,0.002488654662567706,8,Bajo,1308.0,-24.34896794027229,7752,No
6162,739680,0.002488654662567706,8,Bajo,1308.0,-24.34896794027229,7753,No
6163,799880,0.08191489361702127,6,Bajo,1308.0,-3.5710638297872315,5145,No
6164,852850,0.002488654662567706,8,Bajo,1308.0,-24.34896794027229,7754,No
6165,707300,0.002488654662567706,8,Bajo,900.0,-24.552042160737813,8321,No
6166,639390,0.00395882818685669,8,Bajo,1077.2999999999997,-24.14703087885986,7498,No
6167,629470,0.002488654662567706,8,Bajo,900.0,-24.552042160737813,8322,No
6168,788100,0.006920415224913495,7,Bajo,900.0,-23.75432525951557,7120,No
6169,703030,0.006920415224913495,7,Bajo,1308.0,-23.18961937716263,6846,No
6170,321870,0.5417406749555951,4,Alto,1308.0,116.71936056838368,822,Sí
6171,380510,0.00395882818685669,8,Bajo,1308.0,-23.96437054631829,7285,No
6172,554060,0.00395882818685669,8,Bajo,1305.0,-23.966745843230402,7365,No
6173,556170,0.015706806282722516,7,Bajo,1305.0,-20.90052356020942,6406,No
6174,852510,0.002488654662567706,8,Bajo,1077.2999999999997,-24.46379446640316,8185,No
6175,344090,0.002488654662567706,8,Bajo,900.0,-24.552042160737813,8323,No
6176,407590,0.009259259259259259,7,Bajo,900.0,-23.333333333333332,6915,No
6177,512420,0.002488654662567706,8,Bajo,900.0,-24.552042160737813,8324,No
6178,512640,0.002488654662567706,8,Bajo,900.0,-24.552042160737813,8325,No
6179,567690,0.006359300476947535,7,Bajo,900.0,-23.855325914149443,7185,No
6180,647370,0.0007462686567164179,9,Bajo,900.0,-24.865671641791046,9106,No
6181,710990,0.0014742014742014742,9,Bajo,900.0,-24.734643734643736,8708,No
6182,750000,0.0038314176245210726,8,Bajo,900.0,-24.310344827586206,7666,No
6183,819780,0.002488654662567706,8,Bajo,900.0,-24.552042160737813,8326,No
6184,838230,0.006359300476947535,7,Bajo,900.0,-23.855325914149443,7186,No
6185,484900,0.002488654662567706,8,Bajo,1077.2999999999997,-24.46379446640316,8186,No
6186,136300,0.3190760218702019,5,Medio,1308.0,58.470287321244825,2505,Sí
6187,428400,0.00395882818685669,8,Bajo,1308.0,-23.96437054631829,7286,No
6188,377310,0.00395882818685669,8,Bajo,540.0,-24.57244655581948,8419,No
6189,591620,0.002488654662567706,8,Bajo,735.0,-24.634167764602548,8576,No
6190,726780,0.002488654662567706,8,Bajo,1308.0,-24.34896794027229,7755,No
6191,881530,0.0002443195699975568,10,Bajo,1077.2999999999997,-24.947358905448326,9604,No
6192,762850,0.0001,10,Bajo,1308.0,-24.97384,9795,No
6193,831330,0.002488654662567706,8,Bajo,1077.2999999999997,-24.46379446640316,8187,No
6194,741330,0.015706806282722516,7,Bajo,1308.0,-20.89109947643979,6373,No
6195,368990,0.0014742014742014742,9,Bajo,810.0,-24.761179361179362,8789,No
6196,613920,0.0014742014742014742,9,Bajo,900.0,-24.734643734643736,8709,No
6197,560460,0.0001,10,Bajo,1077.2999999999997,-24.978454,9913,No
6198,867100,0.0001,10,Bajo,1308.0,-24.97384,9796,No
6199,886940,0.0001,10,Bajo,1308.0,-24.97384,9797,No
6200,592280,0.0038314176245210726,8,Bajo,1308.0,-23.99770114942529,7393,No
6201,771160,0.015706806282722516,7,Bajo,1308.0,-20.89109947643979,6374,No
6202,443940,0.00395882818685669,8,Bajo,900.0,-24.287410926365794,7623,No
6203,528970,0.00395882818685669,8,Bajo,1308.0,-23.96437054631829,7287,No
6204,713910,0.002488654662567706,8,Bajo,1305.0,-24.350461133069828,8003,No
6205,721650,0.002488654662567706,8,Bajo,1305.0,-24.350461133069828,8004,No
6206,789200,0.002488654662567706,8,Bajo,900.0,-24.552042160737813,8327,No
6207,609090,0.002488654662567706,8,Bajo,1077.2999999999997,-24.46379446640316,8188,No
6208,173720,0.2069237416186202,6,Medio,1308.0,29.13125080743105,3613,Sí
6209,381120,0.002488654662567706,8,Bajo,1308.0,-24.34896794027229,7756,No
6210,502380,0.0001,10,Bajo,1308.0,-24.97384,9798,No
6211,577160,0.006359300476947535,7,Bajo,1308.0,-23.336406995230526,6929,No
6212,883570,0.002488654662567706,8,Bajo,1308.0,-24.34896794027229,7757,No
6213,544050,0.015706806282722516,7,Bajo,1308.0,-20.89109947643979,6375,No
6214,483750,0.11088295687885011,6,Bajo,765.0,-8.034907597535934,5349,No
6215,563230,0.0038314176245210726,8,Bajo,735.0,-24.436781609195403,8099,No
6216,848940,0.00395882818685669,8,Bajo,1308.0,-23.96437054631829,7288,No
6217,591940,0.002488654662567706,8,Bajo,855.0,-24.574440052700922,8422,No
6218,526250,0.005385996409335727,8,Bajo,810.0,-24.127468581687612,7479,No
6219,620960,0.005385996409335727,8,Bajo,1305.0,-23.594254937163374,7056,No
6220,347220,0.002488654662567706,8,Bajo,1308.0,-24.34896794027229,7758,No
6221,536920,0.01694915254237288,7,Bajo,1308.0,-20.566101694915254,6308,No
6222,630180,0.0007462686567164179,9,Bajo,1077.2999999999997,-24.83920895522388,9041,No
6223,155840,0.9929873772791024,1,Alto,1665.0,305.66479663394114,234,Sí
6224,647570,0.0014742014742014742,9,Bajo,1077.2999999999997,-24.68236855036855,8640,No
6225,783890,0.002488654662567706,8,Bajo,1077.2999999999997,-24.46379446640316,8189,No
6226,408710,0.002098635886673662,9,Bajo,900.0,-24.62224554039874,8538,No
6227,494710,0.00395882818685669,8,Bajo,900.0,-24.287410926365794,7624,No
6228,618660,0.00395882818685669,8,Bajo,900.0,-24.287410926365794,7625,No
6229,710060,0.0038314176245210726,8,Bajo,900.0,-24.310344827586206,7667,No
6230,439710,0.002488654662567706,8,Bajo,1062.2999999999997,-24.471260430390867,8232,No
6231,495390,0.015706806282722516,7,Bajo,1305.0,-20.90052356020942,6407,No
6232,431060,0.0007462686567164179,9,Bajo,1308.0,-24.804776119402984,8899,No
6233,386110,0.002488654662567706,8,Bajo,1308.0,-24.34896794027229,7759,No
6234,476080,0.0007462686567164179,9,Bajo,900.0,-24.865671641791046,9107,No
6235,640480,0.00395882818685669,8,Bajo,1308.0,-23.96437054631829,7289,No
6236,367360,0.0007462686567164179,9,Bajo,1308.0,-24.804776119402984,8900,No
6237,649520,0.002488654662567706,8,Bajo,900.0,-24.552042160737813,8328,No
6238,690230,0.0001,10,Bajo,810.0,-24.9838,9944,No
6239,511950,0.00395882818685669,8,Bajo,810.0,-24.358669833729216,8046,No
6240,418400,0.002488654662567706,8,Bajo,1665.0,-24.171277997364953,7514,No
6241,488830,0.05795454545454545,7,Bajo,1665.0,-5.701136363636362,5198,No
6242,522230,0.005385996409335727,8,Bajo,1665.0,-23.206463195691203,6862,No
6243,487270,0.0014742014742014742,9,Bajo,900.0,-24.734643734643736,8710,No
6244,648510,0.002098635886673662,9,Bajo,900.0,-24.62224554039874,8539,No
6245,729560,0.002098635886673662,9,Bajo,1077.2999999999997,-24.547827911857294,8276,No
6246,736300,0.00395882818685669,8,Bajo,1308.0,-23.96437054631829,7290,No
6247,599510,0.015706806282722516,7,Bajo,1308.0,-20.89109947643979,6376,No
6248,714490,0.002488654662567706,8,Bajo,1305.0,-24.350461133069828,8005,No
6249,752970,0.002488654662567706,8,Bajo,1305.0,-24.350461133069828,8006,No
6250,604930,0.0002443195699975568,10,Bajo,1077.2999999999997,-24.947358905448326,9605,No
6251,356270,0.002488654662567706,8,Bajo,1308.0,-24.34896794027229,7760,No
6252,320420,0.4672268907563025,4,Medio,720.0,42.280672268907566,3030,Sí
6253,226890,0.817966903073286,2,Alto,1305.0,188.48936170212767,390,Sí
6254,593800,0.00395882818685669,8,Bajo,1308.0,-23.96437054631829,7291,No
6255,432120,0.002488654662567706,8,Bajo,900.0,-24.552042160737813,8329,No
6256,593670,0.002098635886673662,9,Bajo,1308.0,-24.45099685204617,8115,No
6257,631720,0.0014742014742014742,9,Bajo,1077.2999999999997,-24.68236855036855,8641,No
6258,879790,0.005385996409335727,8,Bajo,900.0,-24.03052064631957,7422,No
6259,863560,0.002488654662567706,8,Bajo,1305.0,-24.350461133069828,8007,No
6260,485960,0.0038314176245210726,8,Bajo,1077.2999999999997,-24.17448275862069,7523,No
6261,361010,0.002488654662567706,8,Bajo,1308.0,-24.34896794027229,7761,No
6262,883490,0.002488654662567706,8,Bajo,1308.0,-24.34896794027229,7762,No
6263,647630,0.00395882818685669,8,Bajo,1308.0,-23.96437054631829,7292,No
6264,638210,0.0001,10,Bajo,1308.0,-24.97384,9799,No
6265,423710,0.0002443195699975568,10,Bajo,1308.0,-24.93608600048864,9454,No
6266,729040,0.00395882818685669,8,Bajo,1308.0,-23.96437054631829,7293,No
6267,738860,0.002488654662567706,8,Bajo,540.0,-24.731225296442688,8701,No
6268,516610,0.002488654662567706,8,Bajo,1308.0,-24.34896794027229,7763,No
6269,797810,0.006359300476947535,7,Bajo,1308.0,-23.336406995230526,6930,No
6270,872470,0.002098635886673662,9,Bajo,1815.0,-24.23819517313746,7582,No
6271,811880,0.0038314176245210726,8,Bajo,1308.0,-23.99770114942529,7394,No
6272,680140,0.002488654662567706,8,Bajo,1308.0,-24.34896794027229,7764,No
6273,207630,0.7387958410713422,2,Alto,885.0,105.7668638696276,954,Sí
6274,366420,0.002488654662567706,8,Bajo,1308.0,-24.34896794027229,7765,No
6275,140260,0.98046875,1,Alto,735.0,119.12890625,782,Sí
6276,760290,0.002098635886673662,9,Bajo,735.0,-24.69150052465897,8668,No
6277,583420,0.0007462686567164179,9,Bajo,1077.2999999999997,-24.83920895522388,9042,No
6278,658290,0.009259259259259259,7,Bajo,1077.2999999999997,-23.005,6814,No
6279,360130,0.002488654662567706,8,Bajo,900.0,-24.552042160737813,8330,No
6280,458590,0.006359300476947535,7,Bajo,900.0,-23.855325914149443,7187,No
6281,699520,0.002488654662567706,8,Bajo,900.0,-24.552042160737813,8331,No
6282,887280,0.00395882818685669,8,Bajo,900.0,-24.287410926365794,7626,No
6283,787920,0.002488654662567706,8,Bajo,1308.0,-24.34896794027229,7766,No
6284,789170,0.00395882818685669,8,Bajo,1308.0,-23.96437054631829,7294,No
6285,876110,0.0038314176245210726,8,Bajo,1308.0,-23.99770114942529,7395,No
6286,620010,0.002488654662567706,8,Bajo,900.0,-24.552042160737813,8332,No
6287,414640,0.015706806282722516,7,Bajo,1308.0,-20.89109947643979,6377,No
6288,765000,0.002098635886673662,9,Bajo,1308.0,-24.45099685204617,8116,No
6289,740990,0.002488654662567706,8,Bajo,1308.0,-24.34896794027229,7767,No
6290,734950,0.015706806282722516,7,Bajo,1308.0,-20.89109947643979,6378,No
6291,633680,0.002488654662567706,8,Bajo,1308.0,-24.34896794027229,7768,No
6292,611840,0.015706806282722516,7,Bajo,900.0,-22.172774869109947,6576,No
6293,799350,0.0002443195699975568,10,Bajo,735.0,-24.96408502321036,9744,No
6294,781920,0.0002443195699975568,10,Bajo,1308.0,-24.93608600048864,9455,No
6295,162680,0.9643635135789099,1,Alto,1308.0,227.27749515224286,337,Sí
6296,348670,0.0001,10,Bajo,1308.0,-24.97384,9800,No
6297,390310,0.006097560975609756,8,Bajo,1308.0,-23.40487804878049,6966,No
6298,524740,0.00395882818685669,8,Bajo,1308.0,-23.96437054631829,7295,No
6299,837760,0.0001,10,Bajo,1308.0,-24.97384,9801,No
6300,867720,0.0001,10,Bajo,1308.0,-24.97384,9802,No
6301,502390,0.0001,10,Bajo,1308.0,-24.97384,9803,No
6302,849070,0.002488654662567706,8,Bajo,1308.0,-24.34896794027229,7769,No
6303,774200,0.08191489361702127,6,Bajo,1305.0,-3.6202127659574472,5148,No
6304,372920,0.002488654662567706,8,Bajo,1308.0,-24.34896794027229,7770,No
6305,539310,0.00395882818685669,8,Bajo,1308.0,-23.96437054631829,7296,No
6306,661760,0.002098635886673662,9,Bajo,810.0,-24.660020986358866,8620,No
6307,794410,0.0001,10,Bajo,810.0,-24.9838,9945,No
6308,423420,0.0002443195699975568,10,Bajo,1308.0,-24.93608600048864,9456,No
6309,587640,0.00395882818685669,8,Bajo,1308.0,-23.96437054631829,7297,No
6310,587270,0.00395882818685669,8,Bajo,1308.0,-23.96437054631829,7298,No
6311,441620,0.002488654662567706,8,Bajo,900.0,-24.552042160737813,8333,No
6312,364560,0.0001,10,Bajo,1308.0,-24.97384,9804,No
6313,688530,0.00395882818685669,8,Bajo,1308.0,-23.96437054631829,7299,No
6314,820570,0.0014742014742014742,9,Bajo,1308.0,-24.614348894348893,8476,No
6315,840150,0.0014742014742014742,9,Bajo,1308.0,-24.614348894348893,8477,No
6316,850850,0.0014742014742014742,9,Bajo,1308.0,-24.614348894348893,8478,No
6317,345970,0.002488654662567706,8,Bajo,1305.0,-24.350461133069828,8008,No
6318,477350,0.002488654662567706,8,Bajo,1305.0,-24.350461133069828,8009,No
6319,48470,0.003040350308465162,8,Bajo,1308.0,-24.204644359305515,7559,No
6320,352730,0.00395882818685669,8,Bajo,1308.0,-23.96437054631829,7300,No
6321,352890,0.00395882818685669,8,Bajo,1308.0,-23.96437054631829,7301,No
6322,413520,0.0001,10,Bajo,1308.0,-24.97384,9805,No
6323,424740,0.002488654662567706,8,Bajo,1308.0,-24.34896794027229,7771,No
6324,427600,0.002488654662567706,8,Bajo,1308.0,-24.34896794027229,7772,No
6325,432620,0.00395882818685669,8,Bajo,1308.0,-23.96437054631829,7302,No
6326,441670,0.00395882818685669,8,Bajo,1308.0,-23.96437054631829,7303,No
6327,478160,0.002488654662567706,8,Bajo,1308.0,-24.34896794027229,7773,No
6328,488560,0.002488654662567706,8,Bajo,1308.0,-24.34896794027229,7774,No
6329,516480,0.00395882818685669,8,Bajo,1308.0,-23.96437054631829,7304,No
6330,593420,0.00395882818685669,8,Bajo,1308.0,-23.96437054631829,7305,No
6331,628310,0.009259259259259259,7,Bajo,1308.0,-22.577777777777776,6694,No
6332,679060,0.0014742014742014742,9,Bajo,1308.0,-24.614348894348893,8479,No
6333,682190,0.0014742014742014742,9,Bajo,1308.0,-24.614348894348893,8480,No
6334,700770,0.00395882818685669,8,Bajo,1308.0,-23.96437054631829,7306,No
6335,705900,0.002488654662567706,8,Bajo,1308.0,-24.34896794027229,7775,No
6336,706930,0.00395882818685669,8,Bajo,1308.0,-23.96437054631829,7307,No
6337,739450,0.0007462686567164179,9,Bajo,1308.0,-24.804776119402984,8901,No
6338,739460,0.0001,10,Bajo,1308.0,-24.97384,9806,No
6339,740730,0.015706806282722516,7,Bajo,1308.0,-20.89109947643979,6379,No
6340,741100,0.006359300476947535,7,Bajo,1308.0,-23.336406995230526,6931,No
6341,793920,0.0002443195699975568,10,Bajo,1308.0,-24.93608600048864,9457,No
6342,800720,0.002488654662567706,8,Bajo,1308.0,-24.34896794027229,7776,No
6343,816730,0.0001,10,Bajo,1308.0,-24.97384,9807,No
6344,850610,0.005385996409335727,8,Bajo,1308.0,-23.591023339317772,7044,No
6345,852840,0.002488654662567706,8,Bajo,1308.0,-24.34896794027229,7777,No
6346,797970,0.006359300476947535,7,Bajo,1308.0,-23.336406995230526,6932,No
6347,488060,0.015706806282722516,7,Bajo,1308.0,-20.89109947643979,6380,No
6348,409580,0.0014742014742014742,9,Bajo,1077.2999999999997,-24.68236855036855,8642,No
6349,363270,0.0001,10,Bajo,1308.0,-24.97384,9808,No
6350,450850,0.015706806282722516,7,Bajo,1665.0,-19.769633507853403,6176,No
6351,385670,0.0002443195699975568,10,Bajo,1077.2999999999997,-24.947358905448326,9606,No
6352,387760,0.00395882818685669,8,Bajo,1077.2999999999997,-24.14703087885986,7499,No
6353,418160,0.0014742014742014742,9,Bajo,1077.2999999999997,-24.68236855036855,8643,No
6354,528540,0.006920415224913495,7,Bajo,1077.2999999999997,-23.508927335640138,7012,No
6355,532770,0.002488654662567706,8,Bajo,1077.2999999999997,-24.46379446640316,8190,No
6356,613550,0.002488654662567706,8,Bajo,1077.2999999999997,-24.46379446640316,8191,No
6357,766450,0.0002443195699975568,10,Bajo,1077.2999999999997,-24.947358905448326,9607,No
6358,731600,0.00395882818685669,8,Bajo,1308.0,-23.96437054631829,7308,No
6359,560170,0.00395882818685669,8,Bajo,735.0,-24.418052256532068,8093,No
6360,848710,0.00395882818685669,8,Bajo,1308.0,-23.96437054631829,7309,No
6361,22850,0.002488654662567706,8,Bajo,735.0,-24.634167764602548,8577,No
6362,376870,0.030010172939979655,7,Bajo,765.0,-20.408443540183114,6280,No
6363,810830,0.015706806282722516,7,Bajo,765.0,-22.596858638743456,6706,No
6364,439820,0.0002443195699975568,10,Bajo,900.0,-24.956022477400438,9669,No
6365,589660,0.00395882818685669,8,Bajo,1308.0,-23.96437054631829,7310,No
6366,584910,0.002488654662567706,8,Bajo,900.0,-24.552042160737813,8334,No
6367,359160,0.0014742014742014742,9,Bajo,1665.0,-24.509090909090908,8261,No
6368,552300,0.030010172939979655,7,Bajo,1308.0,-17.149338758901322,5927,No
6369,528310,0.0002443195699975568,10,Bajo,1308.0,-24.93608600048864,9458,No
6370,390700,0.002488654662567706,8,Bajo,900.0,-24.552042160737813,8335,No
6371,753360,0.002488654662567706,8,Bajo,900.0,-24.552042160737813,8336,No
6372,597280,0.002488654662567706,8,Bajo,855.0,-24.574440052700922,8423,No
6373,715640,0.0038314176245210726,8,Bajo,1665.0,-23.724137931034484,7093,No
6374,439530,0.002488654662567706,8,Bajo,1077.2999999999997,-24.46379446640316,8192,No
6375,831670,0.002488654662567706,8,Bajo,1077.2999999999997,-24.46379446640316,8193,No
6376,383990,0.00395882818685669,8,Bajo,900.0,-24.287410926365794,7627,No
6377,665910,0.030010172939979655,7,Bajo,900.0,-19.59816887080366,6164,No
6378,665930,0.030010172939979655,7,Bajo,900.0,-19.59816887080366,6165,No
6379,845840,0.01694915254237288,7,Bajo,900.0,-21.949152542372882,6532,No
6380,366800,0.0001,10,Bajo,1815.0,-24.9637,9736,No
6381,509000,0.00395882818685669,8,Bajo,1308.0,-23.96437054631829,7311,No
6382,505000,0.0001,10,Bajo,1308.0,-24.97384,9809,No
6383,505340,0.0001,10,Bajo,1308.0,-24.97384,9810,No
6384,427610,0.006920415224913495,7,Bajo,1308.0,-23.18961937716263,6847,No
6385,523060,0.0002443195699975568,10,Bajo,1308.0,-24.93608600048864,9459,No
6386,634870,0.002488654662567706,8,Bajo,1308.0,-24.34896794027229,7778,No
6387,701650,0.3551617873651772,5,Medio,1308.0,67.91032357473034,2001,Sí
6388,723400,0.00395882818685669,8,Bajo,1308.0,-23.96437054631829,7312,No
6389,796620,0.05795454545454545,7,Bajo,1077.2999999999997,-12.51311363636364,5609,No
6390,466340,0.002488654662567706,8,Bajo,720.0,-24.64163372859025,8603,No
6391,317340,0.006920415224913495,7,Bajo,1308.0,-23.18961937716263,6848,No
6392,394280,0.002488654662567706,8,Bajo,1077.2999999999997,-24.46379446640316,8194,No
6393,563760,0.0001,10,Bajo,1308.0,-24.97384,9811,No
6394,465860,0.002098635886673662,9,Bajo,1077.2999999999997,-24.547827911857294,8277,No
6395,768710,0.006920415224913495,7,Bajo,540.0,-24.252595155709344,7599,No
6396,676700,0.0002443195699975568,10,Bajo,1308.0,-24.93608600048864,9460,No
6397,590050,0.030010172939979655,7,Bajo,1308.0,-17.149338758901322,5928,No
6398,630150,0.002488654662567706,8,Bajo,1308.0,-24.34896794027229,7779,No
6399,679240,0.002488654662567706,8,Bajo,1665.0,-24.171277997364953,7515,No
6400,685130,0.0038314176245210726,8,Bajo,1665.0,-23.724137931034484,7094,No
6401,395230,0.0038314176245210726,8,Bajo,1077.2999999999997,-24.17448275862069,7524,No
6402,728720,0.002488654662567706,8,Bajo,1308.0,-24.34896794027229,7780,No
6403,579490,0.08191489361702127,6,Bajo,1305.0,-3.6202127659574472,5149,No
6404,381000,0.0002443195699975568,10,Bajo,1308.0,-24.93608600048864,9461,No
6405,848910,0.002098635886673662,9,Bajo,735.0,-24.69150052465897,8669,No
6406,597560,0.002488654662567706,8,Bajo,1077.2999999999997,-24.46379446640316,8195,No
6407,597570,0.002488654662567706,8,Bajo,1077.2999999999997,-24.46379446640316,8196,No
6408,569560,0.002488654662567706,8,Bajo,1308.0,-24.34896794027229,7781,No
6409,785750,0.041237113402061855,7,Bajo,1308.0,-14.212371134020618,5740,No
6410,560030,0.005385996409335727,8,Bajo,1305.0,-23.594254937163374,7057,No
6411,406610,0.006097560975609756,8,Bajo,1308.0,-23.40487804878049,6967,No
6412,414940,0.002488654662567706,8,Bajo,1308.0,-24.34896794027229,7782,No
6413,429150,0.015706806282722516,7,Bajo,1308.0,-20.89109947643979,6381,No
6414,473300,0.015706806282722516,7,Bajo,1308.0,-20.89109947643979,6382,No
6415,581220,0.00395882818685669,8,Bajo,1308.0,-23.96437054631829,7313,No
6416,747690,0.006359300476947535,7,Bajo,1308.0,-23.336406995230526,6933,No
6417,869630,0.002488654662567706,8,Bajo,1308.0,-24.34896794027229,7783,No
6418,402550,0.006359300476947535,7,Bajo,900.0,-23.855325914149443,7188,No
6419,748470,0.00395882818685669,8,Bajo,900.0,-24.287410926365794,7628,No
6420,595290,0.0002443195699975568,10,Bajo,1077.2999999999997,-24.947358905448326,9608,No
6421,519950,0.0001,10,Bajo,1308.0,-24.97384,9812,No
6422,429820,0.002098635886673662,9,Bajo,735.0,-24.69150052465897,8670,No
6423,476030,0.00395882818685669,8,Bajo,1308.0,-23.96437054631829,7314,No
6424,752820,0.002488654662567706,8,Bajo,1305.0,-24.350461133069828,8010,No
6425,374960,0.002488654662567706,8,Bajo,1077.2999999999997,-24.46379446640316,8197,No
6426,421590,0.002488654662567706,8,Bajo,1077.2999999999997,-24.46379446640316,8198,No
6427,662970,0.0002443195699975568,10,Bajo,1077.2999999999997,-24.947358905448326,9609,No
6428,678310,0.002488654662567706,8,Bajo,1077.2999999999997,-24.46379446640316,8199,No
6429,770700,0.002488654662567706,8,Bajo,1077.2999999999997,-24.46379446640316,8200,No
6430,511260,0.0002443195699975568,10,Bajo,900.0,-24.956022477400438,9670,No
6431,812810,0.002488654662567706,8,Bajo,1308.0,-24.34896794027229,7784,No
6432,544000,0.0014742014742014742,9,Bajo,1308.0,-24.614348894348893,8481,No
6433,670740,0.0001,10,Bajo,1062.2999999999997,-24.978754,9934,No
6434,535450,0.0014742014742014742,9,Bajo,735.0,-24.783292383292384,8820,No
6435,856070,0.002488654662567706,8,Bajo,735.0,-24.634167764602548,8578,No
6436,360510,0.00395882818685669,8,Bajo,1665.0,-23.68171021377672,7081,No
6437,881890,0.0007462686567164179,9,Bajo,1665.0,-24.751492537313432,8774,No
6438,881020,0.0038314176245210726,8,Bajo,900.0,-24.310344827586206,7668,No
6439,526500,0.002098635886673662,9,Bajo,1308.0,-24.45099685204617,8117,No
6440,584700,0.002488654662567706,8,Bajo,1077.2999999999997,-24.46379446640316,8201,No
6441,672530,0.0002443195699975568,10,Bajo,900.0,-24.956022477400438,9671,No
6442,590430,0.005385996409335727,8,Bajo,1308.0,-23.591023339317772,7045,No
6443,235290,0.40280847746150794,5,Medio,1308.0,80.37469770393048,1631,Sí
6444,806430,0.009259259259259259,7,Bajo,1308.0,-22.577777777777776,6695,No
6445,807700,0.009259259259259259,7,Bajo,1308.0,-22.577777777777776,6696,No
6446,538520,0.002488654662567706,8,Bajo,1308.0,-24.34896794027229,7785,No
6447,757540,0.002488654662567706,8,Bajo,735.0,-24.634167764602548,8579,No
6448,710790,0.002488654662567706,8,Bajo,735.0,-24.634167764602548,8580,No
6449,557180,0.002488654662567706,8,Bajo,735.0,-24.634167764602548,8581,No
6450,714510,0.0014742014742014742,9,Bajo,735.0,-24.783292383292384,8821,No
6451,818940,0.002488654662567706,8,Bajo,810.0,-24.59683794466403,8448,No
6452,649160,0.0038314176245210726,8,Bajo,1077.2999999999997,-24.17448275862069,7525,No
6453,630490,0.002488654662567706,8,Bajo,1308.0,-24.34896794027229,7786,No
6454,673310,0.0014742014742014742,9,Bajo,1308.0,-24.614348894348893,8482,No
6455,707740,0.0002443195699975568,10,Bajo,1308.0,-24.93608600048864,9462,No
6456,865810,0.006920415224913495,7,Bajo,1308.0,-23.18961937716263,6849,No
6457,798400,0.0014742014742014742,9,Bajo,1308.0,-24.614348894348893,8483,No
6458,461430,0.002488654662567706,8,Bajo,1305.0,-24.350461133069828,8011,No
6459,461440,0.002488654662567706,8,Bajo,1305.0,-24.350461133069828,8012,No
6460,576850,0.0001,10,Bajo,1308.0,-24.97384,9813,No
6461,545600,0.00395882818685669,8,Bajo,1308.0,-23.96437054631829,7315,No
6462,661840,0.0002443195699975568,10,Bajo,1077.2999999999997,-24.947358905448326,9610,No
6463,697050,0.006359300476947535,7,Bajo,1308.0,-23.336406995230526,6934,No
6464,714100,0.0007462686567164179,9,Bajo,735.0,-24.89029850746269,9163,No
6465,739870,0.0002443195699975568,10,Bajo,1308.0,-24.93608600048864,9463,No
6466,878540,0.0014742014742014742,9,Bajo,1308.0,-24.614348894348893,8484,No
6467,689820,0.0001,10,Bajo,810.0,-24.9838,9946,No
6468,296970,0.006359300476947535,7,Bajo,1077.2999999999997,-23.629825119236884,7072,No
6469,797730,0.009259259259259259,7,Bajo,1308.0,-22.577777777777776,6697,No
6470,689420,0.0014742014742014742,9,Bajo,1308.0,-24.614348894348893,8485,No
6471,389170,0.002098635886673662,9,Bajo,810.0,-24.660020986358866,8621,No
6472,875170,0.015706806282722516,7,Bajo,1308.0,-20.89109947643979,6383,No
6473,617550,0.002488654662567706,8,Bajo,735.0,-24.634167764602548,8582,No
6474,580260,0.015706806282722516,7,Bajo,1308.0,-20.89109947643979,6384,No
6475,655680,0.002488654662567706,8,Bajo,735.0,-24.634167764602548,8583,No
6476,468230,0.00395882818685669,8,Bajo,1308.0,-23.96437054631829,7316,No
6477,746790,0.015706806282722516,7,Bajo,1308.0,-20.89109947643979,6385,No
6478,430050,0.030010172939979655,7,Bajo,1308.0,-17.149338758901322,5929,No
6479,620040,0.005385996409335727,8,Bajo,1305.0,-23.594254937163374,7058,No
6480,620330,0.005385996409335727,8,Bajo,1305.0,-23.594254937163374,7059,No
6481,479600,0.002488654662567706,8,Bajo,1308.0,-24.34896794027229,7787,No
6482,405410,0.002488654662567706,8,Bajo,900.0,-24.552042160737813,8337,No
6483,531370,0.015706806282722516,7,Bajo,1305.0,-20.90052356020942,6408,No
6484,805890,0.002098635886673662,9,Bajo,900.0,-24.62224554039874,8540,No
6485,595890,0.00395882818685669,8,Bajo,900.0,-24.287410926365794,7629,No
6486,791160,0.029005524861878452,7,Bajo,1308.0,-17.412154696132596,5961,No
6487,653930,0.002488654662567706,8,Bajo,735.0,-24.634167764602548,8584,No
6488,655440,0.0002443195699975568,10,Bajo,1062.2999999999997,-24.948091864158318,9636,No
6489,841510,0.002488654662567706,8,Bajo,1308.0,-24.34896794027229,7788,No
6490,871020,0.00395882818685669,8,Bajo,900.0,-24.287410926365794,7630,No
6491,403470,0.002098635886673662,9,Bajo,900.0,-24.62224554039874,8541,No
6492,369190,0.00395882818685669,8,Bajo,900.0,-24.287410926365794,7631,No
6493,450350,0.002488654662567706,8,Bajo,900.0,-24.552042160737813,8338,No
6494,461760,0.00395882818685669,8,Bajo,900.0,-24.287410926365794,7632,No
6495,558660,0.002488654662567706,8,Bajo,900.0,-24.552042160737813,8339,No
6496,699530,0.0038314176245210726,8,Bajo,900.0,-24.310344827586206,7669,No
6497,753530,0.00395882818685669,8,Bajo,900.0,-24.287410926365794,7633,No
6498,809150,0.00395882818685669,8,Bajo,900.0,-24.287410926365794,7634,No
6499,363390,0.002488654662567706,8,Bajo,1308.0,-24.34896794027229,7789,No
6500,415410,0.002098635886673662,9,Bajo,1308.0,-24.45099685204617,8118,No
6501,601500,0.002488654662567706,8,Bajo,1308.0,-24.34896794027229,7790,No
6502,482060,0.015706806282722516,7,Bajo,1308.0,-20.89109947643979,6386,No
6503,848610,0.0001,10,Bajo,1305.0,-24.9739,9888,No
6504,547160,0.002098635886673662,9,Bajo,900.0,-24.62224554039874,8542,No
6505,408960,0.006920415224913495,7,Bajo,900.0,-23.75432525951557,7121,No
6506,403270,0.002488654662567706,8,Bajo,900.0,-24.552042160737813,8340,No
6507,437100,0.00395882818685669,8,Bajo,900.0,-24.287410926365794,7635,No
6508,422230,0.006920415224913495,7,Bajo,1308.0,-23.18961937716263,6850,No
6509,728780,0.005385996409335727,8,Bajo,1308.0,-23.591023339317772,7046,No
6510,690700,0.0007462686567164179,9,Bajo,1077.2999999999997,-24.83920895522388,9043,No
6511,571560,0.002488654662567706,8,Bajo,1815.0,-24.096618357487923,7464,No
6512,399570,0.002488654662567706,8,Bajo,900.0,-24.552042160737813,8341,No
6513,410880,0.015706806282722516,7,Bajo,900.0,-22.172774869109947,6577,No
6514,546300,0.0014742014742014742,9,Bajo,900.0,-24.734643734643736,8711,No
6515,669430,0.002488654662567706,8,Bajo,900.0,-24.552042160737813,8342,No
6516,838260,0.002488654662567706,8,Bajo,900.0,-24.552042160737813,8343,No
6517,885280,0.002488654662567706,8,Bajo,900.0,-24.552042160737813,8344,No
6518,880030,0.006920415224913495,7,Bajo,1308.0,-23.18961937716263,6851,No
6519,458510,0.005385996409335727,8,Bajo,735.0,-24.20825852782765,7561,No
6520,750060,0.0014742014742014742,9,Bajo,735.0,-24.783292383292384,8822,No
6521,867110,0.0001,10,Bajo,1308.0,-24.97384,9814,No
6522,709490,0.0002443195699975568,10,Bajo,900.0,-24.956022477400438,9672,No
6523,382730,0.00395882818685669,8,Bajo,1308.0,-23.96437054631829,7317,No
6524,383040,0.00395882818685669,8,Bajo,1308.0,-23.96437054631829,7318,No
6525,871560,0.002488654662567706,8,Bajo,735.0,-24.634167764602548,8585,No
6526,463150,0.002488654662567706,8,Bajo,900.0,-24.552042160737813,8345,No
6527,494670,0.0002443195699975568,10,Bajo,1308.0,-24.93608600048864,9464,No
6528,383010,0.006359300476947535,7,Bajo,1308.0,-23.336406995230526,6935,No
6529,497190,0.0001,10,Bajo,1308.0,-24.97384,9815,No
6530,604700,0.006920415224913495,7,Bajo,1308.0,-23.18961937716263,6852,No
6531,620080,0.0002443195699975568,10,Bajo,1308.0,-24.93608600048864,9465,No
6532,649460,0.0002443195699975568,10,Bajo,1308.0,-24.93608600048864,9466,No
6533,837260,0.002488654662567706,8,Bajo,1308.0,-24.34896794027229,7791,No
6534,887150,0.002488654662567706,8,Bajo,1308.0,-24.34896794027229,7792,No
6535,370950,0.015706806282722516,7,Bajo,1308.0,-20.89109947643979,6387,No
6536,675720,0.002098635886673662,9,Bajo,735.0,-24.69150052465897,8671,No
6537,513680,0.002488654662567706,8,Bajo,1308.0,-24.34896794027229,7793,No
6538,364280,0.05795454545454545,7,Bajo,900.0,-14.568181818181818,5768,No
6539,407570,0.029005524861878452,7,Bajo,900.0,-19.77900552486188,6186,No
6540,789080,0.030010172939979655,7,Bajo,900.0,-19.59816887080366,6166,No
6541,405400,0.005385996409335727,8,Bajo,900.0,-24.03052064631957,7423,No
6542,740130,0.002488654662567706,8,Bajo,540.0,-24.731225296442688,8702,No
6543,398190,0.0002443195699975568,10,Bajo,735.0,-24.96408502321036,9745,No
6544,882190,0.015706806282722516,7,Bajo,900.0,-22.172774869109947,6578,No
6545,884270,0.002488654662567706,8,Bajo,1308.0,-24.34896794027229,7794,No
6546,563360,0.002488654662567706,8,Bajo,900.0,-24.552042160737813,8346,No
6547,570570,0.08709016393442623,6,Bajo,855.0,-10.107581967213113,5466,No
6548,682020,0.002488654662567706,8,Bajo,855.0,-24.574440052700922,8424,No
6549,404880,0.002098635886673662,9,Bajo,735.0,-24.69150052465897,8672,No
6550,558050,0.029005524861878452,7,Bajo,900.0,-19.77900552486188,6187,No
6551,694130,0.002488654662567706,8,Bajo,1308.0,-24.34896794027229,7795,No
6552,839130,0.002098635886673662,9,Bajo,1077.2999999999997,-24.547827911857294,8278,No
6553,377330,0.006359300476947535,7,Bajo,900.0,-23.855325914149443,7189,No
6554,392020,0.002488654662567706,8,Bajo,900.0,-24.552042160737813,8347,No
6555,410320,0.00395882818685669,8,Bajo,900.0,-24.287410926365794,7636,No
6556,416520,0.005385996409335727,8,Bajo,900.0,-24.03052064631957,7424,No
6557,668760,0.002488654662567706,8,Bajo,900.0,-24.552042160737813,8348,No
6558,792420,0.006359300476947535,7,Bajo,900.0,-23.855325914149443,7190,No
6559,876660,0.009259259259259259,7,Bajo,900.0,-23.333333333333332,6916,No
6560,412390,0.00395882818685669,8,Bajo,900.0,-24.287410926365794,7637,No
6561,478620,0.0002443195699975568,10,Bajo,810.0,-24.960420229660397,9718,No
6562,673030,0.005385996409335727,8,Bajo,900.0,-24.03052064631957,7425,No
6563,411190,0.002098635886673662,9,Bajo,1077.2999999999997,-24.547827911857294,8279,No
6564,751470,0.00395882818685669,8,Bajo,735.0,-24.418052256532068,8094,No
6565,321400,0.9367088607594937,1,Alto,900.0,143.60759493670886,436,Sí
6566,390660,0.002488654662567706,8,Bajo,900.0,-24.552042160737813,8349,No
6567,460750,0.0038314176245210726,8,Bajo,900.0,-24.310344827586206,7670,No
6568,513800,0.006920415224913495,7,Bajo,900.0,-23.75432525951557,7122,No
6569,550220,0.00395882818685669,8,Bajo,900.0,-24.287410926365794,7638,No
6570,653000,0.002488654662567706,8,Bajo,900.0,-24.552042160737813,8350,No
6571,714250,0.030010172939979655,7,Bajo,900.0,-19.59816887080366,6167,No
6572,740540,0.015706806282722516,7,Bajo,900.0,-22.172774869109947,6579,No
6573,877770,0.002488654662567706,8,Bajo,900.0,-24.552042160737813,8351,No
6574,466220,0.0002443195699975568,10,Bajo,720.0,-24.96481798192035,9761,No
6575,581120,0.002488654662567706,8,Bajo,1308.0,-24.34896794027229,7796,No
6576,417790,0.0002443195699975568,10,Bajo,1077.2999999999997,-24.947358905448326,9611,No
6577,838440,0.002488654662567706,8,Bajo,1077.2999999999997,-24.46379446640316,8202,No
6578,596540,0.002488654662567706,8,Bajo,540.0,-24.731225296442688,8703,No
6579,738170,0.00395882818685669,8,Bajo,1308.0,-23.96437054631829,7319,No
6580,570880,0.0002443195699975568,10,Bajo,1308.0,-24.93608600048864,9467,No
6581,839030,0.015706806282722516,7,Bajo,900.0,-22.172774869109947,6580,No
6582,682900,0.002488654662567706,8,Bajo,1308.0,-24.34896794027229,7797,No
6583,827960,0.00395882818685669,8,Bajo,1308.0,-23.96437054631829,7320,No
6584,509620,0.002488654662567706,8,Bajo,1308.0,-24.34896794027229,7798,No
6585,765120,0.00395882818685669,8,Bajo,1308.0,-23.96437054631829,7321,No
6586,580600,0.002488654662567706,8,Bajo,1308.0,-24.34896794027229,7799,No
6587,691340,0.006359300476947535,7,Bajo,1308.0,-23.336406995230526,6936,No
6588,462720,0.002488654662567706,8,Bajo,1308.0,-24.34896794027229,7800,No
6589,537040,0.002488654662567706,8,Bajo,1308.0,-24.34896794027229,7801,No
6590,376370,0.005385996409335727,8,Bajo,1308.0,-23.591023339317772,7047,No
6591,767390,0.002488654662567706,8,Bajo,1308.0,-24.34896794027229,7802,No
6592,785810,0.002488654662567706,8,Bajo,1308.0,-24.34896794027229,7803,No
6593,640150,0.002488654662567706,8,Bajo,1308.0,-24.34896794027229,7804,No
6594,659310,0.0014742014742014742,9,Bajo,900.0,-24.734643734643736,8712,No
6595,354340,0.002098635886673662,9,Bajo,1077.2999999999997,-24.547827911857294,8280,No
6596,812910,0.0001,10,Bajo,1077.2999999999997,-24.978454,9914,No
6597,796860,0.00395882818685669,8,Bajo,1308.0,-23.96437054631829,7322,No
6598,720540,0.030010172939979655,7,Bajo,900.0,-19.59816887080366,6168,No
6599,380800,0.0014742014742014742,9,Bajo,1077.2999999999997,-24.68236855036855,8644,No
6600,395940,0.0001,10,Bajo,1077.2999999999997,-24.978454,9915,No
6601,463570,0.0007462686567164179,9,Bajo,1077.2999999999997,-24.83920895522388,9044,No
6602,601360,0.0014742014742014742,9,Bajo,1077.2999999999997,-24.68236855036855,8645,No
6603,603950,0.0007462686567164179,9,Bajo,1077.2999999999997,-24.83920895522388,9045,No
6604,774570,0.002488654662567706,8,Bajo,1077.2999999999997,-24.46379446640316,8203,No
6605,439410,0.0001,10,Bajo,1062.2999999999997,-24.978754,9935,No
6606,370600,0.002488654662567706,8,Bajo,1308.0,-24.34896794027229,7805,No
6607,427780,0.01694915254237288,7,Bajo,900.0,-21.949152542372882,6533,No
6608,440290,0.01694915254237288,7,Bajo,900.0,-21.949152542372882,6534,No
6609,720410,0.0001,10,Bajo,1308.0,-24.97384,9816,No
6610,415380,0.006359300476947535,7,Bajo,1665.0,-22.88235294117647,6769,No
6611,850750,0.002488654662567706,8,Bajo,1308.0,-24.34896794027229,7806,No
6612,530850,0.002488654662567706,8,Bajo,1308.0,-24.34896794027229,7807,No
6613,763030,0.0002443195699975568,10,Bajo,1077.2999999999997,-24.947358905448326,9612,No
6614,345990,0.002488654662567706,8,Bajo,900.0,-24.552042160737813,8352,No
6615,399050,0.0014742014742014742,9,Bajo,900.0,-24.734643734643736,8713,No
6616,649930,0.029005524861878452,7,Bajo,900.0,-19.77900552486188,6188,No
6617,667340,0.006359300476947535,7,Bajo,900.0,-23.855325914149443,7191,No
6618,681410,0.002098635886673662,9,Bajo,900.0,-24.62224554039874,8543,No
6619,786070,0.006359300476947535,7,Bajo,900.0,-23.855325914149443,7192,No
6620,883360,0.01694915254237288,7,Bajo,900.0,-21.949152542372882,6535,No
6621,569530,0.0001,10,Bajo,1308.0,-24.97384,9817,No
6622,430720,0.00395882818685669,8,Bajo,1308.0,-23.96437054631829,7323,No
6623,583040,0.002488654662567706,8,Bajo,1308.0,-24.34896794027229,7808,No
6624,427230,0.0002443195699975568,10,Bajo,735.0,-24.96408502321036,9746,No
6625,400870,0.0002443195699975568,10,Bajo,1308.0,-24.93608600048864,9468,No
6626,532060,0.002488654662567706,8,Bajo,1308.0,-24.34896794027229,7809,No
6627,532070,0.002488654662567706,8,Bajo,1308.0,-24.34896794027229,7810,No
6628,494120,0.002098635886673662,9,Bajo,1077.2999999999997,-24.547827911857294,8281,No
6629,510900,0.0002443195699975568,10,Bajo,1308.0,-24.93608600048864,9469,No
6630,511420,0.0002443195699975568,10,Bajo,1308.0,-24.93608600048864,9470,No
6631,420600,0.0014742014742014742,9,Bajo,1308.0,-24.614348894348893,8486,No
6632,847180,0.00395882818685669,8,Bajo,1308.0,-23.96437054631829,7324,No
6633,852240,0.002488654662567706,8,Bajo,1308.0,-24.34896794027229,7811,No
6634,603020,0.00395882818685669,8,Bajo,1308.0,-23.96437054631829,7325,No
6635,583100,0.002488654662567706,8,Bajo,900.0,-24.552042160737813,8353,No
6636,835250,0.00395882818685669,8,Bajo,1308.0,-23.96437054631829,7326,No
6637,408930,0.0001,10,Bajo,1308.0,-24.97384,9818,No
6638,516070,0.0002443195699975568,10,Bajo,1665.0,-24.918641583190812,9316,No
6639,516210,0.0002443195699975568,10,Bajo,1665.0,-24.918641583190812,9317,No
6640,351650,0.006097560975609756,8,Bajo,1308.0,-23.40487804878049,6968,No
6641,555120,0.0001,10,Bajo,1308.0,-24.97384,9819,No
6642,685940,0.0001,10,Bajo,1308.0,-24.97384,9820,No
6643,588530,0.0002443195699975568,10,Bajo,1308.0,-24.93608600048864,9471,No
6644,491690,0.0014742014742014742,9,Bajo,1308.0,-24.614348894348893,8487,No
6645,635070,0.0007462686567164179,9,Bajo,1308.0,-24.804776119402984,8902,No
6646,661550,0.00395882818685669,8,Bajo,1308.0,-23.96437054631829,7327,No
6647,885170,0.00395882818685669,8,Bajo,1308.0,-23.96437054631829,7328,No
6648,736390,0.006359300476947535,7,Bajo,1308.0,-23.336406995230526,6937,No
6649,544340,0.01694915254237288,7,Bajo,1308.0,-20.566101694915254,6309,No
6650,815180,0.00395882818685669,8,Bajo,1305.0,-23.966745843230402,7366,No
6651,514020,0.002488654662567706,8,Bajo,1665.0,-24.171277997364953,7516,No
6652,356370,0.030010172939979655,7,Bajo,1308.0,-17.149338758901322,5930,No
6653,356450,0.009259259259259259,7,Bajo,1308.0,-22.577777777777776,6698,No
6654,519650,0.005385996409335727,8,Bajo,900.0,-24.03052064631957,7426,No
6655,886070,0.0001,10,Bajo,1308.0,-24.97384,9821,No
6656,355430,0.0001,10,Bajo,1308.0,-24.97384,9822,No
6657,418330,0.0007462686567164179,9,Bajo,1308.0,-24.804776119402984,8903,No
6658,421150,0.0007462686567164179,9,Bajo,1308.0,-24.804776119402984,8904,No
6659,471140,0.002488654662567706,8,Bajo,1308.0,-24.34896794027229,7812,No
6660,532120,0.002098635886673662,9,Bajo,1308.0,-24.45099685204617,8119,No
6661,562340,0.0001,10,Bajo,1308.0,-24.97384,9823,No
6662,582890,0.0014742014742014742,9,Bajo,1308.0,-24.614348894348893,8488,No
6663,687790,0.0007462686567164179,9,Bajo,1308.0,-24.804776119402984,8905,No
6664,720570,0.002098635886673662,9,Bajo,1308.0,-24.45099685204617,8120,No
6665,729070,0.0002443195699975568,10,Bajo,1308.0,-24.93608600048864,9472,No
6666,781910,0.002488654662567706,8,Bajo,1308.0,-24.34896794027229,7813,No
6667,782760,0.002488654662567706,8,Bajo,1308.0,-24.34896794027229,7814,No
6668,534560,0.0038314176245210726,8,Bajo,1305.0,-24.0,7404,No
6669,353800,0.015706806282722516,7,Bajo,1308.0,-20.89109947643979,6388,No
6670,356540,0.002488654662567706,8,Bajo,1308.0,-24.34896794027229,7815,No
6671,696920,0.0001,10,Bajo,1308.0,-24.97384,9824,No
6672,154430,0.2069237416186202,6,Medio,1308.0,29.13125080743105,3614,Sí
6673,356410,0.030010172939979655,7,Bajo,1308.0,-17.149338758901322,5931,No
6674,429270,0.002488654662567706,8,Bajo,1308.0,-24.34896794027229,7816,No
6675,432250,0.006359300476947535,7,Bajo,1308.0,-23.336406995230526,6938,No
6676,446360,0.002488654662567706,8,Bajo,1308.0,-24.34896794027229,7817,No
6677,597910,0.002488654662567706,8,Bajo,1308.0,-24.34896794027229,7818,No
6678,597920,0.002488654662567706,8,Bajo,1308.0,-24.34896794027229,7819,No
6679,598150,0.002098635886673662,9,Bajo,1308.0,-24.45099685204617,8121,No
6680,659430,0.0002443195699975568,10,Bajo,1308.0,-24.93608600048864,9473,No
6681,685080,0.002488654662567706,8,Bajo,1308.0,-24.34896794027229,7820,No
6682,739220,0.006097560975609756,8,Bajo,1308.0,-23.40487804878049,6969,No
6683,801460,0.002488654662567706,8,Bajo,1308.0,-24.34896794027229,7821,No
6684,805490,0.015706806282722516,7,Bajo,1308.0,-20.89109947643979,6389,No
6685,620660,0.00395882818685669,8,Bajo,1305.0,-23.966745843230402,7367,No
6686,724990,0.002488654662567706,8,Bajo,1308.0,-24.34896794027229,7822,No
6687,538830,0.002488654662567706,8,Bajo,1308.0,-24.34896794027229,7823,No
6688,530870,0.002488654662567706,8,Bajo,1308.0,-24.34896794027229,7824,No
6689,861160,0.002488654662567706,8,Bajo,1305.0,-24.350461133069828,8013,No
6690,49780,0.9148387096774193,1,Alto,1305.0,213.77290322580646,357,Sí
6691,367800,0.015706806282722516,7,Bajo,1305.0,-20.90052356020942,6409,No
6692,373410,0.0014742014742014742,9,Bajo,1305.0,-24.615233415233416,8530,No
6693,558170,0.002488654662567706,8,Bajo,1305.0,-24.350461133069828,8014,No
6694,559260,0.002488654662567706,8,Bajo,1305.0,-24.350461133069828,8015,No
6695,594330,0.002488654662567706,8,Bajo,1305.0,-24.350461133069828,8016,No
6696,685360,0.002488654662567706,8,Bajo,1305.0,-24.350461133069828,8017,No
6697,685530,0.002488654662567706,8,Bajo,1305.0,-24.350461133069828,8018,No
6698,685870,0.002488654662567706,8,Bajo,1305.0,-24.350461133069828,8019,No
6699,778730,0.0002443195699975568,10,Bajo,1305.0,-24.93623259223064,9521,No
6700,778050,0.002098635886673662,9,Bajo,900.0,-24.62224554039874,8544,No
6701,412690,0.0002443195699975568,10,Bajo,1308.0,-24.93608600048864,9474,No
6702,412970,0.00395882818685669,8,Bajo,1308.0,-23.96437054631829,7329,No
6703,432280,0.00395882818685669,8,Bajo,1308.0,-23.96437054631829,7330,No
6704,448070,0.002488654662567706,8,Bajo,1308.0,-24.34896794027229,7825,No
6705,448100,0.002488654662567706,8,Bajo,1308.0,-24.34896794027229,7826,No
6706,466900,0.002488654662567706,8,Bajo,1308.0,-24.34896794027229,7827,No
6707,499920,0.002488654662567706,8,Bajo,1308.0,-24.34896794027229,7828,No
6708,548670,0.009259259259259259,7,Bajo,1308.0,-22.577777777777776,6699,No
6709,598020,0.002488654662567706,8,Bajo,1308.0,-24.34896794027229,7829,No
6710,598200,0.002488654662567706,8,Bajo,1308.0,-24.34896794027229,7830,No
6711,615960,0.0002443195699975568,10,Bajo,1308.0,-24.93608600048864,9475,No
6712,637300,0.002488654662567706,8,Bajo,1308.0,-24.34896794027229,7831,No
6713,637880,0.002488654662567706,8,Bajo,1308.0,-24.34896794027229,7832,No
6714,640910,0.002488654662567706,8,Bajo,1308.0,-24.34896794027229,7833,No
6715,685820,0.002488654662567706,8,Bajo,1308.0,-24.34896794027229,7834,No
6716,686340,0.006920415224913495,7,Bajo,1308.0,-23.18961937716263,6853,No
6717,686750,0.08709016393442623,6,Bajo,1308.0,-2.217213114754095,5067,No
6718,732540,0.002488654662567706,8,Bajo,1308.0,-24.34896794027229,7835,No
6719,759210,0.002488654662567706,8,Bajo,1308.0,-24.34896794027229,7836,No
6720,834010,0.002098635886673662,9,Bajo,1308.0,-24.45099685204617,8122,No
6721,856280,0.009259259259259259,7,Bajo,1308.0,-22.577777777777776,6700,No
6722,456040,0.002488654662567706,8,Bajo,900.0,-24.552042160737813,8354,No
6723,45720,0.9643635135789099,1,Alto,1308.0,227.27749515224286,338,Sí
6724,702080,0.0002443195699975568,10,Bajo,1308.0,-24.93608600048864,9476,No
6725,589090,0.0014742014742014742,9,Bajo,1308.0,-24.614348894348893,8489,No
6726,584270,0.002488654662567706,8,Bajo,1308.0,-24.34896794027229,7837,No
6727,775400,0.0014742014742014742,9,Bajo,900.0,-24.734643734643736,8714,No
6728,569320,0.00395882818685669,8,Bajo,900.0,-24.287410926365794,7639,No
6729,719570,0.0001,10,Bajo,1308.0,-24.97384,9825,No
6730,563420,0.0001,10,Bajo,1077.2999999999997,-24.978454,9916,No
6731,422140,0.002098635886673662,9,Bajo,1077.2999999999997,-24.547827911857294,8282,No
6732,713710,0.002098635886673662,9,Bajo,1077.2999999999997,-24.547827911857294,8283,No
6733,799080,0.002488654662567706,8,Bajo,1308.0,-24.34896794027229,7838,No
6734,575110,0.0007462686567164179,9,Bajo,1665.0,-24.751492537313432,8775,No
6735,581880,0.0014742014742014742,9,Bajo,1665.0,-24.509090909090908,8262,No
6736,349190,0.0002443195699975568,10,Bajo,1077.2999999999997,-24.947358905448326,9613,No
6737,378730,0.0001,10,Bajo,1077.2999999999997,-24.978454,9917,No
6738,517380,0.0002443195699975568,10,Bajo,1077.2999999999997,-24.947358905448326,9614,No
6739,599710,0.0007462686567164179,9,Bajo,1077.2999999999997,-24.83920895522388,9046,No
6740,652230,0.0007462686567164179,9,Bajo,1077.2999999999997,-24.83920895522388,9047,No
6741,711900,0.0007462686567164179,9,Bajo,1077.2999999999997,-24.83920895522388,9048,No
6742,773110,0.0014742014742014742,9,Bajo,1077.2999999999997,-24.68236855036855,8646,No
6743,832990,0.0001,10,Bajo,1077.2999999999997,-24.978454,9918,No
6744,515150,0.002098635886673662,9,Bajo,1308.0,-24.45099685204617,8123,No
6745,746760,0.006359300476947535,7,Bajo,1308.0,-23.336406995230526,6939,No
6746,878990,0.00395882818685669,8,Bajo,900.0,-24.287410926365794,7640,No
6747,420660,0.0001,10,Bajo,1308.0,-24.97384,9826,No
6748,831410,0.002488654662567706,8,Bajo,1077.2999999999997,-24.46379446640316,8204,No
6749,414160,0.002488654662567706,8,Bajo,1308.0,-24.34896794027229,7839,No
6750,415280,0.002098635886673662,9,Bajo,1308.0,-24.45099685204617,8124,No
6751,406340,0.002098635886673662,9,Bajo,735.0,-24.69150052465897,8673,No
6752,459240,0.0014742014742014742,9,Bajo,735.0,-24.783292383292384,8823,No
6753,554980,0.0002443195699975568,10,Bajo,735.0,-24.96408502321036,9747,No
6754,652930,0.0001,10,Bajo,735.0,-24.9853,9949,No
6755,836150,0.002488654662567706,8,Bajo,900.0,-24.552042160737813,8355,No
6756,572500,0.015706806282722516,7,Bajo,1308.0,-20.89109947643979,6390,No
6757,509980,0.0002443195699975568,10,Bajo,1308.0,-24.93608600048864,9477,No
6758,529900,0.002488654662567706,8,Bajo,1308.0,-24.34896794027229,7840,No
6759,377260,0.015706806282722516,7,Bajo,1308.0,-20.89109947643979,6391,No
6760,717180,0.015706806282722516,7,Bajo,900.0,-22.172774869109947,6581,No
6761,564680,0.0002443195699975568,10,Bajo,1308.0,-24.93608600048864,9478,No
6762,483370,0.002488654662567706,8,Bajo,1308.0,-24.34896794027229,7841,No
6763,178980,0.005385996409335727,8,Bajo,840.0,-24.095152603231597,7463,No
6764,422680,0.002488654662567706,8,Bajo,1308.0,-24.34896794027229,7842,No
6765,484020,0.002488654662567706,8,Bajo,1308.0,-24.34896794027229,7843,No
6766,742390,0.002488654662567706,8,Bajo,1308.0,-24.34896794027229,7844,No
6767,467060,0.002488654662567706,8,Bajo,1308.0,-24.34896794027229,7845,No
6768,771050,0.002098635886673662,9,Bajo,735.0,-24.69150052465897,8674,No
6769,629580,0.002098635886673662,9,Bajo,900.0,-24.62224554039874,8545,No
6770,726180,0.015706806282722516,7,Bajo,1665.0,-19.769633507853403,6177,No
6771,577880,0.0001,10,Bajo,1308.0,-24.97384,9827,No
6772,833450,0.0002443195699975568,10,Bajo,810.0,-24.960420229660397,9719,No
6773,844890,0.002488654662567706,8,Bajo,1308.0,-24.34896794027229,7846,No
6774,604040,0.002488654662567706,8,Bajo,1308.0,-24.34896794027229,7847,No
6775,604870,0.0002443195699975568,10,Bajo,1308.0,-24.93608600048864,9479,No
6776,841910,0.0007462686567164179,9,Bajo,1308.0,-24.804776119402984,8906,No
6777,425080,0.0014742014742014742,9,Bajo,1308.0,-24.614348894348893,8490,No
6778,794570,0.0001,10,Bajo,1308.0,-24.97384,9828,No
6779,384440,0.002488654662567706,8,Bajo,1665.0,-24.171277997364953,7517,No
6780,386030,0.002488654662567706,8,Bajo,1665.0,-24.171277997364953,7518,No
6781,389610,0.002488654662567706,8,Bajo,1665.0,-24.171277997364953,7519,No
6782,403160,0.0001,10,Bajo,1665.0,-24.9667,9765,No
6783,654140,0.002098635886673662,9,Bajo,1665.0,-24.30115424973767,7659,No
6784,821650,0.0002443195699975568,10,Bajo,1665.0,-24.918641583190812,9318,No
6785,636430,0.002488654662567706,8,Bajo,1308.0,-24.34896794027229,7848,No
6786,884490,0.0001,10,Bajo,1308.0,-24.97384,9829,No
6787,395730,0.0002443195699975568,10,Bajo,1305.0,-24.93623259223064,9522,No
6788,420610,0.005385996409335727,8,Bajo,1305.0,-23.594254937163374,7060,No
6789,435460,0.005385996409335727,8,Bajo,1305.0,-23.594254937163374,7061,No
6790,368690,0.002488654662567706,8,Bajo,1308.0,-24.34896794027229,7849,No
6791,414790,0.002488654662567706,8,Bajo,1308.0,-24.34896794027229,7850,No
6792,423550,0.0014742014742014742,9,Bajo,1308.0,-24.614348894348893,8491,No
6793,466870,0.002488654662567706,8,Bajo,1308.0,-24.34896794027229,7851,No
6794,518890,0.002488654662567706,8,Bajo,1308.0,-24.34896794027229,7852,No
6795,612680,0.002488654662567706,8,Bajo,1308.0,-24.34896794027229,7853,No
6796,689920,0.002488654662567706,8,Bajo,1308.0,-24.34896794027229,7854,No
6797,691300,0.002488654662567706,8,Bajo,1308.0,-24.34896794027229,7855,No
6798,696460,0.0002443195699975568,10,Bajo,1308.0,-24.93608600048864,9480,No
6799,780510,0.002488654662567706,8,Bajo,1308.0,-24.34896794027229,7856,No
6800,781530,0.002098635886673662,9,Bajo,1308.0,-24.45099685204617,8125,No
6801,781880,0.002098635886673662,9,Bajo,1308.0,-24.45099685204617,8126,No
6802,813220,0.0014742014742014742,9,Bajo,1308.0,-24.614348894348893,8492,No
6803,849440,0.0014742014742014742,9,Bajo,1308.0,-24.614348894348893,8493,No
6804,541220,0.002488654662567706,8,Bajo,1308.0,-24.34896794027229,7857,No
6805,505580,0.002488654662567706,8,Bajo,855.0,-24.574440052700922,8425,No
6806,800880,0.00395882818685669,8,Bajo,855.0,-24.323040380047505,7694,No
6807,416490,0.029005524861878452,7,Bajo,1308.0,-17.412154696132596,5962,No
6808,631370,0.00395882818685669,8,Bajo,1308.0,-23.96437054631829,7331,No
6809,839290,0.00395882818685669,8,Bajo,1308.0,-23.96437054631829,7332,No
6810,775420,0.0002443195699975568,10,Bajo,855.0,-24.95822135353042,9711,No
6811,572430,0.0001,10,Bajo,1815.0,-24.9637,9737,No
6812,504530,0.002098635886673662,9,Bajo,1308.0,-24.45099685204617,8127,No
6813,398060,0.00395882818685669,8,Bajo,900.0,-24.287410926365794,7641,No
6814,658690,0.002488654662567706,8,Bajo,1308.0,-24.34896794027229,7858,No
6815,404620,0.002488654662567706,8,Bajo,1308.0,-24.34896794027229,7859,No
6816,525980,0.0014742014742014742,9,Bajo,1308.0,-24.614348894348893,8494,No
6817,534500,0.00395882818685669,8,Bajo,900.0,-24.287410926365794,7642,No
6818,536120,0.006359300476947535,7,Bajo,900.0,-23.855325914149443,7193,No
6819,611740,0.0038314176245210726,8,Bajo,900.0,-24.310344827586206,7671,No
6820,664570,0.002488654662567706,8,Bajo,900.0,-24.552042160737813,8356,No
6821,882010,0.030010172939979655,7,Bajo,900.0,-19.59816887080366,6169,No
6822,687780,0.0002443195699975568,10,Bajo,1308.0,-24.93608600048864,9481,No
6823,841100,0.015706806282722516,7,Bajo,1308.0,-20.89109947643979,6392,No
6824,716270,0.002098635886673662,9,Bajo,735.0,-24.69150052465897,8675,No
6825,783100,0.0001,10,Bajo,1308.0,-24.97384,9830,No
6826,555560,0.0002443195699975568,10,Bajo,1308.0,-24.93608600048864,9482,No
6827,475960,0.0007462686567164179,9,Bajo,900.0,-24.865671641791046,9108,No
6828,228940,0.8802395209580839,1,Alto,735.0,104.39520958083833,1001,Sí
6829,631880,0.002488654662567706,8,Bajo,1308.0,-24.34896794027229,7860,No
6830,778100,0.002488654662567706,8,Bajo,1308.0,-24.34896794027229,7861,No
6831,870180,0.002488654662567706,8,Bajo,900.0,-24.552042160737813,8357,No
6832,480270,0.0002443195699975568,10,Bajo,1308.0,-24.93608600048864,9483,No
6833,671840,0.00395882818685669,8,Bajo,1308.0,-23.96437054631829,7333,No
6834,610320,0.0038314176245210726,8,Bajo,1308.0,-23.99770114942529,7396,No
6835,410950,0.002488654662567706,8,Bajo,900.0,-24.552042160737813,8358,No
6836,377160,0.002488654662567706,8,Bajo,1305.0,-24.350461133069828,8020,No
6837,374290,0.002488654662567706,8,Bajo,900.0,-24.552042160737813,8359,No
6838,547770,0.0002443195699975568,10,Bajo,900.0,-24.956022477400438,9673,No
6839,705170,0.0014742014742014742,9,Bajo,900.0,-24.734643734643736,8715,No
6840,705690,0.0001,10,Bajo,900.0,-24.982,9937,No
6841,839940,0.0038314176245210726,8,Bajo,900.0,-24.310344827586206,7672,No
6842,867430,0.0014742014742014742,9,Bajo,900.0,-24.734643734643736,8716,No
6843,421040,0.0001,10,Bajo,1308.0,-24.97384,9831,No
6844,373440,0.00395882818685669,8,Bajo,1305.0,-23.966745843230402,7368,No
6845,346380,0.002098635886673662,9,Bajo,900.0,-24.62224554039874,8546,No
6846,421770,0.0001,10,Bajo,1077.2999999999997,-24.978454,9919,No
6847,563000,0.002488654662567706,8,Bajo,900.0,-24.552042160737813,8360,No
6848,765910,0.0007462686567164179,9,Bajo,1077.2999999999997,-24.83920895522388,9049,No
6849,535670,0.002488654662567706,8,Bajo,810.0,-24.59683794466403,8449,No
6850,795260,0.0002443195699975568,10,Bajo,1308.0,-24.93608600048864,9484,No
6851,457010,0.002488654662567706,8,Bajo,1308.0,-24.34896794027229,7862,No
6852,826530,0.0001,10,Bajo,1308.0,-24.97384,9832,No
6853,550660,0.002488654662567706,8,Bajo,1308.0,-24.34896794027229,7863,No
6854,654480,0.002488654662567706,8,Bajo,900.0,-24.552042160737813,8361,No
6855,763000,0.0014742014742014742,9,Bajo,1308.0,-24.614348894348893,8495,No
6856,763790,0.0014742014742014742,9,Bajo,1308.0,-24.614348894348893,8496,No
6857,777260,0.0014742014742014742,9,Bajo,1308.0,-24.614348894348893,8497,No
6858,464010,0.0007462686567164179,9,Bajo,1077.2999999999997,-24.83920895522388,9050,No
6859,550960,0.0001,10,Bajo,1815.0,-24.9637,9738,No
6860,825910,0.002098635886673662,9,Bajo,1308.0,-24.45099685204617,8128,No
6861,700130,0.002488654662567706,8,Bajo,1308.0,-24.34896794027229,7864,No
6862,544750,0.002488654662567706,8,Bajo,1308.0,-24.34896794027229,7865,No
6863,229910,0.0670131338066097,6,Bajo,0.0,-25.0,9995,No
6864,827910,0.0014742014742014742,9,Bajo,1308.0,-24.614348894348893,8498,No
6865,738000,0.002098635886673662,9,Bajo,1308.0,-24.45099685204617,8129,No
6866,443730,0.0001,10,Bajo,810.0,-24.9838,9947,No
6867,386560,0.0038314176245210726,8,Bajo,900.0,-24.310344827586206,7673,No
6868,675980,0.002488654662567706,8,Bajo,900.0,-24.552042160737813,8362,No
6869,771500,0.002488654662567706,8,Bajo,1308.0,-24.34896794027229,7866,No
6870,820280,0.0002443195699975568,10,Bajo,1308.0,-24.93608600048864,9485,No
6871,415600,0.0002443195699975568,10,Bajo,1077.2999999999997,-24.947358905448326,9615,No
6872,553180,0.006359300476947535,7,Bajo,900.0,-23.855325914149443,7194,No
6873,350210,0.0014742014742014742,9,Bajo,855.0,-24.74791154791155,8759,No
6874,359240,0.002488654662567706,8,Bajo,900.0,-24.552042160737813,8363,No
6875,373300,0.0002443195699975568,10,Bajo,1815.0,-24.911311996090888,9260,No
6876,378950,0.015706806282722516,7,Bajo,1308.0,-20.89109947643979,6393,No
6877,525630,0.0007462686567164179,9,Bajo,1308.0,-24.804776119402984,8907,No
6878,759660,0.0001,10,Bajo,1815.0,-24.9637,9739,No
6879,871900,0.002098635886673662,9,Bajo,1815.0,-24.23819517313746,7583,No
6880,824830,0.002488654662567706,8,Bajo,1308.0,-24.34896794027229,7867,No
6881,344020,0.002488654662567706,8,Bajo,900.0,-24.552042160737813,8364,No
6882,398120,0.002488654662567706,8,Bajo,900.0,-24.552042160737813,8365,No
6883,442880,0.0007462686567164179,9,Bajo,900.0,-24.865671641791046,9109,No
6884,704920,0.002488654662567706,8,Bajo,900.0,-24.552042160737813,8366,No
6885,844330,0.006920415224913495,7,Bajo,900.0,-23.75432525951557,7123,No
6886,499120,0.002488654662567706,8,Bajo,900.0,-24.552042160737813,8367,No
6887,840530,0.0002443195699975568,10,Bajo,900.0,-24.956022477400438,9674,No
6888,835680,0.0007462686567164179,9,Bajo,1077.2999999999997,-24.83920895522388,9051,No
6889,875940,0.0001,10,Bajo,1305.0,-24.9739,9889,No
6890,873220,0.002098635886673662,9,Bajo,1308.0,-24.45099685204617,8130,No
6891,51410,0.9367088607594937,1,Alto,1293.0,217.23291139240507,353,Sí
6892,339830,0.9643635135789099,1,Alto,1293.0,224.3844046115061,344,Sí
6893,669610,0.0001,10,Bajo,1815.0,-24.9637,9740,No
6894,517970,0.0001,10,Bajo,1665.0,-24.9667,9766,No
6895,356680,0.0014742014742014742,9,Bajo,1308.0,-24.614348894348893,8499,No
6896,366550,0.0007462686567164179,9,Bajo,1308.0,-24.804776119402984,8908,No
6897,374810,0.002098635886673662,9,Bajo,1308.0,-24.45099685204617,8131,No
6898,408750,0.002488654662567706,8,Bajo,1308.0,-24.34896794027229,7868,No
6899,412300,0.00395882818685669,8,Bajo,1308.0,-23.96437054631829,7334,No
6900,413420,0.002488654662567706,8,Bajo,1308.0,-24.34896794027229,7869,No
6901,434870,0.006359300476947535,7,Bajo,1308.0,-23.336406995230526,6940,No
6902,434920,0.00395882818685669,8,Bajo,1308.0,-23.96437054631829,7335,No
6903,448300,0.005385996409335727,8,Bajo,1308.0,-23.591023339317772,7048,No
6904,456980,0.00395882818685669,8,Bajo,1308.0,-23.96437054631829,7336,No
6905,458710,0.00395882818685669,8,Bajo,1308.0,-23.96437054631829,7337,No
6906,481120,0.0007462686567164179,9,Bajo,1308.0,-24.804776119402984,8909,No
6907,510550,0.002098635886673662,9,Bajo,1308.0,-24.45099685204617,8132,No
6908,522940,0.0002443195699975568,10,Bajo,1308.0,-24.93608600048864,9486,No
6909,578050,0.005385996409335727,8,Bajo,1308.0,-23.591023339317772,7049,No
6910,587360,0.0007462686567164179,9,Bajo,1308.0,-24.804776119402984,8910,No
6911,602720,0.006359300476947535,7,Bajo,1308.0,-23.336406995230526,6941,No
6912,637240,0.002488654662567706,8,Bajo,1308.0,-24.34896794027229,7870,No
6913,640280,0.002488654662567706,8,Bajo,1308.0,-24.34896794027229,7871,No
6914,658770,0.002488654662567706,8,Bajo,1308.0,-24.34896794027229,7872,No
6915,668600,0.060294117647058824,6,Bajo,1308.0,-9.22705882352941,5402,No
6916,745230,0.002488654662567706,8,Bajo,1308.0,-24.34896794027229,7873,No
6917,753930,0.0001,10,Bajo,1308.0,-24.97384,9833,No
6918,803460,0.005385996409335727,8,Bajo,1308.0,-23.591023339317772,7050,No
6919,830500,0.0001,10,Bajo,1308.0,-24.97384,9834,No
6920,867650,0.0038314176245210726,8,Bajo,1308.0,-23.99770114942529,7397,No
6921,885410,0.0001,10,Bajo,1308.0,-24.97384,9835,No
6922,526490,0.009259259259259259,7,Bajo,540.0,-24.0,7405,No
6923,383260,0.0014742014742014742,9,Bajo,1077.2999999999997,-24.68236855036855,8647,No
6924,479640,0.002098635886673662,9,Bajo,1077.2999999999997,-24.547827911857294,8284,No
6925,531300,0.0014742014742014742,9,Bajo,735.0,-24.783292383292384,8824,No
6926,719140,0.0001,10,Bajo,1665.0,-24.9667,9767,No
6927,527410,0.0001,10,Bajo,1308.0,-24.97384,9836,No
6928,365730,0.002488654662567706,8,Bajo,1308.0,-24.34896794027229,7874,No
6929,385980,0.00395882818685669,8,Bajo,1308.0,-23.96437054631829,7338,No
6930,390010,0.002488654662567706,8,Bajo,1308.0,-24.34896794027229,7875,No
6931,462810,0.0002443195699975568,10,Bajo,1308.0,-24.93608600048864,9487,No
6932,481330,0.002488654662567706,8,Bajo,1308.0,-24.34896794027229,7876,No
6933,527430,0.002098635886673662,9,Bajo,1308.0,-24.45099685204617,8133,No
6934,582620,0.0014742014742014742,9,Bajo,1308.0,-24.614348894348893,8500,No
6935,630740,0.002098635886673662,9,Bajo,1308.0,-24.45099685204617,8134,No
6936,632010,0.0014742014742014742,9,Bajo,1308.0,-24.614348894348893,8501,No
6937,672270,0.0002443195699975568,10,Bajo,1308.0,-24.93608600048864,9488,No
6938,545130,0.0014742014742014742,9,Bajo,735.0,-24.783292383292384,8825,No
6939,660630,0.002488654662567706,8,Bajo,1308.0,-24.34896794027229,7877,No
6940,606540,0.002488654662567706,8,Bajo,1077.2999999999997,-24.46379446640316,8205,No
6941,721620,0.0001,10,Bajo,1077.2999999999997,-24.978454,9920,No
6942,490230,0.002488654662567706,8,Bajo,1665.0,-24.171277997364953,7520,No
6943,645300,0.0002443195699975568,10,Bajo,900.0,-24.956022477400438,9675,No
6944,646330,0.0002443195699975568,10,Bajo,1815.0,-24.911311996090888,9261,No
6945,405450,0.05795454545454545,7,Bajo,900.0,-14.568181818181818,5769,No
6946,779250,0.002488654662567706,8,Bajo,1308.0,-24.34896794027229,7878,No
6947,790600,0.015706806282722516,7,Bajo,1308.0,-20.89109947643979,6394,No
6948,679350,0.002488654662567706,8,Bajo,1308.0,-24.34896794027229,7879,No
6949,419730,0.002488654662567706,8,Bajo,1077.2999999999997,-24.46379446640316,8206,No
6950,827970,0.0002443195699975568,10,Bajo,810.0,-24.960420229660397,9720,No
6951,735360,0.00395882818685669,8,Bajo,1308.0,-23.96437054631829,7339,No
6952,538480,0.002488654662567706,8,Bajo,900.0,-24.552042160737813,8368,No
6953,646970,0.002488654662567706,8,Bajo,735.0,-24.634167764602548,8586,No
6954,558070,0.0002443195699975568,10,Bajo,1308.0,-24.93608600048864,9489,No
6955,734990,0.002488654662567706,8,Bajo,1077.2999999999997,-24.46379446640316,8207,No
6956,346050,0.002488654662567706,8,Bajo,1077.2999999999997,-24.46379446640316,8208,No
6957,409410,0.0002443195699975568,10,Bajo,1077.2999999999997,-24.947358905448326,9616,No
6958,415000,0.0002443195699975568,10,Bajo,1077.2999999999997,-24.947358905448326,9617,No
6959,567510,0.002098635886673662,9,Bajo,1077.2999999999997,-24.547827911857294,8285,No
6960,766270,0.015706806282722516,7,Bajo,1308.0,-20.89109947643979,6395,No
6961,448550,0.002488654662567706,8,Bajo,900.0,-24.552042160737813,8369,No
6962,826490,0.030010172939979655,7,Bajo,1308.0,-17.149338758901322,5932,No
6963,444080,0.05795454545454545,7,Bajo,900.0,-14.568181818181818,5770,No
6964,82830,0.7387958410713422,2,Alto,900.0,107.98325139284162,945,Sí
6965,780380,0.002098635886673662,9,Bajo,735.0,-24.69150052465897,8676,No
6966,463000,0.002488654662567706,8,Bajo,900.0,-24.552042160737813,8370,No
6967,484460,0.002098635886673662,9,Bajo,900.0,-24.62224554039874,8547,No
6968,853480,0.00395882818685669,8,Bajo,900.0,-24.287410926365794,7643,No
6969,770330,0.00395882818685669,8,Bajo,1665.0,-23.68171021377672,7082,No
6970,594880,0.0014742014742014742,9,Bajo,810.0,-24.761179361179362,8790,No
6971,458850,0.0038314176245210726,8,Bajo,1077.2999999999997,-24.17448275862069,7526,No
6972,165210,0.8616298022399826,2,Alto,1293.0,197.81746685925953,379,Sí
6973,885040,0.002488654662567706,8,Bajo,900.0,-24.552042160737813,8371,No
6974,430900,0.002488654662567706,8,Bajo,735.0,-24.634167764602548,8587,No
6975,769350,0.030010172939979655,7,Bajo,900.0,-19.59816887080366,6170,No
6976,473480,0.0007462686567164179,9,Bajo,1665.0,-24.751492537313432,8776,No
6977,476370,0.0007462686567164179,9,Bajo,1665.0,-24.751492537313432,8777,No
6978,788660,0.0001,10,Bajo,1665.0,-24.9667,9768,No
6979,814050,0.0001,10,Bajo,1665.0,-24.9667,9769,No
6980,436050,0.00395882818685669,8,Bajo,765.0,-24.394299287410927,8070,No
6981,368450,0.0002443195699975568,10,Bajo,900.0,-24.956022477400438,9676,No
6982,515160,0.002488654662567706,8,Bajo,900.0,-24.552042160737813,8372,No
6983,663890,0.002488654662567706,8,Bajo,1308.0,-24.34896794027229,7880,No
6984,787820,0.015706806282722516,7,Bajo,1308.0,-20.89109947643979,6396,No
6985,547060,0.002488654662567706,8,Bajo,900.0,-24.552042160737813,8373,No
6986,842510,0.002098635886673662,9,Bajo,735.0,-24.69150052465897,8677,No
6987,265540,0.9056043180256583,1,Alto,540.0,72.8052663467711,1900,Sí
6988,656230,0.002488654662567706,8,Bajo,735.0,-24.634167764602548,8588,No
6989,496960,0.0002443195699975568,10,Bajo,1077.2999999999997,-24.947358905448326,9618,No
6990,742310,0.006359300476947535,7,Bajo,1308.0,-23.336406995230526,6942,No
6991,411920,0.0014742014742014742,9,Bajo,1077.2999999999997,-24.68236855036855,8648,No
6992,775780,0.0002443195699975568,10,Bajo,1077.2999999999997,-24.947358905448326,9619,No
6993,754650,0.002488654662567706,8,Bajo,735.0,-24.634167764602548,8589,No
6994,885390,0.041237113402061855,7,Bajo,900.0,-17.577319587628864,5992,No
6995,691500,0.0038314176245210726,8,Bajo,1308.0,-23.99770114942529,7398,No
6996,751010,0.002488654662567706,8,Bajo,1308.0,-24.34896794027229,7881,No
6997,444110,0.08709016393442623,6,Bajo,900.0,-9.323770491803277,5418,No
6998,652050,0.005385996409335727,8,Bajo,900.0,-24.03052064631957,7427,No
6999,653770,0.002488654662567706,8,Bajo,900.0,-24.552042160737813,8374,No
7000,699050,0.00395882818685669,8,Bajo,900.0,-24.287410926365794,7644,No
7001,721770,0.0002443195699975568,10,Bajo,900.0,-24.956022477400438,9677,No
7002,723330,0.006359300476947535,7,Bajo,900.0,-23.855325914149443,7195,No
7003,806150,0.08709016393442623,6,Bajo,900.0,-9.323770491803277,5419,No
7004,869400,0.006920415224913495,7,Bajo,735.0,-23.982698961937714,7382,No
7005,869660,0.0038314176245210726,8,Bajo,900.0,-24.310344827586206,7674,No
7006,852000,0.002488654662567706,8,Bajo,1077.2999999999997,-24.46379446640316,8209,No
7007,494940,0.006920415224913495,7,Bajo,900.0,-23.75432525951557,7124,No
7008,712330,0.002488654662567706,8,Bajo,1308.0,-24.34896794027229,7882,No
7009,495810,0.002488654662567706,8,Bajo,735.0,-24.634167764602548,8590,No
7010,499660,0.0001,10,Bajo,1308.0,-24.97384,9837,No
7011,646580,0.030010172939979655,7,Bajo,1308.0,-17.149338758901322,5933,No
7012,397350,0.002098635886673662,9,Bajo,735.0,-24.69150052465897,8678,No
7013,472610,0.015706806282722516,7,Bajo,540.0,-23.30366492146597,6899,No
7014,428190,0.0002443195699975568,10,Bajo,735.0,-24.96408502321036,9748,No
7015,753080,0.002098635886673662,9,Bajo,900.0,-24.62224554039874,8548,No
7016,347410,0.0007462686567164179,9,Bajo,900.0,-24.865671641791046,9110,No
7017,363030,0.009259259259259259,7,Bajo,900.0,-23.333333333333332,6917,No
7018,365880,0.002488654662567706,8,Bajo,900.0,-24.552042160737813,8375,No
7019,518550,0.002488654662567706,8,Bajo,900.0,-24.552042160737813,8376,No
7020,649760,0.006920415224913495,7,Bajo,900.0,-23.75432525951557,7125,No
7021,681800,0.00395882818685669,8,Bajo,900.0,-24.287410926365794,7645,No
7022,537550,0.002488654662567706,8,Bajo,1308.0,-24.34896794027229,7883,No
7023,605840,0.002488654662567706,8,Bajo,1308.0,-24.34896794027229,7884,No
7024,736730,0.00395882818685669,8,Bajo,1308.0,-23.96437054631829,7340,No
7025,538290,0.0001,10,Bajo,1308.0,-24.97384,9838,No
7026,691360,0.002488654662567706,8,Bajo,1308.0,-24.34896794027229,7885,No
7027,19820,0.9643635135789099,1,Alto,1293.0,224.3844046115061,345,Sí
7028,377760,0.002488654662567706,8,Bajo,1308.0,-24.34896794027229,7886,No
7029,377860,0.002488654662567706,8,Bajo,1308.0,-24.34896794027229,7887,No
7030,378070,0.00395882818685669,8,Bajo,1308.0,-23.96437054631829,7341,No
7031,378640,0.002488654662567706,8,Bajo,1308.0,-24.34896794027229,7888,No
7032,693400,0.0002443195699975568,10,Bajo,1308.0,-24.93608600048864,9490,No
7033,708440,0.0001,10,Bajo,1308.0,-24.97384,9839,No
7034,708610,0.0001,10,Bajo,1308.0,-24.97384,9840,No
7035,786680,0.002488654662567706,8,Bajo,1308.0,-24.34896794027229,7889,No
7036,886060,0.00395882818685669,8,Bajo,1308.0,-23.96437054631829,7342,No
7037,690940,0.002098635886673662,9,Bajo,1077.2999999999997,-24.547827911857294,8286,No
7038,699070,0.002098635886673662,9,Bajo,1077.2999999999997,-24.547827911857294,8287,No
7039,683200,0.0007462686567164179,9,Bajo,1308.0,-24.804776119402984,8911,No
7040,519270,0.002488654662567706,8,Bajo,1308.0,-24.34896794027229,7890,No
7041,367850,0.0002443195699975568,10,Bajo,1305.0,-24.93623259223064,9523,No
7042,852580,0.00395882818685669,8,Bajo,1305.0,-23.966745843230402,7369,No
7043,142080,0.9056043180256583,1,Alto,1308.0,211.90608959551224,360,Sí
7044,348870,0.002488654662567706,8,Bajo,1308.0,-24.34896794027229,7891,No
7045,421690,0.002488654662567706,8,Bajo,1308.0,-24.34896794027229,7892,No
7046,587350,0.00395882818685669,8,Bajo,1308.0,-23.96437054631829,7343,No
7047,626150,0.002488654662567706,8,Bajo,1308.0,-24.34896794027229,7893,No
7048,705200,0.002488654662567706,8,Bajo,1308.0,-24.34896794027229,7894,No
7049,874100,0.0002443195699975568,10,Bajo,1308.0,-24.93608600048864,9491,No
7050,391960,0.0001,10,Bajo,1308.0,-24.97384,9841,No
7051,671330,0.0007462686567164179,9,Bajo,900.0,-24.865671641791046,9111,No
7052,488700,0.0001,10,Bajo,1308.0,-24.97384,9842,No
7053,468140,0.00395882818685669,8,Bajo,1305.0,-23.966745843230402,7370,No
7054,429490,0.00395882818685669,8,Bajo,1308.0,-23.96437054631829,7344,No
7055,529530,0.002488654662567706,8,Bajo,1308.0,-24.34896794027229,7895,No
7056,790130,0.006359300476947535,7,Bajo,855.0,-23.91255961844197,7221,No
7057,835570,0.0007462686567164179,9,Bajo,1308.0,-24.804776119402984,8912,No
7058,573910,0.0001,10,Bajo,735.0,-24.9853,9950,No
7059,526910,0.002488654662567706,8,Bajo,1308.0,-24.34896794027229,7896,No
7060,621660,0.0007462686567164179,9,Bajo,735.0,-24.89029850746269,9164,No
7061,401980,0.0007462686567164179,9,Bajo,735.0,-24.89029850746269,9165,No
7062,405180,0.002488654662567706,8,Bajo,735.0,-24.634167764602548,8591,No
7063,846590,0.0038314176245210726,8,Bajo,1308.0,-23.99770114942529,7399,No
7064,769030,0.002098635886673662,9,Bajo,1077.2999999999997,-24.547827911857294,8288,No
7065,870410,0.0002443195699975568,10,Bajo,900.0,-24.956022477400438,9678,No
7066,544790,0.002488654662567706,8,Bajo,1308.0,-24.34896794027229,7897,No
7067,405840,0.00395882818685669,8,Bajo,900.0,-24.287410926365794,7646,No
7068,703580,0.0038314176245210726,8,Bajo,900.0,-24.310344827586206,7675,No
7069,866260,0.002098635886673662,9,Bajo,900.0,-24.62224554039874,8549,No
7070,615070,0.015706806282722516,7,Bajo,765.0,-22.596858638743456,6707,No
7071,555630,0.006359300476947535,7,Bajo,900.0,-23.855325914149443,7196,No
7072,568410,0.0014742014742014742,9,Bajo,900.0,-24.734643734643736,8717,No
7073,388170,0.015706806282722516,7,Bajo,1077.2999999999997,-21.61581151832461,6496,No
7074,579090,0.006920415224913495,7,Bajo,1077.2999999999997,-23.508927335640138,7013,No
7075,648570,0.002488654662567706,8,Bajo,1077.2999999999997,-24.46379446640316,8210,No
7076,757430,0.006359300476947535,7,Bajo,900.0,-23.855325914149443,7197,No
7077,413730,0.005385996409335727,8,Bajo,1308.0,-23.591023339317772,7051,No
7078,687610,0.002098635886673662,9,Bajo,810.0,-24.660020986358866,8622,No
7079,583780,0.002488654662567706,8,Bajo,1308.0,-24.34896794027229,7898,No
7080,575790,0.002488654662567706,8,Bajo,1077.2999999999997,-24.46379446640316,8211,No
7081,665890,0.002098635886673662,9,Bajo,900.0,-24.62224554039874,8550,No
7082,667190,0.002098635886673662,9,Bajo,900.0,-24.62224554039874,8551,No
7083,554270,0.002488654662567706,8,Bajo,735.0,-24.634167764602548,8592,No
7084,455040,0.0002443195699975568,10,Bajo,1308.0,-24.93608600048864,9492,No
7085,729410,0.0014742014742014742,9,Bajo,1308.0,-24.614348894348893,8502,No
7086,554350,0.002488654662567706,8,Bajo,735.0,-24.634167764602548,8593,No
7087,597130,0.0014742014742014742,9,Bajo,1308.0,-24.614348894348893,8503,No
7088,628400,0.002488654662567706,8,Bajo,1308.0,-24.34896794027229,7899,No
7089,367590,0.0014742014742014742,9,Bajo,735.0,-24.783292383292384,8826,No
7090,818510,0.0002443195699975568,10,Bajo,735.0,-24.96408502321036,9749,No
7091,859290,0.0002443195699975568,10,Bajo,900.0,-24.956022477400438,9679,No
7092,822590,0.0007462686567164179,9,Bajo,900.0,-24.865671641791046,9112,No
7093,358660,0.002488654662567706,8,Bajo,900.0,-24.552042160737813,8377,No
7094,591110,0.0002443195699975568,10,Bajo,1308.0,-24.93608600048864,9493,No
7095,712560,0.0001,10,Bajo,1308.0,-24.97384,9843,No
7096,402530,0.0001,10,Bajo,1077.2999999999997,-24.978454,9921,No
7097,555280,0.0014742014742014742,9,Bajo,900.0,-24.734643734643736,8718,No
7098,517410,0.002488654662567706,8,Bajo,1308.0,-24.34896794027229,7900,No
7099,401440,0.002098635886673662,9,Bajo,900.0,-24.62224554039874,8552,No
7100,464760,0.002488654662567706,8,Bajo,900.0,-24.552042160737813,8378,No
7101,496820,0.0002443195699975568,10,Bajo,900.0,-24.956022477400438,9680,No
7102,647820,0.002488654662567706,8,Bajo,900.0,-24.552042160737813,8379,No
7103,755480,0.0007462686567164179,9,Bajo,900.0,-24.865671641791046,9113,No
7104,881200,0.0014742014742014742,9,Bajo,900.0,-24.734643734643736,8719,No
7105,422120,0.0001,10,Bajo,1308.0,-24.97384,9844,No
7106,501790,0.002488654662567706,8,Bajo,765.0,-24.61923583662714,8536,No
7107,654590,0.002488654662567706,8,Bajo,900.0,-24.552042160737813,8380,No
7108,800670,0.002488654662567706,8,Bajo,1308.0,-24.34896794027229,7901,No
7109,802300,0.002098635886673662,9,Bajo,735.0,-24.69150052465897,8679,No
7110,344780,0.0001,10,Bajo,1308.0,-24.97384,9845,No
7111,367070,0.0001,10,Bajo,1308.0,-24.97384,9846,No
7112,412810,0.002488654662567706,8,Bajo,1308.0,-24.34896794027229,7902,No
7113,675030,0.002488654662567706,8,Bajo,1308.0,-24.34896794027229,7903,No
7114,691900,0.002488654662567706,8,Bajo,1308.0,-24.34896794027229,7904,No
7115,783610,0.0014742014742014742,9,Bajo,1308.0,-24.614348894348893,8504,No
7116,845100,0.0014742014742014742,9,Bajo,1308.0,-24.614348894348893,8505,No
7117,775030,0.002488654662567706,8,Bajo,900.0,-24.552042160737813,8381,No
7118,721250,0.002488654662567706,8,Bajo,900.0,-24.552042160737813,8382,No
7119,607350,0.002488654662567706,8,Bajo,1308.0,-24.34896794027229,7905,No
7120,399700,0.0001,10,Bajo,1308.0,-24.97384,9847,No
7121,384010,0.0002443195699975568,10,Bajo,810.0,-24.960420229660397,9721,No
7122,381920,0.002098635886673662,9,Bajo,735.0,-24.69150052465897,8680,No
7123,867390,0.0014742014742014742,9,Bajo,735.0,-24.783292383292384,8827,No
7124,700900,0.002488654662567706,8,Bajo,900.0,-24.552042160737813,8383,No
7125,542260,0.002488654662567706,8,Bajo,1308.0,-24.34896794027229,7906,No
7126,512670,0.0002443195699975568,10,Bajo,1308.0,-24.93608600048864,9494,No
7127,504550,0.002488654662567706,8,Bajo,1665.0,-24.171277997364953,7521,No
7128,505060,0.002488654662567706,8,Bajo,1665.0,-24.171277997364953,7522,No
7129,829690,0.002098635886673662,9,Bajo,1308.0,-24.45099685204617,8135,No
7130,521820,0.0038314176245210726,8,Bajo,1665.0,-23.724137931034484,7095,No
7131,433090,0.002488654662567706,8,Bajo,1077.2999999999997,-24.46379446640316,8212,No
7132,433890,0.0014742014742014742,9,Bajo,1077.2999999999997,-24.68236855036855,8649,No
7133,770480,0.002098635886673662,9,Bajo,1077.2999999999997,-24.547827911857294,8289,No
7134,479830,0.002488654662567706,8,Bajo,855.0,-24.574440052700922,8426,No
7135,363780,0.0002443195699975568,10,Bajo,1308.0,-24.93608600048864,9495,No
7136,377090,0.002488654662567706,8,Bajo,1308.0,-24.34896794027229,7907,No
7137,419340,0.0002443195699975568,10,Bajo,1308.0,-24.93608600048864,9496,No
7138,422200,0.0014742014742014742,9,Bajo,1308.0,-24.614348894348893,8506,No
7139,496070,0.0001,10,Bajo,1308.0,-24.97384,9848,No
7140,524750,0.0014742014742014742,9,Bajo,1308.0,-24.614348894348893,8507,No
7141,587610,0.002488654662567706,8,Bajo,1308.0,-24.34896794027229,7908,No
7142,717860,0.0002443195699975568,10,Bajo,1308.0,-24.93608600048864,9497,No
7143,730480,0.002488654662567706,8,Bajo,1308.0,-24.34896794027229,7909,No
7144,789880,0.0001,10,Bajo,1308.0,-24.97384,9849,No
7145,565450,0.002488654662567706,8,Bajo,1077.2999999999997,-24.46379446640316,8213,No
7146,473770,0.0002443195699975568,10,Bajo,1308.0,-24.93608600048864,9498,No
7147,416480,0.002488654662567706,8,Bajo,1308.0,-24.34896794027229,7910,No
7148,598640,0.0007462686567164179,9,Bajo,1308.0,-24.804776119402984,8913,No
7149,698530,0.029005524861878452,7,Bajo,1665.0,-15.341160220994475,5800,No
7150,698540,0.035,7,Bajo,1665.0,-13.344999999999999,5651,No
7151,460340,0.002488654662567706,8,Bajo,900.0,-24.552042160737813,8384,No
7152,670490,0.029005524861878452,7,Bajo,765.0,-20.562154696132595,6302,No
7153,724910,0.0002443195699975568,10,Bajo,1077.2999999999997,-24.947358905448326,9620,No
7154,839200,0.0002443195699975568,10,Bajo,1077.2999999999997,-24.947358905448326,9621,No
7155,365420,0.0002443195699975568,10,Bajo,900.0,-24.956022477400438,9681,No
7156,365950,0.00395882818685669,8,Bajo,900.0,-24.287410926365794,7647,No
7157,390850,0.0014742014742014742,9,Bajo,900.0,-24.734643734643736,8720,No
7158,756830,0.00395882818685669,8,Bajo,900.0,-24.287410926365794,7648,No
7159,603620,0.0001,10,Bajo,1308.0,-24.97384,9850,No
7160,382950,0.00395882818685669,8,Bajo,1308.0,-23.96437054631829,7345,No
7161,825670,0.0002443195699975568,10,Bajo,810.0,-24.960420229660397,9722,No
7162,847390,0.0002443195699975568,10,Bajo,735.0,-24.96408502321036,9750,No
7163,511820,0.00395882818685669,8,Bajo,1308.0,-23.96437054631829,7346,No
7164,762350,0.002488654662567706,8,Bajo,1308.0,-24.34896794027229,7911,No
7165,628830,0.015706806282722516,7,Bajo,1665.0,-19.769633507853403,6178,No
7166,773760,0.002488654662567706,8,Bajo,1305.0,-24.350461133069828,8021,No
7167,367790,0.002098635886673662,9,Bajo,1308.0,-24.45099685204617,8136,No
7168,389590,0.002488654662567706,8,Bajo,1308.0,-24.34896794027229,7912,No
7169,397630,0.0007462686567164179,9,Bajo,1308.0,-24.804776119402984,8914,No
7170,430230,0.002488654662567706,8,Bajo,1308.0,-24.34896794027229,7913,No
7171,551450,0.002488654662567706,8,Bajo,1308.0,-24.34896794027229,7914,No
7172,639200,0.0038314176245210726,8,Bajo,1308.0,-23.99770114942529,7400,No
7173,689360,0.002488654662567706,8,Bajo,1308.0,-24.34896794027229,7915,No
7174,760860,0.0002443195699975568,10,Bajo,1077.2999999999997,-24.947358905448326,9622,No
7175,743960,0.002488654662567706,8,Bajo,1308.0,-24.34896794027229,7916,No
7176,364870,0.0007462686567164179,9,Bajo,1305.0,-24.805223880597016,8931,No
7177,629640,0.002488654662567706,8,Bajo,1305.0,-24.350461133069828,8022,No
7178,806500,0.00395882818685669,8,Bajo,1305.0,-23.966745843230402,7371,No
7179,808080,0.00395882818685669,8,Bajo,1305.0,-23.966745843230402,7372,No
7180,808760,0.00395882818685669,8,Bajo,1305.0,-23.966745843230402,7373,No
7181,809120,0.00395882818685669,8,Bajo,1305.0,-23.966745843230402,7374,No
7182,360150,0.002488654662567706,8,Bajo,1308.0,-24.34896794027229,7917,No
7183,360160,0.002488654662567706,8,Bajo,1308.0,-24.34896794027229,7918,No
7184,368380,0.0002443195699975568,10,Bajo,1308.0,-24.93608600048864,9499,No
7185,435160,0.0014742014742014742,9,Bajo,1308.0,-24.614348894348893,8508,No
7186,451970,0.002488654662567706,8,Bajo,1308.0,-24.34896794027229,7919,No
7187,504210,0.002098635886673662,9,Bajo,1308.0,-24.45099685204617,8137,No
7188,510820,0.002488654662567706,8,Bajo,1308.0,-24.34896794027229,7920,No
7189,513150,0.0007462686567164179,9,Bajo,1308.0,-24.804776119402984,8915,No
7190,513300,0.002488654662567706,8,Bajo,1308.0,-24.34896794027229,7921,No
7191,525710,0.002488654662567706,8,Bajo,1308.0,-24.34896794027229,7922,No
7192,528740,0.002488654662567706,8,Bajo,1308.0,-24.34896794027229,7923,No
7193,602120,0.002098635886673662,9,Bajo,1308.0,-24.45099685204617,8138,No
7194,602130,0.002098635886673662,9,Bajo,1308.0,-24.45099685204617,8139,No
7195,647260,0.002098635886673662,9,Bajo,1308.0,-24.45099685204617,8140,No
7196,663620,0.0001,10,Bajo,1308.0,-24.97384,9851,No
7197,746010,0.002098635886673662,9,Bajo,1308.0,-24.45099685204617,8141,No
7198,747330,0.0014742014742014742,9,Bajo,1308.0,-24.614348894348893,8509,No
7199,748830,0.030010172939979655,7,Bajo,1308.0,-17.149338758901322,5934,No
7200,767730,0.0002443195699975568,10,Bajo,1308.0,-24.93608600048864,9500,No
7201,828760,0.0002443195699975568,10,Bajo,1308.0,-24.93608600048864,9501,No
7202,349380,0.0001,10,Bajo,900.0,-24.982,9938,No
7203,582300,0.0007462686567164179,9,Bajo,1308.0,-24.804776119402984,8916,No
7204,163680,0.7387958410713422,2,Alto,900.0,107.98325139284162,946,Sí
7205,596050,0.0002443195699975568,10,Bajo,735.0,-24.96408502321036,9751,No
7206,140,0.8616298022399826,2,Alto,1293.0,197.81746685925953,380,Sí
7207,837130,0.0014742014742014742,9,Bajo,735.0,-24.783292383292384,8828,No
7208,405380,0.002098635886673662,9,Bajo,900.0,-24.62224554039874,8553,No
7209,520700,0.0001,10,Bajo,900.0,-24.982,9939,No
7210,628290,0.0002443195699975568,10,Bajo,900.0,-24.956022477400438,9682,No
7211,701970,0.0007462686567164179,9,Bajo,900.0,-24.865671641791046,9114,No
7212,867890,0.0002443195699975568,10,Bajo,900.0,-24.956022477400438,9683,No
7213,816700,0.002488654662567706,8,Bajo,1308.0,-24.34896794027229,7924,No
7214,362200,0.0001,10,Bajo,1308.0,-24.97384,9852,No
7215,855630,0.002098635886673662,9,Bajo,855.0,-24.641133263378805,8601,No
7216,385650,0.0007462686567164179,9,Bajo,1308.0,-24.804776119402984,8917,No
7217,581170,0.009259259259259259,7,Bajo,1308.0,-22.577777777777776,6701,No
7218,588470,0.0002443195699975568,10,Bajo,1308.0,-24.93608600048864,9502,No
7219,601090,0.0002443195699975568,10,Bajo,1308.0,-24.93608600048864,9503,No
7220,687740,0.0002443195699975568,10,Bajo,1308.0,-24.93608600048864,9504,No
7221,728250,0.0007462686567164179,9,Bajo,1308.0,-24.804776119402984,8918,No
7222,595100,0.002098635886673662,9,Bajo,1308.0,-24.45099685204617,8142,No
7223,497470,0.002488654662567706,8,Bajo,540.0,-24.731225296442688,8704,No
7224,492320,0.002098635886673662,9,Bajo,735.0,-24.69150052465897,8681,No
7225,614540,0.002488654662567706,8,Bajo,735.0,-24.634167764602548,8594,No
7226,493800,0.0002443195699975568,10,Bajo,1308.0,-24.93608600048864,9505,No
7227,480300,0.0002443195699975568,10,Bajo,900.0,-24.956022477400438,9684,No
7228,669680,0.002098635886673662,9,Bajo,1308.0,-24.45099685204617,8143,No
7229,429660,0.002488654662567706,8,Bajo,1308.0,-24.34896794027229,7925,No
7230,478760,0.002488654662567706,8,Bajo,1308.0,-24.34896794027229,7926,No
7231,626180,0.002488654662567706,8,Bajo,1308.0,-24.34896794027229,7927,No
7232,741240,0.006920415224913495,7,Bajo,1308.0,-23.18961937716263,6854,No
7233,636930,0.002488654662567706,8,Bajo,1308.0,-24.34896794027229,7928,No
7234,379420,0.0002443195699975568,10,Bajo,900.0,-24.956022477400438,9685,No
7235,550940,0.0014742014742014742,9,Bajo,900.0,-24.734643734643736,8721,No
7236,585950,0.0007462686567164179,9,Bajo,900.0,-24.865671641791046,9115,No
7237,712390,0.0007462686567164179,9,Bajo,900.0,-24.865671641791046,9116,No
7238,441380,0.002488654662567706,8,Bajo,1077.2999999999997,-24.46379446640316,8214,No
7239,498740,0.002098635886673662,9,Bajo,1077.2999999999997,-24.547827911857294,8290,No
7240,725940,0.0002443195699975568,10,Bajo,1077.2999999999997,-24.947358905448326,9623,No
7241,746570,0.0014742014742014742,9,Bajo,1077.2999999999997,-24.68236855036855,8650,No
7242,785070,0.0002443195699975568,10,Bajo,1077.2999999999997,-24.947358905448326,9624,No
7243,443310,0.0002443195699975568,10,Bajo,735.0,-24.96408502321036,9752,No
7244,519780,0.0014742014742014742,9,Bajo,1308.0,-24.614348894348893,8510,No
7245,870870,0.002488654662567706,8,Bajo,765.0,-24.61923583662714,8537,No
7246,665010,0.002098635886673662,9,Bajo,1308.0,-24.45099685204617,8144,No
7247,884700,0.002488654662567706,8,Bajo,1308.0,-24.34896794027229,7929,No
7248,603060,0.0001,10,Bajo,1308.0,-24.97384,9853,No
7249,587970,0.002098635886673662,9,Bajo,1077.2999999999997,-24.547827911857294,8291,No
7250,581850,0.0002443195699975568,10,Bajo,1308.0,-24.93608600048864,9506,No
7251,347340,0.002098635886673662,9,Bajo,1308.0,-24.45099685204617,8145,No
7252,524690,0.002488654662567706,8,Bajo,1308.0,-24.34896794027229,7930,No
7253,623630,0.00395882818685669,8,Bajo,1308.0,-23.96437054631829,7347,No
7254,556960,0.0002443195699975568,10,Bajo,900.0,-24.956022477400438,9686,No
7255,393150,0.0007462686567164179,9,Bajo,1077.2999999999997,-24.83920895522388,9052,No
7256,758980,0.002098635886673662,9,Bajo,1077.2999999999997,-24.547827911857294,8292,No
7257,848350,0.002488654662567706,8,Bajo,1077.2999999999997,-24.46379446640316,8215,No
7258,764410,0.002098635886673662,9,Bajo,1308.0,-24.45099685204617,8146,No
7259,451710,0.0038314176245210726,8,Bajo,1665.0,-23.724137931034484,7096,No
7260,674440,0.002098635886673662,9,Bajo,1815.0,-24.23819517313746,7584,No
7261,579350,0.0007462686567164179,9,Bajo,1665.0,-24.751492537313432,8778,No
7262,595190,0.0007462686567164179,9,Bajo,1665.0,-24.751492537313432,8779,No
7263,761000,0.0001,10,Bajo,1665.0,-24.9667,9770,No
7264,762550,0.0002443195699975568,10,Bajo,1665.0,-24.918641583190812,9319,No
7265,762910,0.0001,10,Bajo,1665.0,-24.9667,9771,No
7266,756770,0.0001,10,Bajo,1308.0,-24.97384,9854,No
7267,825940,0.006920415224913495,7,Bajo,1308.0,-23.18961937716263,6855,No
7268,362410,0.002488654662567706,8,Bajo,1308.0,-24.34896794027229,7931,No
7269,738200,0.006359300476947535,7,Bajo,1308.0,-23.336406995230526,6943,No
7270,611230,0.002488654662567706,8,Bajo,1308.0,-24.34896794027229,7932,No
7271,453670,0.0001,10,Bajo,735.0,-24.9853,9951,No
7272,236160,0.9643635135789099,1,Alto,1293.0,224.3844046115061,346,Sí
7273,453520,0.0007462686567164179,9,Bajo,735.0,-24.89029850746269,9166,No
7274,632790,0.002488654662567706,8,Bajo,1308.0,-24.34896794027229,7933,No
7275,582470,0.0002443195699975568,10,Bajo,735.0,-24.96408502321036,9753,No
7276,747000,0.002488654662567706,8,Bajo,735.0,-24.634167764602548,8595,No
7277,786050,0.0007462686567164179,9,Bajo,1308.0,-24.804776119402984,8919,No
7278,482850,0.015706806282722516,7,Bajo,1308.0,-20.89109947643979,6397,No
7279,510320,0.002488654662567706,8,Bajo,1077.2999999999997,-24.46379446640316,8216,No
7280,451610,0.002098635886673662,9,Bajo,900.0,-24.62224554039874,8554,No
7281,511060,0.002488654662567706,8,Bajo,900.0,-24.552042160737813,8385,No
7282,528710,0.002488654662567706,8,Bajo,900.0,-24.552042160737813,8386,No
7283,671620,0.0001,10,Bajo,900.0,-24.982,9940,No
7284,700300,0.0007462686567164179,9,Bajo,900.0,-24.865671641791046,9117,No
7285,660660,0.0002443195699975568,10,Bajo,1308.0,-24.93608600048864,9507,No
7286,547590,0.0001,10,Bajo,1308.0,-24.97384,9855,No
7287,762160,0.002488654662567706,8,Bajo,1308.0,-24.34896794027229,7934,No
7288,500140,0.0001,10,Bajo,735.0,-24.9853,9952,No
7289,826820,0.0014742014742014742,9,Bajo,735.0,-24.783292383292384,8829,No
7290,519350,0.0001,10,Bajo,1308.0,-24.97384,9856,No
7291,827310,0.002488654662567706,8,Bajo,1077.2999999999997,-24.46379446640316,8217,No
7292,794060,0.030010172939979655,7,Bajo,1308.0,-17.149338758901322,5935,No
7293,532300,0.0002443195699975568,10,Bajo,900.0,-24.956022477400438,9687,No
7294,782220,0.0014742014742014742,9,Bajo,1077.2999999999997,-24.68236855036855,8651,No
7295,803880,0.002098635886673662,9,Bajo,900.0,-24.62224554039874,8555,No
7296,472400,0.002488654662567706,8,Bajo,855.0,-24.574440052700922,8427,No
7297,669990,0.002488654662567706,8,Bajo,900.0,-24.552042160737813,8387,No
7298,351060,0.0038314176245210726,8,Bajo,900.0,-24.310344827586206,7676,No
7299,386860,0.0002443195699975568,10,Bajo,900.0,-24.956022477400438,9688,No
7300,439780,0.0002443195699975568,10,Bajo,900.0,-24.956022477400438,9689,No
7301,449070,0.006359300476947535,7,Bajo,900.0,-23.855325914149443,7198,No
7302,554470,0.002098635886673662,9,Bajo,900.0,-24.62224554039874,8556,No
7303,554940,0.01694915254237288,7,Bajo,900.0,-21.949152542372882,6536,No
7304,705530,0.002488654662567706,8,Bajo,900.0,-24.552042160737813,8388,No
7305,707620,0.00395882818685669,8,Bajo,900.0,-24.287410926365794,7649,No
7306,836800,0.0014742014742014742,9,Bajo,900.0,-24.734643734643736,8722,No
7307,853560,0.0002443195699975568,10,Bajo,900.0,-24.956022477400438,9690,No
7308,707320,0.002488654662567706,8,Bajo,900.0,-24.552042160737813,8389,No
7309,495180,0.0007462686567164179,9,Bajo,1308.0,-24.804776119402984,8920,No
7310,527280,0.0014742014742014742,9,Bajo,1308.0,-24.614348894348893,8511,No
7311,658350,0.0001,10,Bajo,1308.0,-24.97384,9857,No
7312,791110,0.002098635886673662,9,Bajo,1308.0,-24.45099685204617,8147,No
7313,608710,0.0007462686567164179,9,Bajo,1308.0,-24.804776119402984,8921,No
7314,461570,0.0007462686567164179,9,Bajo,900.0,-24.865671641791046,9118,No
7315,492670,0.0007462686567164179,9,Bajo,900.0,-24.865671641791046,9119,No
7316,560190,0.002488654662567706,8,Bajo,900.0,-24.552042160737813,8390,No
7317,300740,0.9056043180256583,1,Alto,1293.0,209.18927664143527,363,Sí
7318,783970,0.002098635886673662,9,Bajo,1308.0,-24.45099685204617,8148,No
7319,783560,0.0014742014742014742,9,Bajo,1308.0,-24.614348894348893,8512,No
7320,788580,0.002488654662567706,8,Bajo,1308.0,-24.34896794027229,7935,No
7321,787810,0.002488654662567706,8,Bajo,1308.0,-24.34896794027229,7936,No
7322,442480,0.00395882818685669,8,Bajo,1305.0,-23.966745843230402,7375,No
7323,442700,0.00395882818685669,8,Bajo,1305.0,-23.966745843230402,7376,No
7324,443600,0.00395882818685669,8,Bajo,1305.0,-23.966745843230402,7377,No
7325,611950,0.0001,10,Bajo,1305.0,-24.9739,9890,No
7326,657190,0.00395882818685669,8,Bajo,1305.0,-23.966745843230402,7378,No
7327,880200,0.0001,10,Bajo,1308.0,-24.97384,9858,No
7328,382300,0.002098635886673662,9,Bajo,1308.0,-24.45099685204617,8149,No
7329,393610,0.006920415224913495,7,Bajo,1308.0,-23.18961937716263,6856,No
7330,445320,0.0007462686567164179,9,Bajo,1308.0,-24.804776119402984,8922,No
7331,636350,0.002098635886673662,9,Bajo,1308.0,-24.45099685204617,8150,No
7332,636740,0.002098635886673662,9,Bajo,1308.0,-24.45099685204617,8151,No
7333,697420,0.002488654662567706,8,Bajo,1308.0,-24.34896794027229,7937,No
7334,735820,0.002488654662567706,8,Bajo,1308.0,-24.34896794027229,7938,No
7335,798680,0.0001,10,Bajo,1308.0,-24.97384,9859,No
7336,804210,0.0001,10,Bajo,1308.0,-24.97384,9860,No
7337,406810,0.002488654662567706,8,Bajo,900.0,-24.552042160737813,8391,No
7338,444640,0.0007462686567164179,9,Bajo,900.0,-24.865671641791046,9120,No
7339,461870,0.002098635886673662,9,Bajo,900.0,-24.62224554039874,8557,No
7340,572830,0.006920415224913495,7,Bajo,900.0,-23.75432525951557,7126,No
7341,573460,0.006920415224913495,7,Bajo,900.0,-23.75432525951557,7127,No
7342,689620,0.0002443195699975568,10,Bajo,900.0,-24.956022477400438,9691,No
7343,838990,0.0014742014742014742,9,Bajo,900.0,-24.734643734643736,8723,No
7344,858690,0.002488654662567706,8,Bajo,900.0,-24.552042160737813,8392,No
7345,691330,0.0002443195699975568,10,Bajo,1077.2999999999997,-24.947358905448326,9625,No
7346,411760,0.0007462686567164179,9,Bajo,810.0,-24.87910447761194,9148,No
7347,632650,0.0002443195699975568,10,Bajo,1308.0,-24.93608600048864,9508,No
7348,598070,0.006359300476947535,7,Bajo,1308.0,-23.336406995230526,6944,No
7349,841480,0.002488654662567706,8,Bajo,900.0,-24.552042160737813,8393,No
7350,530220,0.0001,10,Bajo,1077.2999999999997,-24.978454,9922,No
7351,731010,0.0002443195699975568,10,Bajo,1077.2999999999997,-24.947358905448326,9626,No
7352,707280,0.002488654662567706,8,Bajo,900.0,-24.552042160737813,8394,No
7353,705510,0.002488654662567706,8,Bajo,1305.0,-24.350461133069828,8023,No
7354,629560,0.0001,10,Bajo,810.0,-24.9838,9948,No
7355,544820,0.0001,10,Bajo,1308.0,-24.97384,9861,No
7356,841590,0.0002443195699975568,10,Bajo,1077.2999999999997,-24.947358905448326,9627,No
7357,850360,0.002488654662567706,8,Bajo,1308.0,-24.34896794027229,7939,No
7358,806120,0.0002443195699975568,10,Bajo,900.0,-24.956022477400438,9692,No
7359,656160,0.0014742014742014742,9,Bajo,1077.2999999999997,-24.68236855036855,8652,No
7360,417560,0.0001,10,Bajo,1077.2999999999997,-24.978454,9923,No
7361,512380,0.002098635886673662,9,Bajo,1305.0,-24.452256033578173,8168,No
7362,506380,0.002488654662567706,8,Bajo,1077.2999999999997,-24.46379446640316,8218,No
7363,349040,0.002488654662567706,8,Bajo,1308.0,-24.34896794027229,7940,No
7364,358430,0.002488654662567706,8,Bajo,1308.0,-24.34896794027229,7941,No
7365,359400,0.002488654662567706,8,Bajo,1308.0,-24.34896794027229,7942,No
7366,706580,0.002098635886673662,9,Bajo,1308.0,-24.45099685204617,8152,No
7367,774750,0.015706806282722516,7,Bajo,1308.0,-20.89109947643979,6398,No
7368,866170,0.002098635886673662,9,Bajo,1308.0,-24.45099685204617,8153,No
7369,495960,0.002098635886673662,9,Bajo,1308.0,-24.45099685204617,8154,No
7370,853230,0.0007462686567164179,9,Bajo,1308.0,-24.804776119402984,8923,No
7371,479230,0.002098635886673662,9,Bajo,735.0,-24.69150052465897,8682,No
7372,393830,0.0002443195699975568,10,Bajo,1077.2999999999997,-24.947358905448326,9628,No
7373,529750,0.0001,10,Bajo,1077.2999999999997,-24.978454,9924,No
7374,529760,0.0001,10,Bajo,1077.2999999999997,-24.978454,9925,No
7375,609490,0.0007462686567164179,9,Bajo,1077.2999999999997,-24.83920895522388,9053,No
7376,631920,0.002488654662567706,8,Bajo,1077.2999999999997,-24.46379446640316,8219,No
7377,660880,0.0002443195699975568,10,Bajo,1077.2999999999997,-24.947358905448326,9629,No
7378,798640,0.002488654662567706,8,Bajo,1077.2999999999997,-24.46379446640316,8220,No
7379,420010,0.0014742014742014742,9,Bajo,1308.0,-24.614348894348893,8513,No
7380,421250,0.0014742014742014742,9,Bajo,1308.0,-24.614348894348893,8514,No
7381,425880,0.002488654662567706,8,Bajo,1308.0,-24.34896794027229,7943,No
7382,426110,0.002488654662567706,8,Bajo,1308.0,-24.34896794027229,7944,No
7383,526960,0.015706806282722516,7,Bajo,1308.0,-20.89109947643979,6399,No
7384,762960,0.002488654662567706,8,Bajo,1308.0,-24.34896794027229,7945,No
7385,865350,0.002098635886673662,9,Bajo,1308.0,-24.45099685204617,8155,No
7386,538000,0.002098635886673662,9,Bajo,1308.0,-24.45099685204617,8156,No
7387,565990,0.009259259259259259,7,Bajo,1308.0,-22.577777777777776,6702,No
7388,667230,0.00395882818685669,8,Bajo,900.0,-24.287410926365794,7650,No
7389,838280,0.00395882818685669,8,Bajo,1308.0,-23.96437054631829,7348,No
7390,876380,0.00395882818685669,8,Bajo,1308.0,-23.96437054631829,7349,No
7391,623090,0.0014742014742014742,9,Bajo,900.0,-24.734643734643736,8724,No
7392,622270,0.002488654662567706,8,Bajo,1308.0,-24.34896794027229,7946,No
7393,735080,0.0007462686567164179,9,Bajo,1308.0,-24.804776119402984,8924,No
7394,375150,0.00395882818685669,8,Bajo,1308.0,-23.96437054631829,7350,No
7395,382840,0.0001,10,Bajo,1308.0,-24.97384,9862,No
7396,414140,0.002488654662567706,8,Bajo,1308.0,-24.34896794027229,7947,No
7397,430190,0.002488654662567706,8,Bajo,1308.0,-24.34896794027229,7948,No
7398,431450,0.00395882818685669,8,Bajo,1308.0,-23.96437054631829,7351,No
7399,432080,0.002488654662567706,8,Bajo,1308.0,-24.34896794027229,7949,No
7400,639330,0.002488654662567706,8,Bajo,1308.0,-24.34896794027229,7950,No
7401,641930,0.002488654662567706,8,Bajo,1308.0,-24.34896794027229,7951,No
7402,659940,0.002098635886673662,9,Bajo,1308.0,-24.45099685204617,8157,No
7403,663720,0.00395882818685669,8,Bajo,1308.0,-23.96437054631829,7352,No
7404,693380,0.00395882818685669,8,Bajo,1308.0,-23.96437054631829,7353,No
7405,693930,0.002488654662567706,8,Bajo,1308.0,-24.34896794027229,7952,No
7406,700920,0.002488654662567706,8,Bajo,1308.0,-24.34896794027229,7953,No
7407,711370,0.002488654662567706,8,Bajo,1308.0,-24.34896794027229,7954,No
7408,713010,0.00395882818685669,8,Bajo,1308.0,-23.96437054631829,7354,No
7409,745570,0.002488654662567706,8,Bajo,1308.0,-24.34896794027229,7955,No
7410,745580,0.002488654662567706,8,Bajo,1308.0,-24.34896794027229,7956,No
7411,746140,0.0014742014742014742,9,Bajo,1308.0,-24.614348894348893,8515,No
7412,768080,0.00395882818685669,8,Bajo,1308.0,-23.96437054631829,7355,No
7413,785240,0.0002443195699975568,10,Bajo,1308.0,-24.93608600048864,9509,No
7414,834120,0.0002443195699975568,10,Bajo,1308.0,-24.93608600048864,9510,No
7415,857420,0.002098635886673662,9,Bajo,1308.0,-24.45099685204617,8158,No
7416,582710,0.002488654662567706,8,Bajo,1308.0,-24.34896794027229,7957,No
7417,863950,0.0001,10,Bajo,1308.0,-24.97384,9863,No
7418,851450,0.0014742014742014742,9,Bajo,540.0,-24.84078624078624,9058,No
7419,546480,0.0001,10,Bajo,1077.2999999999997,-24.978454,9926,No
7420,33000,0.023385218626360768,7,Bajo,1308.0,-18.882426807344025,6111,No
7421,781610,0.002488654662567706,8,Bajo,1308.0,-24.34896794027229,7958,No
7422,70150,0.9367088607594937,1,Alto,1293.0,217.23291139240507,354,Sí
7423,878500,0.0001,10,Bajo,1308.0,-24.97384,9864,No
7424,726160,0.0001,10,Bajo,1308.0,-24.97384,9865,No
7425,538530,0.002488654662567706,8,Bajo,1308.0,-24.34896794027229,7959,No
7426,626100,0.0002443195699975568,10,Bajo,1308.0,-24.93608600048864,9511,No
7427,533450,0.006920415224913495,7,Bajo,1308.0,-23.18961937716263,6857,No
7428,233670,0.17485265225933203,6,Bajo,1308.0,20.741453831041255,3983,Sí
7429,820900,0.0001,10,Bajo,1815.0,-24.9637,9741,No
7430,348640,0.0002443195699975568,10,Bajo,735.0,-24.96408502321036,9754,No
7431,712320,0.0014742014742014742,9,Bajo,735.0,-24.783292383292384,8830,No
7432,735710,0.002488654662567706,8,Bajo,1308.0,-24.34896794027229,7960,No
7433,739300,0.002488654662567706,8,Bajo,1308.0,-24.34896794027229,7961,No
7434,453110,0.0002443195699975568,10,Bajo,735.0,-24.96408502321036,9755,No
7435,870250,0.002098635886673662,9,Bajo,735.0,-24.69150052465897,8683,No
7436,573330,0.00395882818685669,8,Bajo,1308.0,-23.96437054631829,7356,No
7437,820470,0.0002443195699975568,10,Bajo,735.0,-24.96408502321036,9756,No
7438,510040,0.0001,10,Bajo,1308.0,-24.97384,9866,No
7439,800890,0.002488654662567706,8,Bajo,1308.0,-24.34896794027229,7962,No
7440,656620,0.009259259259259259,7,Bajo,765.0,-23.583333333333332,7040,No
7441,603730,0.0007462686567164179,9,Bajo,1308.0,-24.804776119402984,8925,No
7442,475550,0.002098635886673662,9,Bajo,1308.0,-24.45099685204617,8159,No
7443,349130,0.002098635886673662,9,Bajo,1308.0,-24.45099685204617,8160,No
7444,352030,0.002488654662567706,8,Bajo,1308.0,-24.34896794027229,7963,No
7445,539550,0.002488654662567706,8,Bajo,1308.0,-24.34896794027229,7964,No
7446,564140,0.0007462686567164179,9,Bajo,1308.0,-24.804776119402984,8926,No
7447,630880,0.0014742014742014742,9,Bajo,1308.0,-24.614348894348893,8516,No
7448,634800,0.002488654662567706,8,Bajo,1308.0,-24.34896794027229,7965,No
7449,835070,0.002488654662567706,8,Bajo,1077.2999999999997,-24.46379446640316,8221,No
7450,730860,0.002098635886673662,9,Bajo,1308.0,-24.45099685204617,8161,No
7451,560320,0.0007462686567164179,9,Bajo,1077.2999999999997,-24.83920895522388,9054,No
7452,842170,0.015706806282722516,7,Bajo,900.0,-22.172774869109947,6582,No
7453,386250,0.030010172939979655,7,Bajo,1077.2999999999997,-18.534008138351986,6069,No
7454,706170,0.0002443195699975568,10,Bajo,1077.2999999999997,-24.947358905448326,9630,No
7455,730040,0.0007462686567164179,9,Bajo,1077.2999999999997,-24.83920895522388,9055,No
7456,747430,0.0014742014742014742,9,Bajo,900.0,-24.734643734643736,8725,No
7457,531450,0.00395882818685669,8,Bajo,540.0,-24.57244655581948,8420,No
7458,742370,0.0002443195699975568,10,Bajo,1077.2999999999997,-24.947358905448326,9631,No
7459,885400,0.0001,10,Bajo,1665.0,-24.9667,9772,No
7460,519870,0.0001,10,Bajo,1665.0,-24.9667,9773,No
7461,519970,0.0001,10,Bajo,1665.0,-24.9667,9774,No
7462,868920,0.0001,10,Bajo,1665.0,-24.9667,9775,No
7463,412470,0.00395882818685669,8,Bajo,540.0,-24.57244655581948,8421,No
7464,428510,0.0001,10,Bajo,1308.0,-24.97384,9867,No
7465,770160,0.002488654662567706,8,Bajo,1308.0,-24.34896794027229,7966,No
7466,882560,0.0002443195699975568,10,Bajo,1308.0,-24.93608600048864,9512,No
7467,663040,0.0002443195699975568,10,Bajo,735.0,-24.96408502321036,9757,No
7468,673790,0.002488654662567706,8,Bajo,900.0,-24.552042160737813,8395,No
7469,525310,0.002488654662567706,8,Bajo,1077.2999999999997,-24.46379446640316,8222,No
7470,774380,0.00395882818685669,8,Bajo,900.0,-24.287410926365794,7651,No
7471,869080,0.0002443195699975568,10,Bajo,900.0,-24.956022477400438,9693,No
7472,776020,0.002098635886673662,9,Bajo,1305.0,-24.452256033578173,8169,No
7473,366070,0.002488654662567706,8,Bajo,1308.0,-24.34896794027229,7967,No
7474,420050,0.002098635886673662,9,Bajo,1308.0,-24.45099685204617,8162,No
7475,487540,0.002488654662567706,8,Bajo,1308.0,-24.34896794027229,7968,No
7476,514610,0.015706806282722516,7,Bajo,1308.0,-20.89109947643979,6400,No
7477,632750,0.0014742014742014742,9,Bajo,1308.0,-24.614348894348893,8517,No
7478,732590,0.0014742014742014742,9,Bajo,1308.0,-24.614348894348893,8518,No
7479,846030,0.002098635886673662,9,Bajo,1308.0,-24.45099685204617,8163,No
7480,607310,0.0002443195699975568,10,Bajo,1062.2999999999997,-24.948091864158318,9637,No
7481,610690,0.002488654662567706,8,Bajo,900.0,-24.552042160737813,8396,No
7482,665330,0.002488654662567706,8,Bajo,900.0,-24.552042160737813,8397,No
7483,839080,0.002098635886673662,9,Bajo,900.0,-24.62224554039874,8558,No
7484,730450,0.0014742014742014742,9,Bajo,1308.0,-24.614348894348893,8519,No
7485,664670,0.0001,10,Bajo,1077.2999999999997,-24.978454,9927,No
7486,413210,0.002098635886673662,9,Bajo,900.0,-24.62224554039874,8559,No
7487,440590,0.002488654662567706,8,Bajo,900.0,-24.552042160737813,8398,No
7488,471260,0.015706806282722516,7,Bajo,900.0,-22.172774869109947,6583,No
7489,591410,0.002488654662567706,8,Bajo,900.0,-24.552042160737813,8399,No
7490,614980,0.0002443195699975568,10,Bajo,900.0,-24.956022477400438,9694,No
7491,542460,0.002488654662567706,8,Bajo,1308.0,-24.34896794027229,7969,No
7492,588740,0.0002443195699975568,10,Bajo,1077.2999999999997,-24.947358905448326,9632,No
7493,381910,0.0014742014742014742,9,Bajo,810.0,-24.761179361179362,8791,No
7494,816590,0.002098635886673662,9,Bajo,900.0,-24.62224554039874,8560,No
7495,358790,0.0007462686567164179,9,Bajo,900.0,-24.865671641791046,9121,No
7496,712240,0.0002443195699975568,10,Bajo,735.0,-24.96408502321036,9758,No
7497,709430,0.0014742014742014742,9,Bajo,900.0,-24.734643734643736,8726,No
7498,353910,0.0007462686567164179,9,Bajo,1308.0,-24.804776119402984,8927,No
7499,378550,0.0002443195699975568,10,Bajo,1308.0,-24.93608600048864,9513,No
7500,444410,0.002488654662567706,8,Bajo,900.0,-24.552042160737813,8400,No
7501,821940,0.0001,10,Bajo,900.0,-24.982,9941,No
7502,634720,0.002488654662567706,8,Bajo,1077.2999999999997,-24.46379446640316,8223,No
7503,807190,0.0007462686567164179,9,Bajo,1077.2999999999997,-24.83920895522388,9056,No
7504,642340,0.006920415224913495,7,Bajo,900.0,-23.75432525951557,7128,No
7505,874650,0.002098635886673662,9,Bajo,900.0,-24.62224554039874,8561,No
7506,626840,0.002488654662567706,8,Bajo,1308.0,-24.34896794027229,7970,No
7507,547140,0.002488654662567706,8,Bajo,1308.0,-24.34896794027229,7971,No
7508,499800,0.0001,10,Bajo,1665.0,-24.9667,9776,No
7509,425300,0.05795454545454545,7,Bajo,855.0,-15.089772727272727,5790,No
7510,425320,0.05795454545454545,7,Bajo,855.0,-15.089772727272727,5791,No
7511,412660,0.002098635886673662,9,Bajo,900.0,-24.62224554039874,8562,No
7512,714080,0.002488654662567706,8,Bajo,735.0,-24.634167764602548,8596,No
7513,838660,0.0002443195699975568,10,Bajo,1308.0,-24.93608600048864,9514,No
7514,607980,0.0007462686567164179,9,Bajo,900.0,-24.865671641791046,9122,No
7515,841200,0.005385996409335727,8,Bajo,1305.0,-23.594254937163374,7062,No
7516,869020,0.002488654662567706,8,Bajo,1305.0,-24.350461133069828,8024,No
7517,585240,0.002098635886673662,9,Bajo,900.0,-24.62224554039874,8563,No
7518,527230,0.0001,10,Bajo,1308.0,-24.97384,9868,No
7519,414330,0.0014742014742014742,9,Bajo,900.0,-24.734643734643736,8727,No
7520,463160,0.002488654662567706,8,Bajo,900.0,-24.552042160737813,8401,No
7521,468500,0.00395882818685669,8,Bajo,900.0,-24.287410926365794,7652,No
7522,818250,0.009259259259259259,7,Bajo,900.0,-23.333333333333332,6918,No
7523,562750,0.0001,10,Bajo,1077.2999999999997,-24.978454,9928,No
7524,438380,0.002488654662567706,8,Bajo,1077.2999999999997,-24.46379446640316,8224,No
7525,445690,0.0014742014742014742,9,Bajo,1077.2999999999997,-24.68236855036855,8653,No
7526,794990,0.0002443195699975568,10,Bajo,1077.2999999999997,-24.947358905448326,9633,No
7527,630810,0.002098635886673662,9,Bajo,1077.2999999999997,-24.547827911857294,8293,No
7528,208420,0.000759000823744179,9,Bajo,1308.0,-24.801445384508522,8870,No
7529,519490,0.0001,10,Bajo,1308.0,-24.97384,9869,No
7530,877940,0.0002443195699975568,10,Bajo,1308.0,-24.93608600048864,9515,No
7531,415320,0.0014742014742014742,9,Bajo,1077.2999999999997,-24.68236855036855,8654,No
7532,446140,0.0001,10,Bajo,1077.2999999999997,-24.978454,9929,No
7533,787480,0.0002443195699975568,10,Bajo,1077.2999999999997,-24.947358905448326,9634,No
7534,802280,0.0007462686567164179,9,Bajo,1077.2999999999997,-24.83920895522388,9057,No
7535,848990,0.002488654662567706,8,Bajo,1077.2999999999997,-24.46379446640316,8225,No
7536,624680,0.002098635886673662,9,Bajo,1077.2999999999997,-24.547827911857294,8294,No
7537,472950,0.0001,10,Bajo,1077.2999999999997,-24.978454,9930,No
7538,415360,0.0014742014742014742,9,Bajo,1308.0,-24.614348894348893,8520,No
7539,799150,0.006097560975609756,8,Bajo,1308.0,-23.40487804878049,6970,No
7540,755040,0.0007462686567164179,9,Bajo,735.0,-24.89029850746269,9167,No
7541,468480,0.0001,10,Bajo,1665.0,-24.9667,9777,No
7542,564000,0.0002443195699975568,10,Bajo,1308.0,-24.93608600048864,9516,No
7543,591890,0.002488654662567706,8,Bajo,1308.0,-24.34896794027229,7972,No
7544,797880,0.002488654662567706,9,Bajo,1308.0,-24.34896794027229,7973,No
7545,841040,0.0001,10,Bajo,1308.0,-24.97384,9870,No
7546,490440,0.00395882818685669,8,Bajo,1308.0,-23.96437054631829,7357,No
7547,624190,0.0001,10,Bajo,1305.0,-24.9739,9891,No
7548,503880,0.002488654662567706,9,Bajo,1077.2999999999997,-24.46379446640316,8226,No
7549,837840,0.002488654662567706,9,Bajo,810.0,-24.59683794466403,8450,No
7550,496870,0.0001,10,Bajo,1308.0,-24.97384,9871,No
7551,884750,0.002488654662567706,9,Bajo,735.0,-24.634167764602548,8597,No
7552,383340,0.0001,10,Bajo,1077.2999999999997,-24.978454,9931,No
7553,414370,0.0001,10,Bajo,1077.2999999999997,-24.978454,9932,No
7554,539560,0.030010172939979655,7,Bajo,1308.0,-17.149338758901322,5936,No
7555,762070,0.0014742014742014742,9,Bajo,1308.0,-24.614348894348893,8521,No
7556,664150,0.0001,10,Bajo,1308.0,-24.97384,9872,No
7557,455150,0.002488654662567706,9,Bajo,1308.0,-24.34896794027229,7974,No
7558,344630,0.002488654662567706,9,Bajo,540.0,-24.731225296442688,8705,No
7559,461990,0.002488654662567706,9,Bajo,1077.2999999999997,-24.46379446640316,8227,No
7560,578390,0.002098635886673662,9,Bajo,1308.0,-24.45099685204617,8164,No
7561,402410,0.0001,10,Bajo,1305.0,-24.9739,9892,No
7562,606360,0.0002443195699975568,10,Bajo,1077.2999999999997,-24.947358905448326,9635,No
7563,676470,0.0001,10,Bajo,1308.0,-24.97384,9873,No
7564,833010,0.0001,10,Bajo,1308.0,-24.97384,9874,No
7565,837470,0.0002443195699975568,10,Bajo,1308.0,-24.93608600048864,9517,No
7566,505970,0.0001,10,Bajo,1308.0,-24.97384,9875,No
7567,740470,0.002488654662567706,9,Bajo,1308.0,-24.34896794027229,7975,No
7568,490680,0.002488654662567706,9,Bajo,1308.0,-24.34896794027229,7976,No
7569,464770,0.002488654662567706,9,Bajo,1305.0,-24.350461133069828,8025,No
7570,700570,0.0001,10,Bajo,1308.0,-24.97384,9876,No
7571,397450,0.002488654662567706,9,Bajo,900.0,-24.552042160737813,8402,No
7572,442940,0.00395882818685669,8,Bajo,900.0,-24.287410926365794,7653,No
7573,454490,0.002098635886673662,9,Bajo,900.0,-24.62224554039874,8564,No
7574,457960,0.0007462686567164179,9,Bajo,900.0,-24.865671641791046,9123,No
7575,547470,0.0007462686567164179,9,Bajo,900.0,-24.865671641791046,9124,No
7576,564800,0.0002443195699975568,10,Bajo,900.0,-24.956022477400438,9695,No
7577,610910,0.002488654662567706,9,Bajo,900.0,-24.552042160737813,8403,No
7578,758050,0.002488654662567706,9,Bajo,900.0,-24.552042160737813,8404,No
7579,798290,0.0007462686567164179,9,Bajo,900.0,-24.865671641791046,9125,No
7580,853130,0.002488654662567706,9,Bajo,900.0,-24.552042160737813,8405,No
7581,866810,0.0038314176245210726,8,Bajo,900.0,-24.310344827586206,7677,No
7582,884240,0.0038314176245210726,8,Bajo,900.0,-24.310344827586206,7678,No
7583,823260,0.002098635886673662,9,Bajo,900.0,-24.62224554039874,8565,No
7584,803420,0.0001,10,Bajo,900.0,-24.982,9942,No
7585,362800,0.002098635886673662,9,Bajo,1308.0,-24.45099685204617,8165,No
7586,364860,0.002488654662567706,9,Bajo,1308.0,-24.34896794027229,7977,No
7587,551120,0.0014742014742014742,9,Bajo,1308.0,-24.614348894348893,8522,No
7588,761950,0.0002443195699975568,10,Bajo,1308.0,-24.93608600048864,9518,No
7589,789220,0.00395882818685669,8,Bajo,1308.0,-23.96437054631829,7358,No
7590,670470,0.002488654662567706,9,Bajo,1305.0,-24.350461133069828,8026,No
7591,672480,0.002488654662567706,9,Bajo,1305.0,-24.350461133069828,8027,No
7592,672510,0.002488654662567706,9,Bajo,1305.0,-24.350461133069828,8028,No
7593,801780,0.002488654662567706,9,Bajo,1305.0,-24.350461133069828,8029,No
7594,767900,0.0002443195699975568,10,Bajo,1308.0,-24.93608600048864,9519,No
7595,352250,0.0002443195699975568,10,Bajo,1308.0,-24.93608600048864,9520,No
7596,423380,0.002098635886673662,9,Bajo,1308.0,-24.45099685204617,8166,No
7597,585670,0.002488654662567706,9,Bajo,1308.0,-24.34896794027229,7978,No
7598,636160,0.00395882818685669,8,Bajo,1308.0,-23.96437054631829,7359,No
7599,658760,0.0001,10,Bajo,1308.0,-24.97384,9877,No
7600,721320,0.0014742014742014742,9,Bajo,1308.0,-24.614348894348893,8523,No
7601,805000,0.00395882818685669,8,Bajo,1308.0,-23.96437054631829,7360,No
7602,820120,0.0001,10,Bajo,1308.0,-24.97384,9878,No
7603,848770,0.0001,10,Bajo,1308.0,-24.97384,9879,No
7604,726410,0.002488654662567706,9,Bajo,1308.0,-24.34896794027229,7979,No
7605,733440,0.002488654662567706,9,Bajo,540.0,-24.731225296442688,8706,No
7606,394800,0.0001,10,Bajo,1305.0,-24.9739,9893,No
7607,664450,0.0001,10,Bajo,1305.0,-24.9739,9894,No
7608,362650,0.002488654662567706,9,Bajo,1308.0,-24.34896794027229,7980,No
7609,363730,0.002488654662567706,9,Bajo,1308.0,-24.34896794027229,7981,No
7610,368960,0.0001,10,Bajo,1308.0,-24.97384,9880,No
7611,437140,0.002488654662567706,9,Bajo,1308.0,-24.34896794027229,7982,No
7612,437510,0.002488654662567706,9,Bajo,1308.0,-24.34896794027229,7983,No
7613,461560,0.002488654662567706,9,Bajo,1308.0,-24.34896794027229,7984,No
7614,516640,0.00395882818685669,8,Bajo,1308.0,-23.96437054631829,7361,No
7615,517570,0.002488654662567706,9,Bajo,1308.0,-24.34896794027229,7985,No
7616,529890,0.002098635886673662,9,Bajo,1308.0,-24.45099685204617,8167,No
7617,642670,0.002488654662567706,9,Bajo,1308.0,-24.34896794027229,7986,No
7618,644310,0.002488654662567706,9,Bajo,1308.0,-24.34896794027229,7987,No
7619,645560,0.002488654662567706,9,Bajo,1308.0,-24.34896794027229,7988,No
7620,654980,0.002488654662567706,9,Bajo,1308.0,-24.34896794027229,7989,No
7621,695880,0.002488654662567706,9,Bajo,1308.0,-24.34896794027229,7990,No
7622,722490,0.0014742014742014742,9,Bajo,1308.0,-24.614348894348893,8524,No
7623,802770,0.002488654662567706,9,Bajo,1308.0,-24.34896794027229,7991,No
7624,808520,0.0014742014742014742,9,Bajo,1308.0,-24.614348894348893,8525,No
7625,809320,0.002488654662567706,9,Bajo,1308.0,-24.34896794027229,7992,No
7626,812460,0.002488654662567706,9,Bajo,1308.0,-24.34896794027229,7993,No
7627,862750,0.002488654662567706,9,Bajo,1308.0,-24.34896794027229,7994,No
7628,395110,0.0014742014742014742,9,Bajo,1077.2999999999997,-24.68236855036855,8655,No
7629,842620,0.0002443195699975568,10,Bajo,900.0,-24.956022477400438,9696,No
7630,714390,0.0001,10,Bajo,1308.0,-24.97384,9881,No
7631,839370,0.0038314176245210726,8,Bajo,1308.0,-23.99770114942529,7401,No
7632,620790,0.002488654662567706,9,Bajo,900.0,-24.552042160737813,8406,No
7633,253240,0.005877920087995031,8,Bajo,0.0,-25.0,9996,No
7634,791960,0.0014742014742014742,9,Bajo,735.0,-24.783292383292384,8831,No
7635,811100,0.015706806282722516,7,Bajo,1308.0,-20.89109947643979,6401,No
7636,517520,0.015706806282722516,7,Bajo,1308.0,-20.89109947643979,6402,No
7637,193100,0.39074581687358584,5,Medio,1308.0,77.21910569413005,1706,Sí
7638,349180,0.0014742014742014742,9,Bajo,1308.0,-24.614348894348893,8526,No
7639,378500,0.0007462686567164179,9,Bajo,1308.0,-24.804776119402984,8928,No
7640,499330,0.002488654662567706,9,Bajo,1308.0,-24.34896794027229,7995,No
7641,540920,0.0014742014742014742,9,Bajo,1308.0,-24.614348894348893,8527,No
7642,634950,0.0001,10,Bajo,1308.0,-24.97384,9882,No
7643,636720,0.006920415224913495,7,Bajo,1308.0,-23.18961937716263,6858,No
7644,397860,0.002488654662567706,9,Bajo,900.0,-24.552042160737813,8407,No
7645,417990,0.002488654662567706,9,Bajo,900.0,-24.552042160737813,8408,No
7646,459610,0.015706806282722516,7,Bajo,900.0,-22.172774869109947,6584,No
7647,554220,0.0002443195699975568,10,Bajo,735.0,-24.96408502321036,9759,No
7648,542550,0.00395882818685669,8,Bajo,1308.0,-23.96437054631829,7362,No
7649,774190,0.002488654662567706,9,Bajo,1077.2999999999997,-24.46379446640316,8228,No
7650,875880,0.002488654662567706,9,Bajo,900.0,-24.552042160737813,8409,No
7651,867090,0.002488654662567706,9,Bajo,735.0,-24.634167764602548,8598,No
7652,767820,0.0001,10,Bajo,1308.0,-24.97384,9883,No
7653,373050,0.0038314176245210726,8,Bajo,540.0,-24.586206896551722,8441,No
7654,802760,0.0038314176245210726,8,Bajo,540.0,-24.586206896551722,8442,No
7655,802510,0.0014742014742014742,9,Bajo,1308.0,-24.614348894348893,8528,No
7656,545440,0.0001,10,Bajo,1305.0,-24.9739,9895,No
7657,789090,0.0002443195699975568,10,Bajo,900.0,-24.956022477400438,9697,No
7658,852370,0.002488654662567706,9,Bajo,1308.0,-24.34896794027229,7996,No
7659,835330,0.002488654662567706,9,Bajo,1077.2999999999997,-24.46379446640316,8229,No
7660,533530,0.0001,10,Bajo,1308.0,-24.97384,9884,No
7661,369530,0.00395882818685669,8,Bajo,1308.0,-23.96437054631829,7363,No
7662,875890,0.0001,10,Bajo,1308.0,-24.97384,9885,No
7663,880420,0.0001,10,Bajo,1308.0,-24.97384,9886,No
7664,675650,0.0001,10,Bajo,1176.0,-24.97648,9907,No
7665,886100,0.002488654662567706,9,Bajo,2092.7999999999997,-23.95834870443566,7269,No
7666,594020,0.0001,10,Bajo,1296.0,-24.97408,9897,No
7667,158350,0.9643635135789099,1,Alto,2092.7999999999997,378.6439922435885,183,Sí
7668,839430,0.0014742014742014742,9,Bajo,1176.0,-24.653267813267814,8617,No
7669,866640,0.015706806282722516,7,Bajo,2092.7999999999997,-18.425759162303663,6059,No
7670,722780,0.002488654662567706,9,Bajo,1699.68,-24.154016688625383,7500,No
7671,584760,0.009259259259259259,7,Bajo,2092.7999999999997,-21.124444444444446,6434,No
7672,6120,0.805102752829306,2,Alto,840.0,110.25726247532342,897,Sí
7673,388470,0.00395882818685669,8,Bajo,1440.0,-23.859857482185273,7202,No
7674,808780,0.006359300476947535,7,Bajo,2088.0,-22.34435612082671,6628,No
7675,660830,0.002488654662567706,9,Bajo,2092.7999999999997,-23.95834870443566,7270,No
7676,847930,0.002098635886673662,9,Bajo,2088.0,-24.12360965372508,7478,No
7677,763430,0.0002443195699975568,10,Bajo,1723.68,-24.915774248717323,9304,No
7678,495850,0.0002443195699975568,10,Bajo,1176.0,-24.942536037136573,9592,No
7679,413460,0.002488654662567706,9,Bajo,1176.0,-24.414668423364077,8083,No
7680,759250,0.002488654662567706,9,Bajo,1440.0,-24.2832674571805,7610,No
7681,613200,0.002488654662567706,9,Bajo,1440.0,-24.2832674571805,7611,No
7682,853970,0.00395882818685669,8,Bajo,1440.0,-23.859857482185273,7203,No
7683,867580,0.0014742014742014742,9,Bajo,1723.68,-24.49178968058968,8255,No
7684,795040,0.002098635886673662,9,Bajo,2664.0,-23.881846799580273,7210,No
7685,531050,0.0007462686567164179,9,Bajo,1723.68,-24.74273432835821,8743,No
7686,488280,0.002488654662567706,9,Bajo,1176.0,-24.414668423364077,8084,No
7687,804750,0.00395882818685669,8,Bajo,1440.0,-23.859857482185273,7204,No
7688,770020,0.002488654662567706,9,Bajo,2664.0,-23.674044795783928,7075,No
7689,670990,0.002488654662567706,9,Bajo,1699.68,-24.154016688625383,7501,No
7690,515730,0.00395882818685669,8,Bajo,2092.7999999999997,-23.342992874109264,6949,No
7691,717960,0.002488654662567706,9,Bajo,1368.0,-24.319104084321477,7688,No
7692,598140,0.0001,10,Bajo,1296.0,-24.97408,9898,No
7693,558690,0.0007462686567164179,9,Bajo,2088.0,-24.688358208955226,8666,No
7694,658370,0.0007462686567164179,9,Bajo,1176.0,-24.8244776119403,8999,No
7695,673340,0.0001,10,Bajo,1176.0,-24.97648,9908,No
7696,505230,0.002488654662567706,9,Bajo,2088.0,-23.960737812911727,7273,No
7697,720910,0.0001,10,Bajo,2092.7999999999997,-24.958144,9702,No
7698,402610,0.002098635886673662,9,Bajo,2092.7999999999997,-24.12159496327387,7477,No
7699,370350,0.0001,10,Bajo,1440.0,-24.9712,9786,No
7700,785730,0.002488654662567706,9,Bajo,1176.0,-24.414668423364077,8085,No
7701,777920,0.0002443195699975568,10,Bajo,2092.7999999999997,-24.897737600781824,9233,No
7702,685560,0.0007462686567164179,9,Bajo,2092.7999999999997,-24.687641791044776,8664,No
7703,706340,0.0001,10,Bajo,2092.7999999999997,-24.958144,9703,No
7704,777720,0.0007462686567164179,9,Bajo,1440.0,-24.785074626865672,8836,No
7705,526430,0.0002443195699975568,10,Bajo,1440.0,-24.929635963840703,9381,No
7706,706220,0.0002443195699975568,10,Bajo,1176.0,-24.942536037136573,9593,No
7707,802170,0.002488654662567706,9,Bajo,1176.0,-24.414668423364077,8086,No
7708,865370,0.0007462686567164179,9,Bajo,1440.0,-24.785074626865672,8837,No
7709,758930,0.002488654662567706,9,Bajo,1440.0,-24.2832674571805,7612,No
7710,459010,0.005385996409335727,8,Bajo,1440.0,-23.44883303411131,6977,No
7711,817320,0.0001,10,Bajo,1176.0,-24.97648,9909,No
7712,838170,0.002488654662567706,9,Bajo,1440.0,-24.2832674571805,7613,No
7713,573470,0.0001,10,Bajo,1723.68,-24.9655264,9762,No
7714,770300,0.0001,10,Bajo,2092.7999999999997,-24.958144,9704,No
7715,515190,0.0002443195699975568,10,Bajo,1723.68,-24.915774248717323,9305,No
7716,736830,0.0007462686567164179,9,Bajo,1296.0,-24.806567164179103,8933,No
7717,664850,0.0001,10,Bajo,1176.0,-24.97648,9910,No
7718,524160,0.0007462686567164179,9,Bajo,1440.0,-24.785074626865672,8838,No
7719,352970,0.002488654662567706,9,Bajo,2664.0,-23.674044795783928,7076,No
7720,354970,0.002488654662567706,9,Bajo,2664.0,-23.674044795783928,7077,No
7721,787390,0.0014742014742014742,9,Bajo,1440.0,-24.575429975429977,8429,No
7722,668740,0.00395882818685669,8,Bajo,2092.7999999999997,-23.342992874109264,6950,No
7723,651060,0.0001,10,Bajo,1176.0,-24.97648,9911,No
7724,397250,0.0002443195699975568,10,Bajo,1176.0,-24.942536037136573,9594,No
7725,554510,0.0002443195699975568,10,Bajo,1440.0,-24.929635963840703,9382,No
7726,700700,0.0014742014742014742,9,Bajo,864.0,-24.745257985257986,8758,No
7727,652780,0.0001,10,Bajo,2092.7999999999997,-24.958144,9705,No
7728,710630,0.002098635886673662,9,Bajo,1440.0,-24.395592864637987,8075,No
7729,818100,0.0002443195699975568,10,Bajo,1176.0,-24.942536037136573,9595,No
7730,707460,0.0014742014742014742,9,Bajo,1176.0,-24.653267813267814,8618,No
7731,784970,0.0001,10,Bajo,2092.7999999999997,-24.958144,9706,No
7732,837070,0.0038314176245210726,8,Bajo,864.0,-24.337931034482757,7696,No
7733,466960,0.0002443195699975568,10,Bajo,1440.0,-24.929635963840703,9383,No
7734,437850,0.0007462686567164179,9,Bajo,1368.0,-24.79582089552239,8869,No
7735,627540,0.0002443195699975568,10,Bajo,1176.0,-24.942536037136573,9596,No
7736,313260,0.7387958410713422,2,Alto,2068.7999999999997,280.6841672016786,258,Sí
7737,549370,0.0001,10,Bajo,1723.68,-24.9655264,9763,No
7738,817040,0.0002443195699975568,10,Bajo,1440.0,-24.929635963840703,9384,No
7739,608810,0.0001,10,Bajo,1440.0,-24.9712,9787,No
7740,357860,0.0001,10,Bajo,1296.0,-24.97408,9899,No
7741,633490,0.002488654662567706,9,Bajo,2092.7999999999997,-23.95834870443566,7271,No
7742,558280,0.0002443195699975568,10,Bajo,1440.0,-24.929635963840703,9385,No
7743,879920,0.002488654662567706,9,Bajo,864.0,-24.5699604743083,8417,No
7744,626500,0.0001,10,Bajo,1723.68,-24.9655264,9764,No
7745,665750,0.005385996409335727,8,Bajo,1368.0,-23.526391382405745,7016,No
7746,561560,0.0001,10,Bajo,1440.0,-24.9712,9788,No
7747,606650,0.0001,10,Bajo,2092.7999999999997,-24.958144,9707,No
7748,608390,0.0001,10,Bajo,2092.7999999999997,-24.958144,9708,No
7749,855130,0.0007462686567164179,9,Bajo,2092.7999999999997,-24.687641791044776,8665,No
7750,515110,0.0002443195699975568,10,Bajo,1440.0,-24.929635963840703,9386,No
7751,743020,0.002488654662567706,9,Bajo,2092.7999999999997,-23.95834870443566,7272,No
7752,534360,0.0001,10,Bajo,2092.7999999999997,-24.958144,9709,No
7753,837400,0.002488654662567706,9,Bajo,1176.0,-24.414668423364077,8087,No
7754,563730,0.0002443195699975568,10,Bajo,1723.68,-24.915774248717323,9306,No
7755,879140,0.0001,10,Bajo,2088.0,-24.95824,9712,No
7756,362120,0.002098635886673662,9,Bajo,864.0,-24.637355718782793,8599,No
7757,476640,0.0014742014742014742,9,Bajo,1440.0,-24.575429975429977,8430,No
7758,738020,0.0001,10,Bajo,2092.7999999999997,-24.958144,9710,No
7759,496480,0.0001,10,Bajo,2088.0,-24.95824,9713,No
7760,508560,0.0001,10,Bajo,2088.0,-24.95824,9714,No
7761,670380,0.0002443195699975568,10,Bajo,1176.0,-24.942536037136573,9597,No
7762,718650,0.0001,10,Bajo,1296.0,-24.97408,9900,No
7763,680150,0.0001,10,Bajo,2664.0,-24.94672,9601,No
7764,680160,0.0001,10,Bajo,2664.0,-24.94672,9602,No
7765,708130,0.002098635886673662,9,Bajo,1723.68,-24.276524658971667,7608,No
7766,364690,0.0001,10,Bajo,1296.0,-24.97408,9901,No
7767,744360,0.0002443195699975568,10,Bajo,1368.0,-24.93315416564867,9405,No
7768,835750,0.0014742014742014742,9,Bajo,2092.7999999999997,-24.38295823095823,8068,No
7769,493640,0.0002443195699975568,10,Bajo,2664.0,-24.8698265331053,9141,No
7770,494140,0.0002443195699975568,10,Bajo,2664.0,-24.8698265331053,9142,No
7771,520530,0.01694915254237288,7,Bajo,2092.7999999999997,-17.905762711864405,6000,No
7772,624800,0.002098635886673662,9,Bajo,1723.68,-24.276524658971667,7609,No
7773,697090,0.6460905349794238,3,Alto,2092.7999999999997,245.42765432098759,306,Sí
7774,776160,0.006920415224913495,7,Bajo,864.0,-23.804152249134948,7148,No
7775,822960,0.030010172939979655,7,Bajo,1440.0,-16.357070193285857,5879,No
7776,123150,0.999476961593071,1,Alto,1440.18,262.8853461094218,287,Sí
7777,31490,0.9929873772791024,1,Alto,841.947225,142.20859335203366,440,Sí
7778,770000,0.0001,10,Bajo,2105.88,-24.9578824,9700,No
7779,501080,0.0001,10,Bajo,2105.88,-24.9578824,9701,No
7780,710610,0.041237113402061855,7,Bajo,1449.8243999999997,-13.042685360824745,5635,No
7781,723260,0.0002443195699975568,10,Bajo,1737.2992265999999,-24.91510876,9303,No
7782,878350,0.030010172939979655,7,Bajo,1115.48367,-18.30482843031536,6056,No
7783,39000,0.95578231292517,1,Alto,2093.001081,375.09068283061225,184,Sí
7784,673960,0.17019027484143764,6,Bajo,1458.0,24.62748414376322,3797,Sí
7785,337080,0.5417406749555951,4,Alto,2118.96,204.58536412078155,369,Sí
7786,659600,0.0038314176245210726,8,Bajo,2118.96,-23.376275862068965,6957,No
7787,548650,0.002488654662567706,9,Bajo,1458.0,-24.27430830039526,7607,No
7788,739250,0.0001,10,Bajo,2118.96,-24.9576208,9699,No
7789,755570,0.13483146067415727,6,Bajo,1723.3937229,21.47353859505617,3921,Sí
7790,508490,0.002488654662567706,9,Bajo,1467.0,-24.269828722002636,7605,No
7791,726490,0.002488654662567706,9,Bajo,2132.04,-23.93881774264383,7240,No
7792,762760,0.0014742014742014742,9,Bajo,2136.618,-24.37003891891892,8058,No
7793,372870,0.0007462686567164179,9,Bajo,2136.618,-24.681101791044775,8638,No
7794,723300,0.006359300476947535,7,Bajo,1762.1676197999998,-22.758769322988872,6737,No
7795,350760,0.0002443195699975568,10,Bajo,1762.1676197999998,-24.91389359297337,9302,No
7796,284760,0.9367088607594937,1,Alto,1472.814,250.9195848101266,296,Sí
7797,861050,0.49535603715170295,4,Medio,1205.3999999999999,94.42043343653253,1242,Sí
7798,813740,0.0002443195699975568,10,Bajo,1481.3999999999999,-24.927612997801123,9353,No
7799,321760,0.8434959349593496,2,Alto,1212.75,179.58993902439025,396,Sí
7800,40490,0.776685393258427,2,Alto,1485.0,205.67556179775283,365,Sí
7801,68240,0.9929873772791024,1,Alto,1188.0,210.93380084151474,361,Sí
7802,20010,0.9702233250620348,1,Alto,1188.0,205.52506203473948,367,Sí
7803,47350,0.9005328596802842,1,Alto,1752.7949999999998,290.68989875666074,253,Sí
7804,873130,0.49535603715170295,4,Medio,1777.5449999999998,151.10352941176475,427,Sí
7805,51480,0.9148387096774193,1,Alto,1460.25,242.17864516129032,310,Sí
7806,857500,0.751269035532995,2,Alto,1777.5449999999998,242.0829035532995,311,Sí
7807,266200,0.7704280155642024,2,Alto,1485.0,203.8171206225681,372,Sí
7808,24060,0.8616298022399826,2,Alto,2133.45,342.6488203177782,197,Sí
7809,6540,0.8802395209580839,1,Alto,2158.2,354.9465868263473,190,Sí
7810,276690,0.6980392156862745,3,Alto,2158.2,276.3016470588235,265,Sí
7811,99170,0.9367088607594937,1,Alto,1188.0,197.5620253164557,381,Sí
7812,213100,0.4490472245236123,4,Medio,1777.5449999999998,134.64032974316487,593,Sí
7813,12220,0.98046875,1,Alto,1752.7949999999998,318.71214453125,219,Sí
7814,31510,0.4490472245236123,4,Medio,1485.0,108.36702568351285,929,Sí
7815,379950,0.27941176470588236,5,Medio,2153.25,95.32867647058823,1229,Sí
7816,552820,0.002488654662567706,9,Bajo,2158.2,-23.925797101449277,7229,No
7817,670210,0.002488654662567706,9,Bajo,2158.2,-23.925797101449277,7230,No
7818,789010,0.0002443195699975568,10,Bajo,1212.75,-24.940740288297093,9550,No
7819,809380,0.0001,10,Bajo,2747.25,-24.945055,9598,No
7820,665120,0.002488654662567706,9,Bajo,1485.0,-24.26086956521739,7604,No
7821,810320,0.0001,10,Bajo,2158.2,-24.956836,9698,No
7822,670870,0.0001,10,Bajo,1777.5449999999998,-24.9644491,9760,No
7823,723770,0.0002443195699975568,10,Bajo,1777.5449999999998,-24.91314219398974,9273,No
7824,345460,0.0014742014742014742,9,Bajo,1777.5449999999998,-24.475908108108108,8235,No
7825,818830,0.0002443195699975568,10,Bajo,1485.0,-24.927437087710725,9352,No
7826,388480,0.0007462686567164179,9,Bajo,1485.0,-24.778358208955225,8817,No
7827,804460,0.17019027484143764,6,Bajo,891.0,5.327906976744192,4707,Sí
7828,366060,0.08191489361702127,6,Bajo,2158.54662,10.363423348936173,4464,Sí
7829,375890,0.002488654662567706,9,Bajo,1487.6433,-24.25955391304348,7602,No
7830,332720,0.7995735607675906,2,Alto,1487.9951999999998,212.95232409381663,359,Sí
7831,410900,0.030010172939979655,7,Bajo,1339.74,-16.95883418107833,5893,No
7832,708980,0.002488654662567706,9,Bajo,1365.2694,-24.320463188405796,7693,No
7833,656170,0.11088295687885011,6,Bajo,2164.74,23.00655441478439,3830,Sí
7834,362010,0.002488654662567706,9,Bajo,1192.2904800000001,-24.406560147562583,8079,No
7835,362690,0.002488654662567706,9,Bajo,1192.2904800000001,-24.406560147562583,8080,No
7836,362740,0.002488654662567706,9,Bajo,1192.2904800000001,-24.406560147562583,8081,No
7837,98340,0.9929873772791024,1,Alto,2042.078571,380.5516488830295,181,Sí
7838,773010,0.0001,10,Bajo,1493.5787999999998,-24.970128424,9784,No
7839,429770,0.002488654662567706,9,Bajo,2171.16882,-23.919342118577074,7224,No
7840,303330,0.9367088607594937,1,Alto,2171.28,381.77144303797473,180,Sí
7841,865470,0.002488654662567706,9,Bajo,1494.0,-24.256389986824768,7601,No
7842,866750,0.0002443195699975568,10,Bajo,2180.670132,-24.89344392220865,9182,No
7843,763780,0.0002443195699975568,10,Bajo,2181.192024,-24.893418420522845,9181,No
7844,571280,0.002098635886673662,9,Bajo,2179.35,-24.08526757607555,7446,No
7845,365980,0.006359300476947535,7,Bajo,2179.35,-22.228171701112878,6595,No
7846,641420,0.08191489361702127,6,Bajo,1503.2178,-0.3728147659574468,4965,No
7847,720630,0.015706806282722516,7,Bajo,2191.8156,-18.114715392670156,6044,No
7848,82680,0.95578231292517,1,Alto,779.9989049999999,124.1018315,757,Sí
7849,869850,0.0038314176245210726,8,Bajo,1234.8,-24.053793103448275,7436,No
7850,798130,0.002488654662567706,9,Bajo,909.9,-24.54711462450593,8271,No
7851,830220,0.015706806282722516,7,Bajo,1521.0,-20.22198952879581,6254,No
7852,616440,0.00395882818685669,8,Bajo,1523.8808999999997,-23.793443467933493,7146,No
7853,662670,0.0002443195699975568,10,Bajo,1524.3318000000002,-24.92551518201808,9345,No
7854,679160,0.01694915254237288,7,Bajo,892.2375,-21.975466101694916,6539,No
7855,211350,0.2795750377350656,5,Medio,0.0,-25.0,9997,No
7856,457230,0.002488654662567706,9,Bajo,1249.5,-24.37808519982433,8061,No
7857,676130,0.05795454545454545,7,Bajo,1530.0,-7.265909090909091,5304,No
7858,221080,0.9748713797272744,1,Alto,1805.9099999999999,327.10599467265644,209,Sí
7859,563660,0.08709016393442623,6,Bajo,2223.6,13.730737704918035,4314,Sí
7860,466940,0.3551617873651772,5,Medio,2218.5,132.5852850539291,615,Sí
7861,199800,0.5841401012556733,3,Alto,1805.9099999999999,185.9808900517266,391,Sí
7862,290290,0.9806451612903225,1,Alto,1504.5,270.07612903225805,279,Sí
7863,252310,0.776685393258427,2,Alto,1224.0,165.13258426966294,405,Sí
7864,300570,0.751269035532995,2,Alto,1224.0,158.91065989847718,413,Sí
7865,251800,0.9367088607594937,1,Alto,1805.9099999999999,313.3223797468354,222,Sí
7866,69440,0.9702233250620348,1,Alto,1504.5,266.9401985111663,283,Sí
7867,156390,0.9063923662873214,1,Alto,2198.1,373.46821206723223,185,Sí
7868,883100,0.7704280155642024,2,Alto,1530.0,210.75097276264592,362,Sí
7869,25080,0.9005328596802842,1,Alto,1224.0,195.45044404973356,383,Sí
7870,397560,0.23846153846153842,6,Medio,1224.0,33.37538461538461,3446,Sí
7871,332100,0.7995735607675906,2,Alto,1530.0,219.66950959488273,349,Sí
7872,524960,0.577212020033389,4,Alto,1530.0,151.62687813021705,425,Sí
7873,554020,0.577212020033389,4,Alto,1530.0,151.62687813021705,426,Sí
7874,296350,0.7103092783505155,3,Alto,1831.4099999999999,235.1735030927835,322,Sí
7875,250810,0.9367088607594937,1,Alto,1224.0,204.30632911392405,370,Sí
7876,608660,0.005385996409335727,8,Bajo,2223.6,-22.604739676840214,6708,No
7877,97490,0.9999,1,Alto,1504.5,275.86991,266,Sí
7878,87110,0.7103092783505155,3,Alto,1249.5,152.50628865979382,421,Sí
7879,757110,0.3551617873651772,5,Medio,1530.0,83.67950693374422,1536,Sí
7880,256930,0.776685393258427,2,Alto,1249.5,169.09367977528092,401,Sí
7881,80210,0.8802395209580839,1,Alto,1530.0,244.35329341317367,308,Sí
7882,17560,0.7792207792207793,2,Alto,1249.5,169.72727272727275,400,Sí
7883,233240,0.9005328596802842,1,Alto,1504.5,245.9703374777975,305,Sí
7884,287530,0.9148387096774193,1,Alto,1249.5,203.6181935483871,373,Sí
7885,6520,0.7387958410713422,2,Alto,2198.1,299.7894276517835,242,Sí
7886,91490,0.8602150537634409,2,Alto,2830.5,461.9677419354839,149,Sí
7887,90660,0.9005328596802842,1,Alto,2830.5,484.7916518650089,141,Sí
7888,21710,0.9702233250620348,1,Alto,1530.0,271.8883374689827,274,Sí
7889,614760,0.2558139534883721,6,Medio,2218.5,88.50465116279071,1395,Sí
7890,529970,0.3372395833333333,5,Medio,2218.5,124.633203125,755,Sí
7891,187220,0.7704280155642024,2,Alto,2223.6,317.6247470817121,220,Sí
7892,165950,0.672451290504297,3,Alto,2223.6,274.052537913071,268,Sí
7893,92060,0.776685393258427,2,Alto,2223.6,320.4075280898877,215,Sí
7894,548190,0.751269035532995,2,Alto,1224.0,158.91065989847718,414,Sí
7895,215950,0.5841401012556733,3,Alto,2223.6,234.77878583042303,324,Sí
7896,340550,0.6700336700336701,3,Alto,2223.6,272.97737373737374,271,Sí
7897,769140,0.577212020033389,4,Alto,2830.5,301.7597245409015,240,Sí
7898,89890,0.8434959349593496,2,Alto,1831.4099999999999,283.95737804878047,256,Sí
7899,382010,0.21256038647342995,6,Medio,2218.5,69.31304347826088,1999,Sí
7900,885920,0.08709016393442623,6,Bajo,2223.6,13.730737704918035,4315,Sí
7901,872550,0.2731707317073171,5,Medio,1530.0,58.59024390243904,2503,Sí
7902,158370,0.6460905349794238,3,Alto,2223.6,262.32938271604934,288,Sí
7903,674740,0.21199143468950749,6,Medio,1530.0,39.86937901498929,3092,Sí
7904,177360,0.4325937092181664,5,Medio,1805.9099999999999,131.24506108283578,621,Sí
7905,674390,0.08709016393442623,6,Bajo,1530.0,1.6495901639344304,4934,Sí
7906,573180,0.751269035532995,2,Alto,2223.6,309.1043654822335,228,Sí
7907,466120,0.8434959349593496,2,Alto,1530.0,233.109756097561,325,Sí
7908,572770,0.015706806282722516,7,Bajo,2830.5,-16.108376963350786,5859,No
7909,772140,0.17019027484143764,6,Bajo,1530.0,27.078224101479925,3712,Sí
7910,774470,0.17019027484143764,6,Bajo,1530.0,27.078224101479925,3713,Sí
7911,847200,0.030010172939979655,7,Bajo,1530.0,-15.816887080366225,5843,No
7912,402300,0.6460905349794238,3,Alto,2223.6,262.32938271604934,289,Sí
7913,321860,0.48966632776888547,4,Medio,2223.6,192.76440928537875,387,Sí
7914,469100,0.751269035532995,2,Alto,2223.6,309.1043654822335,229,Sí
7915,841020,0.577212020033389,4,Alto,2223.6,231.69772954924878,329,Sí
7916,819960,0.08709016393442623,6,Bajo,2218.5,13.641905737704924,4317,Sí
7917,321960,0.11134453781512609,6,Bajo,1530.0,9.071428571428584,4515,Sí
7918,672360,0.05795454545454545,7,Bajo,2218.5,0.7144318181818186,4951,Sí
7919,672370,0.05795454545454545,7,Bajo,2218.5,0.7144318181818186,4952,Sí
7920,239510,0.776685393258427,2,Alto,2223.6,320.4075280898877,216,Sí
7921,336150,0.577212020033389,4,Alto,2223.6,231.69772954924878,330,Sí
7922,550570,0.13846153846153847,6,Bajo,1530.0,17.369230769230775,4106,Sí
7923,810990,0.05795454545454545,7,Bajo,1831.4099999999999,-3.772293181818185,5151,No
7924,839620,0.5417406749555951,4,Alto,1530.0,140.7726465364121,462,Sí
7925,715150,0.3551617873651772,5,Medio,1530.0,83.67950693374422,1537,Sí
7926,142400,0.7103092783505155,3,Alto,1831.4099999999999,235.1735030927835,323,Sí
7927,801540,0.2731707317073171,5,Medio,1530.0,58.59024390243904,2504,Sí
7928,139050,0.9929873772791024,1,Alto,1831.4099999999999,338.71340252454416,200,Sí
7929,453930,0.2857142857142857,5,Medio,1530.0,62.42857142857143,2355,Sí
7930,126300,0.9148387096774193,1,Alto,1224.0,198.95251612903226,375,Sí
7931,205040,0.999476961593071,1,Alto,1224.0,219.67196019798376,348,Sí
7932,340330,0.4490472245236123,4,Medio,1504.5,110.11830985915495,899,Sí
7933,566190,0.11088295687885011,6,Bajo,2218.5,24.19876796714579,3808,Sí
7934,299490,0.7792207792207793,2,Alto,2830.5,416.1168831168832,166,Sí
7935,752070,0.3551617873651772,5,Medio,2218.5,132.5852850539291,616,Sí
7936,256020,0.041237113402061855,7,Bajo,1530.0,-12.381443298969073,5603,No
7937,337070,0.041237113402061855,7,Bajo,1530.0,-12.381443298969073,5604,No
7938,666210,0.17485265225933203,6,Bajo,1530.0,28.5049115913556,3619,Sí
7939,432340,0.17019027484143764,6,Bajo,1530.0,27.078224101479925,3714,Sí
7940,508310,0.49535603715170295,4,Medio,2218.5,194.7894736842106,384,Sí
7941,516140,0.4155701754385965,5,Medio,2218.5,159.3884868421053,409,Sí
7942,779930,0.05795454545454545,7,Bajo,1530.0,-7.265909090909091,5305,No
7943,438240,0.05795454545454545,7,Bajo,1530.0,-7.265909090909091,5306,No
7944,655350,0.041237113402061855,7,Bajo,1530.0,-12.381443298969073,5605,No
7945,374830,0.05795454545454545,7,Bajo,1249.5,-10.517159090909091,5500,No
7946,787690,0.08709016393442623,6,Bajo,1224.0,-3.680327868852455,5150,No
7947,656960,0.041237113402061855,7,Bajo,1504.5,-12.591752577319587,5620,No
7948,396580,0.002488654662567706,9,Bajo,2223.6,-23.89324549846289,7212,No
7949,751720,0.015706806282722516,7,Bajo,1530.0,-20.19371727748691,6247,No
7950,860320,0.17485265225933203,6,Bajo,2223.6,52.76047151277014,2590,Sí
7951,407840,0.3372395833333333,5,Medio,2223.6,124.97718749999999,730,Sí
7952,22570,0.27941176470588236,5,Medio,2218.5,98.97500000000001,1149,Sí
7953,820460,0.0014742014742014742,9,Bajo,1249.5,-24.63159705159705,8566,No
7954,717700,0.01694915254237288,7,Bajo,2218.5,-17.47966101694915,5969,No
7955,355980,0.006359300476947535,7,Bajo,2830.5,-21.4,6465,No
7956,815350,0.11088295687885011,6,Bajo,2223.6,24.311868583162216,3801,Sí
7957,494590,0.035,7,Bajo,1530.0,-14.29,5750,No
7958,46850,0.17485265225933203,6,Bajo,1530.0,28.5049115913556,3620,Sí
7959,586580,0.035,7,Bajo,1530.0,-14.29,5751,No
7960,179200,0.8616298022399826,2,Alto,1224.0,185.92697558834774,392,Sí
7961,852830,0.006920415224913495,7,Bajo,1224.0,-23.305882352941175,6900,No
7962,400520,0.00395882818685669,8,Bajo,1530.0,-23.788598574821854,7139,No
7963,769480,0.009259259259259259,7,Bajo,1530.0,-22.166666666666668,6565,No
7964,786740,0.00395882818685669,8,Bajo,1224.0,-24.03087885985748,7428,No
7965,63950,0.8616298022399826,2,Alto,1224.0,185.92697558834774,393,Sí
7966,628580,0.015706806282722516,7,Bajo,1530.0,-20.19371727748691,6248,No
7967,441210,0.01694915254237288,7,Bajo,1831.4099999999999,-18.791830508474575,6109,No
7968,839550,0.015706806282722516,7,Bajo,1530.0,-20.19371727748691,6249,No
7969,460100,0.030010172939979655,7,Bajo,1530.0,-15.816887080366225,5844,No
7970,385000,0.002098635886673662,9,Bajo,1530.0,-24.35781741867786,8038,No
7971,407190,0.006920415224913495,7,Bajo,1530.0,-22.88235294117647,6770,No
7972,712270,0.006920415224913495,7,Bajo,2223.6,-21.92235294117647,6525,No
7973,69280,0.776685393258427,2,Alto,2223.6,320.4075280898877,217,Sí
7974,580390,0.002488654662567706,9,Bajo,1831.4099999999999,-24.088450592885376,7447,No
7975,625640,0.006359300476947535,7,Bajo,1377.0,-23.248648648648647,6888,No
7976,665580,0.006359300476947535,7,Bajo,1530.0,-23.054054054054053,6818,No
7977,200630,0.9005328596802842,1,Alto,790.5,117.37424511545294,818,Sí
7978,387800,0.041237113402061855,7,Bajo,1530.0,-12.381443298969073,5606,No
7979,725220,0.01694915254237288,7,Bajo,2223.6,-17.462372881355932,5968,No
7980,385760,0.015706806282722516,7,Bajo,2223.6,-18.014869109947643,6019,No
7981,518760,0.006920415224913495,7,Bajo,1831.4099999999999,-22.465176470588236,6668,No
7982,653660,0.006920415224913495,7,Bajo,1530.0,-22.88235294117647,6771,No
7983,885990,0.041237113402061855,7,Bajo,1805.9099999999999,-10.105896907216495,5464,No
7984,669340,0.005385996409335727,8,Bajo,1530.0,-23.351885098743267,6951,No
7985,401340,0.006920415224913495,7,Bajo,1530.0,-22.88235294117647,6772,No
7986,402060,0.006920415224913495,7,Bajo,1530.0,-22.88235294117647,6773,No
7987,759260,0.005385996409335727,8,Bajo,1224.0,-23.681508078994614,7078,No
7988,347100,0.009259259259259259,7,Bajo,1530.0,-22.166666666666668,6566,No
7989,640200,0.002098635886673662,9,Bajo,1530.0,-24.35781741867786,8039,No
7990,669850,0.002488654662567706,9,Bajo,1530.0,-24.23847167325428,7585,No
7991,663200,0.0038314176245210726,8,Bajo,1530.0,-23.82758620689655,7158,No
7992,806920,0.0038314176245210726,8,Bajo,1530.0,-23.82758620689655,7159,No
7993,816300,0.002488654662567706,9,Bajo,2218.5,-23.89578392621871,7218,No
7994,741060,0.00395882818685669,8,Bajo,1831.4099999999999,-23.549952494061756,7023,No
7995,502880,0.002488654662567706,9,Bajo,2223.6,-23.89324549846289,7213,No
7996,513030,0.015706806282722516,7,Bajo,1530.0,-20.19371727748691,6250,No
7997,854360,0.002488654662567706,9,Bajo,2218.5,-23.89578392621871,7219,No
7998,804130,0.002488654662567706,9,Bajo,2223.6,-23.89324549846289,7214,No
7999,614570,0.0014742014742014742,9,Bajo,1249.5,-24.63159705159705,8567,No
8000,848270,0.0002443195699975568,10,Bajo,1224.0,-24.940190569264598,9549,No
8001,676180,0.015706806282722516,7,Bajo,1530.0,-20.19371727748691,6251,No
8002,351470,0.0002443195699975568,10,Bajo,2223.6,-24.891346200830686,9168,No
8003,761290,0.21199143468950749,6,Medio,1530.0,39.86937901498929,3093,Sí
8004,655370,0.002098635886673662,9,Bajo,2223.6,-24.06669464847849,7440,No
8005,401820,0.002488654662567706,9,Bajo,2223.6,-23.89324549846289,7215,No
8006,787940,0.002488654662567706,9,Bajo,1530.0,-24.23847167325428,7586,No
8007,606970,0.015706806282722516,7,Bajo,1530.0,-20.19371727748691,6252,No
8008,647530,0.05795454545454545,7,Bajo,1530.0,-7.265909090909091,5307,No
8009,577750,0.030010172939979655,7,Bajo,2223.6,-11.653875890132248,5581,No
8010,647640,0.030010172939979655,7,Bajo,1530.0,-15.816887080366225,5845,No
8011,794190,0.006359300476947535,7,Bajo,1530.0,-23.054054054054053,6819,No
8012,793370,0.002488654662567706,9,Bajo,1530.0,-24.23847167325428,7587,No
8013,758390,0.002488654662567706,9,Bajo,1530.0,-24.23847167325428,7588,No
8014,383000,0.002488654662567706,9,Bajo,1805.9099999999999,-24.10114273166447,7468,No
8015,872340,0.002488654662567706,9,Bajo,1530.0,-24.23847167325428,7589,No
8016,483040,0.0001,10,Bajo,1831.4099999999999,-24.9633718,9732,No
8017,654410,0.0014742014742014742,9,Bajo,1224.0,-24.63911547911548,8600,No
8018,413090,0.002488654662567706,9,Bajo,2830.5,-23.591172595520423,7052,No
8019,531810,0.0001,10,Bajo,2223.6,-24.955528,9651,No
8020,712620,0.00395882818685669,8,Bajo,1530.0,-23.788598574821854,7140,No
8021,390680,0.0014742014742014742,9,Bajo,1249.5,-24.63159705159705,8568,No
8022,772210,0.0002443195699975568,10,Bajo,1249.5,-24.938944539457612,9537,No
8023,759790,0.015706806282722516,7,Bajo,918.0,-22.116230366492147,6561,No
8024,442050,0.0001,10,Bajo,1831.4099999999999,-24.9633718,9733,No
8025,795030,0.002098635886673662,9,Bajo,1530.0,-24.35781741867786,8040,No
8026,770190,0.00395882818685669,8,Bajo,1530.0,-23.788598574821854,7141,No
8027,755170,0.00395882818685669,8,Bajo,1530.0,-23.788598574821854,7142,No
8028,735120,0.015706806282722516,7,Bajo,2223.6,-18.014869109947643,6020,No
8029,857190,0.029005524861878452,7,Bajo,1530.0,-16.124309392265193,5863,No
8030,542700,0.0002443195699975568,10,Bajo,1249.5,-24.938944539457612,9538,No
8031,814920,0.0002443195699975568,10,Bajo,1831.4099999999999,-24.910510139262154,9253,No
8032,753980,0.002488654662567706,9,Bajo,1530.0,-24.23847167325428,7590,No
8033,358970,0.0007462686567164179,9,Bajo,2223.6,-24.668119402985074,8623,No
8034,646700,0.0014742014742014742,9,Bajo,1504.5,-24.556412776412778,8411,No
8035,395570,0.029005524861878452,7,Bajo,1530.0,-16.124309392265193,5864,No
8036,847280,0.002098635886673662,9,Bajo,1249.5,-24.475550891920253,8234,No
8037,586540,0.006359300476947535,7,Bajo,1530.0,-23.054054054054053,6820,No
8038,618620,0.002488654662567706,9,Bajo,2218.5,-23.89578392621871,7220,No
8039,540870,0.0002443195699975568,10,Bajo,1831.4099999999999,-24.910510139262154,9254,No
8040,817360,0.0001,10,Bajo,2223.6,-24.955528,9652,No
8041,877630,0.0002443195699975568,10,Bajo,1249.5,-24.938944539457612,9539,No
8042,700650,0.0002443195699975568,10,Bajo,1249.5,-24.938944539457612,9540,No
8043,389350,0.0014742014742014742,9,Bajo,1530.0,-24.54889434889435,8295,No
8044,748660,0.0001,10,Bajo,1224.0,-24.97552,9906,No
8045,580320,0.0014742014742014742,9,Bajo,1530.0,-24.54889434889435,8296,No
8046,494550,0.0014742014742014742,9,Bajo,1831.4099999999999,-24.460026535626536,8171,No
8047,729580,0.002488654662567706,9,Bajo,2223.6,-23.89324549846289,7216,No
8048,833800,0.0002443195699975568,10,Bajo,1530.0,-24.925238211580748,9338,No
8049,616650,0.002098635886673662,9,Bajo,2218.5,-24.068835257082895,7441,No
8050,359960,0.0002443195699975568,10,Bajo,1249.5,-24.938944539457612,9541,No
8051,726380,0.002098635886673662,9,Bajo,1831.4099999999999,-24.2313074501574,7577,No
8052,867860,0.0002443195699975568,10,Bajo,1249.5,-24.938944539457612,9542,No
8053,663490,0.002098635886673662,9,Bajo,1530.0,-24.35781741867786,8041,No
8054,803430,0.0002443195699975568,10,Bajo,1249.5,-24.938944539457612,9543,No
8055,500220,0.002488654662567706,9,Bajo,1831.4099999999999,-24.088450592885376,7448,No
8056,399400,0.002488654662567706,9,Bajo,1530.0,-24.23847167325428,7591,No
8057,531560,0.0001,10,Bajo,1530.0,-24.9694,9782,No
8058,799140,0.0014742014742014742,9,Bajo,1530.0,-24.54889434889435,8297,No
8059,596750,0.0001,10,Bajo,2223.6,-24.955528,9653,No
8060,722990,0.002098635886673662,9,Bajo,1530.0,-24.35781741867786,8042,No
8061,759020,0.0001,10,Bajo,1831.4099999999999,-24.9633718,9734,No
8062,702330,0.0001,10,Bajo,1831.4099999999999,-24.9633718,9735,No
8063,448900,0.002488654662567706,9,Bajo,1530.0,-24.23847167325428,7592,No
8064,713760,0.0002443195699975568,10,Bajo,1530.0,-24.925238211580748,9339,No
8065,495700,0.0001,10,Bajo,2223.6,-24.955528,9654,No
8066,721980,0.002098635886673662,9,Bajo,1377.0,-24.422035676810072,8095,No
8067,599030,0.002488654662567706,9,Bajo,1530.0,-24.23847167325428,7593,No
8068,599040,0.002488654662567706,9,Bajo,1530.0,-24.23847167325428,7594,No
8069,646930,0.0002443195699975568,10,Bajo,1530.0,-24.925238211580748,9340,No
8070,540110,0.0002443195699975568,10,Bajo,1249.5,-24.938944539457612,9544,No
8071,878290,0.0002443195699975568,10,Bajo,1530.0,-24.925238211580748,9341,No
8072,757490,0.0002443195699975568,10,Bajo,918.0,-24.955142926948447,9650,No
8073,611590,0.002488654662567706,9,Bajo,1530.0,-24.23847167325428,7595,No
8074,748400,0.002488654662567706,9,Bajo,1530.0,-24.23847167325428,7596,No
8075,642890,0.0014742014742014742,9,Bajo,1530.0,-24.54889434889435,8298,No
8076,640210,0.0007462686567164179,9,Bajo,1249.5,-24.813507462686566,8945,No
8077,403460,0.0001,10,Bajo,1249.5,-24.97501,9902,No
8078,345660,0.0001,10,Bajo,2223.6,-24.955528,9655,No
8079,732260,0.0001,10,Bajo,2223.6,-24.955528,9656,No
8080,797950,0.0007462686567164179,9,Bajo,1530.0,-24.771641791044775,8804,No
8081,786570,0.0014742014742014742,9,Bajo,1249.5,-24.63159705159705,8569,No
8082,458820,0.0002443195699975568,10,Bajo,1530.0,-24.925238211580748,9342,No
8083,773140,0.0001,10,Bajo,2223.6,-24.955528,9657,No
8084,815150,0.0001,10,Bajo,2223.6,-24.955528,9658,No
8085,746360,0.0002443195699975568,10,Bajo,1530.0,-24.925238211580748,9343,No
8086,465100,0.0002443195699975568,10,Bajo,1831.4099999999999,-24.910510139262154,9255,No
8087,835860,0.0002443195699975568,10,Bajo,1831.4099999999999,-24.910510139262154,9256,No
8088,879480,0.0001,10,Bajo,2218.5,-24.95563,9661,No
8089,479080,0.002488654662567706,9,Bajo,2223.6,-23.89324549846289,7217,No
8090,768210,0.0002443195699975568,10,Bajo,1831.4099999999999,-24.910510139262154,9257,No
8091,768270,0.0001,10,Bajo,2223.6,-24.955528,9659,No
8092,560280,0.002098635886673662,9,Bajo,1530.0,-24.35781741867786,8043,No
8093,466160,0.002488654662567706,9,Bajo,1530.0,-24.23847167325428,7597,No
8094,801650,0.029005524861878452,7,Bajo,918.0,-19.674585635359115,6172,No
8095,801400,0.0001,10,Bajo,1530.0,-24.9694,9783,No
8096,665300,0.002098635886673662,9,Bajo,918.0,-24.614690451206716,8529,No
8097,713320,0.0014742014742014742,9,Bajo,1530.0,-24.54889434889435,8299,No
8098,814420,0.0002443195699975568,10,Bajo,1831.4099999999999,-24.910510139262154,9258,No
8099,608510,0.00395882818685669,8,Bajo,1831.4099999999999,-23.549952494061756,7024,No
8100,627700,0.0001,10,Bajo,1249.5,-24.97501,9903,No
8101,862080,0.0002443195699975568,10,Bajo,2223.6,-24.891346200830686,9169,No
8102,484470,0.0002443195699975568,10,Bajo,1530.0,-24.925238211580748,9344,No
8103,497950,0.0014742014742014742,9,Bajo,1530.0,-24.54889434889435,8300,No
8104,809990,0.0001,10,Bajo,1249.5,-24.97501,9904,No
8105,454310,0.00395882818685669,8,Bajo,2218.5,-23.243467933491686,6885,No
8106,464310,0.00395882818685669,8,Bajo,2218.5,-23.243467933491686,6886,No
8107,755420,0.0007462686567164179,9,Bajo,1530.0,-24.771641791044775,8805,No
8108,822530,0.0001,10,Bajo,2223.6,-24.955528,9660,No
8109,527720,0.0007462686567164179,9,Bajo,1530.0,-24.771641791044775,8806,No
8110,761660,0.0002443195699975568,10,Bajo,2223.6,-24.891346200830686,9170,No
8111,158540,0.9643635135789099,1,Alto,918.0,152.05714109308786,422,Sí
8112,267290,0.6980392156862745,3,Alto,2223.6,285.432,254,Sí
8113,438370,0.002488654662567706,9,Bajo,1249.5,-24.37808519982433,8062,No
8114,710100,0.11088295687885011,6,Bajo,1530.0,8.930184804928132,4522,Sí
8115,880610,0.015706806282722516,7,Bajo,2218.5,-18.03089005235602,6021,No
8116,706880,0.002098635886673662,9,Bajo,1406.028525,-24.409851615949634,8082,No
8117,267620,0.7283950617283951,3,Alto,2230.498392,299.9368027851852,241,Sí
8118,557950,0.0038314176245210726,8,Bajo,1535.6033999999997,-23.823292413793105,7157,No
8119,789910,0.002488654662567706,9,Bajo,1254.70086,-24.375496570926657,8059,No
8120,441090,0.0007462686567164179,9,Bajo,1230.048,-24.816410746268655,8949,No
8121,616220,0.0002443195699975568,10,Bajo,1537.9055999999998,-24.924851913022234,9337,No
8122,611680,0.3372395833333333,5,Medio,1539.0,78.80234374999999,1703,Sí
8123,550230,0.0001,10,Bajo,1842.1829999999995,-24.96315634,9731,No
8124,866050,0.0002443195699975568,10,Bajo,1258.4677349999997,-24.9385063408258,9536,No
8125,74900,0.95578231292517,1,Alto,1541.5766999999998,269.6823487755102,280,Sí
8126,505630,0.0001,10,Bajo,2244.96618,-24.9551006764,9649,No
8127,798280,0.817966903073286,2,Alto,1263.004155,181.61911944680855,394,Sí
8128,496950,0.0001,10,Bajo,2247.7247519999996,-24.95504550496,9647,No
8129,497310,0.0001,10,Bajo,2247.7247519999996,-24.95504550496,9648,No
8130,497300,0.0001,10,Bajo,2248.0609079999995,-24.95503878184,9646,No
8131,319160,0.817966903073286,2,Alto,2249.7599999999998,343.0458439716312,196,Sí
8132,534240,0.0014742014742014742,9,Bajo,1852.9559999999994,-24.453673906633906,8170,No
8133,382200,0.0007462686567164179,9,Bajo,1548.0,-24.768955223880596,8799,No
8134,690300,0.00395882818685669,8,Bajo,2249.7599999999998,-23.21871733966746,6883,No
8135,869500,0.0007462686567164179,9,Bajo,1548.0,-24.768955223880596,8800,No
8136,885010,0.002488654662567706,9,Bajo,1853.1714599999998,-24.07761924110672,7444,No
8137,417340,0.002488654662567706,9,Bajo,2252.512032,-23.878855085814667,7209,No
8138,608180,0.0014742014742014742,9,Bajo,1552.5,-24.542260442260442,8268,No
8139,628060,0.00395882818685669,8,Bajo,1557.63,-23.766722090261283,7130,No
8140,765860,0.0038314176245210726,8,Bajo,2271.993384,-23.259008901149425,6889,No
8141,569600,0.006920415224913495,7,Bajo,2277.1364399999998,-21.848254062283736,6519,No
8142,440800,0.002098635886673662,9,Bajo,1280.6118150000002,-24.462492417628543,8172,No
8143,874520,0.21199143468950749,6,Medio,2148.78609,66.10484921199144,2152,Sí
8144,662320,0.0002443195699975568,10,Bajo,1281.626115,-24.937374731737112,9534,No
8145,39200,0.8802395209580839,1,Alto,1548.75,247.65419161676647,299,Sí
8146,257510,0.98046875,1,Alto,1286.25,227.22558593750003,339,Sí
8147,18390,0.9929873772791024,1,Alto,1548.75,282.57784011220195,257,Sí
8148,296720,0.9005328596802842,1,Alto,2289.0,387.2639431616341,179,Sí
8149,383140,0.13846153846153847,6,Bajo,2283.75,38.242307692307705,3189,Sí
8150,401400,0.029005524861878452,7,Bajo,2289.0,-11.721270718232043,5586,No
8151,565090,0.015706806282722516,7,Bajo,1338.75,-20.794502617801047,6332,No
8152,482250,0.00395882818685669,8,Bajo,1575.0,-23.752969121140143,7110,No
8153,888290,0.006920415224913495,7,Bajo,1575.0,-22.820069204152247,6753,No
8154,752730,0.002488654662567706,9,Bajo,1575.0,-24.216073781291172,7571,No
8155,383750,0.002488654662567706,9,Bajo,1863.75,-24.07235397452789,7442,No
8156,595610,0.006359300476947535,7,Bajo,1575.0,-22.996820349761528,6811,No
8157,748940,0.0007462686567164179,9,Bajo,2289.0,-24.658358208955224,8619,No
8158,726680,0.0001,10,Bajo,2289.0,-24.95422,9645,No
8159,764900,0.0001,10,Bajo,1885.2749999999996,-24.9622945,9729,No
8160,708050,0.0001,10,Bajo,1885.2749999999996,-24.9622945,9730,No
8161,712070,0.0002443195699975568,10,Bajo,1575.0,-24.92303933545077,9335,No
8162,520680,0.0007462686567164179,9,Bajo,1885.2749999999996,-24.718615671641793,8694,No
8163,543750,0.030010172939979655,7,Bajo,2289.0,-11.261342828077312,5543,No
8164,431860,0.002488654662567706,9,Bajo,2289.0,-23.860693895476505,7205,No
8165,521170,0.0002443195699975568,10,Bajo,1575.0,-24.92303933545077,9336,No
8166,527990,0.0014742014742014742,9,Bajo,1885.2749999999996,-24.444144963144964,8102,No
8167,528010,0.0014742014742014742,9,Bajo,1885.2749999999996,-24.444144963144964,8103,No
8168,783170,0.002098635886673662,9,Bajo,1885.2749999999996,-24.208698845750263,7562,No
8169,732510,0.002488654662567706,9,Bajo,1885.2749999999996,-24.061640316205533,7437,No
8170,362660,0.005385996409335727,8,Bajo,1338.75,-23.55789946140036,7026,No
8171,362710,0.005385996409335727,8,Bajo,1338.75,-23.55789946140036,7027,No
8172,362760,0.005385996409335727,8,Bajo,1338.75,-23.55789946140036,7028,No
8173,657470,0.005385996409335727,8,Bajo,1338.75,-23.55789946140036,7029,No
8174,657940,0.005385996409335727,8,Bajo,1338.75,-23.55789946140036,7030,No
8175,657990,0.005385996409335727,8,Bajo,1338.75,-23.55789946140036,7031,No
8176,738400,0.00395882818685669,8,Bajo,1863.75,-23.524346793349167,7015,No
8177,430710,0.0007462686567164179,9,Bajo,1287.6575250000003,-24.807812309701493,8937,No
8178,613040,0.00395882818685669,8,Bajo,1446.4601249999998,-23.85474257719715,7176,No
8179,653170,0.0001,10,Bajo,2293.40796,-24.9541318408,9644,No
8180,218170,0.2821741113702567,5,Medio,1421.3069999999998,55.211207941865084,2562,Sí
8181,149870,0.46200475757751447,4,Medio,924.0,60.378479200324676,2370,Sí
8182,884630,0.029005524861878452,7,Bajo,2296.7999999999997,-11.676022099447515,5582,No
8183,502820,0.002488654662567706,9,Bajo,2304.696,-23.852881510759772,7175,No
8184,722130,0.17485265225933203,6,Bajo,1901.3720165999996,41.49198800683692,3036,Sí
8185,574710,0.0002443195699975568,10,Bajo,1901.3720165999996,-24.90709152129978,9250,No
8186,336020,0.8802395209580839,1,Alto,936.8184,139.92491592814372,500,Sí
8187,272220,0.95578231292517,1,Alto,1506.8776799999998,263.04940685714286,286,Sí
8188,844310,0.0001,10,Bajo,2349.0,-24.95302,9641,No
8189,395510,0.8339060710194731,2,Alto,1593.0,240.68247422680417,313,Sí
8190,480,0.9056043180256583,1,Alto,945.0,146.15921610684944,433,Sí
8191,222670,0.8339060710194731,2,Alto,1296.0,191.14845360824745,389,Sí
8192,87270,0.776685393258427,2,Alto,1296.0,176.3168539325843,397,Sí
8193,624120,0.9367088607594937,1,Alto,1620.0,278.49367088607596,261,Sí
8194,313620,0.7792207792207793,2,Alto,1620.0,227.4675324675325,334,Sí
8195,177520,0.98046875,1,Alto,2349.0,435.62421875,160,Sí
8196,142430,0.577212020033389,4,Alto,2354.4,246.79759599332226,300,Sí
8197,724820,0.6728723404255319,3,Alto,1939.1399999999996,235.95873404255315,318,Sí
8198,245820,0.7103092783505155,3,Alto,2354.4,309.4704329896907,225,Sí
8199,10120,0.9148387096774193,1,Alto,1912.1399999999996,324.8599380645161,210,Sí
8200,213690,0.9748713797272744,1,Alto,1912.1399999999996,347.81811200634206,192,Sí
8201,240360,0.9367088607594937,1,Alto,1912.1399999999996,333.2236962025316,201,Sí
8202,16410,0.9056043180256583,1,Alto,1458.0,239.074219136282,315,Sí
8203,12990,0.672451290504297,3,Alto,1912.1399999999996,232.16420212497724,328,Sí
8204,218780,0.98046875,1,Alto,1296.0,229.13750000000002,333,Sí
8205,245320,0.95578231292517,1,Alto,1296.0,222.73877551020408,347,Sí
8206,100680,0.9702233250620348,1,Alto,1296.0,226.48188585607943,340,Sí
8207,222140,0.9929873772791024,1,Alto,2354.4,442.57789621318375,155,Sí
8208,149580,0.2731707317073171,5,Medio,1593.0,62.03219512195123,2358,Sí
8209,119830,0.7387958410713422,3,Alto,2354.4,322.8841856436737,212,Sí
8210,8420,0.9367088607594937,1,Alto,945.0,152.0379746835443,423,Sí
8211,119070,0.6337298146673324,3,Alto,1912.1399999999996,217.35602556359856,352,Sí
8212,36960,0.5841401012556733,3,Alto,972.0,88.5568356841029,1394,Sí
8213,306630,0.805102752829306,2,Alto,1620.0,235.85329191669513,319,Sí
8214,13300,0.9929873772791024,1,Alto,1296.0,232.38232819074335,326,Sí
8215,163930,0.6728723404255319,3,Alto,1296.0,149.40851063829788,430,Sí
8216,161330,0.7103092783505155,3,Alto,1296.0,159.11216494845362,410,Sí
8217,2280,0.8802395209580839,1,Alto,1912.1399999999996,311.62823952095806,223,Sí
8218,368500,0.9367088607594937,1,Alto,1912.1399999999996,333.2236962025316,202,Sí
8219,316460,0.7283950617283951,3,Alto,1939.1399999999996,257.49199999999996,293,Sí
8220,616750,0.8802395209580839,1,Alto,2349.0,388.5365269461078,178,Sí
8221,328150,0.6980392156862745,3,Alto,1912.1399999999996,241.94974117647058,312,Sí
8222,87640,0.5841401012556733,3,Alto,1912.1399999999996,198.3915306430046,378,Sí
8223,264320,0.8339060710194731,2,Alto,1620.0,245.18556701030928,307,Sí
8224,38920,0.95578231292517,1,Alto,1593.0,279.5122448979592,259,Sí
8225,297960,0.6337298146673324,3,Alto,1620.0,180.32845995221572,395,Sí
8226,157390,0.9999,1,Alto,2327.4,440.43345200000005,157,Sí
8227,7870,0.9643635135789099,1,Alto,1912.1399999999996,343.7996097709553,194,Sí
8228,109120,0.6728723404255319,3,Alto,1620.0,193.01063829787236,385,Sí
8229,248570,0.9367088607594937,1,Alto,1620.0,278.49367088607596,262,Sí
8230,266050,0.95578231292517,1,Alto,1620.0,284.6734693877551,255,Sí
8231,172320,0.672451290504297,3,Alto,2354.4,291.6438636726634,251,Sí
8232,82060,0.9005328596802842,1,Alto,1939.1399999999996,324.25185790408517,211,Sí
8233,526810,0.13846153846153847,6,Bajo,2997.0,57.993846153846164,2511,Sí
8234,265830,0.8602150537634409,2,Alto,1939.1399999999996,308.6154838709677,232,Sí
8235,155640,0.9643635135789099,1,Alto,1912.1399999999996,343.7996097709553,195,Sí
8236,500330,0.01694915254237288,7,Bajo,1323.0,-20.515254237288136,6291,No
8237,65450,0.9056043180256583,1,Alto,2327.4,396.5406979545835,172,Sí
8238,57610,0.6337298146673324,3,Alto,2354.4,273.4106951305535,270,Sí
8239,89070,0.8602150537634409,2,Alto,1620.0,253.70967741935488,295,Sí
8240,152850,0.6980392156862745,3,Alto,2354.4,303.692705882353,236,Sí
8241,24880,0.9148387096774193,1,Alto,1593.0,266.4676129032258,284,Sí
8242,316130,0.9367088607594937,1,Alto,2349.0,415.0658227848101,167,Sí
8243,807090,0.751269035532995,2,Alto,1620.0,218.41116751269038,350,Sí
8244,158520,0.9950980392156863,1,Alto,2354.4,443.5717647058824,154,Sí
8245,309420,0.9929873772791024,1,Alto,1323.0,237.74446002805053,316,Sí
8246,202310,0.48966632776888547,4,Medio,2354.4,205.57408041981282,366,Sí
8247,97270,0.9148387096774193,1,Alto,1620.0,271.4077419354839,275,Sí
8248,138540,0.49535603715170295,4,Medio,1620.0,135.49535603715177,591,Sí
8249,90010,0.9999,1,Alto,1593.0,293.56814,248,Sí
8250,97750,0.9148387096774193,1,Alto,1620.0,271.4077419354839,276,Sí
8251,177880,0.9090909090909091,1,Alto,1620.0,269.54545454545456,281,Sí
8252,103320,0.805102752829306,2,Alto,1620.0,235.85329191669513,320,Sí
8253,250340,0.9148387096774193,1,Alto,1620.0,271.4077419354839,277,Sí
8254,37720,0.8802395209580839,1,Alto,1296.0,203.15808383233536,374,Sí
8255,88520,0.817966903073286,2,Alto,1939.1399999999996,292.23046808510634,250,Sí
8256,151230,0.8802395209580839,1,Alto,2354.4,389.48718562874257,176,Sí
8257,237980,0.577212020033389,4,Alto,1620.0,162.01669449081805,406,Sí
8258,339520,0.999476961593071,1,Alto,2327.4,440.2365360823427,158,Sí
8259,530200,0.9367088607594937,1,Alto,1620.0,278.49367088607596,263,Sí
8260,264820,0.25,6,Medio,2997.0,124.85,754,Sí
8261,178190,0.9367088607594937,1,Alto,1593.0,273.43544303797466,269,Sí
8262,563370,0.08191489361702127,6,Bajo,2354.4,13.572085106382985,4318,Sí
8263,136130,0.9367088607594937,1,Alto,1620.0,278.49367088607596,264,Sí
8264,50780,0.8339060710194731,2,Alto,2997.0,474.84329896907224,144,Sí
8265,102400,0.751269035532995,2,Alto,2997.0,425.3106598984772,162,Sí
8266,343520,0.817966903073286,2,Alto,2997.0,465.2893617021277,148,Sí
8267,310690,0.39074581687358584,5,Medio,2354.4,158.9943902494341,412,Sí
8268,203990,0.672451290504297,3,Alto,2354.4,291.6438636726634,252,Sí
8269,36560,0.9929873772791024,1,Alto,1620.0,296.7279102384292,245,Sí
8270,26870,0.9643635135789099,1,Alto,2997.0,553.0394900391987,123,Sí
8271,103010,0.8434959349593496,2,Alto,2354.4,372.18536585365854,186,Sí
8272,337390,0.999476961593071,1,Alto,1620.0,298.830535556155,243,Sí
8273,266690,0.8802395209580839,1,Alto,2354.4,389.48718562874257,177,Sí
8274,502140,0.7103092783505155,3,Alto,2354.4,309.4704329896907,226,Sí
8275,56590,0.7387958410713422,3,Alto,1912.1399999999996,257.53621590923126,292,Sí
8276,249220,0.7103092783505155,3,Alto,1296.0,159.11216494845362,411,Sí
8277,761150,0.2558139534883721,6,Medio,1458.0,49.595348837209315,2851,Sí
8278,143380,0.9999,1,Alto,1593.0,293.56814,249,Sí
8279,328710,0.6728723404255319,3,Alto,1620.0,193.01063829787236,386,Sí
8280,165550,0.6460905349794238,3,Alto,1323.0,145.95555555555555,434,Sí
8281,493840,0.13483146067415727,6,Bajo,1620.0,18.685393258426956,4073,Sí
8282,331930,0.5417406749555951,4,Alto,1377.0,124.1953818827709,756,Sí
8283,28020,0.672451290504297,3,Alto,1939.1399999999996,235.79543909370045,321,Sí
8284,203390,0.2795750377350656,5,Medio,2354.4,106.64629376868768,948,Sí
8285,787590,0.21199143468950749,6,Medio,1620.0,43.68522483940043,3011,Sí
8286,284920,0.8339060710194731,2,Alto,1593.0,240.68247422680417,314,Sí
8287,786100,0.7995735607675906,2,Alto,2354.4,351.5031982942431,191,Sí
8288,154350,0.776685393258427,2,Alto,1912.1399999999996,272.0262415730337,272,Sí
8289,127470,0.7792207792207793,2,Alto,1620.0,227.4675324675325,335,Sí
8290,171660,0.9148387096774193,1,Alto,1620.0,271.4077419354839,278,Sí
8291,817370,0.2731707317073171,5,Medio,1620.0,63.50731707317074,2214,Sí
8292,572320,0.4155701754385965,5,Medio,2354.4,170.68368421052634,399,Sí
8293,452630,0.17019027484143764,6,Bajo,1620.0,30.1416490486258,3544,Sí
8294,391640,0.577212020033389,4,Alto,2354.4,246.79759599332226,301,Sí
8295,471720,0.11134453781512609,6,Bajo,1620.0,11.07563025210085,4443,Sí
8296,387140,0.7103092783505155,3,Alto,2354.4,309.4704329896907,227,Sí
8297,819770,0.08709016393442623,6,Bajo,2349.0,15.914959016393446,4214,Sí
8298,779830,0.21199143468950749,6,Medio,2349.0,74.59357601713063,1825,Sí
8299,35410,0.8339060710194731,2,Alto,2349.0,366.7690721649485,189,Sí
8300,44990,0.6460905349794238,3,Alto,2349.0,278.5333333333333,260,Sí
8301,270770,0.3551617873651772,5,Medio,2349.0,141.85500770416024,441,Sí
8302,588410,0.751269035532995,2,Alto,2349.0,327.946192893401,206,Sí
8303,672740,0.05795454545454545,7,Bajo,2349.0,2.227045454545454,4870,Sí
8304,200360,0.6980392156862745,3,Alto,2354.4,303.692705882353,237,Sí
8305,214520,0.751269035532995,2,Alto,2354.4,328.7575634517767,204,Sí
8306,68320,0.4672268907563025,4,Medio,1620.0,126.38151260504202,705,Sí
8307,206070,0.9005328596802842,1,Alto,1323.0,213.2809946714032,358,Sí
8308,411970,0.002488654662567706,9,Bajo,1296.0,-24.35494071146245,8031,No
8309,411990,0.11134453781512609,6,Bajo,1296.0,3.8605042016806834,4806,Sí
8310,121830,0.9929873772791024,1,Alto,1296.0,232.38232819074335,327,Sí
8311,784540,0.8339060710194731,2,Alto,1939.1399999999996,298.4121237113402,244,Sí
8312,776470,0.11088295687885011,6,Bajo,1620.0,10.926078028747433,4447,Sí
8313,243330,0.3064157764943565,5,Medio,2354.4,119.28506083566259,781,Sí
8314,205750,0.577212020033389,4,Alto,2354.4,246.79759599332226,302,Sí
8315,874790,0.006359300476947535,7,Bajo,2354.4,-22.005532591414944,6544,No
8316,111650,0.3992828611200487,5,Medio,1912.1399999999996,127.69694601241795,672,Sí
8317,647350,0.060294117647058824,6,Bajo,1620.0,-5.464705882352938,5186,No
8318,67230,0.3551617873651772,5,Medio,1620.0,90.0724191063174,1391,Sí
8319,116920,0.08709016393442623,6,Bajo,1620.0,3.2172131147541023,4829,Sí
8320,187060,0.577212020033389,4,Alto,1620.0,162.01669449081805,407,Sí
8321,268850,0.14354065541897237,6,Bajo,2354.4,42.59042382368571,3027,Sí
8322,297490,0.577212020033389,4,Alto,1939.1399999999996,198.85898330550916,376,Sí
8323,539400,0.3372395833333333,5,Medio,1620.0,84.265625,1485,Sí
8324,104660,0.8802395209580839,1,Alto,1620.0,260.1976047904192,291,Sí
8325,2520,0.7103092783505155,3,Alto,2349.0,308.7032989690722,231,Sí
8326,826510,0.49535603715170295,4,Medio,1620.0,135.49535603715177,592,Sí
8327,841750,0.10424710424710425,6,Bajo,1620.0,8.77606177606178,4569,Sí
8328,302200,0.6700336700336701,3,Alto,972.0,105.25454545454548,968,Sí
8329,284880,0.9643635135789099,1,Alto,1296.0,224.96302271965348,341,Sí
8330,634450,0.577212020033389,4,Alto,2354.4,246.79759599332226,303,Sí
8331,185330,0.4490472245236123,4,Medio,1620.0,120.49130074565039,780,Sí
8332,720520,0.13483146067415727,6,Bajo,1620.0,18.685393258426956,4074,Sí
8333,782880,0.2558139534883721,6,Medio,1620.0,57.88372093023257,2529,Sí
8334,231650,0.577212020033389,4,Alto,1939.1399999999996,198.85898330550916,377,Sí
8335,849100,0.3551617873651772,5,Medio,2354.4,142.23858243451463,439,Sí
8336,86150,0.9005328596802842,1,Alto,2354.4,399.04291296625223,171,Sí
8337,810840,0.00395882818685669,8,Bajo,2354.4,-23.13586698337292,6835,No
8338,755410,0.3551617873651772,5,Medio,2349.0,141.85500770416024,442,Sí
8339,253340,0.18428888849113062,6,Bajo,2354.4,61.77795181270359,2363,Sí
8340,392570,0.17019027484143764,6,Bajo,2349.0,54.955391120507414,2563,Sí
8341,26130,0.9367088607594937,1,Alto,1296.0,217.79493670886075,351,Sí
8342,449220,0.041237113402061855,7,Bajo,1296.0,-14.311340206185566,5756,No
8343,831650,0.577212020033389,4,Alto,2997.0,320.9808848080134,214,Sí
8344,460010,0.13483146067415727,6,Bajo,2349.0,38.34382022471909,3188,Sí
8345,70310,0.9929873772791024,1,Alto,2997.0,570.196633941094,115,Sí
8346,363890,0.4490472245236123,4,Medio,2997.0,244.15890637945324,309,Sí
8347,750980,0.3551617873651772,5,Medio,2349.0,141.85500770416024,443,Sí
8348,591780,0.11134453781512609,6,Bajo,1323.0,4.461764705882363,4773,Sí
8349,566450,0.11088295687885011,6,Bajo,2349.0,27.092813141683784,3711,Sí
8350,472070,0.27941176470588236,5,Medio,2354.4,106.5694117647059,949,Sí
8351,867260,0.21199143468950749,6,Medio,1620.0,43.68522483940043,3012,Sí
8352,815020,0.577212020033389,4,Alto,2354.4,246.79759599332226,304,Sí
8353,553590,0.20909090909090908,6,Medio,1620.0,42.74545454545455,3017,Sí
8354,642220,0.10424710424710425,6,Bajo,1620.0,8.77606177606178,4570,Sí
8355,855280,0.08191489361702127,6,Bajo,1620.0,1.5404255319148952,4935,Sí
8356,816040,0.11088295687885011,6,Bajo,1620.0,10.926078028747433,4448,Sí
8357,71230,0.9950980392156863,1,Alto,2997.0,571.4617647058824,113,Sí
8358,810330,0.00395882818685669,8,Bajo,2354.4,-23.13586698337292,6836,No
8359,365110,0.030010172939979655,7,Bajo,2349.0,-10.901220752797558,5521,No
8360,380830,0.030010172939979655,7,Bajo,2349.0,-10.901220752797558,5522,No
8361,482150,0.002488654662567706,9,Bajo,2354.4,-23.828142292490117,7160,No
8362,413660,0.11134453781512609,6,Bajo,2349.0,27.309663865546234,3655,Sí
8363,414080,0.11134453781512609,6,Bajo,2349.0,27.309663865546234,3656,Sí
8364,543980,0.006359300476947535,7,Bajo,2349.0,-22.01240063593005,6547,No
8365,651290,0.030010172939979655,7,Bajo,2349.0,-10.901220752797558,5523,No
8366,674510,0.030010172939979655,7,Bajo,2349.0,-10.901220752797558,5524,No
8367,93180,0.21199143468950749,6,Medio,1620.0,43.68522483940043,3013,Sí
8368,616620,0.17019027484143764,6,Bajo,1620.0,30.1416490486258,3545,Sí
8369,737370,0.041237113402061855,7,Bajo,1620.0,-11.639175257731958,5580,No
8370,95300,0.22448979591836735,6,Medio,2349.0,80.465306122449,1630,Sí
8371,609070,0.030010172939979655,7,Bajo,1620.0,-15.276703967446592,5796,No
8372,411310,0.030010172939979655,7,Bajo,2349.0,-10.901220752797558,5525,No
8373,491980,0.05795454545454545,7,Bajo,1620.0,-6.222727272727273,5243,No
8374,753670,0.030010172939979655,7,Bajo,1323.0,-17.059308240081382,5898,No
8375,642920,0.035,7,Bajo,2349.0,-8.556999999999999,5377,No
8376,669540,0.05795454545454545,7,Bajo,2349.0,2.227045454545454,4871,Sí
8377,507260,0.0002443195699975568,10,Bajo,2997.0,-24.853554849743464,9082,No
8378,320430,0.3190760218702019,5,Medio,1912.1399999999996,97.02360489177755,1223,Sí
8379,447540,0.17485265225933203,6,Bajo,2354.4,57.33461689587426,2548,Sí
8380,181880,0.49535603715170295,4,Medio,2997.0,271.91640866873075,273,Sí
8381,438470,0.05795454545454545,7,Bajo,2354.4,2.2896363636363652,4865,Sí
8382,502150,0.029005524861878452,7,Bajo,1939.1399999999996,-13.750845303867404,5671,No
8383,547970,0.030010172939979655,7,Bajo,1620.0,-15.276703967446592,5797,No
8384,859130,0.006097560975609756,8,Bajo,1323.0,-23.38658536585366,6959,No
8385,567360,0.002098635886673662,9,Bajo,1912.1399999999996,-24.197422875131164,7556,No
8386,822060,0.041237113402061855,7,Bajo,2354.4,-5.582268041237111,5194,No
8387,740160,0.0014742014742014742,9,Bajo,2354.4,-24.30582800982801,7660,No
8388,337210,0.9748713797272744,1,Alto,0.0,-25.0,9998,No
8389,678660,0.009259259259259259,7,Bajo,2354.4,-20.64,6321,No
8390,800360,0.006359300476947535,7,Bajo,1323.0,-23.31732909379968,6904,No
8391,884210,0.08191489361702127,6,Bajo,2349.0,13.4836170212766,4320,Sí
8392,743340,0.029005524861878452,7,Bajo,1620.0,-15.602209944751381,5838,No
8393,392480,0.002488654662567706,9,Bajo,1323.0,-24.341501976284587,7722,No
8394,727440,0.05795454545454545,7,Bajo,2354.4,2.2896363636363652,4866,Sí
8395,831990,0.21199143468950749,6,Medio,2997.0,102.06766595289079,1071,Sí
8396,844420,0.21199143468950749,6,Medio,2997.0,102.06766595289079,1072,Sí
8397,379220,0.015706806282722516,7,Bajo,1620.0,-19.910994764397905,6198,No
8398,451360,0.3551617873651772,5,Medio,2349.0,141.85500770416024,444,Sí
8399,478880,0.3551617873651772,5,Medio,2349.0,141.85500770416024,445,Sí
8400,480320,0.10424710424710425,6,Bajo,2349.0,23.97528957528958,3813,Sí
8401,742780,0.015706806282722516,7,Bajo,1620.0,-19.910994764397905,6199,No
8402,614910,0.030010172939979655,7,Bajo,1620.0,-15.276703967446592,5798,No
8403,753560,0.006920415224913495,7,Bajo,1620.0,-22.757785467128027,6735,No
8404,492550,0.0014742014742014742,9,Bajo,2349.0,-24.307420147420146,7662,No
8405,483770,0.002488654662567706,9,Bajo,1912.1399999999996,-24.04826877470356,7434,No
8406,805870,0.002488654662567706,9,Bajo,1912.1399999999996,-24.04826877470356,7435,No
8407,424040,0.08191489361702127,6,Bajo,2354.4,13.572085106382985,4319,Sí
8408,345580,0.005385996409335727,8,Bajo,1296.0,-23.60394973070018,7063,No
8409,141250,0.023385218626360768,7,Bajo,2349.0,-14.013624289335711,5683,No
8410,489030,0.002488654662567706,9,Bajo,2354.4,-23.828142292490117,7161,No
8411,659200,0.11088295687885011,6,Bajo,2354.4,27.212566735112944,3709,Sí
8412,496090,0.002488654662567706,9,Bajo,2354.4,-23.828142292490117,7162,No
8413,683180,0.01694915254237288,7,Bajo,2354.4,-17.018983050847456,5894,No
8414,548090,0.002488654662567706,9,Bajo,1296.0,-24.35494071146245,8032,No
8415,480780,0.041237113402061855,7,Bajo,2354.4,-5.582268041237111,5195,No
8416,816020,0.009259259259259259,7,Bajo,1620.0,-22.0,6543,No
8417,851600,0.006359300476947535,7,Bajo,1620.0,-22.939586645469,6779,No
8418,725370,0.002488654662567706,9,Bajo,1620.0,-24.193675889328063,7531,No
8419,389650,0.05795454545454545,7,Bajo,2354.4,2.2896363636363652,4867,Sí
8420,723030,0.01694915254237288,7,Bajo,2354.4,-17.018983050847456,5895,No
8421,754660,0.002488654662567706,9,Bajo,1620.0,-24.193675889328063,7532,No
8422,871540,0.002488654662567706,9,Bajo,1323.0,-24.341501976284587,7723,No
8423,527690,0.030010172939979655,7,Bajo,1912.1399999999996,-13.523269582909462,5660,No
8424,390890,0.002488654662567706,9,Bajo,2327.4,-23.841581027667985,7170,No
8425,430540,0.01694915254237288,7,Bajo,1939.1399999999996,-18.42664406779661,6060,No
8426,468840,0.0014742014742014742,9,Bajo,2354.4,-24.30582800982801,7661,No
8427,826680,0.006359300476947535,7,Bajo,1939.1399999999996,-22.53368521462639,6682,No
8428,500520,0.0001,10,Bajo,2354.4,-24.952912,9639,No
8429,577070,0.0007462686567164179,9,Bajo,2354.4,-24.64859701492537,8606,No
8430,471370,0.0002443195699975568,10,Bajo,2354.4,-24.88495480087955,9154,No
8431,817130,0.030010172939979655,7,Bajo,2354.4,-10.868809766022379,5517,No
8432,613120,0.00395882818685669,8,Bajo,1620.0,-23.717339667458432,7087,No
8433,758070,0.002488654662567706,9,Bajo,1323.0,-24.341501976284587,7724,No
8434,833240,0.002488654662567706,9,Bajo,1323.0,-24.341501976284587,7725,No
8435,500700,0.002488654662567706,9,Bajo,2354.4,-23.828142292490117,7163,No
8436,340230,0.21199143468950749,6,Medio,2349.0,74.59357601713063,1826,Sí
8437,362590,0.00395882818685669,8,Bajo,2349.0,-23.140142517814727,6840,No
8438,822850,0.00395882818685669,8,Bajo,2354.4,-23.13586698337292,6837,No
8439,836360,0.002488654662567706,9,Bajo,1620.0,-24.193675889328063,7533,No
8440,836380,0.002488654662567706,9,Bajo,1620.0,-24.193675889328063,7534,No
8441,561550,0.01694915254237288,7,Bajo,1620.0,-19.508474576271187,6150,No
8442,562760,0.0002443195699975568,10,Bajo,1323.0,-24.935353041778647,9435,No
8443,493790,0.002488654662567706,9,Bajo,2349.0,-23.830830039525694,7166,No
8444,717940,0.0007462686567164179,9,Bajo,2997.0,-24.55268656716418,8410,No
8445,463220,0.015706806282722516,7,Bajo,1620.0,-19.910994764397905,6200,No
8446,735290,0.0002443195699975568,10,Bajo,1593.0,-24.92215978499878,9333,No
8447,619760,0.015706806282722516,7,Bajo,1620.0,-19.910994764397905,6201,No
8448,664880,0.002488654662567706,9,Bajo,1620.0,-24.193675889328063,7535,No
8449,572520,0.00395882818685669,8,Bajo,2354.4,-23.13586698337292,6838,No
8450,850740,0.002488654662567706,9,Bajo,1620.0,-24.193675889328063,7536,No
8451,440500,0.002488654662567706,9,Bajo,1620.0,-24.193675889328063,7537,No
8452,820270,0.015706806282722516,7,Bajo,1939.1399999999996,-18.908460732984295,6113,No
8453,519910,0.002098635886673662,9,Bajo,1939.1399999999996,-24.186090241343127,7530,No
8454,749760,0.030010172939979655,7,Bajo,2354.4,-10.868809766022379,5518,No
8455,150150,0.9643635135789099,1,Alto,2354.4,429.0994912740372,161,Sí
8456,453920,0.002488654662567706,9,Bajo,1323.0,-24.341501976284587,7726,No
8457,652750,0.002488654662567706,9,Bajo,1377.0,-24.314624505928855,7679,No
8458,750040,0.0002443195699975568,10,Bajo,1620.0,-24.920840459320793,9330,No
8459,751790,0.0002443195699975568,10,Bajo,1620.0,-24.920840459320793,9331,No
8460,878820,0.002098635886673662,9,Bajo,1323.0,-24.44470094438615,8104,No
8461,814320,0.002488654662567706,9,Bajo,1620.0,-24.193675889328063,7538,No
8462,619000,0.0014742014742014742,9,Bajo,1323.0,-24.60992628992629,8460,No
8463,842240,0.015706806282722516,7,Bajo,2997.0,-15.585340314136124,5831,No
8464,574080,0.029005524861878452,7,Bajo,2354.4,-11.341878453038673,5544,No
8465,596190,0.060294117647058824,7,Bajo,2354.4,3.391294117647064,4812,Sí
8466,764020,0.002098635886673662,9,Bajo,1620.0,-24.320041972717732,7689,No
8467,470610,0.015706806282722516,7,Bajo,1620.0,-19.910994764397905,6202,No
8468,652690,0.002488654662567706,9,Bajo,1620.0,-24.193675889328063,7539,No
8469,653900,0.002488654662567706,9,Bajo,1620.0,-24.193675889328063,7540,No
8470,819470,0.002488654662567706,9,Bajo,1939.1399999999996,-24.03483003952569,7431,No
8471,355340,0.0002443195699975568,10,Bajo,2354.4,-24.88495480087955,9155,No
8472,462230,0.002488654662567706,9,Bajo,1620.0,-24.193675889328063,7541,No
8473,421210,0.002098635886673662,9,Bajo,2354.4,-24.011794333683106,7411,No
8474,650080,0.0007462686567164179,9,Bajo,1323.0,-24.802537313432836,8884,No
8475,390780,0.002488654662567706,9,Bajo,1323.0,-24.341501976284587,7727,No
8476,388090,0.0002443195699975568,10,Bajo,2354.4,-24.88495480087955,9156,No
8477,817480,0.0007462686567164179,9,Bajo,1323.0,-24.802537313432836,8885,No
8478,732550,0.0002443195699975568,10,Bajo,1939.1399999999996,-24.90524602980699,9248,No
8479,802230,0.0014742014742014742,9,Bajo,1939.1399999999996,-24.42826339066339,8097,No
8480,444010,0.002488654662567706,9,Bajo,2997.0,-23.508300395256917,7009,No
8481,708710,0.0002443195699975568,10,Bajo,1323.0,-24.935353041778647,9436,No
8482,755520,0.0001,10,Bajo,1939.1399999999996,-24.9612172,9723,No
8483,392370,0.002488654662567706,9,Bajo,1620.0,-24.193675889328063,7542,No
8484,443200,0.002488654662567706,9,Bajo,1620.0,-24.193675889328063,7543,No
8485,834680,0.0038314176245210726,8,Bajo,1323.0,-23.986206896551725,7385,No
8486,407050,0.0002443195699975568,10,Bajo,1323.0,-24.935353041778647,9437,No
8487,797900,0.0002443195699975568,10,Bajo,1323.0,-24.935353041778647,9438,No
8488,359530,0.0002443195699975568,10,Bajo,2354.4,-24.88495480087955,9157,No
8489,677370,0.0002443195699975568,10,Bajo,1939.1399999999996,-24.90524602980699,9249,No
8490,396430,0.002488654662567706,9,Bajo,1620.0,-24.193675889328063,7544,No
8491,510190,0.005385996409335727,8,Bajo,1939.1399999999996,-22.911159784560144,6776,No
8492,440090,0.00395882818685669,8,Bajo,1620.0,-23.717339667458432,7088,No
8493,823490,0.0001,10,Bajo,1939.1399999999996,-24.9612172,9724,No
8494,685270,0.002098635886673662,9,Bajo,1912.1399999999996,-24.197422875131164,7557,No
8495,627440,0.002488654662567706,9,Bajo,1620.0,-24.193675889328063,7545,No
8496,714970,0.002488654662567706,9,Bajo,1620.0,-24.193675889328063,7546,No
8497,671890,0.002488654662567706,9,Bajo,1539.0,-24.23399209486166,7578,No
8498,604570,0.002488654662567706,9,Bajo,1620.0,-24.193675889328063,7547,No
8499,620880,0.0007462686567164179,9,Bajo,1620.0,-24.758208955223882,8787,No
8500,621540,0.015706806282722516,7,Bajo,1620.0,-19.910994764397905,6203,No
8501,504260,0.002488654662567706,9,Bajo,1620.0,-24.193675889328063,7548,No
8502,520230,0.006359300476947535,7,Bajo,2354.4,-22.005532591414944,6545,No
8503,619580,0.0007462686567164179,9,Bajo,1323.0,-24.802537313432836,8886,No
8504,355540,0.002098635886673662,9,Bajo,1620.0,-24.320041972717732,7690,No
8505,385100,0.0014742014742014742,9,Bajo,1620.0,-24.52235872235872,8264,No
8506,374870,0.0001,10,Bajo,1939.1399999999996,-24.9612172,9725,No
8507,882240,0.0002443195699975568,10,Bajo,1323.0,-24.935353041778647,9439,No
8508,787730,0.002098635886673662,9,Bajo,1323.0,-24.44470094438615,8105,No
8509,717660,0.0014742014742014742,9,Bajo,1458.0,-24.57012285012285,8418,No
8510,551890,0.0001,10,Bajo,2354.4,-24.952912,9640,No
8511,760170,0.0001,10,Bajo,2349.0,-24.95302,9642,No
8512,760390,0.0001,10,Bajo,2349.0,-24.95302,9643,No
8513,559860,0.0002443195699975568,10,Bajo,1323.0,-24.935353041778647,9440,No
8514,673640,0.0007462686567164179,9,Bajo,1323.0,-24.802537313432836,8887,No
8515,664960,0.006920415224913495,7,Bajo,1620.0,-22.757785467128027,6736,No
8516,438070,0.0002443195699975568,10,Bajo,1323.0,-24.935353041778647,9441,No
8517,619850,0.0002443195699975568,10,Bajo,1620.0,-24.920840459320793,9332,No
8518,741710,0.0007462686567164179,9,Bajo,2354.4,-24.64859701492537,8607,No
8519,642280,0.002488654662567706,9,Bajo,1620.0,-24.193675889328063,7549,No
8520,406970,0.00395882818685669,8,Bajo,2354.4,-23.13586698337292,6839,No
8521,766910,0.002488654662567706,9,Bajo,2354.4,-23.828142292490117,7164,No
8522,706320,0.0014742014742014742,9,Bajo,972.0,-24.713415233415233,8691,No
8523,648720,0.002488654662567706,9,Bajo,1620.0,-24.193675889328063,7550,No
8524,612900,0.0007462686567164179,9,Bajo,1620.0,-24.758208955223882,8788,No
8525,743580,0.002098635886673662,9,Bajo,2354.4,-24.011794333683106,7412,No
8526,402950,0.00395882818685669,8,Bajo,1620.0,-23.717339667458432,7089,No
8527,432610,0.002098635886673662,9,Bajo,1620.0,-24.320041972717732,7691,No
8528,458240,0.0014742014742014742,9,Bajo,1620.0,-24.52235872235872,8265,No
8529,560390,0.0002443195699975568,10,Bajo,3600.0,-24.82408990960176,8957,No
8530,842210,0.0014742014742014742,9,Bajo,3420.0,-23.99164619164619,7386,No
8531,819510,0.0001,10,Bajo,4309.199999999999,-24.913816,9275,No
8532,417870,0.0001,10,Bajo,5232.0,-24.89536,9185,No
8533,674680,0.0002443195699975568,10,Bajo,3600.0,-24.82408990960176,8958,No
8534,559720,0.0002443195699975568,10,Bajo,3600.0,-24.82408990960176,8959,No
8535,823190,0.0001,10,Bajo,5232.0,-24.89536,9186,No
8536,715160,0.0002443195699975568,10,Bajo,3600.0,-24.82408990960176,8960,No
8537,490740,0.002488654662567706,9,Bajo,2160.0,-23.92490118577075,7226,No
8538,505840,0.0001,10,Bajo,3600.0,-24.928,9354,No
8539,611710,0.002488654662567706,9,Bajo,3600.0,-23.20816864295125,6863,No
8540,426000,0.002488654662567706,9,Bajo,3600.0,-23.20816864295125,6864,No
8541,460050,0.002488654662567706,9,Bajo,3600.0,-23.20816864295125,6865,No
8542,549430,0.0007462686567164179,9,Bajo,2940.0,-24.561194029850746,8414,No
8543,567460,0.002488654662567706,9,Bajo,5232.0,-22.395871761089154,6647,No
8544,837430,0.0038314176245210726,8,Bajo,3060.0,-22.655172413793103,6711,No
8545,580640,0.0007462686567164179,9,Bajo,4309.199999999999,-24.356835820895522,8034,No
8546,457780,0.0002443195699975568,10,Bajo,4309.199999999999,-24.789435621793306,8844,No
8547,437800,0.0002443195699975568,10,Bajo,3600.0,-24.82408990960176,8961,No
8548,437810,0.0001,10,Bajo,3600.0,-24.928,9355,No
8549,532410,0.0001,10,Bajo,4309.199999999999,-24.913816,9276,No
8550,702500,0.0001,10,Bajo,2940.0,-24.9412,9551,No
8551,552290,0.0014742014742014742,9,Bajo,4309.199999999999,-23.7294742014742,7097,No
8552,504340,0.0014742014742014742,9,Bajo,4309.199999999999,-23.7294742014742,7098,No
8553,502090,0.002488654662567706,9,Bajo,4249.199999999999,-22.88504172156346,6775,No
8554,728600,0.0014742014742014742,9,Bajo,3420.0,-23.99164619164619,7387,No
8555,851190,0.0002443195699975568,10,Bajo,4309.199999999999,-24.789435621793306,8845,No
8556,388380,0.0002443195699975568,10,Bajo,3600.0,-24.82408990960176,8962,No
8557,382880,0.002098635886673662,9,Bajo,5232.0,-22.80398740818468,6744,No
8558,832860,0.0001,10,Bajo,3420.0,-24.9316,9397,No
8559,386730,0.002488654662567706,9,Bajo,5232.0,-22.395871761089154,6648,No
8560,590440,0.0001,10,Bajo,5232.0,-24.89536,9187,No
8561,438040,0.0001,10,Bajo,2880.0,-24.9424,9590,No
8562,811720,0.009259259259259259,7,Bajo,5232.0,-15.31111111111111,5799,No
8563,473240,0.0002443195699975568,10,Bajo,3600.0,-24.82408990960176,8963,No
8564,781410,0.0014742014742014742,9,Bajo,3600.0,-23.938574938574938,7231,No
8565,781420,0.0007462686567164179,9,Bajo,3600.0,-24.46268656716418,8173,No
8566,471080,0.0001,10,Bajo,2940.0,-24.9412,9552,No
8567,575080,0.002098635886673662,9,Bajo,5232.0,-22.80398740818468,6745,No
8568,720870,0.0014742014742014742,9,Bajo,5232.0,-23.457395577395577,6978,No
8569,764790,0.0001,10,Bajo,3240.0,-24.9352,9427,No
8570,607260,0.0007462686567164179,9,Bajo,4309.199999999999,-24.356835820895522,8035,No
8571,574070,0.0001,10,Bajo,3240.0,-24.9352,9428,No
8572,824460,0.0014742014742014742,9,Bajo,3600.0,-23.938574938574938,7232,No
8573,834550,0.0001,10,Bajo,5232.0,-24.89536,9188,No
8574,442410,0.002098635886673662,9,Bajo,3600.0,-23.48898216159496,6995,No
8575,425060,0.002488654662567706,9,Bajo,3600.0,-23.20816864295125,6866,No
8576,575240,0.0014742014742014742,9,Bajo,2940.0,-24.133169533169532,7481,No
8577,862680,0.0001,10,Bajo,5232.0,-24.89536,9189,No
8578,489810,0.0002443195699975568,10,Bajo,3600.0,-24.82408990960176,8964,No
8579,443700,0.002098635886673662,9,Bajo,3600.0,-23.48898216159496,6996,No
8580,374490,0.0002443195699975568,10,Bajo,2940.0,-24.856340092841435,9085,No
8581,840990,0.002488654662567706,9,Bajo,5232.0,-22.395871761089154,6649,No
8582,817970,0.0001,10,Bajo,3600.0,-24.928,9356,No
8583,818000,0.0002443195699975568,10,Bajo,3600.0,-24.82408990960176,8965,No
8584,681270,0.002488654662567706,9,Bajo,5232.0,-22.395871761089154,6650,No
8585,501760,0.0001,10,Bajo,3600.0,-24.928,9357,No
8586,599550,0.0007462686567164179,9,Bajo,3420.0,-24.48955223880597,8251,No
8587,715430,0.006359300476947535,7,Bajo,3420.0,-20.650238473767885,6322,No
8588,366920,0.0002443195699975568,10,Bajo,4309.199999999999,-24.789435621793306,8846,No
8589,669000,0.0014742014742014742,9,Bajo,4309.199999999999,-23.7294742014742,7099,No
8590,727780,0.0001,10,Bajo,4309.199999999999,-24.913816,9277,No
8591,495100,0.0001,10,Bajo,5232.0,-24.89536,9190,No
8592,648420,0.0014742014742014742,9,Bajo,3600.0,-23.938574938574938,7233,No
8593,353780,0.05795454545454545,7,Bajo,3420.0,14.64090909090909,4293,Sí
8594,845770,0.0001,10,Bajo,2940.0,-24.9412,9553,No
8595,754090,0.0001,10,Bajo,2940.0,-24.9412,9554,No
8596,800370,0.0002443195699975568,10,Bajo,3600.0,-24.82408990960176,8966,No
8597,575540,0.002488654662567706,9,Bajo,2160.0,-23.92490118577075,7227,No
8598,566660,0.0002443195699975568,10,Bajo,5232.0,-24.744344001954556,8744,No
8599,830370,0.0002443195699975568,10,Bajo,3240.0,-24.841680918641583,9059,No
8600,782400,0.0014742014742014742,9,Bajo,4309.199999999999,-23.7294742014742,7100,No
8601,569660,0.0002443195699975568,10,Bajo,3420.0,-24.83288541412167,9007,No
8602,606340,0.002488654662567706,9,Bajo,3420.0,-23.297760210803688,6893,No
8603,806830,0.0002443195699975568,10,Bajo,3060.0,-24.850476423161496,9075,No
8604,884980,0.0007462686567164179,9,Bajo,3600.0,-24.46268656716418,8174,No
8605,393290,0.002098635886673662,9,Bajo,3060.0,-23.71563483735572,7086,No
8606,879860,0.0014742014742014742,9,Bajo,3060.0,-24.097788697788697,7466,No
8607,851750,0.0001,10,Bajo,2940.0,-24.9412,9555,No
8608,877460,0.002098635886673662,9,Bajo,2940.0,-23.766002098635887,7129,No
8609,605290,0.002098635886673662,9,Bajo,3420.0,-23.564533053515216,7032,No
8610,584800,0.0002443195699975568,10,Bajo,3420.0,-24.83288541412167,9008,No
8611,824880,0.0001,10,Bajo,5232.0,-24.89536,9191,No
8612,402110,0.030010172939979655,7,Bajo,3060.0,-6.63377416073245,5292,No
8613,405990,0.002488654662567706,9,Bajo,3060.0,-23.476943346508563,6989,No
8614,679480,0.0007462686567164179,9,Bajo,3240.0,-24.51641791044776,8263,No
8615,739560,0.0002443195699975568,10,Bajo,3240.0,-24.841680918641583,9060,No
8616,473840,0.002488654662567706,9,Bajo,3420.0,-23.297760210803688,6894,No
8617,863180,0.0002443195699975568,10,Bajo,5232.0,-24.744344001954556,8745,No
8618,425750,0.002488654662567706,9,Bajo,3600.0,-23.20816864295125,6867,No
8619,498110,0.0001,10,Bajo,3600.0,-24.928,9358,No
8620,853960,0.0001,10,Bajo,4309.199999999999,-24.913816,9278,No
8621,467840,0.0002443195699975568,10,Bajo,2940.0,-24.856340092841435,9086,No
8622,559970,0.0001,10,Bajo,2940.0,-24.9412,9556,No
8623,644250,0.002488654662567706,9,Bajo,3600.0,-23.20816864295125,6868,No
8624,466380,0.0001,10,Bajo,2880.0,-24.9424,9591,No
8625,773210,0.0002443195699975568,10,Bajo,3600.0,-24.82408990960176,8967,No
8626,446770,0.0002443195699975568,10,Bajo,5232.0,-24.744344001954556,8746,No
8627,659060,0.0001,10,Bajo,3600.0,-24.928,9359,No
8628,813940,0.0002443195699975568,10,Bajo,3600.0,-24.82408990960176,8968,No
8629,442920,0.002488654662567706,9,Bajo,3600.0,-23.20816864295125,6869,No
8630,825240,0.0007462686567164179,9,Bajo,2160.0,-24.677611940298508,8633,No
8631,804610,0.002098635886673662,9,Bajo,3600.0,-23.48898216159496,6997,No
8632,502430,0.0014742014742014742,9,Bajo,4309.199999999999,-23.7294742014742,7101,No
8633,879590,0.002098635886673662,9,Bajo,3600.0,-23.48898216159496,6998,No
8634,813270,0.0002443195699975568,10,Bajo,3420.0,-24.83288541412167,9009,No
8635,832500,0.0001,10,Bajo,4309.199999999999,-24.913816,9279,No
8636,687210,0.0002443195699975568,10,Bajo,3600.0,-24.82408990960176,8969,No
8637,619070,0.0001,10,Bajo,2940.0,-24.9412,9557,No
8638,697940,0.0001,10,Bajo,5232.0,-24.89536,9192,No
8639,724050,0.0001,10,Bajo,3600.0,-24.928,9360,No
8640,506460,0.0001,10,Bajo,5232.0,-24.89536,9193,No
8641,768990,0.0001,10,Bajo,5232.0,-24.89536,9194,No
8642,875700,0.0001,10,Bajo,2940.0,-24.9412,9558,No
8643,701400,0.0001,10,Bajo,2940.0,-24.9412,9559,No
8644,750880,0.0014742014742014742,9,Bajo,5232.0,-23.457395577395577,6979,No
8645,672190,0.0001,10,Bajo,3600.0,-24.928,9361,No
8646,575650,0.002488654662567706,9,Bajo,3060.0,-23.476943346508563,6990,No
8647,836210,0.0001,10,Bajo,2940.0,-24.9412,9560,No
8648,611130,0.0002443195699975568,10,Bajo,4309.199999999999,-24.789435621793306,8847,No
8649,228380,0.4325937092181664,5,Medio,5172.0,422.47493281527136,163,Sí
8650,582660,0.0002443195699975568,10,Bajo,4309.199999999999,-24.789435621793306,8848,No
8651,860020,0.0001,10,Bajo,3600.0,-24.928,9362,No
8652,459500,0.0001,10,Bajo,2940.0,-24.9412,9561,No
8653,406860,0.0001,10,Bajo,2940.0,-24.9412,9562,No
8654,569960,0.0007462686567164179,9,Bajo,3420.0,-24.48955223880597,8252,No
8655,629990,0.0002443195699975568,10,Bajo,3420.0,-24.83288541412167,9010,No
8656,868570,0.0014742014742014742,9,Bajo,3420.0,-23.99164619164619,7388,No
8657,678490,0.0007462686567164179,9,Bajo,5232.0,-24.21910447761194,7572,No
8658,668500,0.00395882818685669,8,Bajo,3060.0,-22.577197149643705,6684,No
8659,665620,0.002098635886673662,9,Bajo,3600.0,-23.48898216159496,6999,No
8660,569670,0.0007462686567164179,9,Bajo,5232.0,-24.21910447761194,7573,No
8661,615760,0.0002443195699975568,10,Bajo,3600.0,-24.82408990960176,8970,No
8662,512760,0.002098635886673662,9,Bajo,2160.0,-24.09338929695698,7449,No
8663,771970,0.0002443195699975568,10,Bajo,4309.199999999999,-24.789435621793306,8849,No
8664,766950,0.0001,10,Bajo,5232.0,-24.89536,9195,No
8665,883630,0.0007462686567164179,9,Bajo,3420.0,-24.48955223880597,8253,No
8666,863470,0.006920415224913495,7,Bajo,3420.0,-20.26643598615917,6256,No
8667,753740,0.0002443195699975568,10,Bajo,3600.0,-24.82408990960176,8971,No
8668,860990,0.002098635886673662,9,Bajo,3600.0,-23.48898216159496,7000,No
8669,393810,0.0002443195699975568,10,Bajo,3600.0,-24.82408990960176,8972,No
8670,394730,0.002488654662567706,9,Bajo,3600.0,-23.20816864295125,6870,No
8671,531930,0.0001,10,Bajo,3600.0,-24.928,9363,No
8672,654150,0.0002443195699975568,10,Bajo,3600.0,-24.82408990960176,8973,No
8673,762780,0.0001,10,Bajo,5232.0,-24.89536,9196,No
8674,865940,0.0001,10,Bajo,3420.0,-24.9316,9398,No
8675,823750,0.002488654662567706,9,Bajo,5232.0,-22.395871761089154,6651,No
8676,771480,0.0002443195699975568,10,Bajo,3600.0,-24.82408990960176,8974,No
8677,376160,0.0001,10,Bajo,2940.0,-24.9412,9563,No
8678,636800,0.0002443195699975568,10,Bajo,5232.0,-24.744344001954556,8747,No
8679,392740,0.0014742014742014742,9,Bajo,4309.199999999999,-23.7294742014742,7102,No
8680,545260,0.002488654662567706,9,Bajo,3600.0,-23.20816864295125,6871,No
8681,382100,0.0002443195699975568,10,Bajo,3420.0,-24.83288541412167,9011,No
8682,604470,0.0014742014742014742,9,Bajo,3420.0,-23.99164619164619,7389,No
8683,608290,0.0002443195699975568,10,Bajo,3420.0,-24.83288541412167,9012,No
8684,436350,0.0002443195699975568,10,Bajo,3600.0,-24.82408990960176,8975,No
8685,664400,0.0002443195699975568,10,Bajo,3600.0,-24.82408990960176,8976,No
8686,770580,0.0001,10,Bajo,5232.0,-24.89536,9197,No
8687,503860,0.0001,10,Bajo,3420.0,-24.9316,9399,No
8688,730760,0.0002443195699975568,10,Bajo,3420.0,-24.83288541412167,9013,No
8689,821630,0.002488654662567706,9,Bajo,5232.0,-22.395871761089154,6652,No
8690,826470,0.002488654662567706,9,Bajo,3600.0,-23.20816864295125,6872,No
8691,573400,0.002488654662567706,9,Bajo,5232.0,-22.395871761089154,6653,No
8692,471350,0.0001,10,Bajo,4309.199999999999,-24.913816,9280,No
8693,569740,0.0001,10,Bajo,4309.199999999999,-24.913816,9281,No
8694,809280,0.0002443195699975568,10,Bajo,4309.199999999999,-24.789435621793306,8850,No
8695,825500,0.0002443195699975568,10,Bajo,2940.0,-24.856340092841435,9087,No
8696,350230,0.002488654662567706,9,Bajo,3600.0,-23.20816864295125,6873,No
8697,813440,0.0002443195699975568,10,Bajo,2940.0,-24.856340092841435,9088,No
8698,551850,0.0002443195699975568,10,Bajo,4309.199999999999,-24.789435621793306,8851,No
8699,888090,0.0001,10,Bajo,5232.0,-24.89536,9198,No
8700,881990,0.0002443195699975568,10,Bajo,2940.0,-24.856340092841435,9089,No
8701,372760,0.0002443195699975568,10,Bajo,4249.199999999999,-24.792367456633276,8865,No
8702,883650,0.0002443195699975568,10,Bajo,3600.0,-24.82408990960176,8977,No
8703,853310,0.006359300476947535,7,Bajo,3060.0,-21.10810810810811,6431,No
8704,770540,0.0002443195699975568,10,Bajo,5232.0,-24.744344001954556,8748,No
8705,409750,0.002488654662567706,9,Bajo,3600.0,-23.20816864295125,6874,No
8706,343900,0.0001,10,Bajo,3420.0,-24.9316,9400,No
8707,770940,0.0002443195699975568,10,Bajo,5232.0,-24.744344001954556,8749,No
8708,562640,0.0001,10,Bajo,2940.0,-24.9412,9564,No
8709,407350,0.0002443195699975568,10,Bajo,3600.0,-24.82408990960176,8978,No
8710,534300,0.006920415224913495,7,Bajo,1800.0,-22.508650519031143,6671,No
8711,381770,0.0002443195699975568,10,Bajo,3240.0,-24.841680918641583,9061,No
8712,567710,0.0007462686567164179,9,Bajo,3600.0,-24.46268656716418,8175,No
8713,431760,0.0001,10,Bajo,2940.0,-24.9412,9565,No
8714,512820,0.0002443195699975568,10,Bajo,3420.0,-24.83288541412167,9014,No
8715,348330,0.0014742014742014742,9,Bajo,5232.0,-23.457395577395577,6980,No
8716,884010,0.0001,10,Bajo,2940.0,-24.9412,9566,No
8717,529320,0.0002443195699975568,10,Bajo,3420.0,-24.83288541412167,9015,No
8718,643140,0.0002443195699975568,10,Bajo,3060.0,-24.850476423161496,9076,No
8719,358420,0.015706806282722516,7,Bajo,5232.0,-8.564397905759158,5378,No
8720,503180,0.0001,10,Bajo,3600.0,-24.928,9364,No
8721,797630,0.0014742014742014742,9,Bajo,3600.0,-23.938574938574938,7234,No
8722,773000,0.0001,10,Bajo,5232.0,-24.89536,9199,No
8723,656720,0.0001,10,Bajo,4309.199999999999,-24.913816,9282,No
8724,494280,0.0001,10,Bajo,5232.0,-24.89536,9200,No
8725,379800,0.002488654662567706,9,Bajo,4309.199999999999,-22.85517786561265,6758,No
8726,838760,0.002488654662567706,9,Bajo,3600.0,-23.20816864295125,6875,No
8727,755470,0.0001,10,Bajo,2940.0,-24.9412,9567,No
8728,600720,0.0007462686567164179,9,Bajo,4309.199999999999,-24.356835820895522,8036,No
8729,384220,0.002488654662567706,9,Bajo,5232.0,-22.395871761089154,6654,No
8730,617660,0.0038314176245210726,8,Bajo,3060.0,-22.655172413793103,6712,No
8731,563520,0.0014742014742014742,9,Bajo,3240.0,-24.044717444717445,7433,No
8732,400170,0.0002443195699975568,10,Bajo,3600.0,-24.82408990960176,8979,No
8733,685680,0.0001,10,Bajo,4309.199999999999,-24.913816,9283,No
8734,521240,0.0001,10,Bajo,3420.0,-24.9316,9401,No
8735,586220,0.0002443195699975568,10,Bajo,5232.0,-24.744344001954556,8750,No
8736,776370,0.002488654662567706,9,Bajo,5232.0,-22.395871761089154,6655,No
8737,381040,0.002098635886673662,9,Bajo,5232.0,-22.80398740818468,6746,No
8738,749860,0.0014742014742014742,9,Bajo,3060.0,-24.097788697788697,7467,No
8739,526390,0.002098635886673662,9,Bajo,2160.0,-24.09338929695698,7450,No
8740,888160,0.0002443195699975568,10,Bajo,3600.0,-24.82408990960176,8980,No
8741,584650,0.030010172939979655,7,Bajo,2160.0,-12.035605289928789,5590,No
8742,621750,0.0002443195699975568,10,Bajo,4309.199999999999,-24.789435621793306,8852,No
8743,534740,0.0001,10,Bajo,5232.0,-24.89536,9201,No
8744,535120,0.0001,10,Bajo,5232.0,-24.89536,9202,No
8745,534460,0.0001,10,Bajo,2940.0,-24.9412,9568,No
8746,852260,0.0002443195699975568,10,Bajo,5232.0,-24.744344001954556,8751,No
8747,775550,0.0007462686567164179,9,Bajo,2160.0,-24.677611940298508,8634,No
8748,849530,0.0014742014742014742,9,Bajo,3420.0,-23.99164619164619,7390,No
8749,537020,0.0001,10,Bajo,5232.0,-24.89536,9203,No
8750,599260,0.0014742014742014742,9,Bajo,4309.199999999999,-23.7294742014742,7103,No
8751,531870,0.0002443195699975568,10,Bajo,3420.0,-24.83288541412167,9016,No
8752,736490,0.0001,10,Bajo,5232.0,-24.89536,9204,No
8753,877930,0.0002443195699975568,10,Bajo,5232.0,-24.744344001954556,8752,No
8754,452350,0.0001,10,Bajo,2940.0,-24.9412,9569,No
8755,797160,0.0002443195699975568,10,Bajo,2940.0,-24.856340092841435,9090,No
8756,837460,0.002098635886673662,9,Bajo,3420.0,-23.564533053515216,7033,No
8757,783250,0.0002443195699975568,10,Bajo,3420.0,-24.83288541412167,9017,No
8758,393390,0.0002443195699975568,10,Bajo,3600.0,-24.82408990960176,8981,No
8759,698420,0.0001,10,Bajo,4309.199999999999,-24.913816,9284,No
8760,706710,0.0001,10,Bajo,2940.0,-24.9412,9570,No
8761,532710,0.0007462686567164179,9,Bajo,3420.0,-24.48955223880597,8254,No
8762,653320,0.0002443195699975568,10,Bajo,3420.0,-24.83288541412167,9018,No
8763,598040,0.0001,10,Bajo,2940.0,-24.9412,9571,No
8764,538180,0.0001,10,Bajo,2940.0,-24.9412,9572,No
8765,553800,0.0001,10,Bajo,3600.0,-24.928,9365,No
8766,353270,0.0001,10,Bajo,2940.0,-24.9412,9573,No
8767,459260,0.0001,10,Bajo,2940.0,-24.9412,9574,No
8768,824810,0.0002443195699975568,10,Bajo,3600.0,-24.82408990960176,8982,No
8769,785140,0.0002443195699975568,10,Bajo,4309.199999999999,-24.789435621793306,8853,No
8770,785160,0.0002443195699975568,10,Bajo,4309.199999999999,-24.789435621793306,8854,No
8771,788240,0.0001,10,Bajo,4309.199999999999,-24.913816,9285,No
8772,725870,0.0002443195699975568,10,Bajo,3240.0,-24.841680918641583,9062,No
8773,646830,0.0001,10,Bajo,2940.0,-24.9412,9575,No
8774,859040,0.0001,10,Bajo,2940.0,-24.9412,9576,No
8775,833530,0.0001,10,Bajo,5232.0,-24.89536,9205,No
8776,742360,0.0001,10,Bajo,3420.0,-24.9316,9402,No
8777,804810,0.0001,10,Bajo,5232.0,-24.89536,9206,No
8778,395850,0.0014742014742014742,9,Bajo,3600.0,-23.938574938574938,7235,No
8779,610990,0.0001,10,Bajo,4309.199999999999,-24.913816,9286,No
8780,349750,0.0001,10,Bajo,4309.199999999999,-24.913816,9287,No
8781,856080,0.0001,10,Bajo,5232.0,-24.89536,9207,No
8782,790760,0.002098635886673662,9,Bajo,3600.0,-23.48898216159496,7001,No
8783,793350,0.002098635886673662,9,Bajo,3600.0,-23.48898216159496,7002,No
8784,533150,0.0001,10,Bajo,3240.0,-24.9352,9429,No
8785,859850,0.002488654662567706,9,Bajo,3600.0,-23.20816864295125,6876,No
8786,795400,0.0002443195699975568,10,Bajo,3600.0,-24.82408990960176,8983,No
8787,795420,0.0001,10,Bajo,3600.0,-24.928,9366,No
8788,495530,0.0001,10,Bajo,4309.199999999999,-24.913816,9288,No
8789,879710,0.0001,10,Bajo,4309.199999999999,-24.913816,9289,No
8790,470560,0.0001,10,Bajo,5232.0,-24.89536,9208,No
8791,500750,0.0001,10,Bajo,4309.199999999999,-24.913816,9290,No
8792,760490,0.0002443195699975568,10,Bajo,2880.0,-24.85927192768141,9096,No
8793,577540,0.0002443195699975568,10,Bajo,3420.0,-24.83288541412167,9019,No
8794,475920,0.0002443195699975568,10,Bajo,3420.0,-24.83288541412167,9020,No
8795,870490,0.0002443195699975568,10,Bajo,3600.0,-24.82408990960176,8984,No
8796,590990,0.002488654662567706,9,Bajo,5232.0,-22.395871761089154,6656,No
8797,647550,0.0002443195699975568,10,Bajo,2940.0,-24.856340092841435,9091,No
8798,806860,0.0014742014742014742,9,Bajo,2940.0,-24.133169533169532,7482,No
8799,359740,0.0002443195699975568,10,Bajo,4309.199999999999,-24.789435621793306,8855,No
8800,694980,0.0001,10,Bajo,4309.199999999999,-24.913816,9291,No
8801,515080,0.00395882818685669,8,Bajo,3060.0,-22.577197149643705,6685,No
8802,568690,0.0001,10,Bajo,5232.0,-24.89536,9209,No
8803,546850,0.0002443195699975568,10,Bajo,3420.0,-24.83288541412167,9021,No
8804,372600,0.0001,10,Bajo,2940.0,-24.9412,9577,No
8805,394870,0.0001,10,Bajo,3600.0,-24.928,9367,No
8806,534720,0.0002443195699975568,10,Bajo,3600.0,-24.82408990960176,8985,No
8807,495630,0.0001,10,Bajo,3420.0,-24.9316,9403,No
8808,838730,0.0002443195699975568,10,Bajo,3420.0,-24.83288541412167,9022,No
8809,480730,0.0001,10,Bajo,3600.0,-24.928,9368,No
8810,506010,0.0014742014742014742,9,Bajo,2160.0,-24.363144963144965,8056,No
8811,660750,0.029005524861878452,7,Bajo,2160.0,-12.469613259668508,5607,No
8812,714690,0.0007462686567164179,9,Bajo,3600.0,-24.46268656716418,8176,No
8813,717140,0.0001,10,Bajo,3600.0,-24.928,9369,No
8814,500640,0.0001,10,Bajo,5232.0,-24.89536,9210,No
8815,763160,0.002098635886673662,9,Bajo,5232.0,-22.80398740818468,6747,No
8816,759940,0.0001,10,Bajo,2940.0,-24.9412,9578,No
8817,828010,0.0001,10,Bajo,4309.199999999999,-24.913816,9292,No
8818,380610,0.002488654662567706,9,Bajo,3060.0,-23.476943346508563,6991,No
8819,517150,0.0007462686567164179,9,Bajo,4309.199999999999,-24.356835820895522,8037,No
8820,492510,0.0001,10,Bajo,5232.0,-24.89536,9211,No
8821,761680,0.0001,10,Bajo,2940.0,-24.9412,9579,No
8822,782910,0.0007462686567164179,9,Bajo,2160.0,-24.677611940298508,8635,No
8823,782820,0.0001,10,Bajo,5232.0,-24.89536,9212,No
8824,857360,0.0001,10,Bajo,5232.0,-24.89536,9213,No
8825,583820,0.002098635886673662,9,Bajo,3600.0,-23.48898216159496,7003,No
8826,715230,0.0007462686567164179,9,Bajo,3060.0,-24.54328358208955,8269,No
8827,746350,0.0002443195699975568,10,Bajo,5232.0,-24.744344001954556,8753,No
8828,761210,0.0002443195699975568,10,Bajo,3240.0,-24.841680918641583,9063,No
8829,614970,0.0001,10,Bajo,3600.0,-24.928,9370,No
8830,701370,0.0001,10,Bajo,5232.0,-24.89536,9214,No
8831,493450,0.0001,10,Bajo,2940.0,-24.9412,9580,No
8832,735670,0.0002443195699975568,10,Bajo,4309.199999999999,-24.789435621793306,8856,No
8833,668530,0.0001,10,Bajo,2940.0,-24.9412,9581,No
8834,823360,0.002488654662567706,9,Bajo,2940.0,-23.53667105841019,7018,No
8835,577190,0.0001,10,Bajo,5232.0,-24.89536,9215,No
8836,493330,0.0002443195699975568,10,Bajo,3060.0,-24.850476423161496,9077,No
8837,841650,0.002098635886673662,9,Bajo,3420.0,-23.564533053515216,7034,No
8838,531540,0.0001,10,Bajo,4309.199999999999,-24.913816,9293,No
8839,517400,0.0001,10,Bajo,5232.0,-24.89536,9216,No
8840,772890,0.0001,10,Bajo,4309.199999999999,-24.913816,9294,No
8841,468050,0.0002443195699975568,10,Bajo,3600.0,-24.82408990960176,8986,No
8842,798870,0.0002443195699975568,10,Bajo,5232.0,-24.744344001954556,8754,No
8843,806990,0.0001,10,Bajo,3240.0,-24.9352,9430,No
8844,666420,0.0001,10,Bajo,2940.0,-24.9412,9582,No
8845,499380,0.00395882818685669,8,Bajo,3420.0,-22.292161520190025,6607,No
8846,626210,0.002488654662567706,9,Bajo,3060.0,-23.476943346508563,6992,No
8847,884560,0.0001,10,Bajo,3600.0,-24.928,9371,No
8848,720240,0.0001,10,Bajo,4309.199999999999,-24.913816,9295,No
8849,773130,0.0002443195699975568,10,Bajo,3600.0,-24.82408990960176,8987,No
8850,862290,0.0001,10,Bajo,3600.0,-24.928,9372,No
8851,734090,0.0007462686567164179,9,Bajo,2160.0,-24.677611940298508,8636,No
8852,541890,0.0014742014742014742,9,Bajo,4309.199999999999,-23.7294742014742,7104,No
8853,779850,0.0002443195699975568,10,Bajo,3420.0,-24.83288541412167,9023,No
8854,857850,0.002488654662567706,9,Bajo,3600.0,-23.20816864295125,6877,No
8855,857870,0.0014742014742014742,9,Bajo,3600.0,-23.938574938574938,7236,No
8856,722530,0.00395882818685669,8,Bajo,5232.0,-20.85748218527316,6336,No
8857,415870,0.002488654662567706,9,Bajo,4309.199999999999,-22.85517786561265,6759,No
8858,530530,0.0001,10,Bajo,4309.199999999999,-24.913816,9296,No
8859,623180,0.0002443195699975568,10,Bajo,4309.199999999999,-24.789435621793306,8857,No
8860,803090,0.0002443195699975568,10,Bajo,2160.0,-24.894453945761054,9183,No
8861,656100,0.00395882818685669,8,Bajo,3600.0,-22.149643705463184,6562,No
8862,498150,0.0001,10,Bajo,2940.0,-24.9412,9583,No
8863,733080,0.002098635886673662,9,Bajo,2160.0,-24.09338929695698,7451,No
8864,499880,0.0002443195699975568,10,Bajo,2940.0,-24.856340092841435,9092,No
8865,519790,0.0001,10,Bajo,5232.0,-24.89536,9217,No
8866,478530,0.0001,10,Bajo,3600.0,-24.928,9373,No
8867,836980,0.0001,10,Bajo,5232.0,-24.89536,9218,No
8868,382270,0.0001,10,Bajo,5232.0,-24.89536,9219,No
8869,629310,0.002098635886673662,9,Bajo,2160.0,-24.09338929695698,7452,No
8870,884160,0.0002443195699975568,10,Bajo,3600.0,-24.82408990960176,8988,No
8871,752800,0.0002443195699975568,10,Bajo,4309.199999999999,-24.789435621793306,8858,No
8872,604420,0.0001,10,Bajo,4309.199999999999,-24.913816,9297,No
8873,677200,0.0002443195699975568,10,Bajo,4309.199999999999,-24.789435621793306,8859,No
8874,614710,0.0001,10,Bajo,2940.0,-24.9412,9584,No
8875,449460,0.0014742014742014742,9,Bajo,4309.199999999999,-23.7294742014742,7105,No
8876,395550,0.0002443195699975568,10,Bajo,3420.0,-24.83288541412167,9024,No
8877,723460,0.0001,10,Bajo,3600.0,-24.928,9374,No
8878,502570,0.0001,10,Bajo,3600.0,-24.928,9375,No
8879,810000,0.0001,10,Bajo,3600.0,-24.928,9376,No
8880,787800,0.0007462686567164179,9,Bajo,2160.0,-24.677611940298508,8637,No
8881,745890,0.002488654662567706,9,Bajo,2160.0,-23.92490118577075,7228,No
8882,574160,0.0001,10,Bajo,3420.0,-24.9316,9404,No
8883,542930,0.0001,10,Bajo,4309.199999999999,-24.913816,9298,No
8884,551870,0.0002443195699975568,10,Bajo,5232.0,-24.744344001954556,8755,No
8885,740100,0.0007462686567164179,9,Bajo,5232.0,-24.21910447761194,7574,No
8886,595820,0.006359300476947535,7,Bajo,3420.0,-20.650238473767885,6323,No
8887,428950,0.0001,10,Bajo,2940.0,-24.9412,9585,No
8888,493910,0.0002443195699975568,10,Bajo,2160.0,-24.894453945761054,9184,No
8889,725610,0.0002443195699975568,10,Bajo,2940.0,-24.856340092841435,9093,No
8890,357150,0.00395882818685669,8,Bajo,5232.0,-20.85748218527316,6337,No
8891,709070,0.0001,10,Bajo,2940.0,-24.9412,9586,No
8892,509510,0.0001,10,Bajo,3600.0,-24.928,9377,No
8893,509530,0.0002443195699975568,10,Bajo,3600.0,-24.82408990960176,8989,No
8894,751690,0.0002443195699975568,10,Bajo,3600.0,-24.82408990960176,8990,No
8895,831160,0.0002443195699975568,10,Bajo,3600.0,-24.82408990960176,8991,No
8896,586140,0.002098635886673662,9,Bajo,3420.0,-23.564533053515216,7035,No
8897,619040,0.0002443195699975568,10,Bajo,2940.0,-24.856340092841435,9094,No
8898,557720,0.0002443195699975568,10,Bajo,3600.0,-24.82408990960176,8992,No
8899,765730,0.0001,10,Bajo,4309.199999999999,-24.913816,9299,No
8900,419870,0.0001,10,Bajo,4309.199999999999,-24.913816,9300,No
8901,765430,0.002098635886673662,9,Bajo,4309.199999999999,-23.19131164742917,6859,No
8902,500650,0.0001,10,Bajo,2940.0,-24.9412,9587,No
8903,860570,0.0002443195699975568,10,Bajo,3060.0,-24.850476423161496,9078,No
8904,594000,0.0014742014742014742,9,Bajo,5232.0,-23.457395577395577,6981,No
8905,826210,0.002488654662567706,9,Bajo,3600.0,-23.20816864295125,6878,No
8906,534030,0.0014742014742014742,9,Bajo,4309.199999999999,-23.7294742014742,7106,No
8907,525290,0.0001,10,Bajo,5232.0,-24.89536,9220,No
8908,822380,0.0002443195699975568,10,Bajo,4309.199999999999,-24.789435621793306,8860,No
8909,451030,0.0002443195699975568,10,Bajo,2940.0,-24.856340092841435,9095,No
8910,887990,0.0002443195699975568,10,Bajo,3420.0,-24.83288541412167,9025,No
8911,839380,0.00395882818685669,8,Bajo,5232.0,-20.85748218527316,6338,No
8912,670330,0.0002443195699975568,10,Bajo,3600.0,-24.82408990960176,8993,No
8913,407070,0.002098635886673662,9,Bajo,3600.0,-23.48898216159496,7004,No
8914,513080,0.0001,10,Bajo,3600.0,-24.928,9378,No
8915,529410,0.00395882818685669,8,Bajo,3060.0,-22.577197149643705,6686,No
8916,691180,0.0002443195699975568,10,Bajo,4309.199999999999,-24.789435621793306,8861,No
8917,618840,0.0014742014742014742,9,Bajo,4309.199999999999,-23.7294742014742,7107,No
8918,395780,0.0014742014742014742,9,Bajo,3600.0,-23.938574938574938,7237,No
8919,603590,0.0002443195699975568,10,Bajo,4309.199999999999,-24.789435621793306,8862,No
8920,401990,0.002488654662567706,9,Bajo,3600.0,-23.20816864295125,6879,No
8921,610200,0.002488654662567706,9,Bajo,3600.0,-23.20816864295125,6880,No
8922,816150,0.0002443195699975568,10,Bajo,3600.0,-24.82408990960176,8994,No
8923,685750,0.0002443195699975568,10,Bajo,3600.0,-24.82408990960176,8995,No
8924,794270,0.0001,10,Bajo,5232.0,-24.89536,9221,No
8925,550400,0.0001,10,Bajo,2940.0,-24.9412,9588,No
8926,684580,0.0007462686567164179,9,Bajo,5232.0,-24.21910447761194,7575,No
8927,703640,0.002098635886673662,9,Bajo,2160.0,-24.09338929695698,7453,No
8928,410640,0.0001,10,Bajo,3240.0,-24.9352,9431,No
8929,535530,0.0002443195699975568,10,Bajo,3420.0,-24.83288541412167,9026,No
8930,391320,0.0002443195699975568,10,Bajo,3600.0,-24.82408990960176,8996,No
8931,746060,0.0014742014742014742,9,Bajo,2160.0,-24.363144963144965,8057,No
8932,479160,0.0002443195699975568,10,Bajo,4309.199999999999,-24.789435621793306,8863,No
8933,458390,0.0001,10,Bajo,2940.0,-24.9412,9589,No
8934,578310,0.0014742014742014742,9,Bajo,2940.0,-24.133169533169532,7483,No
8935,380420,0.0001,10,Bajo,3240.0,-24.9352,9432,No
8936,519530,0.002488654662567706,9,Bajo,4309.199999999999,-22.85517786561265,6760,No
8937,465610,0.0001,10,Bajo,4309.199999999999,-24.913816,9301,No
8938,500370,0.0001,10,Bajo,5232.0,-24.89536,9222,No
8939,30710,0.3372395833333333,5,Medio,5232.0,327.8875,207,Sí
8940,42000,0.25,6,Medio,5232.0,236.60000000000002,317,Sí
8941,346790,0.009259259259259259,7,Bajo,3600.0,-18.333333333333332,6057,No
8942,358540,0.11088295687885011,6,Bajo,3420.0,50.84394250513347,2643,Sí
8943,377880,0.00395882818685669,8,Bajo,5232.0,-20.85748218527316,6339,No
8944,395030,0.015706806282722516,7,Bajo,4309.199999999999,-11.46324607329843,5552,No
8945,396640,0.0038314176245210726,8,Bajo,2940.0,-22.74712643678161,6733,No
8946,396960,0.002488654662567706,9,Bajo,2940.0,-23.53667105841019,7019,No
8947,400450,0.17019027484143764,6,Bajo,3660.0,99.57928118393237,1148,Sí
8948,522970,0.0014742014742014742,9,Bajo,3420.0,-23.99164619164619,7391,No
8949,528370,0.0001,10,Bajo,5232.0,-24.89536,9223,No
8950,529150,0.002488654662567706,9,Bajo,3420.0,-23.297760210803688,6895,No
8951,551690,0.002488654662567706,9,Bajo,3600.0,-23.20816864295125,6881,No
8952,553840,0.002098635886673662,9,Bajo,3600.0,-23.48898216159496,7005,No
8953,559060,0.0014742014742014742,9,Bajo,2940.0,-24.133169533169532,7484,No
8954,571540,0.006359300476947535,7,Bajo,3420.0,-20.650238473767885,6324,No
8955,591360,0.0014742014742014742,9,Bajo,2940.0,-24.133169533169532,7485,No
8956,616680,0.041237113402061855,7,Bajo,3060.0,0.23711340206185483,4957,Sí
8957,619360,0.0007462686567164179,9,Bajo,2940.0,-24.561194029850746,8415,No
8958,647140,0.0014742014742014742,9,Bajo,2940.0,-24.133169533169532,7486,No
8959,663600,0.00395882818685669,8,Bajo,3600.0,-22.149643705463184,6563,No
8960,698800,0.060294117647058824,7,Bajo,5232.0,38.09176470588236,3195,Sí
8961,714840,0.002488654662567706,9,Bajo,3660.0,-23.17830478700044,6844,No
8962,745480,0.002488654662567706,9,Bajo,4309.199999999999,-22.85517786561265,6761,No
8963,752430,0.0001,10,Bajo,5232.0,-24.89536,9224,No
8964,762790,0.0002443195699975568,10,Bajo,5232.0,-24.744344001954556,8756,No
8965,766140,0.030010172939979655,7,Bajo,5232.0,6.402644964394714,4664,Sí
8966,783880,0.002488654662567706,9,Bajo,2940.0,-23.53667105841019,7020,No
8967,813650,0.0002443195699975568,10,Bajo,4309.199999999999,-24.789435621793306,8864,No
8968,817110,0.002488654662567706,9,Bajo,3600.0,-23.20816864295125,6882,No
8969,819420,0.11088295687885011,6,Bajo,3660.0,56.16632443531827,2553,Sí
8970,827170,0.0014742014742014742,9,Bajo,3600.0,-23.938574938574938,7238,No
8971,828660,0.0014742014742014742,9,Bajo,3600.0,-23.938574938574938,7239,No
8972,841760,0.006359300476947535,7,Bajo,5232.0,-18.3456279809221,6058,No
8973,850760,0.030010172939979655,7,Bajo,3600.0,-3.3926754832146457,5135,No
8974,867610,0.002098635886673662,9,Bajo,4309.199999999999,-23.19131164742917,6860,No
8975,870500,0.0007462686567164179,9,Bajo,2940.0,-24.561194029850746,8416,No
8976,887210,0.060294117647058824,7,Bajo,5232.0,38.09176470588236,3196,Sí
8977,530240,0.0002443195699975568,10,Bajo,3600.0179999999996,-24.824089030051308,8956,No
8978,834400,0.0002443195699975568,10,Bajo,2944.341645,-24.856127943073542,9084,No
8979,37040,0.9148387096774193,1,Alto,5204.496969000001,927.2550583280001,34,Sí
8980,10960,0.751269035532995,2,Alto,3455.1080100000004,494.1431324670052,139,Sí
8981,11840,0.9929873772791024,1,Alto,3435.096,657.2013935483872,92,Sí
8982,282030,0.577212020033389,4,Alto,3007.2216300000005,322.1608943480802,213,Sí
8983,370110,0.6460905349794238,3,Alto,3136.5,380.29259259259254,182,Sí
8984,717160,0.060294117647058824,7,Bajo,3136.5,12.822500000000005,4342,Sí
8985,863310,0.0001,10,Bajo,3013.5,-24.93973,9546,No
8986,863320,0.0001,10,Bajo,3013.5,-24.93973,9547,No
8987,842310,0.0001,10,Bajo,3136.5,-24.93727,9528,No
8988,551330,0.0001,10,Bajo,3013.5,-24.93973,9548,No
8989,610440,0.0002443195699975568,10,Bajo,3505.5,-24.828707549474714,9003,No
8990,815340,0.0002443195699975568,10,Bajo,2216.3759999999997,-24.89169919374542,9171,No
8991,462430,0.002488654662567706,9,Bajo,2178.596175,-23.915645294246815,7223,No
8992,21020,0.9929873772791024,1,Alto,4470.794999999999,862.8886002805048,41,Sí
8993,757200,0.0001,10,Bajo,3050.25,-24.938995,9545,No
8994,417130,0.0001,10,Bajo,3553.256025,-24.9289348795,9379,No
8995,548240,0.0007462686567164179,9,Bajo,3754.1349,-24.439681358208954,8101,No
8996,626060,0.002488654662567706,9,Bajo,5466.48516,-22.279161243741765,6602,No
8997,444780,0.0014742014742014742,9,Bajo,3762.0,-23.890810810810812,7211,No
8998,708800,0.0002443195699975568,10,Bajo,3770.4672000000005,-24.815760215001223,8948,No
8999,92510,0.98046875,1,Alto,3024.0,567.9875000000001,117,Sí
9000,81570,0.7387958410713422,3,Alto,4461.659999999999,634.2511704548729,100,Sí
9001,460400,0.0014742014742014742,9,Bajo,5493.599999999999,-23.380265356265355,6958,No
9002,573260,0.0001,10,Bajo,5493.599999999999,-24.890128,9162,No
9003,864320,0.0002443195699975568,10,Bajo,3780.0,-24.815294405081847,8946,No
9004,712420,0.00395882818685669,8,Bajo,3780.0,-22.007125890736344,6546,No
9005,765320,0.0001,10,Bajo,4524.659999999999,-24.9095068,9252,No
9006,872580,0.0001,10,Bajo,3087.0,-24.93826,9535,No
9007,759090,0.0002443195699975568,10,Bajo,3780.0,-24.815294405081847,8947,No
9008,837990,0.002488654662567706,9,Bajo,5493.599999999999,-22.26566534914361,6597,No
9009,575600,0.0014742014742014742,9,Bajo,4524.659999999999,-23.66594791154791,7074,No
9010,612190,0.0001,10,Bajo,5502.630432000001,-24.88994739136,9161,No
9011,713270,0.029005524861878452,7,Bajo,3811.9923000000003,-2.8862325138121534,5114,No
9012,688780,0.0002443195699975568,10,Bajo,3631.57659,-24.8225469538236,8955,No
9013,139130,0.6460905349794238,3,Alto,4585.7526057,567.5622708599999,118,Sí
9014,523680,0.0002443195699975568,10,Bajo,5585.430756,-24.72707399188859,8697,No
9015,540420,0.0001,10,Bajo,3150.859005,-24.9369828199,9527,No
9016,558970,0.00395882818685669,8,Bajo,4006.347717,-21.82791154631829,6516,No
9017,673830,0.6460905349794238,3,Alto,4567.889999999999,565.254098765432,119,Sí
9018,223650,0.2069237416186202,6,Medio,4632.389999999999,166.710294287336,404,Sí
9019,603760,0.002488654662567706,9,Bajo,3870.0,-23.073781291172594,6826,No
9020,556020,0.002488654662567706,9,Bajo,3289.5,-23.362714097496706,6954,No
9021,653680,0.015706806282722516,7,Bajo,3676.5,-13.450785340314134,5658,No
9022,569630,0.015706806282722516,7,Bajo,3676.5,-13.450785340314134,5659,No
9023,554040,0.0001,10,Bajo,3160.5,-24.93679,9525,No
9024,859450,0.0001,10,Bajo,3870.0,-24.9226,9334,No
9025,395470,0.0001,10,Bajo,3160.5,-24.93679,9526,No
9026,672820,0.002098635886673662,9,Bajo,3870.0,-23.375655823714585,6956,No
9027,747010,0.00395882818685669,8,Bajo,3870.0,-21.93586698337292,6526,No
9028,621290,0.0014742014742014742,9,Bajo,2594.1893999999998,-24.235128432432433,7581,No
9029,63780,0.999476961593071,1,Alto,3641.1102000000005,702.8411519043079,75,Sí
9030,698840,0.0002443195699975568,10,Bajo,3910.5017999999995,-24.808917576349867,8938,No
9031,497520,0.00395882818685669,8,Bajo,5382.247211999999,-20.73852160570071,6331,No
9032,496230,0.0001,10,Bajo,5729.04,-24.8854192,9158,No
9033,823600,0.0001,10,Bajo,3226.402304999999,-24.9354719539,9442,No
9034,648300,0.9148387096774193,1,Alto,3960.0,699.5522580645162,76,Sí
9035,406510,0.0014742014742014742,9,Bajo,3960.0,-23.832432432432434,7167,No
9036,775740,0.002098635886673662,9,Bajo,3960.0,-23.33788037775446,6945,No
9037,563320,0.0001,10,Bajo,3234.0,-24.93532,9433,No
9038,581900,0.0002443195699975568,10,Bajo,3960.0,-24.806498900561934,8932,No
9039,422010,0.0001,10,Bajo,3234.0,-24.93532,9434,No
9040,389550,0.0007462686567164179,9,Bajo,4740.119999999999,-24.292519402985075,7654,No
9041,834390,0.002488654662567706,9,Bajo,3960.0747,-23.02894832674572,6816,No
9042,391040,0.0001,10,Bajo,3960.0747,-24.920798506,9329,No
9043,671560,0.0002443195699975568,10,Bajo,5781.1023239999995,-24.71751271321769,8693,No
9044,856850,0.17019027484143764,6,Bajo,2331.252,54.35128372093024,2568,Sí
9045,720170,0.0002443195699975568,10,Bajo,5820.599999999999,-24.715582702174444,8692,No
9046,580990,0.0014742014742014742,9,Bajo,3503.9284800000005,-23.966900693857493,7379,No
9047,317950,0.3659767298402987,5,Medio,3847.5,256.6190936121099,294,Sí
9048,190420,0.46200475757751447,4,Medio,5886.0,518.8720006202501,130,Sí
9049,214100,0.9950980392156863,1,Alto,3780.0,727.2941176470589,71,Sí
9050,139480,0.8339060710194731,2,Alto,5886.0,956.6742268041238,29,Sí
9051,104610,0.9005328596802842,1,Alto,4780.349999999999,835.9724511545292,47,Sí
9052,48350,0.2586476375832887,5,Medio,3240.0,142.60366915397108,438,Sí
9053,24290,0.98046875,1,Alto,3982.5,755.943359375,68,Sí
9054,55120,0.999476961593071,1,Alto,3240.0,622.66107111231,101,Sí
9055,128370,0.999476961593071,1,Alto,5818.5,1138.0913402058568,18,Sí
9056,537190,0.8339060710194731,2,Alto,5886.0,956.6742268041238,30,Sí
9057,263300,0.4325937092181664,5,Medio,3780.0,302.0408441689338,238,Sí
9058,317540,0.4325937092181664,5,Medio,5886.0,484.2493144916255,142,Sí
9059,267180,0.3659767298402987,5,Medio,4847.849999999999,329.8400579512584,203,Sí
9060,395290,0.5417406749555951,4,Alto,3982.5,406.49644760213147,170,Sí
9061,13570,0.672451290504297,3,Alto,5818.5,757.5315667598504,67,Sí
9062,288540,0.9148387096774193,1,Alto,3442.5,604.8664516129032,106,Sí
9063,342500,0.23846153846153842,6,Medio,3240.0,129.5230769230769,669,Sí
9064,107910,0.4672268907563025,4,Medio,3982.5,347.146218487395,193,Sí
9065,182380,0.9367088607594937,1,Alto,3307.5,594.632911392405,110,Sí
9066,306160,0.9367088607594937,1,Alto,5818.5,1065.0481012658229,21,Sí
9067,129340,0.7103092783505155,3,Alto,4050.0,550.3505154639175,124,Sí
9068,129220,0.8301886792452831,2,Alto,5818.5,941.0905660377359,31,Sí
9069,62030,0.9148387096774193,1,Alto,5818.5,1039.597806451613,23,Sí
9070,172010,0.776685393258427,2,Alto,5886.0,889.3140449438204,36,Sí
9071,319770,0.8339060710194731,2,Alto,4050.0,650.4639175257732,94,Sí
9072,19680,0.3992828611200487,5,Medio,3645.0,266.0772057565155,285,Sí
9073,81900,0.6460905349794238,3,Alto,4050.0,498.33333333333326,136,Sí
9074,881610,0.3372395833333333,5,Medio,4050.0,248.1640625,297,Sí
9075,283740,0.577212020033389,4,Alto,4847.849999999999,534.6474582637729,128,Sí
9076,420080,0.7103092783505155,3,Alto,3982.5,540.7613402061855,126,Sí
9077,460860,0.2731707317073171,5,Medio,4050.0,196.26829268292687,382,Sí
9078,490920,0.6980392156862745,3,Alto,4780.349999999999,642.3743529411764,99,Sí
9079,808230,0.3372395833333333,5,Medio,4050.0,248.1640625,298,Sí
9080,287870,0.7995735607675906,2,Alto,4050.0,622.6545842217485,102,Sí
9081,44110,0.7387958410713422,3,Alto,3982.5,563.4508874133242,120,Sí
9082,353960,0.4490472245236123,4,Medio,4050.0,338.728251864126,199,Sí
9083,526110,0.776685393258427,2,Alto,5886.0,889.3140449438204,37,Sí
9084,530370,0.08191489361702127,6,Bajo,3307.5,29.18670212765958,3612,Sí
9085,455720,0.22448979591836735,6,Medio,4050.0,156.83673469387756,417,Sí
9086,156050,0.4155701754385965,5,Medio,3442.5,261.1200657894737,290,Sí
9087,130370,0.3372395833333333,5,Medio,4847.849999999999,301.97738281249997,239,Sí
9088,563780,0.08709016393442623,6,Bajo,3982.5,44.3673155737705,2986,Sí
9089,542040,0.577212020033389,4,Alto,5886.0,654.4939899833056,93,Sí
9090,881650,0.2527472527472528,6,Medio,4780.349999999999,216.64406593406596,355,Sí
9091,558180,0.8339060710194731,2,Alto,4847.849999999999,783.5303092783505,61,Sí
9092,515140,0.006359300476947535,7,Bajo,5886.0,-17.513831478537362,5982,No
9093,25400,0.6700336700336701,3,Alto,3982.5,508.68181818181824,134,Sí
9094,510950,0.21199143468950749,6,Medio,5886.0,224.5563169164882,342,Sí
9095,789860,0.11088295687885011,6,Bajo,3982.5,63.31827515400411,2215,Sí
9096,344410,0.002488654662567706,9,Bajo,4780.349999999999,-22.620671936758892,6709,No
9097,541550,0.3551617873651772,5,Medio,4847.849999999999,319.3542141756548,218,Sí
9098,468920,0.08191489361702127,6,Bajo,4050.0,41.351063829787236,3071,Sí
9099,552780,0.17019027484143764,6,Bajo,3442.5,92.17600422832983,1339,Sí
9100,438260,0.002098635886673662,9,Bajo,3307.5,-23.611752360965372,7065,No
9101,690020,0.060294117647058824,7,Bajo,3780.0,20.582352941176474,3985,Sí
9102,130840,0.023278722920911196,7,Bajo,4847.849999999999,-2.4296486175721306,5074,No
9103,462080,0.17485265225933203,6,Bajo,3982.5,114.27013752455795,838,Sí
9104,620250,0.08709016393442623,6,Bajo,3982.5,44.3673155737705,2987,Sí
9105,647010,0.08709016393442623,6,Bajo,4050.0,45.54303278688525,2940,Sí
9106,798020,0.060294117647058824,7,Bajo,5886.0,45.97823529411765,2885,Sí
9107,814850,0.08191489361702127,6,Bajo,4847.849999999999,54.42222340425532,2567,Sí
9108,661000,0.2731707317073171,5,Medio,5886.0,296.5765853658537,246,Sí
9109,77270,0.9005328596802842,1,Alto,3240.0,558.5452930728242,122,Sí
9110,875160,0.002488654662567706,9,Bajo,5886.0,-22.0703557312253,6554,No
9111,815010,0.21199143468950749,6,Medio,3847.5,138.127408993576,535,Sí
9112,435700,0.00395882818685669,8,Bajo,4050.0,-21.79334916864608,6508,No
9113,614680,0.005385996409335727,8,Bajo,4050.0,-20.63734290843806,6319,No
9114,615900,0.00395882818685669,8,Bajo,4050.0,-21.79334916864608,6509,No
9115,668780,0.00395882818685669,8,Bajo,4050.0,-21.79334916864608,6510,No
9116,817150,0.041237113402061855,7,Bajo,4050.0,8.402061855670105,4583,Sí
9117,167980,0.98046875,1,Alto,3982.5,755.943359375,69,Sí
9118,461690,0.00395882818685669,8,Bajo,3982.5,-21.846793349168646,6518,No
9119,568050,0.015706806282722516,7,Bajo,4050.0,-12.277486910994762,5601,No
9120,877120,0.1077166035818055,6,Bajo,5886.0,101.80398573650143,1081,Sí
9121,365590,0.060294117647058824,7,Bajo,3847.5,21.396323529411767,3952,Sí
9122,375820,0.00395882818685669,8,Bajo,3307.5,-22.3812351543943,6630,No
9123,717900,0.030010172939979655,7,Bajo,3847.5,-1.9071719226856558,5040,No
9124,561490,0.009259259259259259,7,Bajo,4050.0,-17.5,5980,No
9125,384420,0.002488654662567706,9,Bajo,3307.5,-23.35375494071146,6952,No
9126,490570,0.030010172939979655,7,Bajo,4050.0,-0.69175991861648,4992,No
9127,583140,0.060294117647058824,7,Bajo,5886.0,45.97823529411765,2886,Sí
9128,855710,0.009259259259259259,7,Bajo,4050.0,-17.5,5981,No
9129,543000,0.002098635886673662,9,Bajo,5886.0,-22.529485834207765,6680,No
9130,616990,0.00395882818685669,8,Bajo,3307.5,-22.3812351543943,6631,No
9131,639420,0.00395882818685669,8,Bajo,3240.0,-22.434679334916865,6659,No
9132,400080,0.030010172939979655,7,Bajo,5886.0,10.327975584944049,4465,Sí
9133,849420,0.002488654662567706,9,Bajo,4050.0,-22.984189723320156,6800,No
9134,547570,0.00395882818685669,8,Bajo,4780.349999999999,-21.215083135391925,6446,No
9135,722430,0.006359300476947535,7,Bajo,4050.0,-19.848966613672495,6190,No
9136,603780,0.0002443195699975568,10,Bajo,3240.0,-24.841680918641583,9064,No
9137,712460,0.002488654662567706,9,Bajo,3982.5,-23.017786561264824,6815,No
9138,531570,0.0007462686567164179,9,Bajo,4050.0,-24.395522388059703,8071,No
9139,759520,0.002488654662567706,9,Bajo,3240.0,-23.387351778656125,6960,No
9140,665920,0.0038314176245210726,8,Bajo,4050.0,-21.896551724137932,6523,No
9141,655290,0.005385996409335727,8,Bajo,3442.5,-21.29174147217235,6459,No
9142,410290,0.0014742014742014742,9,Bajo,4847.849999999999,-23.570658476658476,7037,No
9143,373610,0.002488654662567706,9,Bajo,5886.0,-22.0703557312253,6555,No
9144,450290,0.006097560975609756,8,Bajo,3442.5,-20.801829268292682,6333,No
9145,833780,0.0014742014742014742,9,Bajo,3307.5,-24.024815724815724,7416,No
9146,786690,0.0038314176245210726,8,Bajo,3307.5,-22.46551724137931,6669,No
9147,857720,0.041237113402061855,7,Bajo,3847.5,6.731958762886599,4659,Sí
9148,493250,0.002488654662567706,9,Bajo,4050.0,-22.984189723320156,6801,No
9149,436810,0.002488654662567706,9,Bajo,3240.0,-23.387351778656125,6961,No
9150,496710,0.0007462686567164179,9,Bajo,4050.0,-24.395522388059703,8072,No
9151,855480,0.002098635886673662,9,Bajo,4050.0,-23.300104931794333,6896,No
9152,393040,0.002488654662567706,9,Bajo,5886.0,-22.0703557312253,6556,No
9153,495310,0.0001,10,Bajo,5886.0,-24.88228,9149,No
9154,598460,0.0001,10,Bajo,4050.0,-24.919,9320,No
9155,660920,0.0014742014742014742,9,Bajo,3847.5,-23.865601965601964,7206,No
9156,628920,0.00395882818685669,8,Bajo,4050.0,-21.79334916864608,6511,No
9157,520320,0.029005524861878452,7,Bajo,3847.5,-2.6802486187845282,5096,No
9158,548730,0.002488654662567706,9,Bajo,4050.0,-22.984189723320156,6802,No
9159,375450,0.002488654662567706,9,Bajo,4050.0,-22.984189723320156,6803,No
9160,398270,0.002488654662567706,9,Bajo,4050.0,-22.984189723320156,6804,No
9161,642930,0.002488654662567706,9,Bajo,4050.0,-22.984189723320156,6805,No
9162,873430,0.002488654662567706,9,Bajo,4050.0,-22.984189723320156,6806,No
9163,873640,0.002488654662567706,9,Bajo,4050.0,-22.984189723320156,6807,No
9164,558650,0.00395882818685669,8,Bajo,3442.5,-22.274346793349167,6600,No
9165,649370,0.009259259259259259,7,Bajo,3442.5,-18.625,6072,No
9166,389560,0.0002443195699975568,10,Bajo,4050.0,-24.80210114830198,8871,No
9167,447820,0.00395882818685669,8,Bajo,4050.0,-21.79334916864608,6512,No
9168,669790,0.002488654662567706,9,Bajo,4780.349999999999,-22.620671936758892,6710,No
9169,672320,0.00395882818685669,8,Bajo,4050.0,-21.79334916864608,6513,No
9170,667940,0.002488654662567706,9,Bajo,4050.0,-22.984189723320156,6808,No
9171,524720,0.0002443195699975568,10,Bajo,4847.849999999999,-24.76311507451747,8793,No
9172,408780,0.0001,10,Bajo,3307.5,-24.93385,9406,No
9173,383980,0.0002443195699975568,10,Bajo,4050.0,-24.80210114830198,8872,No
9174,535050,0.002488654662567706,9,Bajo,3442.5,-23.286561264822133,6891,No
9175,532130,0.0001,10,Bajo,4050.0,-24.919,9321,No
9176,699700,0.0014742014742014742,9,Bajo,4050.0,-23.805896805896808,7149,No
9177,752890,0.0001,10,Bajo,4050.0,-24.919,9322,No
9178,489210,0.002488654662567706,9,Bajo,3847.5,-23.08498023715415,6827,No
9179,546960,0.0002443195699975568,10,Bajo,4050.0,-24.80210114830198,8873,No
9180,802720,0.0002443195699975568,10,Bajo,3847.5,-24.81199609088688,8939,No
9181,796700,0.0002443195699975568,10,Bajo,4847.849999999999,-24.76311507451747,8794,No
9182,791710,0.006359300476947535,7,Bajo,5886.0,-17.513831478537362,5983,No
9183,666140,0.0002443195699975568,10,Bajo,4050.0,-24.80210114830198,8874,No
9184,489410,0.0014742014742014742,9,Bajo,3307.5,-24.024815724815724,7417,No
9185,828250,0.0014742014742014742,9,Bajo,4050.0,-23.805896805896808,7150,No
9186,854330,0.006359300476947535,7,Bajo,4050.0,-19.848966613672495,6191,No
9187,512610,0.0001,10,Bajo,4847.849999999999,-24.903043,9239,No
9188,383970,0.0001,10,Bajo,3307.5,-24.93385,9407,No
9189,768940,0.0002443195699975568,10,Bajo,3645.0,-24.821891033471783,8954,No
9190,481010,0.0014742014742014742,9,Bajo,2430.0,-24.283538083538083,7614,No
9191,404480,0.0002443195699975568,10,Bajo,3307.5,-24.838382604446615,9034,No
9192,710090,0.006359300476947535,7,Bajo,4050.0,-19.848966613672495,6192,No
9193,750910,0.0001,10,Bajo,3307.5,-24.93385,9408,No
9194,616230,0.0001,10,Bajo,4847.849999999999,-24.903043,9240,No
9195,643170,0.0002443195699975568,10,Bajo,4847.849999999999,-24.76311507451747,8795,No
9196,402030,0.0014742014742014742,9,Bajo,4050.0,-23.805896805896808,7151,No
9197,649180,0.0001,10,Bajo,3307.5,-24.93385,9409,No
9198,728410,0.0007462686567164179,9,Bajo,3847.5,-24.425746268656717,8096,No
9199,648670,0.0002443195699975568,10,Bajo,3847.5,-24.81199609088688,8940,No
9200,585470,0.002098635886673662,9,Bajo,5886.0,-22.529485834207765,6681,No
9201,495750,0.0001,10,Bajo,3307.5,-24.93385,9410,No
9202,491350,0.0002443195699975568,10,Bajo,3307.5,-24.838382604446615,9035,No
9203,881620,0.0002443195699975568,10,Bajo,4050.0,-24.80210114830198,8875,No
9204,407580,0.0002443195699975568,10,Bajo,4050.0,-24.80210114830198,8876,No
9205,364900,0.002098635886673662,9,Bajo,3645.0,-23.4700944386149,6986,No
9206,560530,0.002488654662567706,9,Bajo,4050.0,-22.984189723320156,6809,No
9207,495880,0.0002443195699975568,10,Bajo,4050.0,-24.80210114830198,8877,No
9208,469450,0.0001,10,Bajo,3307.5,-24.93385,9411,No
9209,522950,0.0001,10,Bajo,5886.0,-24.88228,9150,No
9210,541450,0.0001,10,Bajo,3307.5,-24.93385,9412,No
9211,867070,0.0001,10,Bajo,3307.5,-24.93385,9413,No
9212,820250,0.0007462686567164179,9,Bajo,3442.5,-24.486194029850747,8250,No
9213,707640,0.0002443195699975568,10,Bajo,4050.0,-24.80210114830198,8878,No
9214,613030,0.0001,10,Bajo,4050.0,-24.919,9323,No
9215,367280,0.0001,10,Bajo,4780.349999999999,-24.904393,9247,No
9216,391290,0.0014742014742014742,9,Bajo,4847.849999999999,-23.570658476658476,7038,No
9217,514520,0.0001,10,Bajo,5886.0,-24.88228,9151,No
9218,660220,0.0014742014742014742,9,Bajo,4050.0,-23.805896805896808,7152,No
9219,371480,0.002098635886673662,9,Bajo,4050.0,-23.300104931794333,6897,No
9220,712470,0.0001,10,Bajo,3307.5,-24.93385,9414,No
9221,493520,0.0001,10,Bajo,4050.0,-24.919,9324,No
9222,400840,0.015706806282722516,7,Bajo,4050.0,-12.277486910994762,5602,No
9223,475490,0.0001,10,Bajo,3307.5,-24.93385,9415,No
9224,555670,0.0001,10,Bajo,3645.0,-24.9271,9347,No
9225,411520,0.002488654662567706,9,Bajo,5886.0,-22.0703557312253,6557,No
9226,556260,0.0001,10,Bajo,5886.0,-24.88228,9152,No
9227,727130,0.0002443195699975568,10,Bajo,4050.0,-24.80210114830198,8879,No
9228,668350,0.0001,10,Bajo,3307.5,-24.93385,9416,No
9229,387470,0.0014742014742014742,9,Bajo,4847.849999999999,-23.570658476658476,7039,No
9230,561130,0.002488654662567706,9,Bajo,4847.849999999999,-22.58707509881423,6705,No
9231,487230,0.0001,10,Bajo,4050.0,-24.919,9325,No
9232,836990,0.0001,10,Bajo,4847.849999999999,-24.903043,9241,No
9233,498760,0.0002443195699975568,10,Bajo,3847.5,-24.81199609088688,8941,No
9234,619240,0.0007462686567164179,9,Bajo,4050.0,-24.395522388059703,8073,No
9235,772260,0.0001,10,Bajo,4847.849999999999,-24.903043,9242,No
9236,474650,0.0007462686567164179,9,Bajo,4050.0,-24.395522388059703,8074,No
9237,619780,0.0001,10,Bajo,4050.0,-24.919,9326,No
9238,880910,0.0002443195699975568,10,Bajo,3307.5,-24.838382604446615,9036,No
9239,490450,0.0002443195699975568,10,Bajo,4847.849999999999,-24.76311507451747,8796,No
9240,872670,0.0001,10,Bajo,4050.0,-24.919,9327,No
9241,609450,0.0002443195699975568,10,Bajo,3307.5,-24.838382604446615,9037,No
9242,520650,0.0001,10,Bajo,3645.0,-24.9271,9348,No
9243,832250,0.0001,10,Bajo,3645.0,-24.9271,9349,No
9244,499310,0.0001,10,Bajo,5886.0,-24.88228,9153,No
9245,645860,0.0002443195699975568,10,Bajo,4050.0,-24.80210114830198,8880,No
9246,864100,0.0001,10,Bajo,3307.5,-24.93385,9417,No
9247,887470,0.0001,10,Bajo,4847.849999999999,-24.903043,9243,No
9248,825760,0.0002443195699975568,10,Bajo,3847.5,-24.81199609088688,8942,No
9249,769820,0.0001,10,Bajo,4847.849999999999,-24.903043,9244,No
9250,100930,0.4325937092181664,5,Medio,0.0,-25.0,9999,No
9251,482340,0.0001,10,Bajo,3307.5,-24.93385,9418,No
9252,379840,0.006359300476947535,7,Bajo,4050.0,-19.848966613672495,6193,No
9253,503850,0.0001,10,Bajo,4847.849999999999,-24.903043,9245,No
9254,824610,0.0001,10,Bajo,4050.0,-24.919,9328,No
9255,853270,0.0001,10,Bajo,3307.5,-24.93385,9419,No
9256,712150,0.0001,10,Bajo,3307.5,-24.93385,9420,No
9257,411810,0.0002443195699975568,10,Bajo,5886.0,-24.712387002198877,8689,No
9258,412730,0.0002443195699975568,10,Bajo,5886.0,-24.712387002198877,8690,No
9259,869190,0.0001,10,Bajo,3307.5,-24.93385,9421,No
9260,411870,0.0002443195699975568,10,Bajo,4050.0,-24.80210114830198,8881,No
9261,878240,0.0002443195699975568,10,Bajo,4050.0,-24.80210114830198,8882,No
9262,505200,0.0001,10,Bajo,4847.849999999999,-24.903043,9246,No
9263,847370,0.0001,10,Bajo,3645.0,-24.9271,9350,No
9264,542120,0.0002443195699975568,10,Bajo,3847.5,-24.81199609088688,8943,No
9265,741820,0.0002443195699975568,10,Bajo,3847.5,-24.81199609088688,8944,No
9266,657790,0.0014742014742014742,9,Bajo,4050.0,-23.805896805896808,7153,No
9267,711420,0.00395882818685669,8,Bajo,3442.5,-22.274346793349167,6601,No
9268,610170,0.002488654662567706,9,Bajo,3307.5,-23.35375494071146,6953,No
9269,790460,0.00395882818685669,8,Bajo,4050.0,-21.79334916864608,6514,No
9270,595680,0.002488654662567706,9,Bajo,3847.5,-23.08498023715415,6828,No
9271,519180,0.0001,10,Bajo,3645.0,-24.9271,9351,No
9272,579750,0.0002443195699975568,10,Bajo,4050.0,-24.80210114830198,8883,No
9273,714190,0.0014742014742014742,9,Bajo,4050.0,-23.805896805896808,7154,No
9274,442160,0.002488654662567706,9,Bajo,4050.0,-22.984189723320156,6810,No
9275,353450,0.0002443195699975568,10,Bajo,4847.849999999999,-24.76311507451747,8797,No
9276,717590,0.0001,10,Bajo,3307.5,-24.93385,9422,No
9277,21940,0.015706806282722516,7,Bajo,3847.5,-12.913612565445025,5633,No
9278,525340,0.00395882818685669,8,Bajo,4050.0,-21.79334916864608,6515,No
9279,616070,0.005385996409335727,8,Bajo,4050.0,-20.63734290843806,6320,No
9280,807790,0.015706806282722516,7,Bajo,3307.5,-14.609947643979055,5771,No
9281,230620,0.9929873772791024,1,Alto,5911.796375999999,1149.0678356824683,14,Sí
9282,565380,0.002098635886673662,9,Bajo,5912.16,-22.518505771248687,6677,No
9283,806250,0.0014742014742014742,9,Bajo,4069.5723000000003,-23.800126103194103,7147,No
9284,856910,0.002098635886673662,9,Bajo,4077.0414,-23.288754921301155,6892,No
9285,821570,0.0001,10,Bajo,3675.2057099999997,-24.9264958858,9346,No
9286,620730,0.0007462686567164179,9,Bajo,2722.4166,-24.593669164179104,8447,No
9287,463140,0.6460905349794238,3,Alto,3381.0,411.8864197530864,168,Sí
9288,609980,0.006359300476947535,7,Bajo,4140.0,-19.73449920508744,6174,No
9289,408720,0.002488654662567706,9,Bajo,4140.0,-22.939393939393938,6778,No
9290,552800,0.0002443195699975568,10,Bajo,3519.0,-24.82804788663572,9002,No
9291,802540,0.0007462686567164179,9,Bajo,3519.0,-24.474776119402986,8233,No
9292,499930,0.0001,10,Bajo,4140.0,-24.9172,9315,No
9293,695920,0.0007462686567164179,9,Bajo,4955.579999999999,-24.26036119402985,7603,No
9294,769980,0.002098635886673662,9,Bajo,4955.579999999999,-22.920008394543547,6777,No
9295,409960,0.0001,10,Bajo,3528.3811949999995,-24.9294323761,9380,No
9296,492120,0.041237113402061855,7,Bajo,4992.675748199998,16.17670720164947,4213,Sí
9297,571460,0.0001,10,Bajo,3425.1,-24.931498,9396,No
9298,647730,0.0001,10,Bajo,3439.7999999999997,-24.931204,9395,No
9299,779090,0.002098635886673662,9,Bajo,4216.2164999999995,-23.230339349422874,6884,No
9300,257400,0.8802395209580839,1,Alto,3384.0,570.7461077844312,114,Sí
9301,468900,0.002488654662567706,9,Bajo,6147.599999999999,-21.940149319279755,6528,No
9302,499820,0.0002443195699975568,10,Bajo,4230.0,-24.793305643782066,8867,No
9303,715700,0.0007462686567164179,9,Bajo,4018.5,-24.400223880597014,8078,No
9304,572190,0.0001,10,Bajo,5063.309999999999,-24.8987338,9234,No
9305,598880,0.0001,10,Bajo,3454.5,-24.93091,9389,No
9306,494470,0.0001,10,Bajo,3454.5,-24.93091,9390,No
9307,481060,0.0002443195699975568,10,Bajo,3595.5,-24.824309797214756,8997,No
9308,469840,0.0001,10,Bajo,3454.5,-24.93091,9391,No
9309,849430,0.0001,10,Bajo,3454.5,-24.93091,9392,No
9310,820070,0.00395882818685669,8,Bajo,3595.5,-22.153206650831354,6564,No
9311,717520,0.0002443195699975568,10,Bajo,5063.309999999999,-24.752586855607134,8780,No
9312,648480,0.0002443195699975568,10,Bajo,3595.5,-24.824309797214756,8998,No
9313,828410,0.0001,10,Bajo,3454.5,-24.93091,9393,No
9314,745040,0.0001,10,Bajo,3454.5,-24.93091,9394,No
9315,795180,0.002098635886673662,9,Bajo,3454.5,-23.550052465897167,7025,No
9316,562650,0.002098635886673662,9,Bajo,3595.5,-23.49087093389297,7006,No
9317,772400,0.8339060710194731,2,Alto,5074.656123599999,821.357309961237,52,Sí
9318,472920,0.0002443195699975568,10,Bajo,3481.254735,-24.82989226801857,9005,No
9319,258170,0.7103092783505155,3,Alto,3908.5752749999997,530.2594565927835,129,Sí
9320,581320,0.0002443195699975568,10,Bajo,6213.0,-24.696408502321034,8686,No
9321,442150,0.002488654662567706,9,Bajo,4275.0,-22.872200263504613,6768,No
9322,746290,0.0001,10,Bajo,5117.174999999998,-24.8976565,9232,No
9323,578260,0.00395882818685669,8,Bajo,6246.1329479999995,-20.054526565320664,6235,No
9324,612580,0.0001,10,Bajo,3512.0622600000006,-24.9297587548,9387,No
9325,373340,0.0002443195699975568,10,Bajo,6253.087584,-24.694449666064013,8685,No
9326,210420,0.7103092783505155,3,Alto,3948.754425,535.967381201031,127,Sí
9327,868770,0.0038314176245210726,8,Bajo,5912.449542,-20.46938732413793,6283,No
9328,678520,0.05795454545454545,7,Bajo,5912.449542,43.5306651459091,3014,Sí
9329,621190,0.0002443195699975568,10,Bajo,4320.0,-24.78890789152211,8842,No
9330,870320,0.0002443195699975568,10,Bajo,6278.4,-24.693212802345467,8684,No
9331,713970,0.0007462686567164179,9,Bajo,4320.0,-24.355223880597016,8033,No
9332,536360,0.0007462686567164179,9,Bajo,6278.4,-24.062925373134327,7438,No
9333,656930,0.002098635886673662,9,Bajo,6278.4,-22.364784889821614,6629,No
9334,595600,0.0002443195699975568,10,Bajo,4320.0,-24.78890789152211,8843,No
9335,488640,0.01694915254237288,7,Bajo,4320.0,-10.355932203389829,5477,No
9336,498080,0.0014742014742014742,9,Bajo,2305.38,-24.32028108108108,7692,No
9337,576420,0.0007462686567164179,9,Bajo,4335.4854,-24.35291262686567,8030,No
9338,750940,0.00395882818685669,8,Bajo,3564.75,-22.17755344418052,6585,No
9339,625600,0.0007462686567164179,9,Bajo,4146.75,-24.38108208955224,8066,No
9340,388190,0.0002443195699975568,10,Bajo,5230.7849034,-24.74440337633032,8757,No
9341,189760,0.3190760218702019,5,Medio,2564.4675,138.65201762308442,511,Sí
9342,153100,0.577212020033389,4,Alto,4189.5,458.64595158597666,151,Sí
9343,568250,0.08191489361702127,6,Bajo,4410.0,47.24893617021277,2877,Sí
9344,430090,0.002488654662567706,9,Bajo,4410.0,-22.805006587615285,6749,No
9345,563590,0.0007462686567164179,9,Bajo,4410.0,-24.34179104477612,7728,No
9346,526160,0.0002443195699975568,10,Bajo,4189.5,-24.795284632299047,8868,No
9347,419520,0.0001,10,Bajo,5332.634999999999,-24.8933473,9180,No
9348,877140,0.0007462686567164179,9,Bajo,6482.687364,-24.032434721791045,7429,No
9349,422000,0.0002443195699975568,10,Bajo,6504.018228000001,-24.682188212655753,8639,No
9350,578940,0.002488654662567706,9,Bajo,6526.92,-21.751350021958718,6502,No
9351,357530,0.4155701754385965,5,Medio,3600.0,274.2105263157895,267,Sí
9352,801190,0.00395882818685669,8,Bajo,4200.0,-21.67458432304038,6497,No
9353,166420,0.999476961593071,1,Alto,6465.0,1267.3237113398409,3,Sí
9354,70740,0.9005328596802842,1,Alto,6465.0,1139.3889875666075,16,Sí
9355,213250,0.2586476375832887,5,Medio,4200.0,192.2640155699625,388,Sí
9356,233500,0.9367088607594937,1,Alto,4500.0,818.0379746835443,53,Sí
9357,249690,0.672451290504297,3,Alto,2625.0,328.0369275147559,205,Sí
9358,308100,0.95578231292517,1,Alto,4275.0,792.1938775510205,59,Sí
9359,220280,0.672451290504297,3,Alto,5311.499999999999,689.3450059027147,80,Sí
9360,8890,0.9702233250620348,1,Alto,3600.0,673.560794044665,85,Sí
9361,30620,0.5841401012556733,3,Alto,5311.499999999999,595.5320295639017,108,Sí
9362,288800,0.817966903073286,2,Alto,6540.0,1044.9007092198583,22,Sí
9363,161300,0.95578231292517,1,Alto,2625.0,476.7857142857143,143,Sí
9364,387450,0.577212020033389,4,Alto,4500.0,494.49081803005015,137,Sí
9365,231570,0.9929873772791024,1,Alto,6465.0,1258.9326788218796,5,Sí
9366,1060,0.3190760218702019,5,Medio,3600.0,204.73473574654537,368,Sí
9367,265080,0.9999,1,Alto,4425.0,859.9115,43,Sí
9368,340440,0.805102752829306,2,Alto,5311.499999999999,830.2606543305716,50,Sí
9369,243750,0.98046875,1,Alto,4275.0,813.30078125,55,Sí
9370,83090,0.9702233250620348,1,Alto,4425.0,833.6476426799009,48,Sí
9371,294000,0.9367088607594937,1,Alto,3600.0,649.4303797468355,95,Sí
9372,18380,0.6460905349794238,3,Alto,4200.0,517.716049382716,131,Sí
9373,173830,0.9643635135789099,1,Alto,3600.0,669.3417297768152,86,Sí
9374,28180,0.48966632776888547,4,Medio,3600.0,327.55975599359755,208,Sí
9375,300960,0.6337298146673324,3,Alto,3750.0,450.29736100049934,153,Sí
9376,233970,0.5073907658875524,4,Alto,5311.499999999999,514.0012106023469,132,Sí
9377,107430,0.6337298146673324,3,Alto,5311.499999999999,648.2111821211072,98,Sí
9378,222120,0.672451290504297,3,Alto,3675.0,469.2516985206583,145,Sí
9379,126810,0.7387958410713422,3,Alto,3600.0,506.9330055713665,135,Sí
9380,150640,0.8434959349593496,2,Alto,3600.0,582.3170731707318,111,Sí
9381,159080,0.9367088607594937,1,Alto,3675.0,663.4810126582279,88,Sí
9382,164280,0.3388523121209245,5,Medio,6540.0,418.21882425416925,164,Sí
9383,298420,0.9806451612903225,1,Alto,3600.0,681.0645161290323,83,Sí
9384,49620,0.8616298022399826,2,Alto,4200.0,698.7690338815854,77,Sí
9385,17120,0.9929873772791024,1,Alto,3600.0,689.9509116409538,79,Sí
9386,225700,0.9702233250620348,1,Alto,4425.0,833.6476426799009,49,Sí
9387,557940,0.577212020033389,4,Alto,4425.0,485.83263772954933,140,Sí
9388,34840,0.9056043180256583,1,Alto,5311.499999999999,937.0234670386568,32,Sí
9389,150080,0.9354838709677419,1,Alto,4425.0,802.9032258064516,57,Sí
9390,45890,0.999476961593071,1,Alto,4200.0,814.5606477381796,54,Sí
9391,259500,0.9005328596802842,1,Alto,4425.0,771.9715808170515,64,Sí
9392,55310,0.9929873772791024,1,Alto,4425.0,853.7938288920056,46,Sí
9393,35690,0.48966632776888547,4,Medio,4425.0,408.35470007546365,169,Sí
9394,94780,0.9367088607594937,1,Alto,4425.0,803.9873417721519,56,Sí
9395,340840,0.672451290504297,3,Alto,4425.0,570.1193920963028,116,Sí
9396,302120,0.18428888849113062,6,Bajo,5311.499999999999,170.77008624412804,398,Sí
9397,250620,0.3992828611200487,5,Medio,4200.0,310.39760334084093,224,Sí
9398,303300,0.3190760218702019,5,Medio,5311.499999999999,313.9544580327154,221,Sí
9399,60840,0.8339060710194731,2,Alto,5311.499999999999,860.8584192439862,42,Sí
9400,158610,0.9367088607594937,1,Alto,3600.0,649.4303797468355,96,Sí
9401,293350,0.5073907658875524,4,Alto,5311.499999999999,514.0012106023469,133,Sí
9402,49840,0.9367088607594937,1,Alto,5311.499999999999,970.0658227848099,26,Sí
9403,131180,0.5841401012556733,3,Alto,5311.499999999999,595.5320295639017,109,Sí
9404,785960,0.041237113402061855,7,Bajo,5311.499999999999,18.806185567010303,4072,Sí
9405,23080,0.9056043180256583,1,Alto,4425.0,776.4598214527077,63,Sí
9406,84520,0.6728723404255319,3,Alto,4275.0,550.3058510638299,125,Sí
9407,296540,0.7387958410713422,3,Alto,6465.0,930.2630225052455,33,Sí
9408,27610,0.8802395209580839,1,Alto,6465.0,1113.1497005988026,19,Sí
9409,53040,0.98046875,1,Alto,6465.0,1242.74609375,8,Sí
9410,313480,0.9056043180256583,1,Alto,6465.0,1145.9463832071763,15,Sí
9411,69170,0.8602150537634409,2,Alto,3750.0,620.1612903225807,103,Sí
9412,256620,0.9367088607594937,1,Alto,3675.0,663.4810126582279,89,Sí
9413,331700,0.9929873772791024,1,Alto,3675.0,704.8457223001403,74,Sí
9414,75890,0.48966632776888547,4,Medio,6540.0,615.4835567217023,104,Sí
9415,68990,0.8616298022399826,2,Alto,6465.0,1089.0873342962975,20,Sí
9416,311470,0.39074581687358584,5,Medio,4275.0,309.0876734269159,230,Sí
9417,799420,0.751269035532995,2,Alto,6540.0,957.6598984771574,27,Sí
9418,255300,0.95578231292517,1,Alto,3675.0,677.5,84,Sí
9419,63060,0.2069237416186202,6,Medio,4200.0,148.815942959641,432,Sí
9420,181580,0.8802395209580839,1,Alto,3825.0,648.3832335329342,97,Sí
9421,105490,0.577212020033389,4,Alto,4200.0,459.8580968280468,150,Sí
9422,97460,0.9367088607594937,1,Alto,4200.0,761.8354430379746,66,Sí
9423,240290,0.9643635135789099,1,Alto,0.0,-25.0,10000,No
9424,104460,0.817966903073286,2,Alto,4200.0,662.0921985815603,91,Sí
9425,40460,0.9999,1,Alto,4425.0,859.9115,44,Sí
9426,157450,0.577212020033389,4,Alto,4275.0,468.51627712854764,146,Sí
9427,296120,0.2069237416186202,6,Medio,4275.0,151.9197990839203,424,Sí
9428,318400,0.577212020033389,4,Alto,4275.0,468.51627712854764,147,Sí
9429,673020,0.6980392156862745,3,Alto,4200.0,561.3529411764706,121,Sí
9430,250990,0.44367816091954015,4,Medio,3600.0,294.44827586206895,247,Sí
9431,552320,0.577212020033389,4,Alto,4500.0,494.49081803005015,138,Sí
9432,198320,0.9929873772791024,1,Alto,4275.0,824.0042075736326,51,Sí
9433,183190,0.48966632776888547,4,Medio,4275.0,393.6647102423971,174,Sí
9434,245250,0.5417406749555951,4,Alto,4275.0,438.1882770870338,159,Sí
9435,765470,0.7103092783505155,3,Alto,4275.0,582.3144329896908,112,Sí
9436,309720,0.8339060710194731,2,Alto,4500.0,725.5154639175258,72,Sí
9437,4560,0.9643635135789099,1,Alto,4200.0,785.0653514062844,60,Sí
9438,284310,0.7103092783505155,3,Alto,6540.0,904.0845360824743,35,Sí
9439,327850,0.9929873772791024,1,Alto,6465.0,1258.9326788218796,6,Sí
9440,567720,0.21199143468950749,6,Medio,3825.0,137.17344753747324,541,Sí
9441,177460,0.8372093023255814,2,Alto,5386.499999999999,876.9255813953488,39,Sí
9442,254120,0.4325937092181664,5,Medio,5386.499999999999,441.03320294073063,156,Sí
9443,469570,0.9005328596802842,1,Alto,6465.0,1139.3889875666075,17,Sí
9444,26890,0.9367088607594937,1,Alto,6465.0,1186.1645569620252,11,Sí
9445,469560,0.9090909090909091,1,Alto,6465.0,1150.4545454545455,13,Sí
9446,308240,0.3659767298402987,5,Medio,6540.0,453.69756263111077,152,Sí
9447,129510,0.5841401012556733,3,Alto,6540.0,739.0552524424206,70,Sí
9448,278680,0.9367088607594937,1,Alto,5386.499999999999,984.1164556962024,25,Sí
9449,228260,0.7792207792207793,2,Alto,4050.0,606.1688311688313,105,Sí
9450,59870,0.9929873772791024,1,Alto,6465.0,1258.9326788218796,7,Sí
9451,26580,0.9950980392156863,1,Alto,6465.0,1261.6617647058824,4,Sí
9452,313460,0.9005328596802842,1,Alto,3825.0,663.9076376554174,87,Sí
9453,341480,0.9748713797272744,1,Alto,4200.0,793.8919589709107,58,Sí
9454,142550,0.4490472245236123,4,Medio,3675.0,305.0497100248551,235,Sí
9455,805220,0.015706806282722516,7,Bajo,4500.0,-10.863874345549736,5516,No
9456,306360,0.13225621613271665,6,Bajo,4275.0,88.07906479347274,1396,Sí
9457,30040,0.39074581687358584,5,Medio,5386.499999999999,395.950468517914,173,Sí
9458,148370,0.8802395209580839,1,Alto,4500.0,767.2155688622755,65,Sí
9459,65340,0.2821741113702567,5,Medio,4275.0,216.2588652215695,356,Sí
9460,3980,0.9748713797272744,1,Alto,5386.499999999999,1025.2289373801927,24,Sí
9461,152070,0.3659767298402987,5,Medio,5386.499999999999,369.2667310569538,187,Sí
9462,113510,0.7995735607675906,2,Alto,4500.0,694.6162046908316,78,Sí
9463,123450,0.577212020033389,4,Alto,3825.0,416.5671953255426,165,Sí
9464,196350,0.9005328596802842,1,Alto,6540.0,1152.8969804618116,12,Sí
9465,220780,0.9367088607594937,1,Alto,3675.0,663.4810126582279,90,Sí
9466,124820,0.8339060710194731,2,Alto,5386.499999999999,873.3670103092783,40,Sí
9467,258330,0.6564868368758717,3,Alto,5386.499999999999,682.2332693663766,81,Sí
9468,399320,0.577212020033389,4,Alto,5386.499999999999,596.8305091819699,107,Sí
9469,212340,0.3659767298402987,5,Medio,5386.499999999999,369.2667310569538,188,Sí
9470,141090,0.6980392156862745,3,Alto,6540.0,888.0352941176471,38,Sí
9471,308850,0.751269035532995,2,Alto,6540.0,957.6598984771574,28,Sí
9472,342360,0.9950980392156863,1,Alto,4425.0,855.6617647058824,45,Sí
9473,761640,0.10424710424710425,6,Bajo,5386.499999999999,87.3054054054054,1425,Sí
9474,277070,0.6564868368758717,3,Alto,5386.499999999999,682.2332693663766,82,Sí
9475,429310,0.002488654662567706,9,Bajo,7848.0,-21.09380764163373,6427,No
9476,394000,0.0002443195699975568,10,Bajo,5130.0,-24.749328121182508,8761,No
9477,430640,0.0002443195699975568,10,Bajo,5130.0,-24.749328121182508,8762,No
9478,454130,0.002488654662567706,9,Bajo,4410.0,-22.805006587615285,6750,No
9479,653450,0.0001,10,Bajo,4410.0,-24.9118,9262,No
9480,782360,0.0002443195699975568,10,Bajo,4410.0,-24.784510139262157,8832,No
9481,649660,0.015706806282722516,7,Bajo,5400.0,-8.036649214659683,5350,No
9482,698990,0.006359300476947535,7,Bajo,5130.0,-18.475357710651828,6062,No
9483,560440,0.0001,10,Bajo,5400.0,-24.892,9172,No
9484,475440,0.002488654662567706,9,Bajo,5130.0,-22.446640316205535,6661,No
9485,839990,0.0014742014742014742,9,Bajo,4860.0,-23.567076167076166,7036,No
9486,535900,0.0014742014742014742,9,Bajo,4410.0,-23.6997542997543,7083,No
9487,509360,0.002488654662567706,9,Bajo,5130.0,-22.446640316205535,6662,No
9488,658160,0.002488654662567706,9,Bajo,4590.0,-22.715415019762847,6723,No
9489,875630,0.0001,10,Bajo,5400.0,-24.892,9173,No
9490,676040,0.0014742014742014742,9,Bajo,6463.8,-23.094211302211303,6829,No
9491,531340,0.002488654662567706,9,Bajo,7848.0,-21.09380764163373,6428,No
9492,592330,0.0014742014742014742,9,Bajo,7848.0,-22.686093366093367,6719,No
9493,369170,0.0002443195699975568,10,Bajo,5130.0,-24.749328121182508,8763,No
9494,630680,0.0002443195699975568,10,Bajo,5130.0,-24.749328121182508,8764,No
9495,417350,0.0002443195699975568,10,Bajo,7848.0,-24.616516002931835,8531,No
9496,778820,0.0002443195699975568,10,Bajo,4590.0,-24.775714634742243,8808,No
9497,713810,0.0001,10,Bajo,5400.0,-24.892,9174,No
9498,762990,0.0001,10,Bajo,5130.0,-24.8974,9225,No
9499,876170,0.0014742014742014742,9,Bajo,5130.0,-23.48746928746929,6994,No
9500,507170,0.0014742014742014742,9,Bajo,6463.8,-23.094211302211303,6830,No
9501,622090,0.0002443195699975568,10,Bajo,4590.0,-24.775714634742243,8809,No
9502,670710,0.0007462686567164179,9,Bajo,5400.0,-24.19402985074627,7551,No
9503,826240,0.0002443195699975568,10,Bajo,6463.8,-24.684153432689957,8656,No
9504,692030,0.002488654662567706,9,Bajo,5040.0,-22.491436100131754,6670,No
9505,413920,0.002488654662567706,9,Bajo,5400.0,-22.31225296442688,6623,No
9506,720370,0.0002443195699975568,10,Bajo,4410.0,-24.784510139262157,8833,No
9507,546220,0.0001,10,Bajo,5400.0,-24.892,9175,No
9508,665460,0.0001,10,Bajo,4410.0,-24.9118,9263,No
9509,523670,0.0002443195699975568,10,Bajo,5130.0,-24.749328121182508,8765,No
9510,460300,0.002098635886673662,9,Bajo,4410.0,-23.14900314795383,6841,No
9511,672420,0.0001,10,Bajo,4320.0,-24.9136,9274,No
9512,371040,0.0002443195699975568,10,Bajo,4590.0,-24.775714634742243,8810,No
9513,793030,0.015706806282722516,7,Bajo,5400.0,-8.036649214659683,5351,No
9514,366580,0.0002443195699975568,10,Bajo,5400.0,-24.73613486440264,8728,No
9515,789670,0.0002443195699975568,10,Bajo,6463.8,-24.684153432689957,8657,No
9516,593580,0.002098635886673662,9,Bajo,6463.8,-22.286967471143758,6603,No
9517,760930,0.0002443195699975568,10,Bajo,5130.0,-24.749328121182508,8766,No
9518,714910,0.0002443195699975568,10,Bajo,5400.0,-24.73613486440264,8729,No
9519,385420,0.0002443195699975568,10,Bajo,5400.0,-24.73613486440264,8730,No
9520,527220,0.0007462686567164179,9,Bajo,5400.0,-24.19402985074627,7552,No
9521,564750,0.0002443195699975568,10,Bajo,5130.0,-24.749328121182508,8767,No
9522,559200,0.0002443195699975568,10,Bajo,5130.0,-24.749328121182508,8768,No
9523,427470,0.0014742014742014742,9,Bajo,7848.0,-22.686093366093367,6720,No
9524,702340,0.0001,10,Bajo,4410.0,-24.9118,9264,No
9525,359460,0.005385996409335727,8,Bajo,5400.0,-19.183123877917414,6119,No
9526,520880,0.0001,10,Bajo,5130.0,-24.8974,9226,No
9527,847830,0.0002443195699975568,10,Bajo,5400.0,-24.73613486440264,8731,No
9528,401270,0.0001,10,Bajo,4410.0,-24.9118,9265,No
9529,842100,0.0002443195699975568,10,Bajo,4410.0,-24.784510139262157,8834,No
9530,529080,0.002488654662567706,9,Bajo,5130.0,-22.446640316205535,6663,No
9531,821020,0.0002443195699975568,10,Bajo,5400.0,-24.73613486440264,8732,No
9532,371700,0.002098635886673662,9,Bajo,5310.0,-22.77124868835257,6738,No
9533,376680,0.002098635886673662,9,Bajo,6463.8,-22.286967471143758,6604,No
9534,370440,0.002488654662567706,9,Bajo,5130.0,-22.446640316205535,6664,No
9535,631320,0.005385996409335727,8,Bajo,5130.0,-19.473967684021545,6149,No
9536,504480,0.006359300476947535,7,Bajo,5400.0,-18.13195548489666,6045,No
9537,647430,0.0001,10,Bajo,5400.0,-24.892,9176,No
9538,820540,0.0001,10,Bajo,5130.0,-24.8974,9227,No
9539,474940,0.0007462686567164179,9,Bajo,5400.0,-24.19402985074627,7553,No
9540,725680,0.0002443195699975568,10,Bajo,6463.8,-24.684153432689957,8658,No
9541,882480,0.0002443195699975568,10,Bajo,4590.0,-24.775714634742243,8811,No
9542,882500,0.0002443195699975568,10,Bajo,4590.0,-24.775714634742243,8812,No
9543,464290,0.002488654662567706,9,Bajo,4590.0,-22.715415019762847,6724,No
9544,668960,0.0001,10,Bajo,5400.0,-24.892,9177,No
9545,501890,0.0001,10,Bajo,5130.0,-24.8974,9228,No
9546,499170,0.0002443195699975568,10,Bajo,5400.0,-24.73613486440264,8733,No
9547,565280,0.0001,10,Bajo,4410.0,-24.9118,9266,No
9548,659450,0.0002443195699975568,10,Bajo,5400.0,-24.73613486440264,8734,No
9549,850180,0.0001,10,Bajo,5130.0,-24.8974,9229,No
9550,564740,0.0001,10,Bajo,4410.0,-24.9118,9267,No
9551,838240,0.0007462686567164179,9,Bajo,6463.8,-24.035253731343282,7432,No
9552,805130,0.0007462686567164179,9,Bajo,5130.0,-24.234328358208955,7579,No
9553,618370,0.0001,10,Bajo,7848.0,-24.84304,9066,No
9554,495320,0.0001,10,Bajo,6463.8,-24.870724,9143,No
9555,564920,0.0014742014742014742,9,Bajo,4590.0,-23.646683046683048,7073,No
9556,592610,0.00395882818685669,8,Bajo,4590.0,-21.36579572446556,6464,No
9557,552160,0.0007462686567164179,9,Bajo,5400.0,-24.19402985074627,7554,No
9558,647310,0.002098635886673662,9,Bajo,5400.0,-22.733473242392446,6727,No
9559,445630,0.0002443195699975568,10,Bajo,6463.8,-24.684153432689957,8659,No
9560,459160,0.0001,10,Bajo,4410.0,-24.9118,9268,No
9561,825660,0.002488654662567706,9,Bajo,7848.0,-21.09380764163373,6429,No
9562,372560,0.002488654662567706,9,Bajo,3240.0,-23.387351778656125,6962,No
9563,592560,0.002098635886673662,9,Bajo,5400.0,-22.733473242392446,6728,No
9564,527830,0.0002443195699975568,10,Bajo,7848.0,-24.616516002931835,8532,No
9565,829170,0.002488654662567706,9,Bajo,7848.0,-21.09380764163373,6430,No
9566,810770,0.0002443195699975568,10,Bajo,6463.8,-24.684153432689957,8660,No
9567,757890,0.002098635886673662,9,Bajo,4590.0,-23.073452256033576,6824,No
9568,361300,0.002098635886673662,9,Bajo,4590.0,-23.073452256033576,6825,No
9569,361370,0.0007462686567164179,9,Bajo,4590.0,-24.31492537313433,7680,No
9570,361440,0.0007462686567164179,9,Bajo,4590.0,-24.31492537313433,7681,No
9571,361510,0.0007462686567164179,9,Bajo,4590.0,-24.31492537313433,7682,No
9572,361580,0.0007462686567164179,9,Bajo,4590.0,-24.31492537313433,7683,No
9573,361650,0.0007462686567164179,9,Bajo,4590.0,-24.31492537313433,7684,No
9574,361720,0.0007462686567164179,9,Bajo,4590.0,-24.31492537313433,7685,No
9575,361790,0.0007462686567164179,9,Bajo,4590.0,-24.31492537313433,7686,No
9576,363960,0.0007462686567164179,9,Bajo,4590.0,-24.31492537313433,7687,No
9577,800640,0.0001,10,Bajo,4860.0,-24.9028,9238,No
9578,881960,0.0001,10,Bajo,7848.0,-24.84304,9067,No
9579,868470,0.002488654662567706,9,Bajo,5400.0,-22.31225296442688,6624,No
9580,767600,0.0001,10,Bajo,5130.0,-24.8974,9230,No
9581,600470,0.002098635886673662,9,Bajo,7848.0,-21.70598111227702,6501,No
9582,374650,0.002488654662567706,9,Bajo,5400.0,-22.31225296442688,6625,No
9583,564660,0.0001,10,Bajo,5400.0,-24.892,9178,No
9584,565950,0.0002443195699975568,10,Bajo,5400.0,-24.73613486440264,8735,No
9585,715520,0.0001,10,Bajo,5400.0,-24.892,9179,No
9586,755860,0.0002443195699975568,10,Bajo,4590.0,-24.775714634742243,8813,No
9587,586760,0.006359300476947535,7,Bajo,4590.0,-19.16216216216216,6117,No
9588,517600,0.0002443195699975568,10,Bajo,4860.0,-24.762521377962376,8792,No
9589,544320,0.00395882818685669,8,Bajo,5400.0,-20.724465558194773,6328,No
9590,552560,0.002098635886673662,9,Bajo,5400.0,-22.733473242392446,6729,No
9591,795410,0.0001,10,Bajo,4410.0,-24.9118,9269,No
9592,795430,0.0001,10,Bajo,4410.0,-24.9118,9270,No
9593,372800,0.002098635886673662,9,Bajo,6463.8,-22.286967471143758,6605,No
9594,646290,0.0002443195699975568,10,Bajo,7848.0,-24.616516002931835,8533,No
9595,756900,0.015706806282722516,7,Bajo,5400.0,-8.036649214659683,5352,No
9596,520620,0.0001,10,Bajo,5130.0,-24.8974,9231,No
9597,596860,0.002098635886673662,9,Bajo,5400.0,-22.733473242392446,6730,No
9598,805610,0.0014742014742014742,9,Bajo,5400.0,-23.407862407862407,6971,No
9599,358130,0.002098635886673662,9,Bajo,6463.8,-22.286967471143758,6606,No
9600,498200,0.0002443195699975568,10,Bajo,6463.8,-24.684153432689957,8661,No
9601,600250,0.002488654662567706,9,Bajo,5400.0,-22.31225296442688,6626,No
9602,548500,0.0001,10,Bajo,7848.0,-24.84304,9068,No
9603,548940,0.0001,10,Bajo,7848.0,-24.84304,9069,No
9604,832080,0.0001,10,Bajo,4410.0,-24.9118,9271,No
9605,718750,0.0002443195699975568,10,Bajo,5400.0,-24.73613486440264,8736,No
9606,694690,0.0002443195699975568,10,Bajo,5400.0,-24.73613486440264,8737,No
9607,595960,0.0001,10,Bajo,7848.0,-24.84304,9070,No
9608,741530,0.015706806282722516,7,Bajo,7848.0,-0.34659685863874046,4963,No
9609,571590,0.002098635886673662,9,Bajo,5130.0,-22.846799580272823,6754,No
9610,399010,0.0002443195699975568,10,Bajo,5130.0,-24.749328121182508,8769,No
9611,564830,0.006359300476947535,7,Bajo,5130.0,-18.475357710651828,6063,No
9612,634210,0.0007462686567164179,9,Bajo,5130.0,-24.234328358208955,7580,No
9613,848870,0.0002443195699975568,10,Bajo,5130.0,-24.749328121182508,8770,No
9614,829210,0.0002443195699975568,10,Bajo,5130.0,-24.749328121182508,8771,No
9615,624020,0.002488654662567706,9,Bajo,4320.0,-22.849802371541504,6757,No
9616,545780,0.002488654662567706,9,Bajo,5130.0,-22.446640316205535,6665,No
9617,856040,0.0001,10,Bajo,7848.0,-24.84304,9071,No
9618,549190,0.002098635886673662,9,Bajo,5130.0,-22.846799580272823,6755,No
9619,872990,0.0001,10,Bajo,4410.0,-24.9118,9272,No
9620,603310,0.0001,10,Bajo,6463.8,-24.870724,9144,No
9621,749290,0.0001,10,Bajo,7848.0,-24.84304,9072,No
9622,745970,0.002488654662567706,9,Bajo,4590.0,-22.715415019762847,6725,No
9623,517130,0.0001,10,Bajo,7848.0,-24.84304,9073,No
9624,579840,0.002098635886673662,9,Bajo,5130.0,-22.846799580272823,6756,No
9625,11530,0.2527472527472528,6,Medio,4590.0,207.0219780219781,364,Sí
9626,347110,0.002488654662567706,9,Bajo,5400.0,-22.31225296442688,6627,No
9627,372680,0.00395882818685669,8,Bajo,5400.0,-20.724465558194773,6329,No
9628,380670,0.002098635886673662,9,Bajo,5400.0,-22.733473242392446,6731,No
9629,382090,0.00395882818685669,8,Bajo,6463.8,-19.882185273159145,6197,No
9630,392950,0.006920415224913495,7,Bajo,5400.0,-17.525951557093425,5984,No
9631,393090,0.0014742014742014742,9,Bajo,4410.0,-23.6997542997543,7084,No
9632,395220,0.006920415224913495,7,Bajo,7848.0,-14.137716262975777,5685,No
9633,416940,0.041237113402061855,7,Bajo,7848.0,39.725773195876286,3112,Sí
9634,436220,0.002488654662567706,9,Bajo,4410.0,-22.805006587615285,6751,No
9635,452810,0.041237113402061855,7,Bajo,7848.0,39.725773195876286,3113,Sí
9636,456940,0.0038314176245210726,8,Bajo,6463.8,-20.04689655172414,6234,No
9637,462910,0.0002443195699975568,10,Bajo,7848.0,-24.616516002931835,8534,No
9638,467130,0.08709016393442623,6,Bajo,5130.0,64.35450819672133,2213,Sí
9639,467570,0.009259259259259259,7,Bajo,4860.0,-16.0,5853,No
9640,474760,0.00395882818685669,8,Bajo,4410.0,-21.5083135391924,6485,No
9641,492930,0.002488654662567706,9,Bajo,4590.0,-22.715415019762847,6726,No
9642,495670,0.015706806282722516,7,Bajo,5400.0,-8.036649214659683,5353,No
9643,521850,0.002488654662567706,9,Bajo,5130.0,-22.446640316205535,6666,No
9644,528900,0.11088295687885011,6,Bajo,5400.0,94.75359342915812,1233,Sí
9645,539360,0.7792207792207793,2,Alto,7848.0,1198.0649350649353,10,Sí
9646,550370,0.002488654662567706,9,Bajo,4410.0,-22.805006587615285,6752,No
9647,555090,0.21199143468950749,6,Medio,5400.0,203.9507494646681,371,Sí
9648,560760,0.030010172939979655,7,Bajo,5400.0,7.410986775178031,4635,Sí
9649,563870,0.060294117647058824,7,Bajo,4590.0,30.35000000000001,3540,Sí
9650,569880,0.030010172939979655,7,Bajo,5400.0,7.410986775178031,4636,Sí
9651,590080,0.030010172939979655,7,Bajo,7848.0,22.103967446592065,3910,Sí
9652,599240,0.015706806282722516,7,Bajo,7848.0,-0.34659685863874046,4964,No
9653,603510,0.015706806282722516,7,Bajo,5400.0,-8.036649214659683,5354,No
9654,627280,0.21199143468950749,6,Medio,7848.0,307.74175588865097,233,Sí
9655,635910,0.0002443195699975568,10,Bajo,4410.0,-24.784510139262157,8835,No
9656,657440,0.015706806282722516,7,Bajo,4590.0,-10.58115183246073,5510,No
9657,658790,0.002098635886673662,9,Bajo,4410.0,-23.14900314795383,6842,No
9658,661800,0.006359300476947535,7,Bajo,5130.0,-18.475357710651828,6064,No
9659,684330,0.0002443195699975568,10,Bajo,5130.0,-24.749328121182508,8772,No
9660,709660,0.05795454545454545,7,Bajo,7848.0,65.96545454545455,2167,Sí
9661,727300,0.0038314176245210726,8,Bajo,5130.0,-21.06896551724138,6414,No
9662,728520,0.035,7,Bajo,7848.0,29.936000000000007,3546,Sí
9663,754610,0.060294117647058824,7,Bajo,5130.0,36.86176470588236,3236,Sí
9664,758890,0.11088295687885011,6,Bajo,7848.0,149.04188911704313,431,Sí
9665,768340,0.0002443195699975568,10,Bajo,7848.0,-24.616516002931835,8535,No
9666,772800,0.006920415224913495,7,Bajo,7848.0,-14.137716262975777,5686,No
9667,774850,0.0007462686567164179,9,Bajo,7848.0,-23.82865671641791,7165,No
9668,833560,0.0002443195699975568,10,Bajo,5130.0,-24.749328121182508,8773,No
9669,838250,0.006920415224913495,7,Bajo,5400.0,-17.525951557093425,5985,No
9670,852750,0.3372395833333333,5,Medio,5400.0,339.21875,198,Sí
9671,871980,0.015706806282722516,7,Bajo,5400.0,-8.036649214659683,5355,No
9672,874410,0.015706806282722516,7,Bajo,5130.0,-8.8848167539267,5381,No
9673,878000,0.015706806282722516,7,Bajo,4410.0,-11.146596858638741,5527,No
9674,881880,0.005385996409335727,8,Bajo,5400.0,-19.183123877917414,6120,No
9675,887330,0.030010172939979655,7,Bajo,4590.0,2.5493387589013246,4856,Sí
9676,420290,0.002488654662567706,9,Bajo,4410.024989999999,-22.80499414931928,6748,No
9677,521310,0.0014742014742014742,9,Bajo,3171.3029249999995,-24.06497211056511,7439,No
9678,502170,0.00395882818685669,8,Bajo,5215.5,-20.870546318289787,6340,No
9679,812800,0.006920415224913495,7,Bajo,4666.5,-18.541176470588233,6070,No
9680,363460,0.015706806282722516,7,Bajo,4666.5,-10.340837696335075,5476,No
9681,544040,0.006359300476947535,7,Bajo,3123.67197,-21.02712627027027,6413,No
9682,650050,0.0007462686567164179,9,Bajo,5580.0,-24.16716417910448,7503,No
9683,804650,0.0002443195699975568,10,Bajo,5580.0,-24.727339359882727,8698,No
9684,566090,0.0007462686567164179,9,Bajo,8144.331323999999,-23.784428160597017,7138,No
9685,867320,0.0001,10,Bajo,4593.75,-24.908125,9251,No
9686,850670,0.002488654662567706,9,Bajo,5625.0,-22.200263504611332,6592,No
9687,786900,0.0001,10,Bajo,5641.475399999999,-24.887170492,9159,No
9688,402470,0.0001,10,Bajo,5641.475399999999,-24.887170492,9160,No
9689,700500,0.4490472245236123,4,Medio,4630.5,390.8626346313174,175,Sí
9690,712840,0.0002443195699975568,10,Bajo,4630.5,-24.773735646225262,8807,No
9691,805150,0.0014742014742014742,9,Bajo,5386.5,-23.41184275184275,6972,No
9692,547810,0.0007462686567164179,9,Bajo,5386.5,-24.196044776119404,7555,No
9693,502340,0.002488654662567706,9,Bajo,5670.0,-22.177865612648223,6586,No
9694,651200,0.0014742014742014742,9,Bajo,7650.0,-22.744471744471745,6732,No
9695,853860,0.006359300476947535,7,Bajo,7650.0,-15.27027027027027,5795,No
9696,509790,0.0001,10,Bajo,8550.0,-24.829,9004,No
9697,384280,0.0007462686567164179,9,Bajo,7650.0,-23.85820895522388,7200,No
9698,443040,0.0002443195699975568,10,Bajo,8550.0,-24.582213535304177,8432,No
9699,566770,0.002098635886673662,9,Bajo,7650.0,-21.7890870933893,6507,No
9700,511990,0.002488654662567706,9,Bajo,7650.0,-21.19235836627141,6435,No
9701,871390,0.00395882818685669,8,Bajo,8550.0,-18.23040380047506,6054,No
9702,397210,0.0007462686567164179,9,Bajo,7650.0,-23.85820895522388,7201,No
9703,860410,0.00395882818685669,8,Bajo,7650.0,-18.942992874109265,6114,No
9704,581240,0.11088295687885011,6,Bajo,7650.0,144.65092402464066,435,Sí
9705,784610,0.002488654662567706,9,Bajo,7650.0,-21.19235836627141,6436,No
9706,789310,0.006920415224913495,7,Bajo,7650.0,-14.411764705882351,5759,No
9707,568180,0.002488654662567706,9,Bajo,8806.5,-20.6167325428195,6315,No
9708,434690,0.0014742014742014742,9,Bajo,7917.75,-22.665528255528255,6713,No
9709,602330,0.002488654662567706,9,Bajo,8032.5,-21.00197628458498,6412,No
9710,343640,0.0001,10,Bajo,8977.5,-24.82045,8952,No
9711,732930,0.0001,10,Bajo,8977.5,-24.82045,8953,No
9712,776840,0.0002443195699975568,10,Bajo,8128.125,-24.602827999022722,8451,No
9713,792890,0.0001,10,Bajo,8147.25,-24.837055,9033,No
9714,344050,0.0007462686567164179,9,Bajo,8147.25,-23.783992537313434,7137,No
9715,571530,0.0014742014742014742,9,Bajo,9319.5,-22.25223587223587,6596,No
9716,500920,0.0002443195699975568,10,Bajo,9319.5,-24.544612753481555,8270,No
9717,22330,0.8434959349593496,2,Alto,9240.0,1533.780487804878,2,Sí
9718,172180,0.4490472245236123,4,Medio,8250.0,715.9279204639604,73,Sí
9719,28340,0.751269035532995,2,Alto,8415.0,1239.3857868020305,9,Sí
9720,382810,0.11088295687885011,6,Bajo,8250.0,157.95687885010267,416,Sí
9721,348970,0.006920415224913495,7,Bajo,9240.0,-12.21107266435986,5599,No
9722,646980,0.060294117647058824,7,Bajo,8415.0,76.47500000000001,1788,Sí
9723,377910,0.030010172939979655,7,Bajo,8250.0,24.51678535096643,3798,Sí
9724,612790,0.002488654662567706,9,Bajo,8415.0,-20.81159420289855,6334,No
9725,761710,0.0002443195699975568,10,Bajo,9405.0,-24.540434888834596,8267,No
9726,565670,0.0014742014742014742,9,Bajo,9405.0,-22.227027027027027,6594,No
9727,492370,0.0014742014742014742,9,Bajo,8415.0,-22.51891891891892,6678,No
9728,876420,0.002488654662567706,9,Bajo,8415.0,-20.81159420289855,6335,No
9729,714830,0.0001,10,Bajo,8415.0,-24.8317,9006,No
9730,365060,0.0014742014742014742,9,Bajo,8415.0,-22.51891891891892,6679,No
9731,616720,0.002488654662567706,9,Bajo,8568.0,-20.73544137022398,6330,No
9732,556750,0.002488654662567706,9,Bajo,8606.25,-20.716403162055336,6327,No
9733,461420,0.002098635886673662,9,Bajo,7906.96254,-21.681232931794334,6498,No
9734,3490,0.9148936170212766,1,Alto,8625.0,1553.1914893617022,1,Sí
9735,237380,0.10424710424710425,6,Bajo,8797.5,158.42277992277994,415,Sí
9736,809760,0.08709016393442623,6,Bajo,9660.0,143.2581967213115,437,Sí
9737,380700,0.006359300476947535,7,Bajo,8797.5,-13.81081081081081,5676,No
9738,669140,0.002488654662567706,9,Bajo,8797.5,-20.62121212121212,6316,No
9739,669620,0.015706806282722516,7,Bajo,8797.5,2.636125654450268,4854,Sí
9740,611530,0.0014742014742014742,9,Bajo,8797.5,-22.406142506142505,6658,No
9741,352580,0.002488654662567706,9,Bajo,8797.5,-20.62121212121212,6317,No
9742,652850,0.002488654662567706,9,Bajo,8797.5,-20.62121212121212,6318,No
9743,420360,0.0001,10,Bajo,9832.5,-24.80335,8888,No
9744,420370,0.0001,10,Bajo,9832.5,-24.80335,8889,No
9745,853740,0.0007462686567164179,9,Bajo,9832.5,-23.532462686567165,7017,No
9746,346410,0.002488654662567706,9,Bajo,10003.5,-20.02094861660079,6233,No
9747,715670,0.0002443195699975568,10,Bajo,6402.24,-24.687161495235767,8663,No
9748,549030,0.4490472245236123,4,Medio,9000.0,783.2850041425022,62,Sí
9749,882250,0.041237113402061855,7,Bajo,9180.0,50.71134020618557,2644,Sí
9750,344910,0.029005524861878452,7,Bajo,10260.0,34.51933701657459,3335,Sí
9751,727790,0.0014742014742014742,9,Bajo,10260.0,-21.974938574938577,6538,No
9752,248620,0.9643635135789099,1,Alto,784.8,126.3664970913457,706,Sí
9753,250690,0.9806451612903225,1,Alto,784.8,128.92206451612904,671,Sí
9754,112930,0.4490472245236123,4,Medio,784.8,45.48245236122618,2941,Sí
9755,88680,0.9056043180256583,1,Alto,784.8,117.14365375730733,820,Sí
9756,542240,0.4672268907563025,4,Medio,784.8,48.33593277310925,2862,Sí
9757,555680,0.21199143468950749,6,Medio,540.0,-2.10492505353319,5043,No
9758,219730,0.4155701754385965,5,Medio,540.0,19.881578947368425,3994,Sí
9759,63730,0.805102752829306,2,Alto,999.0,135.85953001529535,561,Sí
9760,347090,0.00395882818685669,8,Bajo,999.0,-24.209026128266032,7563,No
9761,358960,0.17019027484143764,6,Bajo,999.0,9.00401691331924,4516,Sí
9762,360790,0.17019027484143764,6,Bajo,999.0,9.00401691331924,4517,Sí
9763,368550,0.00395882818685669,8,Bajo,999.0,-24.209026128266032,7564,No
9764,691480,0.17019027484143764,6,Bajo,999.0,9.00401691331924,4518,Sí
9765,692130,0.17019027484143764,6,Bajo,999.0,9.00401691331924,4519,Sí
9766,376280,0.006920415224913495,7,Bajo,784.8,-23.913771626297578,7222,No
9767,339370,0.7387958410713422,3,Alto,324.0,22.87397050142298,3836,Sí
9768,681830,0.17019027484143764,6,Bajo,999.0,9.00401691331924,4520,Sí
9769,682000,0.17019027484143764,6,Bajo,999.0,9.00401691331924,4521,Sí
9770,692640,0.4490472245236123,4,Medio,784.8,45.48245236122618,2942,Sí
9771,798190,0.21199143468950749,6,Medio,784.8,8.274175588865099,4588,Sí
9772,837910,0.3551617873651772,5,Medio,784.8,30.746194144838206,3524,Sí
9773,480220,0.4155701754385965,5,Medio,646.38,28.723250000000007,3615,Sí
9774,211060,0.2857142857142857,5,Medio,784.8,19.84571428571428,3997,Sí
9775,161510,0.39416058394160586,5,Medio,784.8,36.86744525547446,3233,Sí
9776,373460,0.4490472245236123,4,Medio,999.0,64.71963545981774,2209,Sí
9777,402070,0.5417406749555951,4,Alto,999.0,83.2397868561279,1543,Sí
9778,9160,0.9063923662873214,1,Alto,540.0,72.89037555903072,1899,Sí
9779,563130,0.23846153846153842,6,Medio,540.0,0.7538461538461512,4949,Sí
9780,179670,0.49535603715170295,4,Medio,784.8,52.751083591331295,2591,Sí
9781,393180,0.20909090909090908,6,Medio,783.0,7.743636363636362,4603,Sí
9782,505670,0.21199143468950749,6,Medio,783.0,8.197858672376874,4590,Sí
9783,716550,0.4490472245236123,4,Medio,783.0,45.320795360397696,2948,Sí
9784,107660,0.2069237416186202,6,Medio,784.8,7.478750484458629,4627,Sí
9785,208620,0.3551617873651772,5,Medio,784.8,30.746194144838206,3525,Sí
9786,498490,0.006359300476947535,7,Bajo,646.38,-24.17789507154213,7527,No
9787,758490,0.4155701754385965,5,Medio,784.8,40.2278947368421,3082,Sí
9788,196000,0.3659767298402987,5,Medio,784.8,32.44370751573329,3488,Sí
9789,786230,0.20909090909090908,6,Medio,783.0,7.743636363636362,4604,Sí
9790,223580,0.9702233250620348,1,Alto,646.38,100.42659057071961,1122,Sí
9791,268150,0.8802395209580839,1,Alto,646.38,88.79384431137726,1393,Sí
9792,766020,0.49535603715170295,4,Medio,646.38,39.03764705882355,3166,Sí
9793,323610,0.9063923662873214,1,Alto,784.8,117.26734581245796,819,Sí
9794,726250,0.00395882818685669,8,Bajo,784.8,-24.378622327790975,8063,No
9795,870620,0.002488654662567706,9,Bajo,784.8,-24.609380764163372,8455,No
9796,606810,0.577212020033389,4,Alto,784.8,65.59919866444073,2172,Sí
9797,391000,0.00395882818685669,8,Bajo,784.8,-24.378622327790975,8064,No
9798,346830,0.49535603715170295,4,Medio,784.8,52.751083591331295,2592,Sí
9799,31780,0.9643635135789099,1,Alto,999.0,167.6798300130662,403,Sí
9800,125440,0.4490472245236123,4,Medio,540.0,23.497100248550133,3825,Sí
9801,655220,0.3551617873651772,5,Medio,540.0,13.357473035439135,4334,Sí
9802,877360,0.21199143468950749,6,Medio,783.0,8.197858672376874,4591,Sí
9803,49030,0.2558139534883721,6,Medio,784.8,15.15255813953489,4254,Sí
9804,438100,0.17485265225933203,6,Bajo,783.0,2.381925343811396,4860,Sí
9805,2180,0.9929873772791024,1,Alto,784.8,130.8592987377279,666,Sí
9806,61020,0.2069237416186202,6,Medio,784.8,7.478750484458629,4628,Sí
9807,335650,0.2069237416186202,6,Medio,784.8,7.478750484458629,4629,Sí
9808,465290,0.3372395833333333,5,Medio,784.8,27.933124999999997,3621,Sí
9809,470270,0.6980392156862745,3,Alto,784.8,84.56423529411765,1480,Sí
9810,837590,0.3551617873651772,5,Medio,784.8,30.746194144838206,3526,Sí
9811,24120,0.9056043180256583,1,Alto,999.0,155.93974274152654,418,Sí
9812,264560,0.3551617873651772,5,Medio,784.8,30.746194144838206,3527,Sí
9813,228040,0.9748713797272744,1,Alto,540.0,80.28610901054566,1643,Sí
9814,303340,0.7103092783505155,3,Alto,819.0,91.34865979381443,1340,Sí
9815,542250,0.4155701754385965,5,Medio,999.0,58.030921052631584,2506,Sí
9816,262530,0.030010172939979655,7,Bajo,540.0,-21.758901322482195,6504,No
9817,327440,0.6728723404255319,3,Alto,540.0,47.67021276595746,2867,Sí
9818,477870,0.08709016393442623,6,Bajo,540.0,-15.594262295081966,5832,No
9819,248880,0.17485265225933203,6,Bajo,540.0,-6.11591355599214,5231,No
9820,578320,0.577212020033389,4,Alto,784.8,65.59919866444073,2173,Sí
9821,455140,0.4490472245236123,4,Medio,784.8,45.48245236122618,2943,Sí
9822,21690,0.577212020033389,4,Alto,784.8,65.59919866444073,2174,Sí
9823,9470,0.13846153846153847,6,Bajo,540.0,-10.046153846153844,5461,No
9824,107400,0.10424710424710425,6,Bajo,540.0,-13.741312741312742,5667,No
9825,367550,0.17485265225933203,6,Bajo,540.0,-6.11591355599214,5232,No
9826,378920,0.3551617873651772,5,Medio,999.0,45.9613251155624,2887,Sí
9827,413100,0.00395882818685669,8,Bajo,999.0,-24.209026128266032,7565,No
9828,413110,0.00395882818685669,8,Bajo,999.0,-24.209026128266032,7566,No
9829,432960,0.00395882818685669,8,Bajo,999.0,-24.209026128266032,7567,No
9830,823350,0.3372395833333333,5,Medio,999.0,42.38046874999999,3029,Sí
9831,340340,0.6460905349794238,3,Alto,324.0,16.86666666666666,4129,Sí
9832,186420,0.5417406749555951,4,Alto,784.8,60.0316163410302,2372,Sí
9833,812130,0.4672268907563025,4,Medio,646.38,35.40122352941177,3320,Sí
9834,310030,0.7704280155642024,2,Alto,999.0,128.93151750972763,670,Sí
9835,215240,0.6700336700336701,3,Alto,999.0,108.87272727272727,928,Sí
9836,156070,0.4155701754385965,5,Medio,646.38,28.723250000000007,3616,Sí
9837,105020,0.6460905349794238,3,Alto,999.0,104.08888888888887,1037,Sí
9838,379040,0.4155701754385965,5,Medio,784.8,40.2278947368421,3083,Sí
9839,380130,0.4155701754385965,5,Medio,784.8,40.2278947368421,3084,Sí
9840,474460,0.5417406749555951,4,Alto,784.8,60.0316163410302,2373,Sí
9841,845080,0.3551617873651772,5,Medio,784.8,30.746194144838206,3528,Sí
9842,56630,0.999476961593071,1,Alto,540.0,82.94351185205167,1544,Sí
9843,787760,0.4490472245236123,4,Medio,784.8,45.48245236122618,2944,Sí
9844,539090,0.002488654662567706,9,Bajo,441.0,-24.78050065876153,8818,No
9845,673170,0.4490472245236123,4,Medio,441.0,14.60596520298261,4294,Sí
9846,757880,0.4490472245236123,4,Medio,441.0,14.60596520298261,4295,Sí
9847,217190,0.7681995458498502,2,Alto,783.0,95.30004888008655,1230,Sí
9848,365990,0.05795454545454545,7,Bajo,783.0,-15.924318181818181,5851,No
9849,508500,0.17019027484143764,6,Bajo,783.0,1.6517970401691358,4929,Sí
9850,537370,0.11134453781512609,6,Bajo,783.0,-7.563445378151254,5333,No
9851,651700,0.17019027484143764,6,Bajo,783.0,1.6517970401691358,4930,Sí
9852,660680,0.17019027484143764,6,Bajo,783.0,1.6517970401691358,4931,Sí
9853,692440,0.49535603715170295,4,Medio,783.0,52.572755417956685,2593,Sí
9854,65990,0.577212020033389,4,Alto,784.8,65.59919866444073,2175,Sí
9855,158820,0.7103092783505155,3,Alto,784.8,86.4901443298969,1461,Sí
9856,177930,0.3551617873651772,5,Medio,784.8,30.746194144838206,3529,Sí
9857,316920,0.2069237416186202,6,Medio,784.8,7.478750484458629,4630,Sí
9858,466930,0.015706806282722516,7,Bajo,784.8,-22.534659685863875,6683,No
9859,775890,0.4155701754385965,5,Medio,441.0,11.653289473684211,4411,Sí
9860,667290,0.577212020033389,4,Alto,784.8,65.59919866444073,2176,Sí
9861,183180,0.3372395833333333,5,Medio,819.0,30.23984375,3541,Sí
9862,727210,0.2558139534883721,6,Medio,819.0,16.902325581395353,4128,Sí
9863,402910,0.13483146067415727,6,Bajo,540.0,-10.438202247191015,5488,No
9864,643970,0.030010172939979655,7,Bajo,646.38,-21.12040488301119,6432,No
9865,259470,0.060294117647058824,7,Bajo,540.0,-18.488235294117647,6065,No
9866,172590,0.4155701754385965,5,Medio,784.8,40.2278947368421,3085,Sí
9867,837110,0.3551617873651772,5,Medio,441.0,6.325269645608628,4665,Sí
9868,502760,0.11088295687885011,6,Bajo,784.8,-7.595811088295687,5334,No
9869,822500,0.17485265225933203,6,Bajo,540.0,-6.11591355599214,5233,No
9870,415960,0.2527472527472528,6,Medio,783.0,14.580219780219792,4296,Sí
9871,663270,0.4155701754385965,5,Medio,784.8,40.2278947368421,3086,Sí
9872,31030,0.3372395833333333,5,Medio,540.0,11.421875,4430,Sí
9873,63480,0.4155701754385965,5,Medio,540.0,19.881578947368425,3995,Sí
9874,206100,0.3372395833333333,5,Medio,540.0,11.421875,4431,Sí
9875,450820,0.44367816091954015,4,Medio,540.0,22.91724137931034,3832,Sí
9876,346680,0.006359300476947535,7,Bajo,486.0,-24.3818759936407,8067,No
9877,614460,0.060294117647058824,7,Bajo,540.0,-18.488235294117647,6066,No
9878,32390,0.9367088607594937,1,Alto,784.8,122.02582278481012,758,Sí
9879,648740,0.08191489361702127,6,Bajo,540.0,-16.153191489361703,5868,No
9880,807440,0.17485265225933203,6,Bajo,783.0,2.381925343811396,4861,Sí
9881,688340,0.3551617873651772,5,Medio,784.8,30.746194144838206,3530,Sí
9882,245380,0.9748713797272744,1,Alto,540.0,80.28610901054566,1644,Sí
9883,8300,0.11134453781512609,6,Bajo,784.8,-7.523361344537811,5332,No
9884,407550,0.2558139534883721,6,Medio,784.8,15.15255813953489,4255,Sí
9885,431130,0.2558139534883721,6,Medio,784.8,15.15255813953489,4256,Sí
9886,133150,0.10424710424710425,6,Bajo,540.0,-13.741312741312742,5668,No
9887,325080,0.44367816091954015,4,Medio,540.0,22.91724137931034,3833,Sí
9888,352070,0.4490472245236123,4,Medio,540.0,23.497100248550133,3826,Sí
9889,390270,0.17019027484143764,6,Bajo,540.0,-6.619450317124734,5289,No
9890,415480,0.10424710424710425,6,Bajo,540.0,-13.741312741312742,5669,No
9891,464190,0.08191489361702127,6,Bajo,540.0,-16.153191489361703,5869,No
9892,526420,0.8434959349593496,2,Alto,540.0,66.09756097560975,2153,Sí
9893,535320,0.4490472245236123,4,Medio,540.0,23.497100248550133,3827,Sí
9894,701910,0.08709016393442623,6,Bajo,540.0,-15.594262295081966,5833,No
9895,709060,0.05795454545454545,7,Bajo,540.0,-18.740909090909092,6102,No
9896,712300,0.2731707317073171,5,Medio,540.0,4.502439024390249,4772,Sí
9897,723380,0.08191489361702127,6,Bajo,540.0,-16.153191489361703,5870,No
9898,787440,0.041237113402061855,7,Bajo,540.0,-20.54639175257732,6292,No
9899,798050,0.08191489361702127,6,Bajo,540.0,-16.153191489361703,5871,No
9900,864470,0.05795454545454545,7,Bajo,540.0,-18.740909090909092,6103,No
9901,57390,0.4155701754385965,5,Medio,999.0,58.030921052631584,2507,Sí
9902,769660,0.041237113402061855,7,Bajo,540.0,-20.54639175257732,6293,No
9903,97000,0.2731707317073171,5,Medio,646.38,10.314419512195123,4466,Sí
9904,669350,0.4155701754385965,5,Medio,540.0,19.881578947368425,3996,Sí
9905,11210,0.08709016393442623,6,Bajo,540.0,-15.594262295081966,5834,No
9906,119480,0.21199143468950749,6,Medio,540.0,-2.10492505353319,5044,No
9907,372970,0.577212020033389,4,Alto,540.0,37.33889816360602,3225,Sí
9908,375590,0.17485265225933203,6,Bajo,540.0,-6.11591355599214,5234,No
9909,405290,0.27941176470588236,5,Medio,540.0,5.176470588235297,4741,Sí
9910,439790,0.10424710424710425,6,Bajo,540.0,-13.741312741312742,5670,No
9911,453660,0.08709016393442623,6,Bajo,540.0,-15.594262295081966,5835,No
9912,454670,0.44367816091954015,4,Medio,540.0,22.91724137931034,3834,Sí
9913,462960,0.041237113402061855,7,Bajo,540.0,-20.54639175257732,6294,No
9914,465490,0.08709016393442623,6,Bajo,540.0,-15.594262295081966,5836,No
9915,486720,0.13483146067415727,6,Bajo,540.0,-10.438202247191015,5489,No
9916,568270,0.041237113402061855,7,Bajo,540.0,-20.54639175257732,6295,No
9917,661100,0.23846153846153842,6,Medio,540.0,0.7538461538461512,4950,Sí
9918,673010,0.21199143468950749,6,Medio,540.0,-2.10492505353319,5045,No
9919,716620,0.5417406749555951,4,Alto,540.0,33.50799289520427,3445,Sí
9920,859110,0.3551617873651772,5,Medio,540.0,13.357473035439135,4335,Sí
9921,871080,0.041237113402061855,7,Bajo,540.0,-20.54639175257732,6296,No
9922,883120,0.00395882818685669,8,Bajo,784.8,-24.378622327790975,8065,No
9923,19840,0.999476961593071,1,Alto,784.8,131.8779038916484,617,Sí
9924,482370,0.39416058394160586,5,Medio,784.8,36.86744525547446,3234,Sí
9925,581160,0.4155701754385965,5,Medio,646.38,28.723250000000007,3617,Sí
9926,418350,0.035,7,Bajo,540.0,-21.22,6447,No
9927,744450,0.17019027484143764,6,Bajo,540.0,-6.619450317124734,5290,No
9928,754000,0.002488654662567706,9,Bajo,784.8,-24.609380764163372,8456,No
9929,460740,0.11088295687885011,6,Bajo,784.8,-7.595811088295687,5335,No
9930,70550,0.3372395833333333,5,Medio,784.8,27.933124999999997,3622,Sí
9931,190090,0.4490472245236123,4,Medio,784.8,45.48245236122618,2945,Sí
9932,849900,0.030010172939979655,7,Bajo,646.38,-21.12040488301119,6433,No
9933,11070,0.999476961593071,1,Alto,540.0,82.94351185205167,1545,Sí
9934,52840,0.2731707317073171,5,Medio,646.38,10.314419512195123,4467,Sí
9935,196530,0.9950980392156863,1,Alto,646.38,103.64229411764705,1038,Sí
9936,537280,0.11134453781512609,6,Bajo,646.38,-10.60582352941176,5511,No
9937,487330,0.21199143468950749,6,Medio,646.38,2.40540471092077,4859,Sí
9938,347230,0.39416058394160586,5,Medio,784.8,36.86744525547446,3235,Sí
9939,574990,0.002488654662567706,9,Bajo,784.8,-24.609380764163372,8457,No
9940,63490,0.9643635135789099,1,Alto,540.0,79.15125946652228,1699,Sí
9941,393310,0.11088295687885011,6,Bajo,783.0,-7.635728952772073,5336,No
9942,800310,0.08709016393442623,6,Bajo,540.0,-15.594262295081966,5837,No
9943,479020,0.041237113402061855,7,Bajo,540.0,-20.54639175257732,6297,No
9944,374600,0.44367816091954015,4,Medio,646.38,32.35693793103447,3490,Sí
9945,234200,0.0670131338066097,6,Bajo,784.8,-14.481618517714542,5760,No
9946,798570,0.44367816091954015,4,Medio,441.0,14.132413793103446,4309,Sí
9947,813240,0.17485265225933203,6,Bajo,441.0,-9.577996070726915,5427,No
9948,303720,0.3551617873651772,5,Medio,999.0,45.9613251155624,2888,Sí
9949,308990,0.23846153846153842,6,Medio,999.0,22.644615384615378,3899,Sí
9950,100730,0.5417406749555951,4,Alto,784.8,60.0316163410302,2374,Sí
9951,143900,0.4490472245236123,4,Medio,784.8,45.48245236122618,2946,Sí
9952,188460,0.13476962978634788,6,Bajo,784.8,-3.8465589087348384,5152,No
9953,732710,0.577212020033389,4,Alto,784.8,65.59919866444073,2177,Sí
9954,765760,0.3372395833333333,5,Medio,784.8,27.933124999999997,3623,Sí
9955,824680,0.2731707317073171,5,Medio,999.0,29.579512195121957,3553,Sí
9956,576880,0.035,7,Bajo,646.38,-20.47534,6284,No
9957,834440,0.17019027484143764,6,Bajo,783.0,1.6517970401691358,4932,Sí
9958,52480,0.2069237416186202,6,Medio,784.8,7.478750484458629,4631,Sí
9959,147250,0.3372395833333333,5,Medio,783.0,27.811718749999997,3625,Sí
9960,427950,0.030010172939979655,7,Bajo,540.0,-21.758901322482195,6505,No
9961,256110,0.4155701754385965,5,Medio,784.8,40.2278947368421,3087,Sí
9962,463780,0.030010172939979655,7,Bajo,783.0,-20.300406917599187,6257,No
9963,232450,0.03892086675698259,7,Bajo,784.8,-18.89098075382401,6112,No
9964,262910,0.44367816091954015,4,Medio,784.8,44.639724137931026,2977,Sí
9965,881760,0.0038314176245210726,8,Bajo,784.8,-24.39862068965517,8076,No
9966,140710,0.9056043180256583,1,Alto,784.8,117.14365375730733,821,Sí
9967,295990,0.3551617873651772,5,Medio,784.8,30.746194144838206,3531,Sí
9968,845560,0.4490472245236123,4,Medio,784.8,45.48245236122618,2947,Sí
9969,264770,0.8616298022399826,2,Alto,784.8,110.24141375958766,898,Sí
9970,858420,0.17019027484143764,6,Bajo,784.8,1.7130655391120548,4927,Sí
9971,808800,0.002488654662567706,9,Bajo,784.8,-24.609380764163372,8458,No
9972,633240,0.4672268907563025,4,Medio,784.8,48.33593277310925,2863,Sí
9973,732470,0.08191489361702127,6,Bajo,784.8,-12.14263829787234,5593,No
9974,565550,0.030010172939979655,7,Bajo,783.0,-20.300406917599187,6258,No
9975,621740,0.4672268907563025,4,Medio,784.8,48.33593277310925,2864,Sí
9976,260880,0.21256038647342995,6,Medio,540.0,-2.0434782608695627,5042,No
9977,495940,0.2731707317073171,5,Medio,783.0,17.778536585365856,4096,Sí
9978,795210,0.002488654662567706,9,Bajo,999.0,-24.50276679841897,8260,No
9979,6970,0.44367816091954015,4,Medio,540.0,22.91724137931034,3835,Sí
9980,501650,0.002488654662567706,9,Bajo,784.8,-24.609380764163372,8459,No
9981,322100,0.3372395833333333,5,Medio,783.0,27.811718749999997,3626,Sí
9982,634080,0.27941176470588236,5,Medio,784.8,18.856470588235297,4071,Sí
9983,601110,0.17019027484143764,6,Bajo,783.0,1.6517970401691358,4933,Sí
9984,162120,0.4672268907563025,4,Medio,784.8,48.33593277310925,2865,Sí
9985,345290,0.08191489361702127,6,Bajo,783.0,-12.172127659574468,5595,No
9986,392280,0.17485265225933203,6,Bajo,783.0,2.381925343811396,4862,Sí
9987,418110,0.08191489361702127,6,Bajo,783.0,-12.172127659574468,5596,No
9988,589980,0.5417406749555951,4,Alto,783.0,59.8365896980462,2375,Sí
9989,706770,0.029005524861878452,7,Bajo,783.0,-20.457734806629833,6282,No
9990,750600,0.21199143468950749,6,Medio,783.0,8.197858672376874,4592,Sí
9991,460110,0.17019027484143764,6,Bajo,784.8,1.7130655391120548,4928,Sí
9992,395010,0.21199143468950749,6,Medio,784.8,8.274175588865099,4589,Sí
9993,88140,0.13476962978634788,6,Bajo,784.8,-3.8465589087348384,5153,No
9994,91310,0.3551617873651772,5,Medio,784.8,30.746194144838206,3532,Sí
9995,118940,0.3372395833333333,5,Medio,784.8,27.933124999999997,3624,Sí
9996,597370,0.015706806282722516,7,Bajo,392.4,-23.767329842931936,7131,No
9997,597840,0.015706806282722516,7,Bajo,392.4,-23.767329842931936,7132,No
9998,598080,0.002488654662567706,9,Bajo,392.4,-24.804690382081688,8890,No
9999,598470,0.00395882818685669,8,Bajo,392.4,-24.689311163895486,8667,No
10000,599910,0.002488654662567706,9,Bajo,392.4,-24.804690382081688,8891,No
